/*
 * Copyright (C) 2026
 * SPDX-License-Identifier: MIT
 */

// Bulgarian (bg): the panel's strings, English first.  Written by
// tools/i18n/ui_strings.py import; read it with `export bg`.  Machine
// translated for v7.0.0, pending a native speaker's review.

#pragma once

namespace renodx::addons::dlss5::ui::lang {

inline constexpr Translation kBg[] = {
    {"Neural Rendering",
     "Neural Rendering"},
    {"Strength",
     "\xd0\xa1\xd0\xb8\xd0\xbb\xd0\xb0"},
    {"Hook point",
     "\xd0\xa2\xd0\xbe\xd1\x87\xd0\xba\xd0\xb0 \xd0\xbd\xd0\xb0 \xd0\xb2\xd0\xbc\xd1\x8a\xd0\xba\xd0\xb2\xd0\xb0\xd0\xbd\xd0\xb5"},
    {"Stack passes",
     "\xd0\x91\xd1\x80\xd0\xbe\xd0\xb9 \xd0\xbf\xd1\x80\xd0\xb5\xd0\xbc\xd0\xb8\xd0\xbd\xd0\xb0\xd0\xb2\xd0\xb0\xd0\xbd\xd0\xb8\xd1\x8f"},
    {"HDR mode",
     "\xd0\xa0\xd0\xb5\xd0\xb6\xd0\xb8\xd0\xbc HDR"},
    {"Paper white (nits)",
     "\xd0\x91\xd1\x8f\xd0\xbb\xd0\xbe \xd0\xbd\xd0\xb0 \xd1\x85\xd0\xb0\xd1\x80\xd1\x82\xd0\xb8\xd1\x8f (nits)"},
    {"Brighten speed",
     "\xd0\xa1\xd0\xba\xd0\xbe\xd1\x80\xd0\xbe\xd1\x81\xd1\x82 \xd0\xb8\xd0\xb7\xd1\x81\xd0\xb2\xd0\xb5\xd1\x82\xd0\xbb."},
    {"Darken speed",
     "\xd0\xa1\xd0\xba\xd0\xbe\xd1\x80\xd0\xbe\xd1\x81\xd1\x82 \xd0\xb7\xd0\xb0\xd1\x82\xd1\x8a\xd0\xbc\xd0\xbd."},
    {"Turns Neural Rendering on and off.  The key shown next to the switch does the same in game.",
     "\xd0\x92\xd0\xba\xd0\xbb\xd1\x8e\xd1\x87\xd0\xb2\xd0\xb0 \xd0\xb8 \xd0\xb8\xd0\xb7\xd0\xba\xd0\xbb\xd1\x8e\xd1\x87\xd0\xb2\xd0\xb0 Neural Rendering. \xd0\x9a\xd0\xbb\xd0\xb0\xd0\xb2\xd0\xb8\xd1\x88\xd1\x8a\xd1\x82 \xd0\xb4\xd0\xbe \xd0\xbf\xd1\x80\xd0\xb5\xd0\xb2\xd0\xba\xd0\xbb\xd1\x8e\xd1\x87\xd0\xb2\xd0\xb0\xd1\x82\xd0\xb5\xd0\xbb\xd1\x8f \xd0\xbf\xd1\x80\xd0\xb0\xd0\xb2\xd0\xb8 \xd1\x81\xd1\x8a\xd1\x89\xd0\xbe\xd1\x82\xd0\xbe \xd0\xb2 \xd0\xb8\xd0\xb3\xd1\x80\xd0\xb0\xd1\x82\xd0\xb0."},
    {"How strongly Neural Rendering reworks the image: 0 leaves the game's image untouched, 1 is the default, 2 the strongest.  A change restarts NR's history for a moment.",
     "\xd0\x9a\xd0\xbe\xd0\xbb\xd0\xba\xd0\xbe \xd1\x81\xd0\xb8\xd0\xbb\xd0\xbd\xd0\xbe Neural Rendering \xd0\xbf\xd1\x80\xd0\xb5\xd1\x80\xd0\xb0\xd0\xb1\xd0\xbe\xd1\x82\xd0\xb2\xd0\xb0 \xd0\xb8\xd0\xb7\xd0\xbe\xd0\xb1\xd1\x80\xd0\xb0\xd0\xb6\xd0\xb5\xd0\xbd\xd0\xb8\xd0\xb5\xd1\x82\xd0\xbe: 0 \xd0\xbe\xd1\x81\xd1\x82\xd0\xb0\xd0\xb2\xd1\x8f \xd0\xb8\xd0\xb7\xd0\xbe\xd0\xb1\xd1\x80\xd0\xb0\xd0\xb6\xd0\xb5\xd0\xbd\xd0\xb8\xd0\xb5\xd1\x82\xd0\xbe \xd0\xbd\xd0\xb0 \xd0\xb8\xd0\xb3\xd1\x80\xd0\xb0\xd1\x82\xd0\xb0 \xd0\xbd\xd0\xb5\xd0\xbf\xd0\xbe\xd0\xba\xd1\x8a\xd1\x82\xd0\xbd\xd0\xb0\xd1\x82\xd0\xbe, 1 \xd0\xb5 \xd0\xbf\xd0\xbe \xd0\xbf\xd0\xbe\xd0\xb4\xd1\x80\xd0\xb0\xd0\xb7\xd0\xb1\xd0\xb8\xd1\x80\xd0\xb0\xd0\xbd\xd0\xb5, 2 \xd0\xb5 \xd0\xbd\xd0\xb0\xd0\xb9-\xd1\x81\xd0\xb8\xd0\xbb\xd0\xbd\xd0\xbe\xd1\x82\xd0\xbe. \xd0\x9f\xd1\x80\xd0\xbe\xd0\xbc\xd1\x8f\xd0\xbd\xd0\xb0 \xd1\x80\xd0\xb5\xd1\x81\xd1\x82\xd0\xb0\xd1\x80\xd1\x82\xd0\xb8\xd1\x80\xd0\xb0 \xd0\xb7\xd0\xb0 \xd0\xbc\xd0\xbe\xd0\xbc\xd0\xb5\xd0\xbd\xd1\x82 \xd0\xb8\xd1\x81\xd1\x82\xd0\xbe\xd1\x80\xd0\xb8\xd1\x8f\xd1\x82\xd0\xb0 \xd0\xbd\xd0\xb0 NR."},
    {"Float-HDR games: how much of the dark lift the model adds near black is removed (Dark pedestal removal).  Other HDR games: how much of Neural Rendering's change reaches the image, from 0 (none) to 1 (all).",
     "\xd0\x98\xd0\xb3\xd1\x80\xd0\xb8 \xd1\x81 HDR \xd1\x81 \xd0\xbf\xd0\xbb\xd0\xb0\xd0\xb2\xd0\xb0\xd1\x89\xd0\xb0 \xd0\xb7\xd0\xb0\xd0\xbf\xd0\xb5\xd1\x82\xd0\xb0\xd1\x8f: \xd0\xba\xd0\xb0\xd0\xba\xd0\xb2\xd0\xb0 \xd1\x87\xd0\xb0\xd1\x81\xd1\x82 \xd0\xbe\xd1\x82 \xd1\x82\xd1\x8a\xd0\xbc\xd0\xbd\xd0\xbe\xd1\x82\xd0\xbe \xd0\xbf\xd0\xbe\xd0\xb2\xd0\xb4\xd0\xb8\xd0\xb3\xd0\xb0\xd0\xbd\xd0\xb5, \xd0\xba\xd0\xbe\xd0\xb5\xd1\x82\xd0\xbe \xd0\xbc\xd0\xbe\xd0\xb4\xd0\xb5\xd0\xbb\xd1\x8a\xd1\x82 \xd0\xb4\xd0\xbe\xd0\xb1\xd0\xb0\xd0\xb2\xd1\x8f \xd0\xb1\xd0\xbb\xd0\xb8\xd0\xb7\xd0\xbe \xd0\xb4\xd0\xbe \xd1\x87\xd0\xb5\xd1\x80\xd0\xbd\xd0\xbe\xd1\x82\xd0\xbe, \xd1\x81\xd0\xb5 \xd0\xbf\xd1\x80\xd0\xb5\xd0\xbc\xd0\xb0\xd1\x85\xd0\xb2\xd0\xb0 (\xd0\x9f\xd1\x80\xd0\xb5\xd0\xbc\xd0\xb0\xd1\x85\xd0\xb2\xd0\xb0\xd0\xbd\xd0\xb5 \xd0\xbd\xd0\xb0 \xd1\x82\xd1\x8a\xd0\xbc\xd0\xbd\xd0\xb8\xd1\x8f \xd0\xbf\xd0\xb8\xd0\xb5\xd0\xb4\xd0\xb5\xd1\x81\xd1\x82\xd0\xb0\xd0\xbb). \xd0\x94\xd1\x80\xd1\x83\xd0\xb3\xd0\xb8 HDR \xd0\xb8\xd0\xb3\xd1\x80\xd0\xb8: \xd0\xba\xd0\xb0\xd0\xba\xd0\xb2\xd0\xb0 \xd1\x87\xd0\xb0\xd1\x81\xd1\x82 \xd0\xbe\xd1\x82 \xd0\xbf\xd1\x80\xd0\xbe\xd0\xbc\xd1\x8f\xd0\xbd\xd0\xb0\xd1\x82\xd0\xb0 \xd0\xbd\xd0\xb0 Neural Rendering \xd0\xb4\xd0\xbe\xd1\x81\xd1\x82\xd0\xb8\xd0\xb3\xd0\xb0 \xd0\xb8\xd0\xb7\xd0\xbe\xd0\xb1\xd1\x80\xd0\xb0\xd0\xb6\xd0\xb5\xd0\xbd\xd0\xb8\xd0\xb5\xd1\x82\xd0\xbe, \xd0\xbe\xd1\x82 0 (\xd0\xbd\xd0\xb8\xd1\x89\xd0\xbe) \xd0\xb4\xd0\xbe 1 (\xd0\xb2\xd1\x81\xd0\xb8\xd1\x87\xd0\xba\xd0\xbe)."},
    {"Nothing to scale in this game: its HDR brightness is relative, so Dark pedestal removal (Auto) leaves the model's dark lift alone.  Set Dark pedestal removal to Always to use this slider.",
     "\xd0\x9d\xd1\x8f\xd0\xbc\xd0\xb0 \xd0\xba\xd0\xb0\xd0\xba\xd0\xb2\xd0\xbe \xd0\xb4\xd0\xb0 \xd1\x81\xd0\xb5 \xd0\xbc\xd0\xb0\xd1\x89\xd0\xb0\xd0\xb1\xd0\xb8\xd1\x80\xd0\xb0 \xd0\xb2 \xd1\x82\xd0\xb0\xd0\xb7\xd0\xb8 \xd0\xb8\xd0\xb3\xd1\x80\xd0\xb0: \xd1\x8f\xd1\x80\xd0\xba\xd0\xbe\xd1\x81\xd1\x82\xd1\x82\xd0\xb0 \xd0\xbd\xd0\xb0 HDR \xd0\xb5 \xd0\xbe\xd1\x82\xd0\xbd\xd0\xbe\xd1\x81\xd0\xb8\xd1\x82\xd0\xb5\xd0\xbb\xd0\xbd\xd0\xb0, \xd0\xb7\xd0\xb0\xd1\x82\xd0\xbe\xd0\xb2\xd0\xb0 \xd0\x9f\xd1\x80\xd0\xb5\xd0\xbc\xd0\xb0\xd1\x85\xd0\xb2\xd0\xb0\xd0\xbd\xd0\xb5 \xd0\xbd\xd0\xb0 \xd1\x82\xd1\x8a\xd0\xbc\xd0\xbd\xd0\xb8\xd1\x8f \xd0\xbf\xd0\xb8\xd0\xb5\xd0\xb4\xd0\xb5\xd1\x81\xd1\x82\xd0\xb0\xd0\xbb (\xd0\x90\xd0\xb2\xd1\x82\xd0\xbe) \xd0\xbe\xd1\x81\xd1\x82\xd0\xb0\xd0\xb2\xd1\x8f \xd1\x82\xd1\x8a\xd0\xbc\xd0\xbd\xd0\xbe\xd1\x82\xd0\xbe \xd0\xbf\xd0\xbe\xd0\xb2\xd0\xb4\xd0\xb8\xd0\xb3\xd0\xb0\xd0\xbd\xd0\xb5 \xd0\xbd\xd0\xb0 \xd0\xbc\xd0\xbe\xd0\xb4\xd0\xb5\xd0\xbb\xd0\xb0 \xd0\xbd\xd0\xb5\xd0\xbf\xd0\xbe\xd0\xba\xd1\x8a\xd1\x82\xd0\xbd\xd0\xb0\xd1\x82\xd0\xbe.  \xd0\x97\xd0\xb0\xd0\xb4\xd0\xb0\xd0\xb9\xd1\x82\xd0\xb5 \xd0\x9f\xd1\x80\xd0\xb5\xd0\xbc\xd0\xb0\xd1\x85\xd0\xb2\xd0\xb0\xd0\xbd\xd0\xb5 \xd0\xbd\xd0\xb0 \xd1\x82\xd1\x8a\xd0\xbc\xd0\xbd\xd0\xb8\xd1\x8f \xd0\xbf\xd0\xb8\xd0\xb5\xd0\xb4\xd0\xb5\xd1\x81\xd1\x82\xd0\xb0\xd0\xbb \xd0\xbd\xd0\xb0 \xd0\x92\xd0\xb8\xd0\xbd\xd0\xb0\xd0\xb3\xd0\xb8, \xd0\xb7\xd0\xb0 \xd0\xb4\xd0\xb0 \xd0\xb8\xd0\xb7\xd0\xbf\xd0\xbe\xd0\xbb\xd0\xb7\xd0\xb2\xd0\xb0\xd1\x82\xd0\xb5 \xd1\x82\xd0\xbe\xd0\xb7\xd0\xb8 \xd0\xbf\xd0\xbb\xd1\x8a\xd0\xb7\xd0\xb3\xd0\xb0\xd1\x87."},
    {"Nothing to scale here: the frame is SDR, so Neural Rendering's change reaches it in full.",
     "\xd0\xa2\xd1\x83\xd0\xba \xd0\xbd\xd1\x8f\xd0\xbc\xd0\xb0 \xd0\xba\xd0\xb0\xd0\xba\xd0\xb2\xd0\xbe \xd0\xb4\xd0\xb0 \xd1\x81\xd0\xb5 \xd0\xbc\xd0\xb0\xd1\x89\xd0\xb0\xd0\xb1\xd0\xb8\xd1\x80\xd0\xb0: \xd0\xba\xd0\xb0\xd0\xb4\xd1\x8a\xd1\x80\xd1\x8a\xd1\x82 \xd0\xb5 SDR, \xd0\xb7\xd0\xb0\xd1\x82\xd0\xbe\xd0\xb2\xd0\xb0 \xd0\xbf\xd1\x80\xd0\xbe\xd0\xbc\xd1\x8f\xd0\xbd\xd0\xb0\xd1\x82\xd0\xb0 \xd0\xbd\xd0\xb0 Neural Rendering \xd0\xb3\xd0\xbe \xd0\xb4\xd0\xbe\xd1\x81\xd1\x82\xd0\xb8\xd0\xb3\xd0\xb0 \xd0\xb8\xd0\xb7\xd1\x86\xd1\x8f\xd0\xbb\xd0\xbe."},
    {"On float-HDR games, how much of Neural Rendering's change reaches the image: 0 keeps the game's image, 1.00 shows all of it.",
     "\xd0\x9f\xd1\x80\xd0\xb8 \xd0\xb8\xd0\xb3\xd1\x80\xd0\xb8 \xd1\x81 HDR \xd1\x81 \xd0\xbf\xd0\xbb\xd0\xb0\xd0\xb2\xd0\xb0\xd1\x89\xd0\xb0 \xd0\xb7\xd0\xb0\xd0\xbf\xd0\xb5\xd1\x82\xd0\xb0\xd1\x8f: \xd0\xba\xd0\xb0\xd0\xba\xd0\xb2\xd0\xb0 \xd1\x87\xd0\xb0\xd1\x81\xd1\x82 \xd0\xbe\xd1\x82 \xd0\xbf\xd1\x80\xd0\xbe\xd0\xbc\xd1\x8f\xd0\xbd\xd0\xb0\xd1\x82\xd0\xb0 \xd0\xbd\xd0\xb0 Neural Rendering \xd0\xb4\xd0\xbe\xd1\x81\xd1\x82\xd0\xb8\xd0\xb3\xd0\xb0 \xd0\xb8\xd0\xb7\xd0\xbe\xd0\xb1\xd1\x80\xd0\xb0\xd0\xb6\xd0\xb5\xd0\xbd\xd0\xb8\xd0\xb5\xd1\x82\xd0\xbe: 0 \xd0\xb7\xd0\xb0\xd0\xbf\xd0\xb0\xd0\xb7\xd0\xb2\xd0\xb0 \xd0\xb8\xd0\xb7\xd0\xbe\xd0\xb1\xd1\x80\xd0\xb0\xd0\xb6\xd0\xb5\xd0\xbd\xd0\xb8\xd0\xb5\xd1\x82\xd0\xbe \xd0\xbd\xd0\xb0 \xd0\xb8\xd0\xb3\xd1\x80\xd0\xb0\xd1\x82\xd0\xb0, 1.00 \xd1\x8f \xd0\xbf\xd0\xbe\xd0\xba\xd0\xb0\xd0\xb7\xd0\xb2\xd0\xb0 \xd1\x86\xd1\x8f\xd0\xbb\xd0\xb0\xd1\x82\xd0\xb0."},
    {"How bright white surfaces glow, in nits (203 is the HDR reference).  PQ HDR games only; other HDR games use Scene white scale.",
     "\xd0\x9a\xd0\xbe\xd0\xbb\xd0\xba\xd0\xbe \xd1\x8f\xd1\x80\xd0\xba\xd0\xbe \xd1\x81\xd0\xb2\xd0\xb5\xd1\x82\xd1\x8f\xd1\x82 \xd0\xb1\xd0\xb5\xd0\xbb\xd0\xb8\xd1\x82\xd0\xb5 \xd0\xbf\xd0\xbe\xd0\xb2\xd1\x8a\xd1\x80\xd1\x85\xd0\xbd\xd0\xbe\xd1\x81\xd1\x82\xd0\xb8, \xd0\xb2 nits (203 \xd0\xb5 \xd0\xb5\xd1\x82\xd0\xb0\xd0\xbb\xd0\xbe\xd0\xbd\xd1\x8a\xd1\x82 \xd0\xb7\xd0\xb0 HDR). \xd0\xa1\xd0\xb0\xd0\xbc\xd0\xbe \xd0\xb7\xd0\xb0 \xd0\xb8\xd0\xb3\xd1\x80\xd0\xb8 \xd1\x81 PQ HDR; \xd0\xb4\xd1\x80\xd1\x83\xd0\xb3\xd0\xb8\xd1\x82\xd0\xb5 HDR \xd0\xb8\xd0\xb3\xd1\x80\xd0\xb8 \xd0\xb8\xd0\xb7\xd0\xbf\xd0\xbe\xd0\xbb\xd0\xb7\xd0\xb2\xd0\xb0\xd1\x82 \xc2\xab\xd0\x9c\xd0\xb0\xd1\x89\xd0\xb0\xd0\xb1 \xd0\xbd\xd0\xb0 \xd0\xb1\xd1\x8f\xd0\xbb\xd0\xbe\xd1\x82\xd0\xbe \xd0\xb2 \xd1\x81\xd1\x86\xd0\xb5\xd0\xbd\xd0\xb0\xd1\x82\xd0\xb0\xc2\xbb."},
    {"The same for float-HDR and classic sources (2.5375 is 203-nit paper white).  PQ HDR games use Paper white and PQ calibration instead.",
     "\xd0\xa1\xd1\x8a\xd1\x89\xd0\xbe\xd1\x82\xd0\xbe \xd0\xb7\xd0\xb0 \xd0\xb8\xd0\xb7\xd1\x82\xd0\xbe\xd1\x87\xd0\xbd\xd0\xb8\xd1\x86\xd0\xb8 \xd1\x81 HDR \xd1\x81 \xd0\xbf\xd0\xbb\xd0\xb0\xd0\xb2\xd0\xb0\xd1\x89\xd0\xb0 \xd0\xb7\xd0\xb0\xd0\xbf\xd0\xb5\xd1\x82\xd0\xb0\xd1\x8f \xd0\xb8 \xd0\xba\xd0\xbb\xd0\xb0\xd1\x81\xd0\xb8\xd1\x87\xd0\xb5\xd1\x81\xd0\xba\xd0\xb8 \xd0\xb8\xd0\xb7\xd1\x82\xd0\xbe\xd1\x87\xd0\xbd\xd0\xb8\xd1\x86\xd0\xb8 (2.5375 \xd0\xb5 \xd0\xb1\xd1\x8f\xd0\xbb\xd0\xbe \xd0\xbd\xd0\xb0 \xd1\x85\xd0\xb0\xd1\x80\xd1\x82\xd0\xb8\xd1\x8f \xd0\xbe\xd1\x82 203 nits). \xd0\x98\xd0\xb3\xd1\x80\xd0\xb8\xd1\x82\xd0\xb5 \xd1\x81 PQ HDR \xd0\xb8\xd0\xb7\xd0\xbf\xd0\xbe\xd0\xbb\xd0\xb7\xd0\xb2\xd0\xb0\xd1\x82 \xd0\xb2\xd0\xbc\xd0\xb5\xd1\x81\xd1\x82\xd0\xbe \xd1\x82\xd0\xbe\xd0\xb2\xd0\xb0 \xc2\xab\xd0\x91\xd1\x8f\xd0\xbb\xd0\xbe \xd0\xbd\xd0\xb0 \xd1\x85\xd0\xb0\xd1\x80\xd1\x82\xd0\xb8\xd1\x8f\xc2\xbb \xd0\xb8 \xc2\xab\xd0\x9a\xd0\xb0\xd0\xbb\xd0\xb8\xd0\xb1\xd1\x80\xd0\xb8\xd1\x80\xd0\xb0\xd0\xbd\xd0\xb5 PQ\xc2\xbb."},
    {"Click, then press the new key; Esc cancels.",
     "\xd0\xa9\xd1\x80\xd0\xb0\xd0\xba\xd0\xbd\xd0\xb5\xd1\x82\xd0\xb5, \xd0\xbf\xd0\xbe\xd1\x81\xd0\xbb\xd0\xb5 \xd0\xbd\xd0\xb0\xd1\x82\xd0\xb8\xd1\x81\xd0\xbd\xd0\xb5\xd1\x82\xd0\xb5 \xd0\xbd\xd0\xbe\xd0\xb2\xd0\xb8\xd1\x8f \xd0\xba\xd0\xbb\xd0\xb0\xd0\xb2\xd0\xb8\xd1\x88; Esc \xd0\xbe\xd1\x82\xd0\xba\xd0\xb0\xd0\xb7\xd0\xb2\xd0\xb0."},
    {"none yet",
     "\xd0\xb2\xd1\x81\xd0\xb5 \xd0\xbe\xd1\x89\xd0\xb5 \xd0\xbd\xd1\x8f\xd0\xbc\xd0\xb0"},
    {"Settings",
     "\xd0\x9d\xd0\xb0\xd1\x81\xd1\x82\xd1\x80\xd0\xbe\xd0\xb9\xd0\xba\xd0\xb8"},
    {"Defaults",
     "\xd0\x9f\xd0\xbe \xd0\xbf\xd0\xbe\xd0\xb4\xd1\x80\xd0\xb0\xd0\xb7\xd0\xb1\xd0\xb8\xd1\x80\xd0\xb0\xd0\xbd\xd0\xb5"},
    {"Mine",
     "\xd0\x9c\xd0\xbe\xd0\xb8\xd1\x82\xd0\xb5"},
    {"Compare in game: Defaults runs the built-in look (Strength, the Look section and stacking) while your own values wait; Mine brings them back.  Nothing is saved while Defaults is on.",
     "\xd0\xa1\xd1\x80\xd0\xb0\xd0\xb2\xd0\xbd\xd0\xb5\xd1\x82\xd0\xb5 \xd0\xb2 \xd0\xb8\xd0\xb3\xd1\x80\xd0\xb0\xd1\x82\xd0\xb0: \xc2\xab\xd0\x9f\xd0\xbe \xd0\xbf\xd0\xbe\xd0\xb4\xd1\x80\xd0\xb0\xd0\xb7\xd0\xb1\xd0\xb8\xd1\x80\xd0\xb0\xd0\xbd\xd0\xb5\xc2\xbb \xd0\xbf\xd1\x83\xd1\x81\xd0\xba\xd0\xb0 \xd0\xb2\xd0\xb3\xd1\x80\xd0\xb0\xd0\xb4\xd0\xb5\xd0\xbd\xd0\xb0\xd1\x82\xd0\xb0 \xd0\xb2\xd0\xb8\xd0\xb7\xd0\xb8\xd1\x8f (\xc2\xab\xd0\xa1\xd0\xb8\xd0\xbb\xd0\xb0\xc2\xbb, \xd1\x80\xd0\xb0\xd0\xb7\xd0\xb4\xd0\xb5\xd0\xbb \xc2\xab\xd0\x92\xd0\xb8\xd0\xb7\xd0\xb8\xd1\x8f\xc2\xbb \xd0\xb8 \xd0\xbf\xd1\x80\xd0\xb5\xd0\xbc\xd0\xb8\xd0\xbd\xd0\xb0\xd0\xb2\xd0\xb0\xd0\xbd\xd0\xb8\xd1\x8f\xd1\x82\xd0\xb0), \xd0\xb4\xd0\xbe\xd0\xba\xd0\xb0\xd1\x82\xd0\xbe \xd0\xb2\xd0\xb0\xd1\x88\xd0\xb8\xd1\x82\xd0\xb5 \xd1\x81\xd1\x82\xd0\xbe\xd0\xb9\xd0\xbd\xd0\xbe\xd1\x81\xd1\x82\xd0\xb8 \xd1\x87\xd0\xb0\xd0\xba\xd0\xb0\xd1\x82; \xc2\xab\xd0\x9c\xd0\xbe\xd0\xb8\xd1\x82\xd0\xb5\xc2\xbb \xd0\xb3\xd0\xb8 \xd0\xb2\xd1\x80\xd1\x8a\xd1\x89\xd0\xb0. \xd0\x94\xd0\xbe\xd0\xba\xd0\xb0\xd1\x82\xd0\xbe \xd0\xb5 \xd0\xb8\xd0\xb7\xd0\xb1\xd1\x80\xd0\xb0\xd0\xbd\xd0\xbe \xc2\xab\xd0\x9f\xd0\xbe \xd0\xbf\xd0\xbe\xd0\xb4\xd1\x80\xd0\xb0\xd0\xb7\xd0\xb1\xd0\xb8\xd1\x80\xd0\xb0\xd0\xbd\xd0\xb5\xc2\xbb, \xd0\xbd\xd0\xb8\xd1\x89\xd0\xbe \xd0\xbd\xd0\xb5 \xd1\x81\xd0\xb5 \xd0\xb7\xd0\xb0\xd0\xbf\xd0\xb8\xd1\x81\xd0\xb2\xd0\xb0."},
    {"Showing the built-in look.  Your settings are kept; pick Mine to return.",
     "\xd0\x9f\xd0\xbe\xd0\xba\xd0\xb0\xd0\xb7\xd0\xb2\xd0\xb0 \xd1\x81\xd0\xb5 \xd0\xb2\xd0\xb3\xd1\x80\xd0\xb0\xd0\xb4\xd0\xb5\xd0\xbd\xd0\xb0\xd1\x82\xd0\xb0 \xd0\xb2\xd0\xb8\xd0\xb7\xd0\xb8\xd1\x8f. \xd0\x92\xd0\xb0\xd1\x88\xd0\xb8\xd1\x82\xd0\xb5 \xd0\xbd\xd0\xb0\xd1\x81\xd1\x82\xd1\x80\xd0\xbe\xd0\xb9\xd0\xba\xd0\xb8 \xd1\x81\xd0\xb0 \xd0\xb7\xd0\xb0\xd0\xbf\xd0\xb0\xd0\xb7\xd0\xb5\xd0\xbd\xd0\xb8; \xd0\xb8\xd0\xb7\xd0\xb1\xd0\xb5\xd1\x80\xd0\xb5\xd1\x82\xd0\xb5 \xc2\xab\xd0\x9c\xd0\xbe\xd0\xb8\xd1\x82\xd0\xb5\xc2\xbb, \xd0\xb7\xd0\xb0 \xd0\xb4\xd0\xb0 \xd1\x81\xd0\xb5 \xd0\xb2\xd1\x8a\xd1\x80\xd0\xbd\xd0\xb5\xd1\x82\xd0\xb5."},
    {"Resolution",
     "\xd0\xa0\xd0\xb5\xd0\xb7\xd0\xbe\xd0\xbb\xd1\x8e\xd1\x86\xd0\xb8\xd1\x8f"},
    {"LOOK",
     "\xd0\x92\xd0\x98\xd0\x97\xd0\x98\xd0\xaf"},
    {"Reset look",
     "\xd0\x9d\xd1\x83\xd0\xbb\xd0\xb8\xd1\x80\xd0\xb0\xd0\xb9 \xd0\xb2\xd0\xb8\xd0\xb7\xd0\xb8\xd1\x8f\xd1\x82\xd0\xb0"},
    {"Model \xc2\xb7 restarts NR history",
     "\xd0\x9c\xd0\xbe\xd0\xb4\xd0\xb5\xd0\xbb \xc2\xb7 \xd1\x80\xd0\xb5\xd1\x81\xd1\x82\xd0\xb0\xd1\x80\xd1\x82\xd0\xb8\xd1\x80\xd0\xb0 \xd0\xb8\xd1\x81\xd1\x82\xd0\xbe\xd1\x80\xd0\xb8\xd1\x8f\xd1\x82\xd0\xb0 \xd0\xbd\xd0\xb0 NR"},
    {"Result \xc2\xb7 live, reshapes NR's output",
     "\xd0\xa0\xd0\xb5\xd0\xb7\xd1\x83\xd0\xbb\xd1\x82\xd0\xb0\xd1\x82 \xc2\xb7 \xd0\xbd\xd0\xb0 \xd0\xb6\xd0\xb8\xd0\xb2\xd0\xbe, \xd0\xbf\xd1\x80\xd0\xb5\xd0\xbe\xd1\x84\xd0\xbe\xd1\x80\xd0\xbc\xd1\x8f \xd0\xb8\xd0\xb7\xd1\x85\xd0\xbe\xd0\xb4\xd0\xb0 \xd0\xbd\xd0\xb0 NR"},
    {"Limits and stability",
     "\xd0\x93\xd1\x80\xd0\xb0\xd0\xbd\xd0\xb8\xd1\x86\xd0\xb8 \xd0\xb8 \xd1\x81\xd1\x82\xd0\xb0\xd0\xb1\xd0\xb8\xd0\xbb\xd0\xbd\xd0\xbe\xd1\x81\xd1\x82"},
    {"Limits and stability \xc2\xb7 changed",
     "\xd0\x93\xd1\x80\xd0\xb0\xd0\xbd\xd0\xb8\xd1\x86\xd0\xb8 \xd0\xb8 \xd1\x81\xd1\x82\xd0\xb0\xd0\xb1\xd0\xb8\xd0\xbb\xd0\xbd\xd0\xbe\xd1\x81\xd1\x82 \xc2\xb7 \xd0\xbf\xd1\x80\xd0\xbe\xd0\xbc\xd0\xb5\xd0\xbd\xd0\xb5\xd0\xbd\xd0\xbe"},
    {"Performance",
     "\xd0\x9f\xd1\x80\xd0\xbe\xd0\xb8\xd0\xb7\xd0\xb2\xd0\xbe\xd0\xb4\xd0\xb8\xd1\x82\xd0\xb5\xd0\xbb\xd0\xbd\xd0\xbe\xd1\x81\xd1\x82"},
    {"stacking, resolution, upsampling",
     "\xd0\xbf\xd1\x80\xd0\xb5\xd0\xbc\xd0\xb8\xd0\xbd\xd0\xb0\xd0\xb2\xd0\xb0\xd0\xbd\xd0\xb8\xd1\x8f, \xd1\x80\xd0\xb5\xd0\xb7\xd0\xbe\xd0\xbb\xd1\x8e\xd1\x86\xd0\xb8\xd1\x8f, \xd1\x83\xd0\xb2\xd0\xb5\xd0\xbb\xd0\xb8\xd1\x87\xd0\xb0\xd0\xb2\xd0\xb0\xd0\xbd\xd0\xb5"},
    {"Reset performance",
     "\xd0\x9d\xd1\x83\xd0\xbb\xd0\xb8\xd1\x80\xd0\xb0\xd0\xb9 \xd0\xbf\xd1\x80\xd0\xbe\xd0\xb8\xd0\xb7\xd0\xb2\xd0\xbe\xd0\xb4\xd0\xb8\xd1\x82\xd0\xb5\xd0\xbb\xd0\xbd\xd0\xbe\xd1\x81\xd1\x82\xd1\x82\xd0\xb0"},
    {"Hotkeys & screenshots",
     "\xd0\x9a\xd0\xbb\xd0\xb0\xd0\xb2\xd0\xb8\xd1\x88\xd0\xb8 \xd0\xb8 \xd1\x81\xd0\xbd\xd0\xb8\xd0\xbc\xd0\xba\xd0\xb8"},
    {"%s toggle | %s screenshot",
     "%s \xd0\xb2\xd0\xba\xd0\xbb./\xd0\xb8\xd0\xb7\xd0\xba\xd0\xbb. | %s \xd1\x81\xd0\xbd\xd0\xb8\xd0\xbc\xd0\xba\xd0\xb0"},
    {"Reset hotkeys",
     "\xd0\x9d\xd1\x83\xd0\xbb\xd0\xb8\xd1\x80\xd0\xb0\xd0\xb9 \xd0\xba\xd0\xbb\xd0\xb0\xd0\xb2\xd0\xb8\xd1\x88\xd0\xb8\xd1\x82\xd0\xb5"},
    {"Diagnostics",
     "\xd0\x94\xd0\xb8\xd0\xb0\xd0\xb3\xd0\xbd\xd0\xbe\xd1\x81\xd1\x82\xd0\xb8\xd0\xba\xd0\xb0"},
    {"counters, support report",
     "\xd0\xb1\xd1\x80\xd0\xbe\xd1\x8f\xd1\x87\xd0\xb8, \xd0\xbe\xd1\x82\xd1\x87\xd0\xb5\xd1\x82 \xd0\xb7\xd0\xb0 \xd0\xbf\xd0\xbe\xd0\xb4\xd0\xb4\xd1\x80\xd1\x8a\xd0\xb6\xd0\xba\xd0\xb0"},
    {"Reset diagnostics",
     "\xd0\x9d\xd1\x83\xd0\xbb\xd0\xb8\xd1\x80\xd0\xb0\xd0\xb9 \xd0\xb4\xd0\xb8\xd0\xb0\xd0\xb3\xd0\xbd\xd0\xbe\xd1\x81\xd1\x82\xd0\xb8\xd0\xba\xd0\xb0\xd1\x82\xd0\xb0"},
    {"Fixes",
     "\xd0\x9a\xd0\xbe\xd1\x80\xd0\xb5\xd0\xba\xd1\x86\xd0\xb8\xd0\xb8"},
    {"only change if you know what you are doing",
     "\xd0\xbf\xd1\x80\xd0\xbe\xd0\xbc\xd0\xb5\xd0\xbd\xd1\x8f\xd0\xb9\xd1\x82\xd0\xb5 \xd1\x81\xd0\xb0\xd0\xbc\xd0\xbe \xd0\xb0\xd0\xba\xd0\xbe \xd0\xb7\xd0\xbd\xd0\xb0\xd0\xb5\xd1\x82\xd0\xb5 \xd0\xba\xd0\xb0\xd0\xba\xd0\xb2\xd0\xbe \xd0\xbf\xd1\x80\xd0\xb0\xd0\xb2\xd0\xb8\xd1\x82\xd0\xb5"},
    {"Reset fixes",
     "\xd0\x9d\xd1\x83\xd0\xbb\xd0\xb8\xd1\x80\xd0\xb0\xd0\xb9 \xd0\xba\xd0\xbe\xd1\x80\xd0\xb5\xd0\xba\xd1\x86\xd0\xb8\xd0\xb8\xd1\x82\xd0\xb5"},
    {"These correct games that report their HDR or motion data wrongly.  The defaults are right for nearly every game, and a wrong value here breaks the image.  Reset fixes puts every one of them back.",
     "\xd0\xa2\xd0\xb5 \xd0\xba\xd0\xbe\xd1\x80\xd0\xb8\xd0\xb3\xd0\xb8\xd1\x80\xd0\xb0\xd1\x82 \xd0\xb8\xd0\xb3\xd1\x80\xd0\xb8, \xd0\xba\xd0\xbe\xd0\xb8\xd1\x82\xd0\xbe \xd0\xbf\xd0\xbe\xd0\xb4\xd0\xb0\xd0\xb2\xd0\xb0\xd1\x82 \xd0\xb3\xd1\x80\xd0\xb5\xd1\x88\xd0\xbd\xd0\xbe \xd0\xb4\xd0\xb0\xd0\xbd\xd0\xbd\xd0\xb8\xd1\x82\xd0\xb5 \xd1\x81\xd0\xb8 \xd0\xb7\xd0\xb0 HDR \xd0\xb8\xd0\xbb\xd0\xb8 \xd0\xb4\xd0\xb2\xd0\xb8\xd0\xb6\xd0\xb5\xd0\xbd\xd0\xb8\xd0\xb5. \xd0\xa1\xd1\x82\xd0\xbe\xd0\xb9\xd0\xbd\xd0\xbe\xd1\x81\xd1\x82\xd0\xb8\xd1\x82\xd0\xb5 \xd0\xbf\xd0\xbe \xd0\xbf\xd0\xbe\xd0\xb4\xd1\x80\xd0\xb0\xd0\xb7\xd0\xb1\xd0\xb8\xd1\x80\xd0\xb0\xd0\xbd\xd0\xb5 \xd1\x81\xd0\xb0 \xd0\xbf\xd1\x80\xd0\xb0\xd0\xb2\xd0\xb8\xd0\xbb\xd0\xbd\xd0\xb8 \xd0\xb7\xd0\xb0 \xd0\xbf\xd0\xbe\xd1\x87\xd1\x82\xd0\xb8 \xd0\xb2\xd1\x81\xd1\x8f\xd0\xba\xd0\xb0 \xd0\xb8\xd0\xb3\xd1\x80\xd0\xb0, \xd0\xb0 \xd0\xb3\xd1\x80\xd0\xb5\xd1\x88\xd0\xbd\xd0\xb0 \xd1\x81\xd1\x82\xd0\xbe\xd0\xb9\xd0\xbd\xd0\xbe\xd1\x81\xd1\x82 \xd1\x82\xd1\x83\xd0\xba \xd1\x80\xd0\xb0\xd0\xb7\xd0\xb2\xd0\xb0\xd0\xbb\xd1\x8f \xd0\xb8\xd0\xb7\xd0\xbe\xd0\xb1\xd1\x80\xd0\xb0\xd0\xb6\xd0\xb5\xd0\xbd\xd0\xb8\xd0\xb5\xd1\x82\xd0\xbe. \xc2\xab\xd0\x9d\xd1\x83\xd0\xbb\xd0\xb8\xd1\x80\xd0\xb0\xd0\xb9 \xd0\xba\xd0\xbe\xd1\x80\xd0\xb5\xd0\xba\xd1\x86\xd0\xb8\xd0\xb8\xd1\x82\xd0\xb5\xc2\xbb \xd0\xb2\xd1\x80\xd1\x8a\xd1\x89\xd0\xb0 \xd0\xb2\xd1\x81\xd0\xb8\xd1\x87\xd0\xba\xd0\xb8 \xd0\xbe\xd0\xb1\xd1\x80\xd0\xb0\xd1\x82\xd0\xbd\xd0\xbe."},
    {"HDR",
     "HDR"},
    {"Depth and motion",
     "\xd0\x94\xd1\x8a\xd0\xbb\xd0\xb1\xd0\xbe\xd1\x87\xd0\xb8\xd0\xbd\xd0\xb0 \xd0\xb8 \xd0\xb4\xd0\xb2\xd0\xb8\xd0\xb6\xd0\xb5\xd0\xbd\xd0\xb8\xd0\xb5"},
    {"HDR adaptation speed, in stops per second",
     "\xd0\xa1\xd0\xba\xd0\xbe\xd1\x80\xd0\xbe\xd1\x81\xd1\x82 \xd0\xbd\xd0\xb0 \xd0\xb0\xd0\xb4\xd0\xb0\xd0\xbf\xd1\x82\xd0\xb0\xd1\x86\xd0\xb8\xd1\x8f \xd0\xbd\xd0\xb0 HDR, \xd0\xb2 \xd1\x81\xd1\x82\xd1\x8a\xd0\xbf\xd0\xba\xd0\xb8 \xd0\xb2 \xd1\x81\xd0\xb5\xd0\xba\xd1\x83\xd0\xbd\xd0\xb4\xd0\xb0"},
    {"Restore all defaults",
     "\xd0\x92\xd1\x81\xd0\xb8\xd1\x87\xd0\xba\xd0\xbe \xd0\xbf\xd0\xbe \xd0\xbf\xd0\xbe\xd0\xb4\xd1\x80\xd0\xb0\xd0\xb7\xd0\xb1\xd0\xb8\xd1\x80\xd0\xb0\xd0\xbd\xd0\xb5"},
    {"Every setting for this game goes back to its default, hotkeys included.",
     "\xd0\x92\xd1\x81\xd1\x8f\xd0\xba\xd0\xb0 \xd0\xbd\xd0\xb0\xd1\x81\xd1\x82\xd1\x80\xd0\xbe\xd0\xb9\xd0\xba\xd0\xb0 \xd0\xb7\xd0\xb0 \xd1\x82\xd0\xb0\xd0\xb7\xd0\xb8 \xd0\xb8\xd0\xb3\xd1\x80\xd0\xb0 \xd1\x81\xd0\xb5 \xd0\xb2\xd1\x80\xd1\x8a\xd1\x89\xd0\xb0 \xd0\xba\xd1\x8a\xd0\xbc \xd1\x81\xd1\x82\xd0\xbe\xd0\xb9\xd0\xbd\xd0\xbe\xd1\x81\xd1\x82\xd1\x82\xd0\xb0 \xd0\xbf\xd0\xbe \xd0\xbf\xd0\xbe\xd0\xb4\xd1\x80\xd0\xb0\xd0\xb7\xd0\xb1\xd0\xb8\xd1\x80\xd0\xb0\xd0\xbd\xd0\xb5, \xd0\xb2\xd0\xba\xd0\xbb\xd1\x8e\xd1\x87\xd0\xb8\xd1\x82\xd0\xb5\xd0\xbb\xd0\xbd\xd0\xbe \xd0\xba\xd0\xbb\xd0\xb0\xd0\xb2\xd0\xb8\xd1\x88\xd0\xb8\xd1\x82\xd0\xb5."},
    {"Developer view",
     "\xd0\x98\xd0\xb7\xd0\xb3\xd0\xbb\xd0\xb5\xd0\xb4 \xd0\xb7\xd0\xb0 \xd1\x80\xd0\xb0\xd0\xb7\xd1\x80\xd0\xb0\xd0\xb1\xd0\xbe\xd1\x82\xd1\x87\xd0\xb8\xd1\x86\xd0\xb8"},
    {"The classic flat layout: every control in one list, as before v7.",
     "\xd0\x9a\xd0\xbb\xd0\xb0\xd1\x81\xd0\xb8\xd1\x87\xd0\xb5\xd1\x81\xd0\xba\xd0\xbe\xd1\x82\xd0\xbe \xd0\xbf\xd0\xbb\xd0\xbe\xd1\x81\xd0\xba\xd0\xbe \xd0\xbe\xd1\x84\xd0\xbe\xd1\x80\xd0\xbc\xd0\xbb\xd0\xb5\xd0\xbd\xd0\xb8\xd0\xb5: \xd0\xb2\xd1\x81\xd0\xb8\xd1\x87\xd0\xba\xd0\xb8 \xd0\xba\xd0\xbe\xd0\xbd\xd1\x82\xd1\x80\xd0\xbe\xd0\xbb\xd0\xb8 \xd0\xb2 \xd0\xb5\xd0\xb4\xd0\xb8\xd0\xbd \xd1\x81\xd0\xbf\xd0\xb8\xd1\x81\xd1\x8a\xd0\xba, \xd0\xba\xd0\xb0\xd0\xba\xd1\x82\xd0\xbe \xd0\xbf\xd1\x80\xd0\xb5\xd0\xb4\xd0\xb8 v7."},
    {"Language",
     "\xd0\x95\xd0\xb7\xd0\xb8\xd0\xba"},
    {"Auto follows ReShade's own language (ReShade's Settings tab), which follows Windows unless you picked one there.  ReShade loads the font for its own language only, so a language written in another script can show as boxes: pick it in ReShade's settings too.",
     "\xc2\xab\xd0\x90\xd0\xb2\xd1\x82\xd0\xbe\xc2\xbb \xd1\x81\xd0\xbb\xd0\xb5\xd0\xb4\xd0\xb2\xd0\xb0 \xd0\xb5\xd0\xb7\xd0\xb8\xd0\xba\xd0\xb0 \xd0\xbd\xd0\xb0 \xd1\x81\xd0\xb0\xd0\xbc\xd0\xb8\xd1\x8f ReShade (\xd1\x80\xd0\xb0\xd0\xb7\xd0\xb4\xd0\xb5\xd0\xbb Settings \xd0\xbd\xd0\xb0 ReShade), \xd0\xba\xd0\xbe\xd0\xb9\xd1\x82\xd0\xbe \xd1\x81\xd0\xbb\xd0\xb5\xd0\xb4\xd0\xb2\xd0\xb0 Windows, \xd0\xbe\xd1\x81\xd0\xb2\xd0\xb5\xd0\xbd \xd0\xb0\xd0\xba\xd0\xbe \xd0\xbd\xd0\xb5 \xd1\x81\xd1\x82\xd0\xb5 \xd0\xb8\xd0\xb7\xd0\xb1\xd1\x80\xd0\xb0\xd0\xbb\xd0\xb8 \xd0\xb5\xd0\xb7\xd0\xb8\xd0\xba \xd1\x82\xd0\xb0\xd0\xbc. ReShade \xd0\xb7\xd0\xb0\xd1\x80\xd0\xb5\xd0\xb6\xd0\xb4\xd0\xb0 \xd1\x88\xd1\x80\xd0\xb8\xd1\x84\xd1\x82\xd0\xb0 \xd1\x81\xd0\xb0\xd0\xbc\xd0\xbe \xd0\xb7\xd0\xb0 \xd1\x81\xd0\xbe\xd0\xb1\xd1\x81\xd1\x82\xd0\xb2\xd0\xb5\xd0\xbd\xd0\xb8\xd1\x8f \xd1\x81\xd0\xb8 \xd0\xb5\xd0\xb7\xd0\xb8\xd0\xba, \xd0\xb7\xd0\xb0\xd1\x82\xd0\xbe\xd0\xb2\xd0\xb0 \xd0\xb5\xd0\xb7\xd0\xb8\xd0\xba \xd1\x81 \xd0\xb4\xd1\x80\xd1\x83\xd0\xb3\xd0\xb0 \xd0\xbf\xd0\xb8\xd1\x81\xd0\xbc\xd0\xb5\xd0\xbd\xd0\xbe\xd1\x81\xd1\x82 \xd0\xbc\xd0\xbe\xd0\xb6\xd0\xb5 \xd0\xb4\xd0\xb0 \xd1\x81\xd0\xb5 \xd0\xbf\xd0\xbe\xd0\xba\xd0\xb0\xd0\xb7\xd0\xb2\xd0\xb0 \xd0\xba\xd0\xb0\xd1\x82\xd0\xbe \xd0\xba\xd0\xb2\xd0\xb0\xd0\xb4\xd1\x80\xd0\xb0\xd1\x82\xd1\x87\xd0\xb5\xd1\x82\xd0\xb0: \xd0\xb8\xd0\xb7\xd0\xb1\xd0\xb5\xd1\x80\xd0\xb5\xd1\x82\xd0\xb5 \xd0\xb3\xd0\xbe \xd0\xb8 \xd0\xb2 \xd0\xbd\xd0\xb0\xd1\x81\xd1\x82\xd1\x80\xd0\xbe\xd0\xb9\xd0\xba\xd0\xb8\xd1\x82\xd0\xb5 \xd0\xbd\xd0\xb0 ReShade."},
    {"Full",
     "\xd0\x9f\xd1\x8a\xd0\xbb\xd0\xbd\xd0\xb0"},
    {"Quality",
     "\xd0\x9a\xd0\xb0\xd1\x87\xd0\xb5\xd1\x81\xd1\x82\xd0\xb2\xd0\xbe"},
    {"Balanced",
     "\xd0\x91\xd0\xb0\xd0\xbb\xd0\xb0\xd0\xbd\xd1\x81"},
    {"Match game",
     "\xd0\x9a\xd0\xb0\xd1\x82\xd0\xbe \xd0\xb8\xd0\xb3\xd1\x80\xd0\xb0\xd1\x82\xd0\xb0"},
    {"The resolution Neural Rendering works at.  Full is the sharpest; the lower presets cost less GPU time.  Match game follows the game's own render resolution.",
     "\xd0\xa0\xd0\xb5\xd0\xb7\xd0\xbe\xd0\xbb\xd1\x8e\xd1\x86\xd0\xb8\xd1\x8f\xd1\x82\xd0\xb0, \xd0\xb2 \xd0\xba\xd0\xbe\xd1\x8f\xd1\x82\xd0\xbe \xd1\x80\xd0\xb0\xd0\xb1\xd0\xbe\xd1\x82\xd0\xb8 Neural Rendering. \xc2\xab\xd0\x9f\xd1\x8a\xd0\xbb\xd0\xbd\xd0\xb0\xc2\xbb \xd0\xb5 \xd0\xbd\xd0\xb0\xd0\xb9-\xd0\xbe\xd1\x81\xd1\x82\xd1\x80\xd0\xb0; \xd0\xbf\xd0\xbe-\xd0\xbd\xd0\xb8\xd1\x81\xd0\xba\xd0\xb8\xd1\x82\xd0\xb5 \xd0\xbf\xd1\x80\xd0\xbe\xd1\x84\xd0\xb8\xd0\xbb\xd0\xb8 \xd1\x81\xd1\x82\xd1\x80\xd1\x83\xd0\xb2\xd0\xb0\xd1\x82 \xd0\xbf\xd0\xbe-\xd0\xbc\xd0\xb0\xd0\xbb\xd0\xba\xd0\xbe GPU \xd0\xb2\xd1\x80\xd0\xb5\xd0\xbc\xd0\xb5. \xc2\xab\xd0\x9a\xd0\xb0\xd1\x82\xd0\xbe \xd0\xb8\xd0\xb3\xd1\x80\xd0\xb0\xd1\x82\xd0\xb0\xc2\xbb \xd1\x81\xd0\xbb\xd0\xb5\xd0\xb4\xd0\xb2\xd0\xb0 \xd1\x81\xd0\xbe\xd0\xb1\xd1\x81\xd1\x82\xd0\xb2\xd0\xb5\xd0\xbd\xd0\xb0\xd1\x82\xd0\xb0 \xd1\x80\xd0\xb5\xd0\xb7\xd0\xbe\xd0\xbb\xd1\x8e\xd1\x86\xd0\xb8\xd1\x8f \xd0\xbd\xd0\xb0 \xd1\x80\xd0\xb5\xd0\xbd\xd0\xb4\xd0\xb8\xd1\x80\xd0\xb0\xd0\xbd\xd0\xb5 \xd0\xbd\xd0\xb0 \xd0\xb8\xd0\xb3\xd1\x80\xd0\xb0\xd1\x82\xd0\xb0."},
    {"Custom (%.0f%%): set in Performance",
     "\xd0\x9f\xd0\xbe\xd1\x82\xd1\x80\xd0\xb5\xd0\xb1\xd0\xb8\xd1\x82\xd0\xb5\xd0\xbb\xd1\x81\xd0\xba\xd0\xb0 (%.0f%%): \xd0\xb7\xd0\xb0\xd0\xb4\xd0\xb0\xd0\xb2\xd0\xb0 \xd1\x81\xd0\xb5 \xd0\xb2 \xc2\xab\xd0\x9f\xd1\x80\xd0\xbe\xd0\xb8\xd0\xb7\xd0\xb2\xd0\xbe\xd0\xb4\xd0\xb8\xd1\x82\xd0\xb5\xd0\xbb\xd0\xbd\xd0\xbe\xd1\x81\xd1\x82\xc2\xbb"},
    {"Estimated from NR's measured GPU time and the time between frames.  It holds while the GPU limits the frame rate; a game held back by the CPU or a frame cap gains less without NR.",
     "\xd0\x9e\xd1\x86\xd0\xb5\xd0\xbd\xd0\xba\xd0\xb0 \xd0\xbf\xd0\xbe \xd0\xb8\xd0\xb7\xd0\xbc\xd0\xb5\xd1\x80\xd0\xb5\xd0\xbd\xd0\xbe\xd1\x82\xd0\xbe \xd0\xb2\xd1\x80\xd0\xb5\xd0\xbc\xd0\xb5 \xd0\xbd\xd0\xb0 GPU \xd0\xb7\xd0\xb0 NR \xd0\xb8 \xd0\xb2\xd1\x80\xd0\xb5\xd0\xbc\xd0\xb5\xd1\x82\xd0\xbe \xd0\xbc\xd0\xb5\xd0\xb6\xd0\xb4\xd1\x83 \xd0\xba\xd0\xb0\xd0\xb4\xd1\x80\xd0\xb8\xd1\x82\xd0\xb5. \xd0\x92\xd0\xb0\xd0\xb6\xd0\xb8, \xd0\xb4\xd0\xbe\xd0\xba\xd0\xb0\xd1\x82\xd0\xbe GPU \xd0\xbe\xd0\xb3\xd1\x80\xd0\xb0\xd0\xbd\xd0\xb8\xd1\x87\xd0\xb0\xd0\xb2\xd0\xb0 \xd1\x87\xd0\xb5\xd1\x81\xd1\x82\xd0\xbe\xd1\x82\xd0\xb0\xd1\x82\xd0\xb0 \xd0\xbd\xd0\xb0 \xd0\xba\xd0\xb0\xd0\xb4\xd1\x80\xd0\xb8\xd1\x82\xd0\xb5; \xd0\xb8\xd0\xb3\xd1\x80\xd0\xb0, \xd1\x81\xd0\xbf\xd1\x8a\xd0\xb2\xd0\xb0\xd0\xbd\xd0\xb0 \xd0\xbe\xd1\x82 CPU \xd0\xb8\xd0\xbb\xd0\xb8 \xd0\xbe\xd1\x82 \xd0\xbe\xd0\xb3\xd1\x80\xd0\xb0\xd0\xbd\xd0\xb8\xd1\x87\xd0\xb5\xd0\xbd\xd0\xb8\xd0\xb5 \xd0\xbd\xd0\xb0 fps, \xd0\xbf\xd0\xb5\xd1\x87\xd0\xb5\xd0\xbb\xd0\xb8 \xd0\xbf\xd0\xbe-\xd0\xbc\xd0\xb0\xd0\xbb\xd0\xba\xd0\xbe \xd0\xb1\xd0\xb5\xd0\xb7 NR."},
    {"NR cost",
     "\xd0\xa6\xd0\xb5\xd0\xbd\xd0\xb0 \xd0\xbd\xd0\xb0 NR"},
    {"Faster:",
     "\xd0\x9f\xd0\xbe-\xd0\xb1\xd1\x8a\xd1\x80\xd0\xb7\xd0\xbe:"},
    {"Before upscaling ~%.1f ms",
     "\xd0\x9f\xd1\x80\xd0\xb5\xd0\xb4\xd0\xb8 \xd0\xbc\xd0\xb0\xd1\x89\xd0\xb0\xd0\xb1\xd0\xb8\xd1\x80\xd0\xb0\xd0\xbd\xd0\xb5 ~%.1f ms"},
    {"Resolution 50%% ~%.1f ms",
     "\xd0\xa0\xd0\xb5\xd0\xb7\xd0\xbe\xd0\xbb\xd1\x8e\xd1\x86\xd0\xb8\xd1\x8f 50%% ~%.1f ms"},
    {"Both ~%.1f ms",
     "\xd0\x98 \xd0\xb4\xd0\xb2\xd0\xb5\xd1\x82\xd0\xb5 ~%.1f ms"},
    {"Runs NR on the game's image before DLSS upscales it (Hook point: Render), so NR works on fewer pixels.",
     "\xd0\x9f\xd1\x83\xd1\x81\xd0\xba\xd0\xb0 NR \xd0\xb2\xd1\x8a\xd1\x80\xd1\x85\xd1\x83 \xd0\xb8\xd0\xb7\xd0\xbe\xd0\xb1\xd1\x80\xd0\xb0\xd0\xb6\xd0\xb5\xd0\xbd\xd0\xb8\xd0\xb5\xd1\x82\xd0\xbe \xd0\xbd\xd0\xb0 \xd0\xb8\xd0\xb3\xd1\x80\xd0\xb0\xd1\x82\xd0\xb0, \xd0\xbf\xd1\x80\xd0\xb5\xd0\xb4\xd0\xb8 DLSS \xd0\xb4\xd0\xb0 \xd0\xb3\xd0\xbe \xd1\x83\xd0\xb2\xd0\xb5\xd0\xbb\xd0\xb8\xd1\x87\xd0\xb8 (\xd0\xa2\xd0\xbe\xd1\x87\xd0\xba\xd0\xb0 \xd0\xbd\xd0\xb0 \xd0\xb2\xd0\xbc\xd1\x8a\xd0\xba\xd0\xb2\xd0\xb0\xd0\xbd\xd0\xb5: \xd0\xa0\xd0\xb5\xd0\xbd\xd0\xb4\xd0\xb5\xd1\x80), \xd1\x82\xd0\xb0\xd0\xba\xd0\xb0 NR \xd0\xbe\xd0\xb1\xd1\x80\xd0\xb0\xd0\xb1\xd0\xbe\xd1\x82\xd0\xb2\xd0\xb0 \xd0\xbf\xd0\xbe-\xd0\xbc\xd0\xb0\xd0\xbb\xd0\xba\xd0\xbe \xd0\xbf\xd0\xb8\xd0\xba\xd1\x81\xd0\xb5\xd0\xbb\xd0\xb8."},
    {"Runs NR at half the output resolution per side (Resolution: Performance).  NR then steadies shimmering detail less than at Full.",
     "\xd0\x9f\xd1\x83\xd1\x81\xd0\xba\xd0\xb0 NR \xd0\xbd\xd0\xb0 \xd0\xbf\xd0\xbe\xd0\xbb\xd0\xbe\xd0\xb2\xd0\xb8\xd0\xbd\xd0\xb0\xd1\x82\xd0\xb0 \xd0\xbe\xd1\x82 \xd0\xb8\xd0\xb7\xd1\x85\xd0\xbe\xd0\xb4\xd0\xbd\xd0\xb0\xd1\x82\xd0\xb0 \xd1\x80\xd0\xb5\xd0\xb7\xd0\xbe\xd0\xbb\xd1\x8e\xd1\x86\xd0\xb8\xd1\x8f \xd0\xbf\xd0\xbe \xd0\xb2\xd1\x81\xd1\x8f\xd0\xba\xd0\xb0 \xd1\x81\xd1\x82\xd1\x80\xd0\xb0\xd0\xbd\xd0\xb0 (\xd0\xa0\xd0\xb5\xd0\xb7\xd0\xbe\xd0\xbb\xd1\x8e\xd1\x86\xd0\xb8\xd1\x8f: \xd0\x9f\xd1\x80\xd0\xbe\xd0\xb8\xd0\xb7\xd0\xb2\xd0\xbe\xd0\xb4\xd0\xb8\xd1\x82\xd0\xb5\xd0\xbb\xd0\xbd\xd0\xbe\xd1\x81\xd1\x82). \xd0\xa2\xd0\xbe\xd0\xb3\xd0\xb0\xd0\xb2\xd0\xb0 NR \xd1\x83\xd1\x81\xd0\xbf\xd0\xbe\xd0\xba\xd0\xbe\xd1\x8f\xd0\xb2\xd0\xb0 \xd1\x82\xd1\x80\xd0\xb5\xd0\xbf\xd1\x82\xd1\x8f\xd1\x89\xd0\xb8\xd1\x82\xd0\xb5 \xd0\xb4\xd0\xb5\xd1\x82\xd0\xb0\xd0\xb9\xd0\xbb\xd0\xb8 \xd0\xbf\xd0\xbe-\xd1\x81\xd0\xbb\xd0\xb0\xd0\xb1\xd0\xbe, \xd0\xbe\xd1\x82\xd0\xba\xd0\xbe\xd0\xbb\xd0\xba\xd0\xbe\xd1\x82\xd0\xbe \xd0\xbf\xd1\x80\xd0\xb8 \xd0\x9f\xd1\x8a\xd0\xbb\xd0\xbd\xd0\xb0."},
    {"Both of the above.",
     "\xd0\x98 \xd0\xb4\xd0\xb2\xd0\xb5\xd1\x82\xd0\xb5 \xd0\xbe\xd0\xbf\xd1\x86\xd0\xb8\xd0\xb8 \xd0\xbf\xd0\xbe-\xd0\xb3\xd0\xbe\xd1\x80\xd0\xb5."},
    {"Undo",
     "\xd0\x9e\xd1\x82\xd0\xbc\xd0\xb5\xd0\xbd\xd0\xb8"},
    {"Last frame",
     "\xd0\x9f\xd0\xbe\xd1\x81\xd0\xbb\xd0\xb5\xd0\xb4\xd0\xb5\xd0\xbd \xd0\xba\xd0\xb0\xd0\xb4\xd1\x8a\xd1\x80"},
    {"Frames this session",
     "\xd0\x9a\xd0\xb0\xd0\xb4\xd1\x80\xd0\xb8 \xd0\xb2 \xd1\x82\xd0\xb0\xd0\xb7\xd0\xb8 \xd1\x81\xd0\xb5\xd1\x81\xd0\xb8\xd1\x8f"},
    {"Working resolution",
     "\xd0\xa0\xd0\xb0\xd0\xb1\xd0\xbe\xd1\x82\xd0\xbd\xd0\xb0 \xd1\x80\xd0\xb5\xd0\xb7\xd0\xbe\xd0\xbb\xd1\x8e\xd1\x86\xd0\xb8\xd1\x8f"},
    {"Backend",
     "\xd0\x91\xd0\xb5\xd0\xba\xd0\xb5\xd0\xbd\xd0\xb4"},
    {"Raw details",
     "\xd0\xa1\xd1\x83\xd1\x80\xd0\xbe\xd0\xb2\xd0\xb8 \xd0\xb4\xd0\xb0\xd0\xbd\xd0\xbd\xd0\xb8"},
    {"Copy support report",
     "\xd0\x9a\xd0\xbe\xd0\xbf\xd0\xb8\xd1\x80\xd0\xb0\xd0\xb9 \xd0\xbe\xd1\x82\xd1\x87\xd0\xb5\xd1\x82\xd0\xb0"},
    {"Open log folder",
     "\xd0\x9e\xd1\x82\xd0\xb2\xd0\xbe\xd1\x80\xd0\xb8 \xd0\xbf\xd0\xb0\xd0\xbf\xd0\xba\xd0\xb0\xd1\x82\xd0\xb0 \xd1\x81 \xd0\xbb\xd0\xbe\xd0\xb3\xd0\xbe\xd0\xb2\xd0\xb5"},
    {"Copied. Paste it into your report together with ReShade.log.",
     "\xd0\x9a\xd0\xbe\xd0\xbf\xd0\xb8\xd1\x80\xd0\xb0\xd0\xbd\xd0\xbe. \xd0\x9f\xd0\xbe\xd1\x81\xd1\x82\xd0\xb0\xd0\xb2\xd0\xb5\xd1\x82\xd0\xb5 \xd0\xb3\xd0\xbe \xd0\xb2 \xd0\xbe\xd1\x82\xd1\x87\xd0\xb5\xd1\x82\xd0\xb0 \xd1\x81\xd0\xb8 \xd0\xb7\xd0\xb0\xd0\xb5\xd0\xb4\xd0\xbd\xd0\xbe \xd1\x81 ReShade.log."},
    {"Copies a short text with the version, the verdict, the card and the counters.  It holds the game's file name and no folder paths.",
     "\xd0\x9a\xd0\xbe\xd0\xbf\xd0\xb8\xd1\x80\xd0\xb0 \xd0\xba\xd1\x80\xd0\xb0\xd1\x82\xd1\x8a\xd0\xba \xd1\x82\xd0\xb5\xd0\xba\xd1\x81\xd1\x82 \xd1\x81 \xd0\xb2\xd0\xb5\xd1\x80\xd1\x81\xd0\xb8\xd1\x8f\xd1\x82\xd0\xb0, \xd0\xbf\xd1\x80\xd0\xb8\xd1\x81\xd1\x8a\xd0\xb4\xd0\xb0\xd1\x82\xd0\xb0, \xd0\xba\xd0\xb0\xd1\x80\xd1\x82\xd0\xb0\xd1\x82\xd0\xb0 \xd0\xb8 \xd0\xb1\xd1\x80\xd0\xbe\xd1\x8f\xd1\x87\xd0\xb8\xd1\x82\xd0\xb5. \xd0\xa1\xd1\x8a\xd0\xb4\xd1\x8a\xd1\x80\xd0\xb6\xd0\xb0 \xd0\xb8\xd0\xbc\xd0\xb5\xd1\x82\xd0\xbe \xd0\xbd\xd0\xb0 \xd1\x84\xd0\xb0\xd0\xb9\xd0\xbb\xd0\xb0 \xd0\xbd\xd0\xb0 \xd0\xb8\xd0\xb3\xd1\x80\xd0\xb0\xd1\x82\xd0\xb0 \xd0\xb8 \xd0\xbd\xd0\xb8\xd0\xba\xd0\xb0\xd0\xba\xd0\xb2\xd0\xb8 \xd0\xbf\xd1\x8a\xd1\x82\xd0\xb8\xd1\x89\xd0\xb0 \xd0\xb4\xd0\xbe \xd0\xbf\xd0\xb0\xd0\xbf\xd0\xba\xd0\xb8."},
    {"Skipped because",
     "\xd0\x9f\xd1\x80\xd0\xbe\xd0\xbf\xd1\x83\xd1\x81\xd0\xbd\xd0\xb0\xd1\x82\xd0\xb8, \xd0\xb7\xd0\xb0\xd1\x89\xd0\xbe\xd1\x82\xd0\xbe"},
    {"Why Neural Rendering left frames alone this session, most frequent first, with the number of frames.  Each of those frames shows the game's own image.",
     "\xd0\x97\xd0\xb0\xd1\x89\xd0\xbe Neural Rendering \xd0\xb5 \xd0\xbe\xd1\x81\xd1\x82\xd0\xb0\xd0\xb2\xd0\xb8\xd0\xbb \xd0\xba\xd0\xb0\xd0\xb4\xd1\x80\xd0\xb8 \xd0\xbd\xd0\xb5\xd0\xbf\xd1\x80\xd0\xbe\xd0\xbc\xd0\xb5\xd0\xbd\xd0\xb5\xd0\xbd\xd0\xb8 \xd0\xb2 \xd1\x82\xd0\xb0\xd0\xb7\xd0\xb8 \xd1\x81\xd0\xb5\xd1\x81\xd0\xb8\xd1\x8f, \xd0\xbd\xd0\xb0\xd0\xb9-\xd1\x87\xd0\xb5\xd1\x81\xd1\x82\xd0\xb8\xd1\x82\xd0\xb5 \xd0\xbf\xd1\x80\xd0\xb8\xd1\x87\xd0\xb8\xd0\xbd\xd0\xb8 \xd0\xbf\xd1\x8a\xd1\x80\xd0\xb2\xd0\xbe, \xd1\x81 \xd0\xb1\xd1\x80\xd0\xbe\xd1\x8f \xd0\xbd\xd0\xb0 \xd0\xba\xd0\xb0\xd0\xb4\xd1\x80\xd0\xb8\xd1\x82\xd0\xb5. \xd0\x92\xd1\x81\xd0\xb5\xd0\xba\xd0\xb8 \xd0\xbe\xd1\x82 \xd1\x82\xd0\xb5\xd0\xb7\xd0\xb8 \xd0\xba\xd0\xb0\xd0\xb4\xd1\x80\xd0\xb8 \xd0\xbf\xd0\xbe\xd0\xba\xd0\xb0\xd0\xb7\xd0\xb2\xd0\xb0 \xd1\x81\xd0\xbe\xd0\xb1\xd1\x81\xd1\x82\xd0\xb2\xd0\xb5\xd0\xbd\xd0\xbe\xd1\x82\xd0\xbe \xd0\xb8\xd0\xb7\xd0\xbe\xd0\xb1\xd1\x80\xd0\xb0\xd0\xb6\xd0\xb5\xd0\xbd\xd0\xb8\xd0\xb5 \xd0\xbd\xd0\xb0 \xd0\xb8\xd0\xb3\xd1\x80\xd0\xb0\xd1\x82\xd0\xb0."},
    {"At the present",
     "\xd0\x9f\xd1\x80\xd0\xb8 \xd0\xb8\xd0\xb7\xd0\xb2\xd0\xb5\xd0\xb6\xd0\xb4\xd0\xb0\xd0\xbd\xd0\xb5"},
    {"What the Present hook point did this session.  A present without NR shows the game's image for that frame, which can read as a flicker.",
     "\xd0\x9a\xd0\xb0\xd0\xba\xd0\xb2\xd0\xbe \xd0\xbd\xd0\xb0\xd0\xbf\xd1\x80\xd0\xb0\xd0\xb2\xd0\xb8 \xd1\x82\xd0\xbe\xd1\x87\xd0\xba\xd0\xb0\xd1\x82\xd0\xb0 \xd0\xbd\xd0\xb0 \xd0\xb2\xd0\xbc\xd1\x8a\xd0\xba\xd0\xb2\xd0\xb0\xd0\xbd\xd0\xb5 \xd0\x98\xd0\xb7\xd0\xb2\xd0\xb5\xd0\xb6\xd0\xb4\xd0\xb0\xd0\xbd\xd0\xb5 \xd0\xb2 \xd1\x82\xd0\xb0\xd0\xb7\xd0\xb8 \xd1\x81\xd0\xb5\xd1\x81\xd0\xb8\xd1\x8f. \xd0\x98\xd0\xb7\xd0\xb2\xd0\xb5\xd0\xb6\xd0\xb4\xd0\xb0\xd0\xbd\xd0\xb5 \xd0\xb1\xd0\xb5\xd0\xb7 NR \xd0\xbf\xd0\xbe\xd0\xba\xd0\xb0\xd0\xb7\xd0\xb2\xd0\xb0 \xd0\xb8\xd0\xb7\xd0\xbe\xd0\xb1\xd1\x80\xd0\xb0\xd0\xb6\xd0\xb5\xd0\xbd\xd0\xb8\xd0\xb5\xd1\x82\xd0\xbe \xd0\xbd\xd0\xb0 \xd0\xb8\xd0\xb3\xd1\x80\xd0\xb0\xd1\x82\xd0\xb0 \xd0\xb7\xd0\xb0 \xd1\x82\xd0\xbe\xd0\xb7\xd0\xb8 \xd0\xba\xd0\xb0\xd0\xb4\xd1\x8a\xd1\x80, \xd0\xba\xd0\xbe\xd0\xb5\xd1\x82\xd0\xbe \xd0\xbc\xd0\xbe\xd0\xb6\xd0\xb5 \xd0\xb4\xd0\xb0 \xd0\xb8\xd0\xb7\xd0\xb3\xd0\xbb\xd0\xb5\xd0\xb6\xd0\xb4\xd0\xb0 \xd0\xba\xd0\xb0\xd1\x82\xd0\xbe \xd1\x82\xd1\x80\xd0\xb5\xd0\xbf\xd1\x82\xd0\xb5\xd0\xbd\xd0\xb5."},
    {"Frame generation: %ux, NR on every present",
     "\xd0\x93\xd0\xb5\xd0\xbd\xd0\xb5\xd1\x80\xd0\xb8\xd1\x80\xd0\xb0\xd0\xbd\xd0\xb5 \xd0\xbd\xd0\xb0 \xd0\xba\xd0\xb0\xd0\xb4\xd1\x80\xd0\xb8: %ux, NR \xd0\xbd\xd0\xb0 \xd0\xb2\xd1\x81\xd1\x8f\xd0\xba\xd0\xbe \xd0\xb8\xd0\xb7\xd0\xb2\xd0\xb5\xd0\xb6\xd0\xb4\xd0\xb0\xd0\xbd\xd0\xb5"},
    {"Frame generation: %ux, NR on game frames only",
     "\xd0\x93\xd0\xb5\xd0\xbd\xd0\xb5\xd1\x80\xd0\xb8\xd1\x80\xd0\xb0\xd0\xbd\xd0\xb5 \xd0\xbd\xd0\xb0 \xd0\xba\xd0\xb0\xd0\xb4\xd1\x80\xd0\xb8: %ux, NR \xd1\x81\xd0\xb0\xd0\xbc\xd0\xbe \xd0\xbd\xd0\xb0 \xd0\xba\xd0\xb0\xd0\xb4\xd1\x80\xd0\xb8\xd1\x82\xd0\xb5 \xd0\xbd\xd0\xb0 \xd0\xb8\xd0\xb3\xd1\x80\xd0\xb0\xd1\x82\xd0\xb0"},
    {"Frame generation: %ux, NR once per game frame, before frame generation",
     "\xd0\x93\xd0\xb5\xd0\xbd\xd0\xb5\xd1\x80\xd0\xb8\xd1\x80\xd0\xb0\xd0\xbd\xd0\xb5 \xd0\xbd\xd0\xb0 \xd0\xba\xd0\xb0\xd0\xb4\xd1\x80\xd0\xb8: %ux, NR \xd0\xb2\xd0\xb5\xd0\xb4\xd0\xbd\xd1\x8a\xd0\xb6 \xd0\xbd\xd0\xb0 \xd0\xba\xd0\xb0\xd0\xb4\xd1\x8a\xd1\x80 \xd0\xbd\xd0\xb0 \xd0\xb8\xd0\xb3\xd1\x80\xd0\xb0\xd1\x82\xd0\xb0, \xd0\xbf\xd1\x80\xd0\xb5\xd0\xb4\xd0\xb8 \xd0\xb3\xd0\xb5\xd0\xbd\xd0\xb5\xd1\x80\xd0\xb8\xd1\x80\xd0\xb0\xd0\xbd\xd0\xb5\xd1\x82\xd0\xbe \xd0\xbd\xd0\xb0 \xd0\xba\xd0\xb0\xd0\xb4\xd1\x80\xd0\xb8"},
    {"%llu presents reached the screen without NR between NR frames, which reads as flicker.  Most often: %s",
     "%llu \xd0\xb8\xd0\xb7\xd0\xb2\xd0\xb5\xd0\xb6\xd0\xb4\xd0\xb0\xd0\xbd\xd0\xb8\xd1\x8f \xd1\x81\xd1\x82\xd0\xb8\xd0\xb3\xd0\xbd\xd0\xb0\xd1\x85\xd0\xb0 \xd0\xb4\xd0\xbe \xd0\xb5\xd0\xba\xd1\x80\xd0\xb0\xd0\xbd\xd0\xb0 \xd0\xb1\xd0\xb5\xd0\xb7 NR \xd0\xbc\xd0\xb5\xd0\xb6\xd0\xb4\xd1\x83 \xd0\xba\xd0\xb0\xd0\xb4\xd1\x80\xd0\xb8 \xd1\x81 NR, \xd0\xba\xd0\xbe\xd0\xb5\xd1\x82\xd0\xbe \xd0\xb8\xd0\xb7\xd0\xb3\xd0\xbb\xd0\xb5\xd0\xb6\xd0\xb4\xd0\xb0 \xd0\xba\xd0\xb0\xd1\x82\xd0\xbe \xd1\x82\xd1\x80\xd0\xb5\xd0\xbf\xd1\x82\xd0\xb5\xd0\xbd\xd0\xb5. \xd0\x9d\xd0\xb0\xd0\xb9-\xd1\x87\xd0\xb5\xd1\x81\xd1\x82\xd0\xbe: %s"},
    {"%llu presents without NR between NR frames | %llu slot waits, %llu timed out | %llu history restarts | %llu frame generation on/off switches",
     "%llu \xd0\xb8\xd0\xb7\xd0\xb2\xd0\xb5\xd0\xb6\xd0\xb4\xd0\xb0\xd0\xbd\xd0\xb8\xd1\x8f \xd0\xb1\xd0\xb5\xd0\xb7 NR \xd0\xbc\xd0\xb5\xd0\xb6\xd0\xb4\xd1\x83 \xd0\xba\xd0\xb0\xd0\xb4\xd1\x80\xd0\xb8 \xd1\x81 NR | %llu \xd1\x87\xd0\xb0\xd0\xba\xd0\xb0\xd0\xbd\xd0\xb8\xd1\x8f \xd0\xb7\xd0\xb0 \xd1\x81\xd0\xbb\xd0\xbe\xd1\x82, %llu \xd0\xb8\xd0\xb7\xd1\x82\xd0\xb5\xd0\xba\xd0\xbb\xd0\xb8 | %llu \xd1\x80\xd0\xb5\xd1\x81\xd1\x82\xd0\xb0\xd1\x80\xd1\x82\xd0\xb0 \xd0\xbd\xd0\xb0 \xd0\xb8\xd1\x81\xd1\x82\xd0\xbe\xd1\x80\xd0\xb8\xd1\x8f\xd1\x82\xd0\xb0 | %llu \xd0\xbf\xd1\x80\xd0\xb5\xd0\xb2\xd0\xba\xd0\xbb\xd1\x8e\xd1\x87\xd0\xb2\xd0\xb0\xd0\xbd\xd0\xb8\xd1\x8f \xd0\xbd\xd0\xb0 \xd0\xb3\xd0\xb5\xd0\xbd\xd0\xb5\xd1\x80\xd0\xb8\xd1\x80\xd0\xb0\xd0\xbd\xd0\xb5\xd1\x82\xd0\xbe \xd0\xbd\xd0\xb0 \xd0\xba\xd0\xb0\xd0\xb4\xd1\x80\xd0\xb8"},
    {"No frame generation (%.1f presents per game frame)",
     "\xd0\x9d\xd1\x8f\xd0\xbc\xd0\xb0 \xd0\xb3\xd0\xb5\xd0\xbd\xd0\xb5\xd1\x80\xd0\xb8\xd1\x80\xd0\xb0\xd0\xbd\xd0\xb5 \xd0\xbd\xd0\xb0 \xd0\xba\xd0\xb0\xd0\xb4\xd1\x80\xd0\xb8 (%.1f \xd0\xb8\xd0\xb7\xd0\xb2\xd0\xb5\xd0\xb6\xd0\xb4\xd0\xb0\xd0\xbd\xd0\xb8\xd1\x8f \xd0\xbd\xd0\xb0 \xd0\xba\xd0\xb0\xd0\xb4\xd1\x8a\xd1\x80 \xd0\xbd\xd0\xb0 \xd0\xb8\xd0\xb3\xd1\x80\xd0\xb0\xd1\x82\xd0\xb0)"},
    {"NR on %llu presents: %llu with the game's depth and motion, %llu neutral",
     "NR \xd0\xbd\xd0\xb0 %llu \xd0\xb8\xd0\xb7\xd0\xb2\xd0\xb5\xd0\xb6\xd0\xb4\xd0\xb0\xd0\xbd\xd0\xb8\xd1\x8f: %llu \xd1\x81 \xd0\xb4\xd1\x8a\xd0\xbb\xd0\xb1\xd0\xbe\xd1\x87\xd0\xb8\xd0\xbd\xd0\xb0\xd1\x82\xd0\xb0 \xd0\xb8 \xd0\xb4\xd0\xb2\xd0\xb8\xd0\xb6\xd0\xb5\xd0\xbd\xd0\xb8\xd0\xb5\xd1\x82\xd0\xbe \xd0\xbd\xd0\xb0 \xd0\xb8\xd0\xb3\xd1\x80\xd0\xb0\xd1\x82\xd0\xb0, %llu \xd0\xbd\xd0\xb5\xd1\x83\xd1\x82\xd1\x80\xd0\xb0\xd0\xbb\xd0\xbd\xd0\xb8"},
    {"Without NR: %llu busy, %llu repeated game frames, %llu without depth and motion",
     "\xd0\x91\xd0\xb5\xd0\xb7 NR: %llu \xd0\xb7\xd0\xb0\xd0\xb5\xd1\x82\xd0\xb8, %llu \xd0\xbf\xd0\xbe\xd0\xb2\xd1\x82\xd0\xbe\xd1\x80\xd0\xb5\xd0\xbd\xd0\xb8 \xd0\xba\xd0\xb0\xd0\xb4\xd1\x80\xd0\xb8 \xd0\xbd\xd0\xb0 \xd0\xb8\xd0\xb3\xd1\x80\xd0\xb0\xd1\x82\xd0\xb0, %llu \xd0\xb1\xd0\xb5\xd0\xb7 \xd0\xb4\xd1\x8a\xd0\xbb\xd0\xb1\xd0\xbe\xd1\x87\xd0\xb8\xd0\xbd\xd0\xb0 \xd0\xb8 \xd0\xb4\xd0\xb2\xd0\xb8\xd0\xb6\xd0\xb5\xd0\xbd\xd0\xb8\xd0\xb5"},
    {"%llu presents took an older capture: the newest was still being written on another queue",
     "%llu \xd0\xb8\xd0\xb7\xd0\xb2\xd0\xb5\xd0\xb6\xd0\xb4\xd0\xb0\xd0\xbd\xd0\xb8\xd1\x8f \xd0\xb2\xd0\xb7\xd0\xb5\xd1\x85\xd0\xb0 \xd0\xbf\xd0\xbe-\xd1\x81\xd1\x82\xd0\xb0\xd1\x80\xd0\xbe \xd0\xb7\xd0\xb0\xd1\x81\xd0\xbd\xd0\xb5\xd0\xbc\xd0\xb0\xd0\xbd\xd0\xb5: \xd0\xbd\xd0\xb0\xd0\xb9-\xd0\xbd\xd0\xbe\xd0\xb2\xd0\xbe\xd1\x82\xd0\xbe \xd0\xbe\xd1\x89\xd0\xb5 \xd1\x81\xd0\xb5 \xd0\xb7\xd0\xb0\xd0\xbf\xd0\xb8\xd1\x81\xd0\xb2\xd0\xb0\xd1\x88\xd0\xb5 \xd0\xb2 \xd0\xb4\xd1\x80\xd1\x83\xd0\xb3\xd0\xb0 \xd0\xbe\xd0\xbf\xd0\xb0\xd1\x88\xd0\xba\xd0\xb0"},
    {"This game upscales with Ray Reconstruction, so NR runs on its output (Upscaled).",
     "\xd0\xa2\xd0\xb0\xd0\xb7\xd0\xb8 \xd0\xb8\xd0\xb3\xd1\x80\xd0\xb0 \xd0\xbc\xd0\xb0\xd1\x89\xd0\xb0\xd0\xb1\xd0\xb8\xd1\x80\xd0\xb0 \xd1\x81 Ray Reconstruction, \xd0\xb7\xd0\xb0\xd1\x82\xd0\xbe\xd0\xb2\xd0\xb0 NR \xd1\x80\xd0\xb0\xd0\xb1\xd0\xbe\xd1\x82\xd0\xb8 \xd0\xb2\xd1\x8a\xd1\x80\xd1\x85\xd1\x83 \xd0\xbd\xd0\xb5\xd0\xb9\xd0\xbd\xd0\xb8\xd1\x8f \xd0\xb8\xd0\xb7\xd1\x85\xd0\xbe\xd0\xb4 (\xd0\x9c\xd0\xb0\xd1\x89\xd0\xb0\xd0\xb1\xd0\xb8\xd1\x80\xd0\xb0\xd0\xbd\xd0\xbe)."},
    {"This game's swapchain cannot be served at the present, so NR runs on the DLSS output (Upscaled).",
     "Swapchain-\xd1\x8a\xd1\x82 \xd0\xbd\xd0\xb0 \xd1\x82\xd0\xb0\xd0\xb7\xd0\xb8 \xd0\xb8\xd0\xb3\xd1\x80\xd0\xb0 \xd0\xbd\xd0\xb5 \xd0\xbc\xd0\xbe\xd0\xb6\xd0\xb5 \xd0\xb4\xd0\xb0 \xd0\xb1\xd1\x8a\xd0\xb4\xd0\xb5 \xd0\xbe\xd0\xb1\xd1\x81\xd0\xbb\xd1\x83\xd0\xb6\xd0\xb5\xd0\xbd \xd0\xbf\xd1\x80\xd0\xb8 \xd0\xb8\xd0\xb7\xd0\xb2\xd0\xb5\xd0\xb6\xd0\xb4\xd0\xb0\xd0\xbd\xd0\xb5, \xd0\xb7\xd0\xb0\xd1\x82\xd0\xbe\xd0\xb2\xd0\xb0 NR \xd1\x80\xd0\xb0\xd0\xb1\xd0\xbe\xd1\x82\xd0\xb8 \xd0\xb2\xd1\x8a\xd1\x80\xd1\x85\xd1\x83 \xd0\xb8\xd0\xb7\xd1\x85\xd0\xbe\xd0\xb4\xd0\xb0 \xd0\xbd\xd0\xb0 DLSS (\xd0\x9c\xd0\xb0\xd1\x89\xd0\xb0\xd0\xb1\xd0\xb8\xd1\x80\xd0\xb0\xd0\xbd\xd0\xbe)."},
    {"In a Vulkan game NR does not run at the present yet; it runs on the DLSS output (Upscaled).",
     "\xd0\x92\xd1\x8a\xd0\xb2 Vulkan \xd0\xb8\xd0\xb3\xd1\x80\xd0\xb0 NR \xd0\xb2\xd1\x81\xd0\xb5 \xd0\xbe\xd1\x89\xd0\xb5 \xd0\xbd\xd0\xb5 \xd1\x80\xd0\xb0\xd0\xb1\xd0\xbe\xd1\x82\xd0\xb8 \xd0\xbf\xd1\x80\xd0\xb8 \xd0\xb8\xd0\xb7\xd0\xb2\xd0\xb5\xd0\xb6\xd0\xb4\xd0\xb0\xd0\xbd\xd0\xb5; \xd1\x80\xd0\xb0\xd0\xb1\xd0\xbe\xd1\x82\xd0\xb8 \xd0\xb2\xd1\x8a\xd1\x80\xd1\x85\xd1\x83 \xd0\xb8\xd0\xb7\xd1\x85\xd0\xbe\xd0\xb4\xd0\xb0 \xd0\xbd\xd0\xb0 DLSS (\xd0\x9c\xd0\xb0\xd1\x89\xd0\xb0\xd0\xb1\xd0\xb8\xd1\x80\xd0\xb0\xd0\xbd\xd0\xbe)."},
    {"In this Direct3D 11 game Present needs DX11Source=native in ReShade.ini; NR runs on the DLSS output (Upscaled).",
     "\xd0\x92 \xd1\x82\xd0\xb0\xd0\xb7\xd0\xb8 \xd0\xb8\xd0\xb3\xd1\x80\xd0\xb0 \xd1\x81 Direct3D 11 \xd0\x98\xd0\xb7\xd0\xb2\xd0\xb5\xd0\xb6\xd0\xb4\xd0\xb0\xd0\xbd\xd0\xb5 \xd0\xb8\xd0\xb7\xd0\xb8\xd1\x81\xd0\xba\xd0\xb2\xd0\xb0 DX11Source=native \xd0\xb2 ReShade.ini; NR \xd1\x80\xd0\xb0\xd0\xb1\xd0\xbe\xd1\x82\xd0\xb8 \xd0\xb2\xd1\x8a\xd1\x80\xd1\x85\xd1\x83 \xd0\xb8\xd0\xb7\xd1\x85\xd0\xbe\xd0\xb4\xd0\xb0 \xd0\xbd\xd0\xb0 DLSS (\xd0\x9c\xd0\xb0\xd1\x89\xd0\xb0\xd0\xb1\xd0\xb8\xd1\x80\xd0\xb0\xd0\xbd\xd0\xbe)."},
    {"Frame generation is on: each extra pass adds a full NR pass to every game frame and can push the game out of its frame generation budget (fewer generated frames, or a hang).",
     "\xd0\x93\xd0\xb5\xd0\xbd\xd0\xb5\xd1\x80\xd0\xb8\xd1\x80\xd0\xb0\xd0\xbd\xd0\xb5\xd1\x82\xd0\xbe \xd0\xbd\xd0\xb0 \xd0\xba\xd0\xb0\xd0\xb4\xd1\x80\xd0\xb8 \xd0\xb5 \xd0\xb2\xd0\xba\xd0\xbb\xd1\x8e\xd1\x87\xd0\xb5\xd0\xbd\xd0\xbe: \xd0\xb2\xd1\x81\xd1\x8f\xd0\xba\xd0\xbe \xd0\xb4\xd0\xbe\xd0\xbf\xd1\x8a\xd0\xbb\xd0\xbd\xd0\xb8\xd1\x82\xd0\xb5\xd0\xbb\xd0\xbd\xd0\xbe \xd0\xbf\xd1\x80\xd0\xb5\xd0\xbc\xd0\xb8\xd0\xbd\xd0\xb0\xd0\xb2\xd0\xb0\xd0\xbd\xd0\xb5 \xd0\xb4\xd0\xbe\xd0\xb1\xd0\xb0\xd0\xb2\xd1\x8f \xd0\xbf\xd1\x8a\xd0\xbb\xd0\xbd\xd0\xbe \xd0\xbf\xd1\x80\xd0\xb5\xd0\xbc\xd0\xb8\xd0\xbd\xd0\xb0\xd0\xb2\xd0\xb0\xd0\xbd\xd0\xb5 \xd0\xbd\xd0\xb0 NR \xd0\xba\xd1\x8a\xd0\xbc \xd0\xb2\xd1\x81\xd0\xb5\xd0\xba\xd0\xb8 \xd0\xba\xd0\xb0\xd0\xb4\xd1\x8a\xd1\x80 \xd0\xbd\xd0\xb0 \xd0\xb8\xd0\xb3\xd1\x80\xd0\xb0\xd1\x82\xd0\xb0 \xd0\xb8 \xd0\xbc\xd0\xbe\xd0\xb6\xd0\xb5 \xd0\xb4\xd0\xb0 \xd0\xb8\xd0\xb7\xd0\xb2\xd0\xb5\xd0\xb4\xd0\xb5 \xd0\xb8\xd0\xb3\xd1\x80\xd0\xb0\xd1\x82\xd0\xb0 \xd0\xb8\xd0\xb7\xd0\xb2\xd1\x8a\xd0\xbd \xd0\xb1\xd1\x8e\xd0\xb4\xd0\xb6\xd0\xb5\xd1\x82\xd0\xb0 \xd1\x9d \xd0\xb7\xd0\xb0 \xd0\xb3\xd0\xb5\xd0\xbd\xd0\xb5\xd1\x80\xd0\xb8\xd1\x80\xd0\xb0\xd0\xbd\xd0\xb5 \xd0\xbd\xd0\xb0 \xd0\xba\xd0\xb0\xd0\xb4\xd1\x80\xd0\xb8 (\xd0\xbf\xd0\xbe-\xd0\xbc\xd0\xb0\xd0\xbb\xd0\xba\xd0\xbe \xd0\xb3\xd0\xb5\xd0\xbd\xd0\xb5\xd1\x80\xd0\xb8\xd1\x80\xd0\xb0\xd0\xbd\xd0\xb8 \xd0\xba\xd0\xb0\xd0\xb4\xd1\x80\xd0\xb8 \xd0\xb8\xd0\xbb\xd0\xb8 \xd0\xb1\xd0\xbb\xd0\xbe\xd0\xba\xd0\xb8\xd1\x80\xd0\xb0\xd0\xbd\xd0\xb5)."},
    {"Details: the %s tab in ReShade's overlay.  %s turns Neural Rendering off.",
     "\xd0\x9f\xd0\xbe\xd0\xb4\xd1\x80\xd0\xbe\xd0\xb1\xd0\xbd\xd0\xbe\xd1\x81\xd1\x82\xd0\xb8: \xd1\x80\xd0\xb0\xd0\xb7\xd0\xb4\xd0\xb5\xd0\xbb %s \xd0\xb2 \xd0\xbe\xd0\xb2\xd0\xb5\xd1\x80\xd0\xbb\xd0\xb5\xd1\x8f \xd0\xbd\xd0\xb0 ReShade. %s \xd0\xb8\xd0\xb7\xd0\xba\xd0\xbb\xd1\x8e\xd1\x87\xd0\xb2\xd0\xb0 Neural Rendering."},
    {"and %u more",
     "\xd0\xb8 \xd0\xbe\xd1\x89\xd0\xb5 %u"},
    {"Details and fixes: the %s tab in ReShade's overlay.",
     "\xd0\x9f\xd0\xbe\xd0\xb4\xd1\x80\xd0\xbe\xd0\xb1\xd0\xbd\xd0\xbe\xd1\x81\xd1\x82\xd0\xb8 \xd0\xb8 \xd1\x80\xd0\xb5\xd1\x88\xd0\xb5\xd0\xbd\xd0\xb8\xd1\x8f: \xd1\x80\xd0\xb0\xd0\xb7\xd0\xb4\xd0\xb5\xd0\xbb %s \xd0\xb2 \xd0\xbe\xd0\xb2\xd0\xb5\xd1\x80\xd0\xbb\xd0\xb5\xd1\x8f \xd0\xbd\xd0\xb0 ReShade."},
    {"Issue notices",
     "\xd0\x98\xd0\xb7\xd0\xb2\xd0\xb5\xd1\x81\xd1\x82\xd0\xb8\xd1\x8f \xd0\xb7\xd0\xb0 \xd0\xbf\xd1\x80\xd0\xbe\xd0\xb1\xd0\xbb\xd0\xb5\xd0\xbc\xd0\xb8"},
    {"Shows a note in the game's corner for a few seconds when an issue starts, and again every five minutes while it lasts.  The issues under the status card are listed either way.",
     "\xd0\x9f\xd0\xbe\xd0\xba\xd0\xb0\xd0\xb7\xd0\xb2\xd0\xb0 \xd0\xb1\xd0\xb5\xd0\xbb\xd0\xb5\xd0\xb6\xd0\xba\xd0\xb0 \xd0\xb2 \xd1\x8a\xd0\xb3\xd1\x8a\xd0\xbb\xd0\xb0 \xd0\xbd\xd0\xb0 \xd0\xb8\xd0\xb3\xd1\x80\xd0\xb0\xd1\x82\xd0\xb0 \xd0\xb7\xd0\xb0 \xd0\xbd\xd1\x8f\xd0\xba\xd0\xbe\xd0\xbb\xd0\xba\xd0\xbe \xd1\x81\xd0\xb5\xd0\xba\xd1\x83\xd0\xbd\xd0\xb4\xd0\xb8, \xd0\xba\xd0\xbe\xd0\xb3\xd0\xb0\xd1\x82\xd0\xbe \xd0\xb2\xd1\x8a\xd0\xb7\xd0\xbd\xd0\xb8\xd0\xba\xd0\xbd\xd0\xb5 \xd0\xbf\xd1\x80\xd0\xbe\xd0\xb1\xd0\xbb\xd0\xb5\xd0\xbc, \xd0\xb8 \xd0\xbe\xd1\x82\xd0\xbd\xd0\xbe\xd0\xb2\xd0\xbe \xd0\xbd\xd0\xb0 \xd0\xb2\xd1\x81\xd0\xb5\xd0\xba\xd0\xb8 \xd0\xbf\xd0\xb5\xd1\x82 \xd0\xbc\xd0\xb8\xd0\xbd\xd1\x83\xd1\x82\xd0\xb8, \xd0\xb4\xd0\xbe\xd0\xba\xd0\xb0\xd1\x82\xd0\xbe \xd1\x82\xd1\x80\xd0\xb0\xd0\xb5. \xd0\x9f\xd1\x80\xd0\xbe\xd0\xb1\xd0\xbb\xd0\xb5\xd0\xbc\xd0\xb8\xd1\x82\xd0\xb5 \xd0\xbf\xd0\xbe\xd0\xb4 \xd0\xba\xd0\xb0\xd1\x80\xd1\x82\xd0\xb0\xd1\x82\xd0\xb0 \xd0\xbd\xd0\xb0 \xd1\x81\xd1\x8a\xd1\x81\xd1\x82\xd0\xbe\xd1\x8f\xd0\xbd\xd0\xb8\xd0\xb5\xd1\x82\xd0\xbe \xd1\x81\xd0\xb5 \xd0\xbf\xd0\xbe\xd0\xba\xd0\xb0\xd0\xb7\xd0\xb2\xd0\xb0\xd1\x82 \xd0\xb8 \xd0\xb2 \xd0\xb4\xd0\xb2\xd0\xb0\xd1\x82\xd0\xb0 \xd1\x81\xd0\xbb\xd1\x83\xd1\x87\xd0\xb0\xd1\x8f."},
    {"Welcome to DLSS 5 Neural Rendering",
     "\xd0\x94\xd0\xbe\xd0\xb1\xd1\x80\xd0\xb5 \xd0\xb4\xd0\xbe\xd1\x88\xd0\xbb\xd0\xb8 \xd0\xb2 DLSS 5 Neural Rendering"},
    {"Neural Rendering is NVIDIA's DLSS enhancer.  It works on the image the game's own DLSS makes, so DLSS or DLAA has to be on in the game's settings.",
     "Neural Rendering \xd0\xb5 \xd0\xbf\xd0\xbe\xd0\xb4\xd0\xbe\xd0\xb1\xd1\x80\xd0\xb8\xd1\x82\xd0\xb5\xd0\xbb\xd1\x8f\xd1\x82 \xd0\xbd\xd0\xb0 DLSS \xd0\xbe\xd1\x82 NVIDIA. \xd0\xa0\xd0\xb0\xd0\xb1\xd0\xbe\xd1\x82\xd0\xb8 \xd0\xb2\xd1\x8a\xd1\x80\xd1\x85\xd1\x83 \xd0\xb8\xd0\xb7\xd0\xbe\xd0\xb1\xd1\x80\xd0\xb0\xd0\xb6\xd0\xb5\xd0\xbd\xd0\xb8\xd0\xb5\xd1\x82\xd0\xbe, \xd0\xba\xd0\xbe\xd0\xb5\xd1\x82\xd0\xbe \xd1\x81\xd1\x8a\xd0\xb7\xd0\xb4\xd0\xb0\xd0\xb2\xd0\xb0 \xd1\x81\xd0\xbe\xd0\xb1\xd1\x81\xd1\x82\xd0\xb2\xd0\xb5\xd0\xbd\xd0\xb8\xd1\x8f\xd1\x82 DLSS \xd0\xbd\xd0\xb0 \xd0\xb8\xd0\xb3\xd1\x80\xd0\xb0\xd1\x82\xd0\xb0, \xd0\xb7\xd0\xb0\xd1\x82\xd0\xbe\xd0\xb2\xd0\xb0 DLSS \xd0\xb8\xd0\xbb\xd0\xb8 DLAA \xd1\x82\xd1\x80\xd1\x8f\xd0\xb1\xd0\xb2\xd0\xb0 \xd0\xb4\xd0\xb0 \xd0\xb5 \xd0\xb2\xd0\xba\xd0\xbb\xd1\x8e\xd1\x87\xd0\xb5\xd0\xbd \xd0\xb2 \xd0\xbd\xd0\xb0\xd1\x81\xd1\x82\xd1\x80\xd0\xbe\xd0\xb9\xd0\xba\xd0\xb8\xd1\x82\xd0\xb5 \xd0\xbd\xd0\xb0 \xd0\xb8\xd0\xb3\xd1\x80\xd0\xb0\xd1\x82\xd0\xb0."},
    {"Neural Rendering is NVIDIA's DLSS enhancer.  At the Present hook point it works on the finished frame the game shows, so DLSS is not required: with DLSS or DLAA on it uses the game's depth and motion, without it neutral ones.",
     "Neural Rendering \xd0\xb5 \xd0\xbf\xd0\xbe\xd0\xb4\xd0\xbe\xd0\xb1\xd1\x80\xd0\xb8\xd1\x82\xd0\xb5\xd0\xbb\xd1\x8f\xd1\x82 \xd0\xbd\xd0\xb0 DLSS \xd0\xbe\xd1\x82 NVIDIA. \xd0\x92 \xd1\x82\xd0\xbe\xd1\x87\xd0\xba\xd0\xb0\xd1\x82\xd0\xb0 \xd0\xbd\xd0\xb0 \xd0\xb2\xd0\xbc\xd1\x8a\xd0\xba\xd0\xb2\xd0\xb0\xd0\xbd\xd0\xb5 \xd0\x98\xd0\xb7\xd0\xb2\xd0\xb5\xd0\xb6\xd0\xb4\xd0\xb0\xd0\xbd\xd0\xb5 \xd1\x80\xd0\xb0\xd0\xb1\xd0\xbe\xd1\x82\xd0\xb8 \xd0\xb2\xd1\x8a\xd1\x80\xd1\x85\xd1\x83 \xd0\xba\xd1\x80\xd0\xb0\xd0\xb9\xd0\xbd\xd0\xb8\xd1\x8f \xd0\xba\xd0\xb0\xd0\xb4\xd1\x8a\xd1\x80, \xd0\xba\xd0\xbe\xd0\xb9\xd1\x82\xd0\xbe \xd0\xb8\xd0\xb3\xd1\x80\xd0\xb0\xd1\x82\xd0\xb0 \xd0\xbf\xd0\xbe\xd0\xba\xd0\xb0\xd0\xb7\xd0\xb2\xd0\xb0, \xd0\xb7\xd0\xb0\xd1\x82\xd0\xbe\xd0\xb2\xd0\xb0 DLSS \xd0\xbd\xd0\xb5 \xd0\xb5 \xd0\xbd\xd1\x83\xd0\xb6\xd0\xb5\xd0\xbd: \xd1\x81 DLSS \xd0\xb8\xd0\xbb\xd0\xb8 DLAA \xd0\xb8\xd0\xb7\xd0\xbf\xd0\xbe\xd0\xbb\xd0\xb7\xd0\xb2\xd0\xb0 \xd0\xb4\xd1\x8a\xd0\xbb\xd0\xb1\xd0\xbe\xd1\x87\xd0\xb8\xd0\xbd\xd0\xb0\xd1\x82\xd0\xb0 \xd0\xb8 \xd0\xb4\xd0\xb2\xd0\xb8\xd0\xb6\xd0\xb5\xd0\xbd\xd0\xb8\xd0\xb5\xd1\x82\xd0\xbe \xd0\xbd\xd0\xb0 \xd0\xb8\xd0\xb3\xd1\x80\xd0\xb0\xd1\x82\xd0\xb0, \xd0\xb1\xd0\xb5\xd0\xb7 \xd1\x82\xd1\x8f\xd1\x85 - \xd0\xbd\xd0\xb5\xd1\x83\xd1\x82\xd1\x80\xd0\xb0\xd0\xbb\xd0\xbd\xd0\xb8."},
    {"Neural Rendering is NVIDIA's DLSS enhancer.  At the Present hook point it works on the finished frame the game shows, and Depth and motion: Required needs DLSS or DLAA on in the game's settings.",
     "Neural Rendering \xd0\xb5 \xd0\xbf\xd0\xbe\xd0\xb4\xd0\xbe\xd0\xb1\xd1\x80\xd0\xb8\xd1\x82\xd0\xb5\xd0\xbb\xd1\x8f\xd1\x82 \xd0\xbd\xd0\xb0 DLSS \xd0\xbe\xd1\x82 NVIDIA. \xd0\x92 \xd1\x82\xd0\xbe\xd1\x87\xd0\xba\xd0\xb0\xd1\x82\xd0\xb0 \xd0\xbd\xd0\xb0 \xd0\xb2\xd0\xbc\xd1\x8a\xd0\xba\xd0\xb2\xd0\xb0\xd0\xbd\xd0\xb5 \xd0\x98\xd0\xb7\xd0\xb2\xd0\xb5\xd0\xb6\xd0\xb4\xd0\xb0\xd0\xbd\xd0\xb5 \xd1\x80\xd0\xb0\xd0\xb1\xd0\xbe\xd1\x82\xd0\xb8 \xd0\xb2\xd1\x8a\xd1\x80\xd1\x85\xd1\x83 \xd0\xba\xd1\x80\xd0\xb0\xd0\xb9\xd0\xbd\xd0\xb8\xd1\x8f \xd0\xba\xd0\xb0\xd0\xb4\xd1\x8a\xd1\x80, \xd0\xba\xd0\xbe\xd0\xb9\xd1\x82\xd0\xbe \xd0\xb8\xd0\xb3\xd1\x80\xd0\xb0\xd1\x82\xd0\xb0 \xd0\xbf\xd0\xbe\xd0\xba\xd0\xb0\xd0\xb7\xd0\xb2\xd0\xb0, \xd0\xb0 \xd0\x94\xd1\x8a\xd0\xbb\xd0\xb1\xd0\xbe\xd1\x87\xd0\xb8\xd0\xbd\xd0\xb0 \xd0\xb8 \xd0\xb4\xd0\xb2\xd0\xb8\xd0\xb6\xd0\xb5\xd0\xbd\xd0\xb8\xd0\xb5: \xd0\x97\xd0\xb0\xd0\xb4\xd1\x8a\xd0\xbb\xd0\xb6\xd0\xb8\xd1\x82\xd0\xb5\xd0\xbb\xd0\xbd\xd0\xbe \xd0\xb8\xd0\xb7\xd0\xb8\xd1\x81\xd0\xba\xd0\xb2\xd0\xb0 \xd0\xb2\xd0\xba\xd0\xbb\xd1\x8e\xd1\x87\xd0\xb5\xd0\xbd DLSS \xd0\xb8\xd0\xbb\xd0\xb8 DLAA \xd0\xb2 \xd0\xbd\xd0\xb0\xd1\x81\xd1\x82\xd1\x80\xd0\xbe\xd0\xb9\xd0\xba\xd0\xb8\xd1\x82\xd0\xb5 \xd0\xbd\xd0\xb0 \xd0\xb8\xd0\xb3\xd1\x80\xd0\xb0\xd1\x82\xd0\xb0."},
    {"Neural Rendering is NVIDIA's DLSS enhancer.  At the Present hook point with Depth and motion: Never it works on the finished frame the game shows with neutral depth and motion, so DLSS is not needed.",
     "Neural Rendering \xd0\xb5 \xd0\xbf\xd0\xbe\xd0\xb4\xd0\xbe\xd0\xb1\xd1\x80\xd0\xb8\xd1\x82\xd0\xb5\xd0\xbb\xd1\x8f\xd1\x82 \xd0\xbd\xd0\xb0 DLSS \xd0\xbe\xd1\x82 NVIDIA. \xd0\x92 \xd1\x82\xd0\xbe\xd1\x87\xd0\xba\xd0\xb0\xd1\x82\xd0\xb0 \xd0\xbd\xd0\xb0 \xd0\xb2\xd0\xbc\xd1\x8a\xd0\xba\xd0\xb2\xd0\xb0\xd0\xbd\xd0\xb5 \xd0\x98\xd0\xb7\xd0\xb2\xd0\xb5\xd0\xb6\xd0\xb4\xd0\xb0\xd0\xbd\xd0\xb5 \xd1\x81 \xd0\x94\xd1\x8a\xd0\xbb\xd0\xb1\xd0\xbe\xd1\x87\xd0\xb8\xd0\xbd\xd0\xb0 \xd0\xb8 \xd0\xb4\xd0\xb2\xd0\xb8\xd0\xb6\xd0\xb5\xd0\xbd\xd0\xb8\xd0\xb5: \xd0\x9d\xd0\xb8\xd0\xba\xd0\xbe\xd0\xb3\xd0\xb0 \xd1\x80\xd0\xb0\xd0\xb1\xd0\xbe\xd1\x82\xd0\xb8 \xd0\xb2\xd1\x8a\xd1\x80\xd1\x85\xd1\x83 \xd0\xba\xd1\x80\xd0\xb0\xd0\xb9\xd0\xbd\xd0\xb8\xd1\x8f \xd0\xba\xd0\xb0\xd0\xb4\xd1\x8a\xd1\x80, \xd0\xba\xd0\xbe\xd0\xb9\xd1\x82\xd0\xbe \xd0\xb8\xd0\xb3\xd1\x80\xd0\xb0\xd1\x82\xd0\xb0 \xd0\xbf\xd0\xbe\xd0\xba\xd0\xb0\xd0\xb7\xd0\xb2\xd0\xb0, \xd1\x81 \xd0\xbd\xd0\xb5\xd1\x83\xd1\x82\xd1\x80\xd0\xb0\xd0\xbb\xd0\xbd\xd0\xb8 \xd0\xb4\xd1\x8a\xd0\xbb\xd0\xb1\xd0\xbe\xd1\x87\xd0\xb8\xd0\xbd\xd0\xb0 \xd0\xb8 \xd0\xb4\xd0\xb2\xd0\xb8\xd0\xb6\xd0\xb5\xd0\xbd\xd0\xb8\xd0\xb5, \xd0\xb7\xd0\xb0\xd1\x82\xd0\xbe\xd0\xb2\xd0\xb0 DLSS \xd0\xbd\xd0\xb5 \xd0\xb5 \xd0\xbd\xd1\x83\xd0\xb6\xd0\xb5\xd0\xbd."},
    {"The card above says whether it is working.  When it is not, a note in the game's top-left corner says so, even with this overlay closed.",
     "\xd0\x9a\xd0\xb0\xd1\x80\xd1\x82\xd0\xb0\xd1\x82\xd0\xb0 \xd0\xbf\xd0\xbe-\xd0\xb3\xd0\xbe\xd1\x80\xd0\xb5 \xd0\xbf\xd0\xbe\xd0\xba\xd0\xb0\xd0\xb7\xd0\xb2\xd0\xb0 \xd0\xb4\xd0\xb0\xd0\xbb\xd0\xb8 \xd1\x80\xd0\xb0\xd0\xb1\xd0\xbe\xd1\x82\xd0\xb8. \xd0\x9a\xd0\xbe\xd0\xb3\xd0\xb0\xd1\x82\xd0\xbe \xd0\xbd\xd0\xb5 \xd1\x80\xd0\xb0\xd0\xb1\xd0\xbe\xd1\x82\xd0\xb8, \xd0\xb1\xd0\xb5\xd0\xbb\xd0\xb5\xd0\xb6\xd0\xba\xd0\xb0 \xd0\xb2 \xd0\xb3\xd0\xbe\xd1\x80\xd0\xbd\xd0\xb8\xd1\x8f \xd0\xbb\xd1\x8f\xd0\xb2 \xd1\x8a\xd0\xb3\xd1\x8a\xd0\xbb \xd0\xbd\xd0\xb0 \xd0\xb8\xd0\xb3\xd1\x80\xd0\xb0\xd1\x82\xd0\xb0 \xd0\xb3\xd0\xbe \xd1\x81\xd1\x8a\xd0\xbe\xd0\xb1\xd1\x89\xd0\xb0\xd0\xb2\xd0\xb0, \xd0\xb4\xd0\xbe\xd1\x80\xd0\xb8 \xd0\xbf\xd1\x80\xd0\xb8 \xd0\xb7\xd0\xb0\xd1\x82\xd0\xb2\xd0\xbe\xd1\x80\xd0\xb5\xd0\xbd \xd0\xbe\xd0\xb2\xd0\xb5\xd1\x80\xd0\xbb\xd0\xb5\xd0\xb9."},
    {"The switch below turns it on and off; in game, the key shown beside it does the same.",
     "\xd0\x9f\xd1\x80\xd0\xb5\xd0\xb2\xd0\xba\xd0\xbb\xd1\x8e\xd1\x87\xd0\xb2\xd0\xb0\xd1\x82\xd0\xb5\xd0\xbb\xd1\x8f\xd1\x82 \xd0\xbf\xd0\xbe-\xd0\xb4\xd0\xbe\xd0\xbb\xd1\x83 \xd0\xb3\xd0\xbe \xd0\xb2\xd0\xba\xd0\xbb\xd1\x8e\xd1\x87\xd0\xb2\xd0\xb0 \xd0\xb8 \xd0\xb8\xd0\xb7\xd0\xba\xd0\xbb\xd1\x8e\xd1\x87\xd0\xb2\xd0\xb0; \xd0\xb2 \xd0\xb8\xd0\xb3\xd1\x80\xd0\xb0\xd1\x82\xd0\xb0 \xd0\xba\xd0\xbb\xd0\xb0\xd0\xb2\xd0\xb8\xd1\x88\xd1\x8a\xd1\x82 \xd0\xb4\xd0\xbe \xd0\xbd\xd0\xb5\xd0\xb3\xd0\xbe \xd0\xbf\xd1\x80\xd0\xb0\xd0\xb2\xd0\xb8 \xd1\x81\xd1\x8a\xd1\x89\xd0\xbe\xd1\x82\xd0\xbe."},
    {"Strength and the Look section shape the image; a row you changed gets a reset arrow.",
     "\xc2\xab\xd0\xa1\xd0\xb8\xd0\xbb\xd0\xb0\xc2\xbb \xd0\xb8 \xd1\x80\xd0\xb0\xd0\xb7\xd0\xb4\xd0\xb5\xd0\xbb \xc2\xab\xd0\x92\xd0\xb8\xd0\xb7\xd0\xb8\xd1\x8f\xc2\xbb \xd0\xbe\xd1\x84\xd0\xbe\xd1\x80\xd0\xbc\xd1\x8f\xd1\x82 \xd0\xb8\xd0\xb7\xd0\xbe\xd0\xb1\xd1\x80\xd0\xb0\xd0\xb6\xd0\xb5\xd0\xbd\xd0\xb8\xd0\xb5\xd1\x82\xd0\xbe; \xd1\x80\xd0\xb5\xd0\xb4, \xd0\xba\xd0\xbe\xd0\xb9\xd1\x82\xd0\xbe \xd1\x81\xd1\x82\xd0\xb5 \xd0\xbf\xd1\x80\xd0\xbe\xd0\xbc\xd0\xb5\xd0\xbd\xd0\xb8\xd0\xbb\xd0\xb8, \xd0\xbf\xd0\xbe\xd0\xbb\xd1\x83\xd1\x87\xd0\xb0\xd0\xb2\xd0\xb0 \xd1\x81\xd1\x82\xd1\x80\xd0\xb5\xd0\xbb\xd0\xba\xd0\xb0 \xd0\xb7\xd0\xb0 \xd0\xbd\xd1\x83\xd0\xbb\xd0\xb8\xd1\x80\xd0\xb0\xd0\xbd\xd0\xb5."},
    {"DX11 game - NR waits for a D3D12 tool",
     "DX11 \xd0\xb8\xd0\xb3\xd1\x80\xd0\xb0 - NR \xd1\x87\xd0\xb0\xd0\xba\xd0\xb0 D3D12 \xd0\xb8\xd0\xbd\xd1\x81\xd1\x82\xd1\x80\xd1\x83\xd0\xbc\xd0\xb5\xd0\xbd\xd1\x82"},
    {"This session serves only a third-party tool's Direct3D 12 DLSS (DX11Source=foreign, or another project's Direct3D 11 bridge add-on is loaded), and none has run. Nothing is wrong.",
     "\xd0\xa2\xd0\xb0\xd0\xb7\xd0\xb8 \xd1\x81\xd0\xb5\xd1\x81\xd0\xb8\xd1\x8f \xd0\xbe\xd0\xb1\xd1\x81\xd0\xbb\xd1\x83\xd0\xb6\xd0\xb2\xd0\xb0 \xd1\x81\xd0\xb0\xd0\xbc\xd0\xbe Direct3D 12 DLSS \xd0\xbd\xd0\xb0 \xd0\xb8\xd0\xbd\xd1\x81\xd1\x82\xd1\x80\xd1\x83\xd0\xbc\xd0\xb5\xd0\xbd\xd1\x82 \xd0\xbe\xd1\x82 \xd1\x82\xd1\x80\xd0\xb5\xd1\x82\xd0\xb0 \xd1\x81\xd1\x82\xd1\x80\xd0\xb0\xd0\xbd\xd0\xb0 (DX11Source=foreign \xd0\xb8\xd0\xbb\xd0\xb8 \xd0\xb5 \xd0\xb7\xd0\xb0\xd1\x80\xd0\xb5\xd0\xb4\xd0\xb5\xd0\xbd Direct3D 11 \xd0\xbc\xd0\xbe\xd1\x81\xd1\x82 \xd0\xbe\xd1\x82 \xd0\xb4\xd1\x80\xd1\x83\xd0\xb3 \xd0\xbf\xd1\x80\xd0\xbe\xd0\xb5\xd0\xba\xd1\x82) \xd0\xb8 \xd1\x82\xd0\xb0\xd0\xba\xd1\x8a\xd0\xb2 \xd0\xb2\xd1\x81\xd0\xb5 \xd0\xbe\xd1\x89\xd0\xb5 \xd0\xbd\xd0\xb5 \xd0\xb5 \xd1\x80\xd0\xb0\xd0\xb1\xd0\xbe\xd1\x82\xd0\xb8\xd0\xbb. \xd0\x92\xd1\x81\xd0\xb8\xd1\x87\xd0\xba\xd0\xbe \xd0\xb5 \xd0\xbd\xd0\xb0\xd1\x80\xd0\xb5\xd0\xb4."},
    {"To serve the game's own DLSS, set DX11Source=native in [RenoDX.DLSS5] in ReShade.ini and restart the game.",
     "\xd0\x97\xd0\xb0 \xd0\xb4\xd0\xb0 \xd0\xbe\xd0\xb1\xd1\x81\xd0\xbb\xd1\x83\xd0\xb6\xd0\xb2\xd0\xb0 \xd1\x81\xd0\xbe\xd0\xb1\xd1\x81\xd1\x82\xd0\xb2\xd0\xb5\xd0\xbd\xd0\xb8\xd1\x8f DLSS \xd0\xbd\xd0\xb0 \xd0\xb8\xd0\xb3\xd1\x80\xd0\xb0\xd1\x82\xd0\xb0, \xd0\xb7\xd0\xb0\xd0\xb4\xd0\xb0\xd0\xb9\xd1\x82\xd0\xb5 DX11Source=native \xd0\xb2 [RenoDX.DLSS5] \xd0\xb2 ReShade.ini \xd0\xb8 \xd1\x80\xd0\xb5\xd1\x81\xd1\x82\xd0\xb0\xd1\x80\xd1\x82\xd0\xb8\xd1\x80\xd0\xb0\xd0\xb9\xd1\x82\xd0\xb5 \xd0\xb8\xd0\xb3\xd1\x80\xd0\xb0\xd1\x82\xd0\xb0."},
    {"NR runtime does not support this GPU",
     "\xd0\xa1\xd1\x80\xd0\xb5\xd0\xb4\xd0\xb0\xd1\x82\xd0\xb0 \xd0\xb7\xd0\xb0 \xd0\xb8\xd0\xb7\xd0\xbf\xd1\x8a\xd0\xbb\xd0\xbd\xd0\xb5\xd0\xbd\xd0\xb8\xd0\xb5 \xd0\xbd\xd0\xb0 NR \xd0\xbd\xd0\xb5 \xd0\xbf\xd0\xbe\xd0\xb4\xd0\xb4\xd1\x8a\xd1\x80\xd0\xb6\xd0\xb0 \xd1\x82\xd0\xbe\xd0\xb7\xd0\xb8 GPU"},
    {"This nvngx_dlssnr.dll is built for GeForce RTX 50-series (Blackwell) GPUs, and this GPU is an earlier generation. A driver update cannot change that.",
     "\xd0\xa2\xd0\xbe\xd0\xb7\xd0\xb8 nvngx_dlssnr.dll \xd0\xb5 \xd1\x81\xd1\x8a\xd0\xb7\xd0\xb4\xd0\xb0\xd0\xb4\xd0\xb5\xd0\xbd \xd0\xb7\xd0\xb0 GPU \xd0\xbe\xd1\x82 \xd1\x81\xd0\xb5\xd1\x80\xd0\xb8\xd1\x8f\xd1\x82\xd0\xb0 GeForce RTX 50 (Blackwell), \xd0\xb0 \xd1\x82\xd0\xbe\xd0\xb7\xd0\xb8 GPU \xd0\xb5 \xd0\xbe\xd1\x82 \xd0\xbf\xd0\xbe-\xd1\x81\xd1\x82\xd0\xb0\xd1\x80\xd0\xbe \xd0\xbf\xd0\xbe\xd0\xba\xd0\xbe\xd0\xbb\xd0\xb5\xd0\xbd\xd0\xb8\xd0\xb5. \xd0\x9e\xd0\xb1\xd0\xbd\xd0\xbe\xd0\xb2\xd1\x8f\xd0\xb2\xd0\xb0\xd0\xbd\xd0\xb5 \xd0\xbd\xd0\xb0 \xd0\xb4\xd1\x80\xd0\xb0\xd0\xb9\xd0\xb2\xd0\xb5\xd1\x80\xd0\xb0 \xd0\xbd\xd0\xb5 \xd0\xbc\xd0\xbe\xd0\xb6\xd0\xb5 \xd0\xb4\xd0\xb0 \xd0\xbf\xd1\x80\xd0\xbe\xd0\xbc\xd0\xb5\xd0\xbd\xd0\xb8 \xd1\x82\xd0\xbe\xd0\xb2\xd0\xb0."},
    {"Use an nvngx_dlssnr.dll build that supports this GPU, then restart the game.",
     "\xd0\x98\xd0\xb7\xd0\xbf\xd0\xbe\xd0\xbb\xd0\xb7\xd0\xb2\xd0\xb0\xd0\xb9\xd1\x82\xd0\xb5 \xd0\xb2\xd0\xb5\xd1\x80\xd1\x81\xd0\xb8\xd1\x8f \xd0\xbd\xd0\xb0 nvngx_dlssnr.dll, \xd0\xba\xd0\xbe\xd1\x8f\xd1\x82\xd0\xbe \xd0\xbf\xd0\xbe\xd0\xb4\xd0\xb4\xd1\x8a\xd1\x80\xd0\xb6\xd0\xb0 \xd1\x82\xd0\xbe\xd0\xb7\xd0\xb8 GPU, \xd0\xbf\xd0\xbe\xd1\x81\xd0\xbb\xd0\xb5 \xd1\x80\xd0\xb5\xd1\x81\xd1\x82\xd0\xb0\xd1\x80\xd1\x82\xd0\xb8\xd1\x80\xd0\xb0\xd0\xb9\xd1\x82\xd0\xb5 \xd0\xb8\xd0\xb3\xd1\x80\xd0\xb0\xd1\x82\xd0\xb0."},
    {"NR can't read this game's DLSS surfaces",
     "NR \xd0\xbd\xd0\xb5 \xd0\xbc\xd0\xbe\xd0\xb6\xd0\xb5 \xd0\xb4\xd0\xb0 \xd1\x87\xd0\xb5\xd1\x82\xd0\xb5 DLSS \xd0\xbf\xd0\xbe\xd0\xb2\xd1\x8a\xd1\x80\xd1\x85\xd0\xbd\xd0\xbe\xd1\x81\xd1\x82\xd0\xb8\xd1\x82\xd0\xb5 \xd0\xbd\xd0\xb0 \xd0\xb8\xd0\xb3\xd1\x80\xd0\xb0\xd1\x82\xd0\xb0"},
    {"The game's DLSS output uses a format or multisampling that the Direct3D 11 bridge cannot share with Direct3D 12, so every frame keeps the game's own DLSS image.",
     "DLSS \xd0\xb8\xd0\xb7\xd1\x85\xd0\xbe\xd0\xb4\xd1\x8a\xd1\x82 \xd0\xbd\xd0\xb0 \xd0\xb8\xd0\xb3\xd1\x80\xd0\xb0\xd1\x82\xd0\xb0 \xd0\xb8\xd0\xb7\xd0\xbf\xd0\xbe\xd0\xbb\xd0\xb7\xd0\xb2\xd0\xb0 \xd1\x84\xd0\xbe\xd1\x80\xd0\xbc\xd0\xb0\xd1\x82 \xd0\xb8\xd0\xbb\xd0\xb8 \xd0\xbc\xd1\x83\xd0\xbb\xd1\x82\xd0\xb8\xd1\x81\xd0\xb5\xd0\xbc\xd0\xbf\xd0\xbb\xd0\xb8\xd0\xbd\xd0\xb3, \xd0\xba\xd0\xbe\xd0\xb8\xd1\x82\xd0\xbe Direct3D 11 \xd0\xbc\xd0\xbe\xd1\x81\xd1\x82\xd1\x8a\xd1\x82 \xd0\xbd\xd0\xb5 \xd0\xbc\xd0\xbe\xd0\xb6\xd0\xb5 \xd0\xb4\xd0\xb0 \xd1\x81\xd0\xbf\xd0\xbe\xd0\xb4\xd0\xb5\xd0\xbb\xd0\xb8 \xd1\x81 Direct3D 12, \xd0\xb7\xd0\xb0\xd1\x82\xd0\xbe\xd0\xb2\xd0\xb0 \xd0\xb2\xd1\x81\xd0\xb5\xd0\xba\xd0\xb8 \xd0\xba\xd0\xb0\xd0\xb4\xd1\x8a\xd1\x80 \xd0\xb7\xd0\xb0\xd0\xbf\xd0\xb0\xd0\xb7\xd0\xb2\xd0\xb0 \xd1\x81\xd0\xbe\xd0\xb1\xd1\x81\xd1\x82\xd0\xb2\xd0\xb5\xd0\xbd\xd0\xbe\xd1\x82\xd0\xbe DLSS \xd0\xb8\xd0\xb7\xd0\xbe\xd0\xb1\xd1\x80\xd0\xb0\xd0\xb6\xd0\xb5\xd0\xbd\xd0\xb8\xd0\xb5 \xd0\xbd\xd0\xb0 \xd0\xb8\xd0\xb3\xd1\x80\xd0\xb0\xd1\x82\xd0\xb0."},
    {"Copy the support report under Diagnostics and share it with ReShade.log; it names the surface format.",
     "\xd0\x9a\xd0\xbe\xd0\xbf\xd0\xb8\xd1\x80\xd0\xb0\xd0\xb9\xd1\x82\xd0\xb5 \xd0\xbe\xd1\x82\xd1\x87\xd0\xb5\xd1\x82\xd0\xb0 \xd0\xb7\xd0\xb0 \xd0\xbf\xd0\xbe\xd0\xb4\xd0\xb4\xd1\x80\xd1\x8a\xd0\xb6\xd0\xba\xd0\xb0 \xd0\xbe\xd1\x82 \xc2\xab\xd0\x94\xd0\xb8\xd0\xb0\xd0\xb3\xd0\xbd\xd0\xbe\xd1\x81\xd1\x82\xd0\xb8\xd0\xba\xd0\xb0\xc2\xbb \xd0\xb8 \xd0\xb3\xd0\xbe \xd1\x81\xd0\xbf\xd0\xbe\xd0\xb4\xd0\xb5\xd0\xbb\xd0\xb5\xd1\x82\xd0\xb5 \xd1\x81 ReShade.log; \xd0\xb2 \xd0\xbd\xd0\xb5\xd0\xb3\xd0\xbe \xd0\xb5 \xd0\xbf\xd0\xbe\xd1\x81\xd0\xbe\xd1\x87\xd0\xb5\xd0\xbd \xd1\x84\xd0\xbe\xd1\x80\xd0\xbc\xd0\xb0\xd1\x82\xd1\x8a\xd1\x82 \xd0\xbd\xd0\xb0 \xd0\xbf\xd0\xbe\xd0\xb2\xd1\x8a\xd1\x80\xd1\x85\xd0\xbd\xd0\xbe\xd1\x81\xd1\x82\xd1\x82\xd0\xb0."},
    {"NR's Direct3D 11 bridge stopped",
     "Direct3D 11 \xd0\xbc\xd0\xbe\xd1\x81\xd1\x82\xd1\x8a\xd1\x82 \xd0\xbd\xd0\xb0 NR \xd1\x81\xd0\xbf\xd1\x80\xd1\x8f"},
    {"The private Direct3D 12 device NR runs on beside this game stalled or was removed, so NR stepped aside and the game keeps its own DLSS image.",
     "\xd0\x9e\xd1\x82\xd0\xb4\xd0\xb5\xd0\xbb\xd0\xbd\xd0\xbe\xd1\x82\xd0\xbe Direct3D 12 \xd1\x83\xd1\x81\xd1\x82\xd1\x80\xd0\xbe\xd0\xb9\xd1\x81\xd1\x82\xd0\xb2\xd0\xbe, \xd0\xbd\xd0\xb0 \xd0\xba\xd0\xbe\xd0\xb5\xd1\x82\xd0\xbe NR \xd1\x80\xd0\xb0\xd0\xb1\xd0\xbe\xd1\x82\xd0\xb8 \xd0\xb4\xd0\xbe \xd1\x82\xd0\xb0\xd0\xb7\xd0\xb8 \xd0\xb8\xd0\xb3\xd1\x80\xd0\xb0, \xd0\xb1\xd0\xbb\xd0\xbe\xd0\xba\xd0\xb8\xd1\x80\xd0\xb0 \xd0\xb8\xd0\xbb\xd0\xb8 \xd0\xb1\xd0\xb5\xd1\x88\xd0\xb5 \xd0\xbf\xd1\x80\xd0\xb5\xd0\xbc\xd0\xb0\xd1\x85\xd0\xbd\xd0\xb0\xd1\x82\xd0\xbe, \xd0\xb7\xd0\xb0\xd1\x82\xd0\xbe\xd0\xb2\xd0\xb0 NR \xd1\x81\xd0\xb5 \xd0\xbe\xd1\x82\xd1\x82\xd0\xb5\xd0\xb3\xd0\xbb\xd0\xb8 \xd0\xb8 \xd0\xb8\xd0\xb3\xd1\x80\xd0\xb0\xd1\x82\xd0\xb0 \xd0\xb7\xd0\xb0\xd0\xbf\xd0\xb0\xd0\xb7\xd0\xb2\xd0\xb0 \xd1\x81\xd0\xbe\xd0\xb1\xd1\x81\xd1\x82\xd0\xb2\xd0\xb5\xd0\xbd\xd0\xbe\xd1\x82\xd0\xbe \xd1\x81\xd0\xb8 DLSS \xd0\xb8\xd0\xb7\xd0\xbe\xd0\xb1\xd1\x80\xd0\xb0\xd0\xb6\xd0\xb5\xd0\xbd\xd0\xb8\xd0\xb5."},
    {"Restart the game.",
     "\xd0\xa0\xd0\xb5\xd1\x81\xd1\x82\xd0\xb0\xd1\x80\xd1\x82\xd0\xb8\xd1\x80\xd0\xb0\xd0\xb9\xd1\x82\xd0\xb5 \xd0\xb8\xd0\xb3\xd1\x80\xd0\xb0\xd1\x82\xd0\xb0."},
    {"If it happens again, update the NVIDIA driver and share ReShade.log.",
     "\xd0\x90\xd0\xba\xd0\xbe \xd1\x81\xd0\xb5 \xd1\x81\xd0\xbb\xd1\x83\xd1\x87\xd0\xb8 \xd0\xbe\xd1\x82\xd0\xbd\xd0\xbe\xd0\xb2\xd0\xbe, \xd0\xbe\xd0\xb1\xd0\xbd\xd0\xbe\xd0\xb2\xd0\xb5\xd1\x82\xd0\xb5 \xd0\xb4\xd1\x80\xd0\xb0\xd0\xb9\xd0\xb2\xd0\xb5\xd1\x80\xd0\xb0 \xd0\xbd\xd0\xb0 NVIDIA \xd0\xb8 \xd1\x81\xd0\xbf\xd0\xbe\xd0\xb4\xd0\xb5\xd0\xbb\xd0\xb5\xd1\x82\xd0\xb5 ReShade.log."},
    {"NR could not start the Direct3D 11 bridge",
     "NR \xd0\xbd\xd0\xb5 \xd0\xbc\xd0\xbe\xd0\xb6\xd0\xb0 \xd0\xb4\xd0\xb0 \xd1\x81\xd1\x82\xd0\xb0\xd1\x80\xd1\x82\xd0\xb8\xd1\x80\xd0\xb0 Direct3D 11 \xd0\xbc\xd0\xbe\xd1\x81\xd1\x82\xd0\xb0"},
    {"Neural Rendering runs on a private Direct3D 12 device beside this Direct3D 11 game, and that device did not start.",
     "Neural Rendering \xd1\x80\xd0\xb0\xd0\xb1\xd0\xbe\xd1\x82\xd0\xb8 \xd0\xbd\xd0\xb0 \xd0\xbe\xd1\x82\xd0\xb4\xd0\xb5\xd0\xbb\xd0\xbd\xd0\xbe Direct3D 12 \xd1\x83\xd1\x81\xd1\x82\xd1\x80\xd0\xbe\xd0\xb9\xd1\x81\xd1\x82\xd0\xb2\xd0\xbe \xd0\xb4\xd0\xbe \xd1\x82\xd0\xb0\xd0\xb7\xd0\xb8 Direct3D 11 \xd0\xb8\xd0\xb3\xd1\x80\xd0\xb0 \xd0\xb8 \xd1\x82\xd0\xbe\xd0\xb2\xd0\xb0 \xd1\x83\xd1\x81\xd1\x82\xd1\x80\xd0\xbe\xd0\xb9\xd1\x81\xd1\x82\xd0\xb2\xd0\xbe \xd0\xbd\xd0\xb5 \xd1\x81\xd1\x82\xd0\xb0\xd1\x80\xd1\x82\xd0\xb8\xd1\x80\xd0\xb0."},
    {"Update the NVIDIA driver and restart the game.",
     "\xd0\x9e\xd0\xb1\xd0\xbd\xd0\xbe\xd0\xb2\xd0\xb5\xd1\x82\xd0\xb5 \xd0\xb4\xd1\x80\xd0\xb0\xd0\xb9\xd0\xb2\xd0\xb5\xd1\x80\xd0\xb0 \xd0\xbd\xd0\xb0 NVIDIA \xd0\xb8 \xd1\x80\xd0\xb5\xd1\x81\xd1\x82\xd0\xb0\xd1\x80\xd1\x82\xd0\xb8\xd1\x80\xd0\xb0\xd0\xb9\xd1\x82\xd0\xb5 \xd0\xb8\xd0\xb3\xd1\x80\xd0\xb0\xd1\x82\xd0\xb0."},
    {"ReShade.log names the failing step ('D3D11 bridge could not start').",
     "ReShade.log \xd0\xbf\xd0\xbe\xd1\x81\xd0\xbe\xd1\x87\xd0\xb2\xd0\xb0 \xd0\xbd\xd0\xb5\xd1\x83\xd1\x81\xd0\xbf\xd0\xb5\xd1\x88\xd0\xbd\xd0\xb0\xd1\x82\xd0\xb0 \xd1\x81\xd1\x82\xd1\x8a\xd0\xbf\xd0\xba\xd0\xb0 ('D3D11 bridge could not start')."},
    {"NR is idle - DLSS has not started",
     "NR \xd0\xb1\xd0\xb5\xd0\xb7\xd0\xb4\xd0\xb5\xd0\xb9\xd1\x81\xd1\x82\xd0\xb2\xd0\xb0 - DLSS \xd0\xbd\xd0\xb5 \xd0\xb5 \xd1\x81\xd1\x82\xd0\xb0\xd1\x80\xd1\x82\xd0\xb8\xd1\x80\xd0\xb0\xd0\xbb"},
    {"NVIDIA's DLSS is loaded, but the game has not started DLSS upscaling.",
     "DLSS \xd0\xbd\xd0\xb0 NVIDIA \xd0\xb5 \xd0\xb7\xd0\xb0\xd1\x80\xd0\xb5\xd0\xb4\xd0\xb5\xd0\xbd, \xd0\xbd\xd0\xbe \xd0\xb8\xd0\xb3\xd1\x80\xd0\xb0\xd1\x82\xd0\xb0 \xd0\xbd\xd0\xb5 \xd0\xb5 \xd1\x81\xd1\x82\xd0\xb0\xd1\x80\xd1\x82\xd0\xb8\xd1\x80\xd0\xb0\xd0\xbb\xd0\xb0 DLSS \xd0\xbc\xd0\xb0\xd1\x89\xd0\xb0\xd0\xb1\xd0\xb8\xd1\x80\xd0\xb0\xd0\xbd\xd0\xb5\xd1\x82\xd0\xbe."},
    {"Turn on DLSS or DLAA in the game's graphics settings.",
     "\xd0\x92\xd0\xba\xd0\xbb\xd1\x8e\xd1\x87\xd0\xb5\xd1\x82\xd0\xb5 DLSS \xd0\xb8\xd0\xbb\xd0\xb8 DLAA \xd0\xb2 \xd0\xb3\xd1\x80\xd0\xb0\xd1\x84\xd0\xb8\xd1\x87\xd0\xbd\xd0\xb8\xd1\x82\xd0\xb5 \xd0\xbd\xd0\xb0\xd1\x81\xd1\x82\xd1\x80\xd0\xbe\xd0\xb9\xd0\xba\xd0\xb8 \xd0\xbd\xd0\xb0 \xd0\xb8\xd0\xb3\xd1\x80\xd0\xb0\xd1\x82\xd0\xb0."},
    {"If DLSS is already on, set EnableHooks=1 in [RenoDX.DLSS5] in ReShade.ini and restart the game.",
     "\xd0\x90\xd0\xba\xd0\xbe DLSS \xd0\xb2\xd0\xb5\xd1\x87\xd0\xb5 \xd0\xb5 \xd0\xb2\xd0\xba\xd0\xbb\xd1\x8e\xd1\x87\xd0\xb5\xd0\xbd, \xd0\xb7\xd0\xb0\xd0\xb4\xd0\xb0\xd0\xb9\xd1\x82\xd0\xb5 EnableHooks=1 \xd0\xb2 [RenoDX.DLSS5] \xd0\xb2 ReShade.ini \xd0\xb8 \xd1\x80\xd0\xb5\xd1\x81\xd1\x82\xd0\xb0\xd1\x80\xd1\x82\xd0\xb8\xd1\x80\xd0\xb0\xd0\xb9\xd1\x82\xd0\xb5 \xd0\xb8\xd0\xb3\xd1\x80\xd0\xb0\xd1\x82\xd0\xb0."},
    {"NR is idle - DLSS is set up but not running",
     "NR \xd0\xb1\xd0\xb5\xd0\xb7\xd0\xb4\xd0\xb5\xd0\xb9\xd1\x81\xd1\x82\xd0\xb2\xd0\xb0 - DLSS \xd0\xb5 \xd0\xbd\xd0\xb0\xd1\x81\xd1\x82\xd1\x80\xd0\xbe\xd0\xb5\xd0\xbd, \xd0\xbd\xd0\xbe \xd0\xbd\xd0\xb5 \xd1\x80\xd0\xb0\xd0\xb1\xd0\xbe\xd1\x82\xd0\xb8"},
    {"The game created its DLSS upscaler but has not run it yet.",
     "\xd0\x98\xd0\xb3\xd1\x80\xd0\xb0\xd1\x82\xd0\xb0 \xd1\x81\xd1\x8a\xd0\xb7\xd0\xb4\xd0\xb0\xd0\xb4\xd0\xb5 \xd1\x81\xd0\xb2\xd0\xbe\xd1\x8f DLSS \xd0\xbc\xd0\xb0\xd1\x89\xd0\xb0\xd0\xb1\xd0\xb8\xd1\x80\xd0\xb0\xd1\x89 \xd0\xbc\xd0\xbe\xd0\xb4\xd1\x83\xd0\xbb, \xd0\xbd\xd0\xbe \xd0\xbe\xd1\x89\xd0\xb5 \xd0\xbd\xd0\xb5 \xd0\xb3\xd0\xbe \xd0\xb5 \xd0\xbf\xd1\x83\xd1\x81\xd0\xbd\xd0\xb0\xd0\xbb\xd0\xb0."},
    {"Load into gameplay with DLSS on; this card turns green when NR runs.",
     "\xd0\x92\xd0\xbb\xd0\xb5\xd0\xb7\xd1\x82\xd0\xb5 \xd0\xb2 \xd0\xb8\xd0\xb3\xd1\x80\xd0\xb0 \xd1\x81 \xd0\xb2\xd0\xba\xd0\xbb\xd1\x8e\xd1\x87\xd0\xb5\xd0\xbd DLSS; \xd0\xba\xd0\xb0\xd1\x80\xd1\x82\xd0\xb0\xd1\x82\xd0\xb0 \xd1\x81\xd1\x82\xd0\xb0\xd0\xb2\xd0\xb0 \xd0\xb7\xd0\xb5\xd0\xbb\xd0\xb5\xd0\xbd\xd0\xb0, \xd0\xba\xd0\xbe\xd0\xb3\xd0\xb0\xd1\x82\xd0\xbe NR \xd1\x80\xd0\xb0\xd0\xb1\xd0\xbe\xd1\x82\xd0\xb8."},
    {"NR can't reach this game's DLSS",
     "NR \xd0\xbd\xd1\x8f\xd0\xbc\xd0\xb0 \xd0\xb4\xd0\xbe\xd1\x81\xd1\x82\xd1\x8a\xd0\xbf \xd0\xb4\xd0\xbe DLSS \xd0\xbd\xd0\xb0 \xd1\x82\xd0\xb0\xd0\xb7\xd0\xb8 \xd0\xb8\xd0\xb3\xd1\x80\xd0\xb0"},
    {"DLSS is running, but every call so far belonged to another DLSS feature or came through a path the addon cannot see.",
     "DLSS \xd1\x80\xd0\xb0\xd0\xb1\xd0\xbe\xd1\x82\xd0\xb8, \xd0\xbd\xd0\xbe \xd0\xb2\xd1\x81\xd0\xb8\xd1\x87\xd0\xba\xd0\xb8 \xd0\xb8\xd0\xb7\xd0\xb2\xd0\xb8\xd0\xba\xd0\xb2\xd0\xb0\xd0\xbd\xd0\xb8\xd1\x8f \xd0\xb4\xd0\xbe\xd1\x81\xd0\xb5\xd0\xb3\xd0\xb0 \xd1\x81\xd0\xb0 \xd0\xb1\xd0\xb8\xd0\xbb\xd0\xb8 \xd0\xb7\xd0\xb0 \xd0\xb4\xd1\x80\xd1\x83\xd0\xb3\xd0\xb0 DLSS \xd1\x84\xd1\x83\xd0\xbd\xd0\xba\xd1\x86\xd0\xb8\xd1\x8f \xd0\xb8\xd0\xbb\xd0\xb8 \xd1\x81\xd0\xb0 \xd0\xbc\xd0\xb8\xd0\xbd\xd0\xb0\xd0\xbb\xd0\xb8 \xd0\xbf\xd0\xbe \xd0\xbf\xd1\x8a\xd1\x82, \xd0\xba\xd0\xbe\xd0\xb9\xd1\x82\xd0\xbe \xd0\xb4\xd0\xbe\xd0\xb1\xd0\xb0\xd0\xb2\xd0\xba\xd0\xb0\xd1\x82\xd0\xb0 \xd0\xbd\xd0\xb5 \xd0\xb2\xd0\xb8\xd0\xb6\xd0\xb4\xd0\xb0."},
    {"If the game uses NVIDIA Streamline, set EnableHooks=1 in [RenoDX.DLSS5] in ReShade.ini and restart the game.",
     "\xd0\x90\xd0\xba\xd0\xbe \xd0\xb8\xd0\xb3\xd1\x80\xd0\xb0\xd1\x82\xd0\xb0 \xd0\xb8\xd0\xb7\xd0\xbf\xd0\xbe\xd0\xbb\xd0\xb7\xd0\xb2\xd0\xb0 NVIDIA Streamline, \xd0\xb7\xd0\xb0\xd0\xb4\xd0\xb0\xd0\xb9\xd1\x82\xd0\xb5 EnableHooks=1 \xd0\xb2 [RenoDX.DLSS5] \xd0\xb2 ReShade.ini \xd0\xb8 \xd1\x80\xd0\xb5\xd1\x81\xd1\x82\xd0\xb0\xd1\x80\xd1\x82\xd0\xb8\xd1\x80\xd0\xb0\xd0\xb9\xd1\x82\xd0\xb5 \xd0\xb8\xd0\xb3\xd1\x80\xd0\xb0\xd1\x82\xd0\xb0."},
    {"NR could not attach safely",
     "NR \xd0\xbd\xd0\xb5 \xd0\xbc\xd0\xbe\xd0\xb6\xd0\xb0 \xd0\xb4\xd0\xb0 \xd1\x81\xd0\xb5 \xd0\xb7\xd0\xb0\xd0\xba\xd0\xb0\xd1\x87\xd0\xb8 \xd0\xb1\xd0\xb5\xd0\xb7\xd0\xbe\xd0\xbf\xd0\xb0\xd1\x81\xd0\xbd\xd0\xbe"},
    {"The addon could not find the Direct3D 12 functions it needs to keep the game's state intact, so NR stays off rather than risk the image.",
     "\xd0\x94\xd0\xbe\xd0\xb1\xd0\xb0\xd0\xb2\xd0\xba\xd0\xb0\xd1\x82\xd0\xb0 \xd0\xbd\xd0\xb5 \xd0\xbe\xd1\x82\xd0\xba\xd1\x80\xd0\xb8 Direct3D 12 \xd1\x84\xd1\x83\xd0\xbd\xd0\xba\xd1\x86\xd0\xb8\xd0\xb8\xd1\x82\xd0\xb5, \xd0\xbd\xd1\x83\xd0\xb6\xd0\xbd\xd0\xb8 \xd1\x9d, \xd0\xb7\xd0\xb0 \xd0\xb4\xd0\xb0 \xd0\xb7\xd0\xb0\xd0\xbf\xd0\xb0\xd0\xb7\xd0\xb8 \xd1\x81\xd1\x8a\xd1\x81\xd1\x82\xd0\xbe\xd1\x8f\xd0\xbd\xd0\xb8\xd0\xb5\xd1\x82\xd0\xbe \xd0\xbd\xd0\xb0 \xd0\xb8\xd0\xb3\xd1\x80\xd0\xb0\xd1\x82\xd0\xb0 \xd0\xbd\xd0\xb5\xd0\xbf\xd0\xbe\xd0\xba\xd1\x8a\xd1\x82\xd0\xbd\xd0\xb0\xd1\x82\xd0\xbe, \xd0\xb7\xd0\xb0\xd1\x82\xd0\xbe\xd0\xb2\xd0\xb0 NR \xd0\xbe\xd1\x81\xd1\x82\xd0\xb0\xd0\xb2\xd0\xb0 \xd0\xb8\xd0\xb7\xd0\xba\xd0\xbb\xd1\x8e\xd1\x87\xd0\xb5\xd0\xbd, \xd0\xb2\xd0\xbc\xd0\xb5\xd1\x81\xd1\x82\xd0\xbe \xd0\xb4\xd0\xb0 \xd1\x80\xd0\xb8\xd1\x81\xd0\xba\xd1\x83\xd0\xb2\xd0\xb0 \xd0\xb8\xd0\xb7\xd0\xbe\xd0\xb1\xd1\x80\xd0\xb0\xd0\xb6\xd0\xb5\xd0\xbd\xd0\xb8\xd0\xb5\xd1\x82\xd0\xbe."},
    {"Copy the support report under Diagnostics and share it with ReShade.log.",
     "\xd0\x9a\xd0\xbe\xd0\xbf\xd0\xb8\xd1\x80\xd0\xb0\xd0\xb9\xd1\x82\xd0\xb5 \xd0\xbe\xd1\x82\xd1\x87\xd0\xb5\xd1\x82\xd0\xb0 \xd0\xb7\xd0\xb0 \xd0\xbf\xd0\xbe\xd0\xb4\xd0\xb4\xd1\x80\xd1\x8a\xd0\xb6\xd0\xba\xd0\xb0 \xd0\xbe\xd1\x82 \xc2\xab\xd0\x94\xd0\xb8\xd0\xb0\xd0\xb3\xd0\xbd\xd0\xbe\xd1\x81\xd1\x82\xd0\xb8\xd0\xba\xd0\xb0\xc2\xbb \xd0\xb8 \xd0\xb3\xd0\xbe \xd1\x81\xd0\xbf\xd0\xbe\xd0\xb4\xd0\xb5\xd0\xbb\xd0\xb5\xd1\x82\xd0\xb5 \xd1\x81 ReShade.log."},
    {"NR runtime did not start",
     "\xd0\xa1\xd1\x80\xd0\xb5\xd0\xb4\xd0\xb0\xd1\x82\xd0\xb0 \xd0\xb7\xd0\xb0 \xd0\xb8\xd0\xb7\xd0\xbf\xd1\x8a\xd0\xbb\xd0\xbd\xd0\xb5\xd0\xbd\xd0\xb8\xd0\xb5 \xd0\xbd\xd0\xb0 NR \xd0\xbd\xd0\xb5 \xd1\x81\xd1\x82\xd0\xb0\xd1\x80\xd1\x82\xd0\xb8\xd1\x80\xd0\xb0"},
    {"DLSS is running, but NVIDIA's Neural Rendering runtime did not start on this system.",
     "DLSS \xd1\x80\xd0\xb0\xd0\xb1\xd0\xbe\xd1\x82\xd0\xb8, \xd0\xbd\xd0\xbe \xd1\x81\xd1\x80\xd0\xb5\xd0\xb4\xd0\xb0\xd1\x82\xd0\xb0 \xd0\xb7\xd0\xb0 \xd0\xb8\xd0\xb7\xd0\xbf\xd1\x8a\xd0\xbb\xd0\xbd\xd0\xb5\xd0\xbd\xd0\xb8\xd0\xb5 \xd0\xbd\xd0\xb0 Neural Rendering \xd0\xbe\xd1\x82 NVIDIA \xd0\xbd\xd0\xb5 \xd1\x81\xd1\x82\xd0\xb0\xd1\x80\xd1\x82\xd0\xb8\xd1\x80\xd0\xb0 \xd0\xbd\xd0\xb0 \xd1\x82\xd0\xb0\xd0\xb7\xd0\xb8 \xd1\x81\xd0\xb8\xd1\x81\xd1\x82\xd0\xb5\xd0\xbc\xd0\xb0."},
    {"Diagnostics shows the runtime's last result; ReShade.log names the failing step.",
     "\xc2\xab\xd0\x94\xd0\xb8\xd0\xb0\xd0\xb3\xd0\xbd\xd0\xbe\xd1\x81\xd1\x82\xd0\xb8\xd0\xba\xd0\xb0\xc2\xbb \xd0\xbf\xd0\xbe\xd0\xba\xd0\xb0\xd0\xb7\xd0\xb2\xd0\xb0 \xd0\xbf\xd0\xbe\xd1\x81\xd0\xbb\xd0\xb5\xd0\xb4\xd0\xbd\xd0\xb8\xd1\x8f \xd1\x80\xd0\xb5\xd0\xb7\xd1\x83\xd0\xbb\xd1\x82\xd0\xb0\xd1\x82 \xd0\xbd\xd0\xb0 \xd1\x81\xd1\x80\xd0\xb5\xd0\xb4\xd0\xb0\xd1\x82\xd0\xb0; ReShade.log \xd0\xbf\xd0\xbe\xd1\x81\xd0\xbe\xd1\x87\xd0\xb2\xd0\xb0 \xd0\xbd\xd0\xb5\xd1\x83\xd1\x81\xd0\xbf\xd0\xb5\xd1\x88\xd0\xbd\xd0\xb0\xd1\x82\xd0\xb0 \xd1\x81\xd1\x82\xd1\x8a\xd0\xbf\xd0\xba\xd0\xb0."},
    {"NR is on but holding back",
     "NR \xd0\xb5 \xd0\xb2\xd0\xba\xd0\xbb\xd1\x8e\xd1\x87\xd0\xb5\xd0\xbd, \xd0\xbd\xd0\xbe \xd1\x81\xd0\xb5 \xd0\xb2\xd1\x8a\xd0\xb7\xd0\xb4\xd1\x8a\xd1\x80\xd0\xb6\xd0\xb0"},
    {"The game's GPU state could not be restored safely around NR, so every frame was skipped rather than risk the image. This usually clears by itself.",
     "GPU \xd1\x81\xd1\x8a\xd1\x81\xd1\x82\xd0\xbe\xd1\x8f\xd0\xbd\xd0\xb8\xd0\xb5\xd1\x82\xd0\xbe \xd0\xbd\xd0\xb0 \xd0\xb8\xd0\xb3\xd1\x80\xd0\xb0\xd1\x82\xd0\xb0 \xd0\xbd\xd0\xb5 \xd0\xbc\xd0\xbe\xd0\xb6\xd0\xb0 \xd0\xb4\xd0\xb0 \xd1\x81\xd0\xb5 \xd0\xb2\xd1\x8a\xd0\xb7\xd1\x81\xd1\x82\xd0\xb0\xd0\xbd\xd0\xbe\xd0\xb2\xd0\xb8 \xd0\xb1\xd0\xb5\xd0\xb7\xd0\xbe\xd0\xbf\xd0\xb0\xd1\x81\xd0\xbd\xd0\xbe \xd0\xbe\xd0\xba\xd0\xbe\xd0\xbb\xd0\xbe NR, \xd0\xb7\xd0\xb0\xd1\x82\xd0\xbe\xd0\xb2\xd0\xb0 \xd0\xb2\xd1\x81\xd0\xb5\xd0\xba\xd0\xb8 \xd0\xba\xd0\xb0\xd0\xb4\xd1\x8a\xd1\x80 \xd0\xb1\xd0\xb5\xd1\x88\xd0\xb5 \xd0\xbf\xd1\x80\xd0\xbe\xd0\xbf\xd1\x83\xd1\x81\xd0\xbd\xd0\xb0\xd1\x82, \xd0\xb2\xd0\xbc\xd0\xb5\xd1\x81\xd1\x82\xd0\xbe \xd0\xb4\xd0\xb0 \xd1\x81\xd0\xb5 \xd1\x80\xd0\xb8\xd1\x81\xd0\xba\xd1\x83\xd0\xb2\xd0\xb0 \xd0\xb8\xd0\xb7\xd0\xbe\xd0\xb1\xd1\x80\xd0\xb0\xd0\xb6\xd0\xb5\xd0\xbd\xd0\xb8\xd0\xb5\xd1\x82\xd0\xbe. \xd0\x9e\xd0\xb1\xd0\xb8\xd0\xba\xd0\xbd\xd0\xbe\xd0\xb2\xd0\xb5\xd0\xbd\xd0\xbe \xd1\x82\xd0\xbe\xd0\xb2\xd0\xb0 \xd0\xbe\xd1\x82\xd0\xbc\xd0\xb8\xd0\xbd\xd0\xb0\xd0\xb2\xd0\xb0 \xd0\xbe\xd1\x82 \xd1\x81\xd0\xb0\xd0\xbc\xd0\xbe \xd1\x81\xd0\xb5\xd0\xb1\xd0\xb5 \xd1\x81\xd0\xb8."},
    {"If it never clears, copy the support report under Diagnostics and share it with ReShade.log.",
     "\xd0\x90\xd0\xba\xd0\xbe \xd0\xbd\xd0\xb5 \xd0\xbe\xd1\x82\xd0\xbc\xd0\xb8\xd0\xbd\xd0\xb5, \xd0\xba\xd0\xbe\xd0\xbf\xd0\xb8\xd1\x80\xd0\xb0\xd0\xb9\xd1\x82\xd0\xb5 \xd0\xbe\xd1\x82\xd1\x87\xd0\xb5\xd1\x82\xd0\xb0 \xd0\xb7\xd0\xb0 \xd0\xbf\xd0\xbe\xd0\xb4\xd0\xb4\xd1\x80\xd1\x8a\xd0\xb6\xd0\xba\xd0\xb0 \xd0\xbe\xd1\x82 \xc2\xab\xd0\x94\xd0\xb8\xd0\xb0\xd0\xb3\xd0\xbd\xd0\xbe\xd1\x81\xd1\x82\xd0\xb8\xd0\xba\xd0\xb0\xc2\xbb \xd0\xb8 \xd0\xb3\xd0\xbe \xd1\x81\xd0\xbf\xd0\xbe\xd0\xb4\xd0\xb5\xd0\xbb\xd0\xb5\xd1\x82\xd0\xb5 \xd1\x81 ReShade.log."},
    {"NR is on but has not run yet",
     "NR \xd0\xb5 \xd0\xb2\xd0\xba\xd0\xbb\xd1\x8e\xd1\x87\xd0\xb5\xd0\xbd, \xd0\xbd\xd0\xbe \xd0\xbe\xd1\x89\xd0\xb5 \xd0\xbd\xd0\xb5 \xd0\xb5 \xd1\x80\xd0\xb0\xd0\xb1\xd0\xbe\xd1\x82\xd0\xb8\xd0\xbb"},
    {"DLSS is running and NR is on, but NR has not run on a frame yet.",
     "DLSS \xd1\x80\xd0\xb0\xd0\xb1\xd0\xbe\xd1\x82\xd0\xb8 \xd0\xb8 NR \xd0\xb5 \xd0\xb2\xd0\xba\xd0\xbb\xd1\x8e\xd1\x87\xd0\xb5\xd0\xbd, \xd0\xbd\xd0\xbe NR \xd0\xbe\xd1\x89\xd0\xb5 \xd0\xbd\xd0\xb5 \xd0\xb5 \xd0\xbe\xd0\xb1\xd1\x80\xd0\xb0\xd0\xb1\xd0\xbe\xd1\x82\xd0\xb8\xd0\xbb \xd0\xbd\xd0\xb8\xd1\x82\xd0\xbe \xd0\xb5\xd0\xb4\xd0\xb8\xd0\xbd \xd0\xba\xd0\xb0\xd0\xb4\xd1\x8a\xd1\x80."},
    {"Copy the support report under Diagnostics; ReShade.log's NR-VERDICT line names the stage and the reason.",
     "\xd0\x9a\xd0\xbe\xd0\xbf\xd0\xb8\xd1\x80\xd0\xb0\xd0\xb9\xd1\x82\xd0\xb5 \xd0\xbe\xd1\x82\xd1\x87\xd0\xb5\xd1\x82\xd0\xb0 \xd0\xb7\xd0\xb0 \xd0\xbf\xd0\xbe\xd0\xb4\xd0\xb4\xd1\x80\xd1\x8a\xd0\xb6\xd0\xba\xd0\xb0 \xd0\xbe\xd1\x82 \xc2\xab\xd0\x94\xd0\xb8\xd0\xb0\xd0\xb3\xd0\xbd\xd0\xbe\xd1\x81\xd1\x82\xd0\xb8\xd0\xba\xd0\xb0\xc2\xbb; \xd1\x80\xd0\xb5\xd0\xb4\xd1\x8a\xd1\x82 NR-VERDICT \xd0\xb2 ReShade.log \xd0\xbf\xd0\xbe\xd1\x81\xd0\xbe\xd1\x87\xd0\xb2\xd0\xb0 \xd0\xb5\xd1\x82\xd0\xb0\xd0\xbf\xd0\xb0 \xd0\xb8 \xd0\xbf\xd1\x80\xd0\xb8\xd1\x87\xd0\xb8\xd0\xbd\xd0\xb0\xd1\x82\xd0\xb0."},
    {"Running through a third-party tool's Direct3D 12 DLSS.",
     "\xd0\xa0\xd0\xb0\xd0\xb1\xd0\xbe\xd1\x82\xd0\xb8 \xd0\xbf\xd1\x80\xd0\xb5\xd0\xb7 Direct3D 12 DLSS \xd0\xbd\xd0\xb0 \xd0\xb8\xd0\xbd\xd1\x81\xd1\x82\xd1\x80\xd1\x83\xd0\xbc\xd0\xb5\xd0\xbd\xd1\x82 \xd0\xbe\xd1\x82 \xd1\x82\xd1\x80\xd0\xb5\xd1\x82\xd0\xb0 \xd1\x81\xd1\x82\xd1\x80\xd0\xb0\xd0\xbd\xd0\xb0."},
    {"Running through the Direct3D 11 bridge.",
     "\xd0\xa0\xd0\xb0\xd0\xb1\xd0\xbe\xd1\x82\xd0\xb8 \xd0\xbf\xd1\x80\xd0\xb5\xd0\xb7 Direct3D 11 \xd0\xbc\xd0\xbe\xd1\x81\xd1\x82\xd0\xb0."},
    {"Disabled by setting",
     "\xd0\x98\xd0\xb7\xd0\xba\xd0\xbb\xd1\x8e\xd1\x87\xd0\xb5\xd0\xbd\xd0\xbe \xd0\xbe\xd1\x82 \xd0\xbd\xd0\xb0\xd1\x81\xd1\x82\xd1\x80\xd0\xbe\xd0\xb9\xd0\xba\xd0\xb0"},
    {"EnableHooks=0 in [RenoDX.DLSS5] (ReShade.ini) turns every hook off. Set EnableHooks=2 to use Neural Rendering.",
     "EnableHooks=0 \xd0\xb2 [RenoDX.DLSS5] (ReShade.ini) \xd0\xb8\xd0\xb7\xd0\xba\xd0\xbb\xd1\x8e\xd1\x87\xd0\xb2\xd0\xb0 \xd0\xb2\xd1\x81\xd0\xb8\xd1\x87\xd0\xba\xd0\xb8 \xd0\xba\xd1\x83\xd0\xba\xd0\xb8. \xd0\x97\xd0\xb0\xd0\xb4\xd0\xb0\xd0\xb9\xd1\x82\xd0\xb5 EnableHooks=2, \xd0\xb7\xd0\xb0 \xd0\xb4\xd0\xb0 \xd0\xb8\xd0\xb7\xd0\xbf\xd0\xbe\xd0\xbb\xd0\xb7\xd0\xb2\xd0\xb0\xd1\x82\xd0\xb5 Neural Rendering."},
    {"DX11Source=off in [RenoDX.DLSS5] (ReShade.ini) keeps the addon inert in Direct3D 11 games. Remove the key to let Neural Rendering follow the game's DLSS again.",
     "DX11Source=off \xd0\xb2 [RenoDX.DLSS5] (ReShade.ini) \xd0\xb4\xd1\x8a\xd1\x80\xd0\xb6\xd0\xb8 \xd0\xb4\xd0\xbe\xd0\xb1\xd0\xb0\xd0\xb2\xd0\xba\xd0\xb0\xd1\x82\xd0\xb0 \xd0\xbd\xd0\xb5\xd0\xb0\xd0\xba\xd1\x82\xd0\xb8\xd0\xb2\xd0\xbd\xd0\xb0 \xd0\xb2 Direct3D 11 \xd0\xb8\xd0\xb3\xd1\x80\xd0\xb8. \xd0\x9f\xd1\x80\xd0\xb5\xd0\xbc\xd0\xb0\xd1\x85\xd0\xbd\xd0\xb5\xd1\x82\xd0\xb5 \xd0\xba\xd0\xbb\xd1\x8e\xd1\x87\xd0\xb0, \xd0\xb7\xd0\xb0 \xd0\xb4\xd0\xb0 \xd0\xbc\xd0\xbe\xd0\xb6\xd0\xb5 Neural Rendering \xd0\xbe\xd1\x82\xd0\xbd\xd0\xbe\xd0\xb2\xd0\xbe \xd0\xb4\xd0\xb0 \xd1\x81\xd0\xbb\xd0\xb5\xd0\xb4\xd0\xb2\xd0\xb0 DLSS \xd0\xbd\xd0\xb0 \xd0\xb8\xd0\xb3\xd1\x80\xd0\xb0\xd1\x82\xd0\xb0."},
    {"Another Neural Rendering mod is running",
     "\xd0\xa0\xd0\xb0\xd0\xb1\xd0\xbe\xd1\x82\xd0\xb8 \xd0\xb4\xd1\x80\xd1\x83\xd0\xb3 \xd0\xbc\xd0\xbe\xd0\xb4 \xd0\xb7\xd0\xb0 Neural Rendering"},
    {"Something else in this game already runs Neural Rendering, so this addon stands down instead of enhancing every frame twice.",
     "\xd0\x9d\xd0\xb5\xd1\x89\xd0\xbe \xd0\xb4\xd1\x80\xd1\x83\xd0\xb3\xd0\xbe \xd0\xb2 \xd1\x82\xd0\xb0\xd0\xb7\xd0\xb8 \xd0\xb8\xd0\xb3\xd1\x80\xd0\xb0 \xd0\xb2\xd0\xb5\xd1\x87\xd0\xb5 \xd0\xbf\xd1\x83\xd1\x81\xd0\xba\xd0\xb0 Neural Rendering, \xd0\xb7\xd0\xb0\xd1\x82\xd0\xbe\xd0\xb2\xd0\xb0 \xd1\x82\xd0\xb0\xd0\xb7\xd0\xb8 \xd0\xb4\xd0\xbe\xd0\xb1\xd0\xb0\xd0\xb2\xd0\xba\xd0\xb0 \xd1\x81\xd0\xb5 \xd0\xbe\xd1\x82\xd1\x82\xd0\xb5\xd0\xb3\xd0\xbb\xd1\x8f, \xd0\xb2\xd0\xbc\xd0\xb5\xd1\x81\xd1\x82\xd0\xbe \xd0\xb4\xd0\xb0 \xd0\xbf\xd0\xbe\xd0\xb4\xd0\xbe\xd0\xb1\xd1\x80\xd1\x8f\xd0\xb2\xd0\xb0 \xd0\xb2\xd1\x81\xd0\xb5\xd0\xba\xd0\xb8 \xd0\xba\xd0\xb0\xd0\xb4\xd1\x8a\xd1\x80 \xd0\xb4\xd0\xb2\xd0\xb0 \xd0\xbf\xd1\x8a\xd1\x82\xd0\xb8."},
    {"To use this addon instead, remove the other mod and restart the game.",
     "\xd0\x97\xd0\xb0 \xd0\xb4\xd0\xb0 \xd0\xb8\xd0\xb7\xd0\xbf\xd0\xbe\xd0\xbb\xd0\xb7\xd0\xb2\xd0\xb0\xd1\x82\xd0\xb5 \xd1\x82\xd0\xb0\xd0\xb7\xd0\xb8 \xd0\xb4\xd0\xbe\xd0\xb1\xd0\xb0\xd0\xb2\xd0\xba\xd0\xb0, \xd0\xbf\xd1\x80\xd0\xb5\xd0\xbc\xd0\xb0\xd1\x85\xd0\xbd\xd0\xb5\xd1\x82\xd0\xb5 \xd0\xb4\xd1\x80\xd1\x83\xd0\xb3\xd0\xb8\xd1\x8f \xd0\xbc\xd0\xbe\xd0\xb4 \xd0\xb8 \xd1\x80\xd0\xb5\xd1\x81\xd1\x82\xd0\xb0\xd1\x80\xd1\x82\xd0\xb8\xd1\x80\xd0\xb0\xd0\xb9\xd1\x82\xd0\xb5 \xd0\xb8\xd0\xb3\xd1\x80\xd0\xb0\xd1\x82\xd0\xb0."},
    {"To run both anyway, set ForeignNr=observe in [RenoDX.DLSS5] (ReShade.ini) and restart.",
     "\xd0\x97\xd0\xb0 \xd0\xb4\xd0\xb0 \xd0\xbf\xd1\x83\xd1\x81\xd0\xbd\xd0\xb5\xd1\x82\xd0\xb5 \xd0\xb8 \xd0\xb4\xd0\xb2\xd0\xb0\xd1\x82\xd0\xb0 \xd0\xb2\xd1\x8a\xd0\xbf\xd1\x80\xd0\xb5\xd0\xba\xd0\xb8 \xd1\x82\xd0\xbe\xd0\xb2\xd0\xb0, \xd0\xb7\xd0\xb0\xd0\xb4\xd0\xb0\xd0\xb9\xd1\x82\xd0\xb5 ForeignNr=observe \xd0\xb2 [RenoDX.DLSS5] (ReShade.ini) \xd0\xb8 \xd1\x80\xd0\xb5\xd1\x81\xd1\x82\xd0\xb0\xd1\x80\xd1\x82\xd0\xb8\xd1\x80\xd0\xb0\xd0\xb9\xd1\x82\xd0\xb5."},
    {"Neural Rendering is off",
     "Neural Rendering \xd0\xb5 \xd0\xb8\xd0\xb7\xd0\xba\xd0\xbb\xd1\x8e\xd1\x87\xd0\xb5\xd0\xbd"},
    {"Turned off in settings or by the toggle hotkey.",
     "\xd0\x98\xd0\xb7\xd0\xba\xd0\xbb\xd1\x8e\xd1\x87\xd0\xb5\xd0\xbd \xd0\xbe\xd1\x82 \xd0\xbd\xd0\xb0\xd1\x81\xd1\x82\xd1\x80\xd0\xbe\xd0\xb9\xd0\xba\xd0\xb8\xd1\x82\xd0\xb5 \xd0\xb8\xd0\xbb\xd0\xb8 \xd1\x81 \xd0\xba\xd0\xbb\xd0\xb0\xd0\xb2\xd0\xb8\xd1\x88\xd0\xb0 \xd0\xb7\xd0\xb0 \xd0\xbf\xd1\x80\xd0\xb5\xd0\xb2\xd0\xba\xd0\xbb\xd1\x8e\xd1\x87\xd0\xb2\xd0\xb0\xd0\xbd\xd0\xb5."},
    {"NR runtime not installed",
     "\xd0\xa1\xd1\x80\xd0\xb5\xd0\xb4\xd0\xb0\xd1\x82\xd0\xb0 \xd0\xbd\xd0\xb0 NR \xd0\xbd\xd0\xb5 \xd0\xb5 \xd0\xb8\xd0\xbd\xd1\x81\xd1\x82\xd0\xb0\xd0\xbb\xd0\xb8\xd1\x80\xd0\xb0\xd0\xbd\xd0\xb0"},
    {"NVIDIA's signed nvngx_dlssnr.dll is not next to the addon or the game's executable.",
     "\xd0\x9f\xd0\xbe\xd0\xb4\xd0\xbf\xd0\xb8\xd1\x81\xd0\xb0\xd0\xbd\xd0\xb8\xd1\x8f\xd1\x82 \xd0\xbe\xd1\x82 NVIDIA nvngx_dlssnr.dll \xd0\xbd\xd0\xb5 \xd0\xb5 \xd0\xb4\xd0\xbe \xd0\xb4\xd0\xbe\xd0\xb1\xd0\xb0\xd0\xb2\xd0\xba\xd0\xb0\xd1\x82\xd0\xb0 \xd0\xb8\xd0\xbb\xd0\xb8 \xd0\xb4\xd0\xbe \xd0\xb8\xd0\xb7\xd0\xbf\xd1\x8a\xd0\xbb\xd0\xbd\xd0\xb8\xd0\xbc\xd0\xb8\xd1\x8f \xd1\x84\xd0\xb0\xd0\xb9\xd0\xbb \xd0\xbd\xd0\xb0 \xd0\xb8\xd0\xb3\xd1\x80\xd0\xb0\xd1\x82\xd0\xb0."},
    {"Place nvngx_dlssnr.dll in the game's folder, next to the addon.",
     "\xd0\x9f\xd0\xbe\xd1\x81\xd1\x82\xd0\xb0\xd0\xb2\xd0\xb5\xd1\x82\xd0\xb5 nvngx_dlssnr.dll \xd0\xb2 \xd0\xbf\xd0\xb0\xd0\xbf\xd0\xba\xd0\xb0\xd1\x82\xd0\xb0 \xd0\xbd\xd0\xb0 \xd0\xb8\xd0\xb3\xd1\x80\xd0\xb0\xd1\x82\xd0\xb0, \xd0\xb4\xd0\xbe \xd0\xb4\xd0\xbe\xd0\xb1\xd0\xb0\xd0\xb2\xd0\xba\xd0\xb0\xd1\x82\xd0\xb0."},
    {"NR runtime could not be used",
     "\xd0\xa1\xd1\x80\xd0\xb5\xd0\xb4\xd0\xb0\xd1\x82\xd0\xb0 \xd0\xbd\xd0\xb0 NR \xd0\xbd\xd0\xb5 \xd0\xbc\xd0\xbe\xd0\xb6\xd0\xb5 \xd0\xb4\xd0\xb0 \xd1\x81\xd0\xb5 \xd0\xb8\xd0\xb7\xd0\xbf\xd0\xbe\xd0\xbb\xd0\xb7\xd0\xb2\xd0\xb0"},
    {"nvngx_dlssnr.dll was found but could not be loaded.",
     "nvngx_dlssnr.dll \xd0\xb5 \xd0\xbd\xd0\xb0\xd0\xbc\xd0\xb5\xd1\x80\xd0\xb5\xd0\xbd, \xd0\xbd\xd0\xbe \xd0\xbd\xd0\xb5 \xd0\xbc\xd0\xbe\xd0\xb6\xd0\xb5 \xd0\xb4\xd0\xb0 \xd1\x81\xd0\xb5 \xd0\xb7\xd0\xb0\xd1\x80\xd0\xb5\xd0\xb4\xd0\xb8."},
    {"Replace it with an official NVIDIA build of nvngx_dlssnr.dll.",
     "\xd0\x97\xd0\xb0\xd0\xbc\xd0\xb5\xd0\xbd\xd0\xb5\xd1\x82\xd0\xb5 \xd0\xb3\xd0\xbe \xd1\x81 \xd0\xbe\xd1\x84\xd0\xb8\xd1\x86\xd0\xb8\xd0\xb0\xd0\xbb\xd0\xbd\xd0\xb0 \xd0\xb2\xd0\xb5\xd1\x80\xd1\x81\xd0\xb8\xd1\x8f \xd0\xbd\xd0\xb0 nvngx_dlssnr.dll \xd0\xbe\xd1\x82 NVIDIA."},
    {"Update the NVIDIA driver, then restart the game.",
     "\xd0\x9e\xd0\xb1\xd0\xbd\xd0\xbe\xd0\xb2\xd0\xb5\xd1\x82\xd0\xb5 \xd0\xb4\xd1\x80\xd0\xb0\xd0\xb9\xd0\xb2\xd0\xb5\xd1\x80\xd0\xb0 \xd0\xbd\xd0\xb0 NVIDIA, \xd0\xbf\xd0\xbe\xd1\x81\xd0\xbb\xd0\xb5 \xd1\x80\xd0\xb5\xd1\x81\xd1\x82\xd0\xb0\xd1\x80\xd1\x82\xd0\xb8\xd1\x80\xd0\xb0\xd0\xb9\xd1\x82\xd0\xb5 \xd0\xb8\xd0\xb3\xd1\x80\xd0\xb0\xd1\x82\xd0\xb0."},
    {"ReShade.log names the failing step.",
     "ReShade.log \xd0\xbf\xd0\xbe\xd1\x81\xd0\xbe\xd1\x87\xd0\xb2\xd0\xb0 \xd0\xbd\xd0\xb5\xd1\x83\xd1\x81\xd0\xbf\xd0\xb5\xd1\x88\xd0\xbd\xd0\xb0\xd1\x82\xd0\xb0 \xd1\x81\xd1\x82\xd1\x8a\xd0\xbf\xd0\xba\xd0\xb0."},
    {"NR is waiting for DLSS",
     "NR \xd1\x87\xd0\xb0\xd0\xba\xd0\xb0 DLSS"},
    {"It resumes by itself when the game runs DLSS again - normal after a resolution or quality change.",
     "\xd0\x9f\xd1\x80\xd0\xbe\xd0\xb4\xd1\x8a\xd0\xbb\xd0\xb6\xd0\xb0\xd0\xb2\xd0\xb0 \xd0\xbe\xd1\x82 \xd1\x81\xd0\xb0\xd0\xbc\xd0\xbe \xd1\x81\xd0\xb5\xd0\xb1\xd0\xb5 \xd1\x81\xd0\xb8, \xd0\xba\xd0\xbe\xd0\xb3\xd0\xb0\xd1\x82\xd0\xbe \xd0\xb8\xd0\xb3\xd1\x80\xd0\xb0\xd1\x82\xd0\xb0 \xd0\xbe\xd1\x82\xd0\xbd\xd0\xbe\xd0\xb2\xd0\xbe \xd0\xbf\xd1\x83\xd1\x81\xd0\xbd\xd0\xb5 DLSS - \xd0\xbd\xd0\xbe\xd1\x80\xd0\xbc\xd0\xb0\xd0\xbb\xd0\xbd\xd0\xbe \xd1\x81\xd0\xbb\xd0\xb5\xd0\xb4 \xd1\x81\xd0\xbc\xd1\x8f\xd0\xbd\xd0\xb0 \xd0\xbd\xd0\xb0 \xd1\x80\xd0\xb5\xd0\xb7\xd0\xbe\xd0\xbb\xd1\x8e\xd1\x86\xd0\xb8\xd1\x8f\xd1\x82\xd0\xb0 \xd0\xb8\xd0\xbb\xd0\xb8 \xd0\xba\xd0\xb0\xd1\x87\xd0\xb5\xd1\x81\xd1\x82\xd0\xb2\xd0\xbe\xd1\x82\xd0\xbe."},
    {"Neural Rendering is active, with 1 issue",
     "Neural Rendering \xd0\xb5 \xd0\xb0\xd0\xba\xd1\x82\xd0\xb8\xd0\xb2\xd0\xb5\xd0\xbd, \xd1\x81 1 \xd0\xbf\xd1\x80\xd0\xbe\xd0\xb1\xd0\xbb\xd0\xb5\xd0\xbc"},
    {"Neural Rendering is active, with %u issues",
     "Neural Rendering \xd0\xb5 \xd0\xb0\xd0\xba\xd1\x82\xd0\xb8\xd0\xb2\xd0\xb5\xd0\xbd, \xd1\x81 %u \xd0\xbf\xd1\x80\xd0\xbe\xd0\xb1\xd0\xbb\xd0\xb5\xd0\xbc\xd0\xb0"},
    {"NR is enhancing frames, but the issues listed below lower what it can do.",
     "NR \xd0\xbf\xd0\xbe\xd0\xb4\xd0\xbe\xd0\xb1\xd1\x80\xd1\x8f\xd0\xb2\xd0\xb0 \xd0\xba\xd0\xb0\xd0\xb4\xd1\x80\xd0\xb8\xd1\x82\xd0\xb5, \xd0\xbd\xd0\xbe \xd0\xb8\xd0\xb7\xd0\xb1\xd1\x80\xd0\xbe\xd0\xb5\xd0\xbd\xd0\xb8\xd1\x82\xd0\xb5 \xd0\xbf\xd0\xbe-\xd0\xb4\xd0\xbe\xd0\xbb\xd1\x83 \xd0\xbf\xd1\x80\xd0\xbe\xd0\xb1\xd0\xbb\xd0\xb5\xd0\xbc\xd0\xb8 \xd0\xbe\xd0\xb3\xd1\x80\xd0\xb0\xd0\xbd\xd0\xb8\xd1\x87\xd0\xb0\xd0\xb2\xd0\xb0\xd1\x82 \xd0\xb2\xd1\x8a\xd0\xb7\xd0\xbc\xd0\xbe\xd0\xb6\xd0\xbd\xd0\xbe\xd1\x81\xd1\x82\xd0\xb8\xd1\x82\xd0\xb5 \xd0\xbc\xd1\x83."},
    {"Each issue below names what to change.",
     "\xd0\x92\xd1\x81\xd0\xb5\xd0\xba\xd0\xb8 \xd0\xbf\xd1\x80\xd0\xbe\xd0\xb1\xd0\xbb\xd0\xb5\xd0\xbc \xd0\xbf\xd0\xbe-\xd0\xb4\xd0\xbe\xd0\xbb\xd1\x83 \xd0\xbf\xd0\xbe\xd1\x81\xd0\xbe\xd1\x87\xd0\xb2\xd0\xb0 \xd0\xba\xd0\xb0\xd0\xba\xd0\xb2\xd0\xbe \xd0\xb4\xd0\xb0 \xd0\xbf\xd1\x80\xd0\xbe\xd0\xbc\xd0\xb5\xd0\xbd\xd0\xb8\xd1\x82\xd0\xb5."},
    {"Neural Rendering is active",
     "Neural Rendering \xd0\xb5 \xd0\xb0\xd0\xba\xd1\x82\xd0\xb8\xd0\xb2\xd0\xb5\xd0\xbd"},
    {"Enhancing the frame the game presents",
     "\xd0\x9f\xd0\xbe\xd0\xb4\xd0\xbe\xd0\xb1\xd1\x80\xd1\x8f\xd0\xb2\xd0\xb0 \xd0\xba\xd0\xb0\xd0\xb4\xd1\x8a\xd1\x80\xd0\xb0, \xd0\xba\xd0\xbe\xd0\xb9\xd1\x82\xd0\xbe \xd0\xb8\xd0\xb3\xd1\x80\xd0\xb0\xd1\x82\xd0\xb0 \xd0\xb8\xd0\xb7\xd0\xb2\xd0\xb5\xd0\xb6\xd0\xb4\xd0\xb0"},
    {"Enhancing the game's DLSS input before upscaling",
     "\xd0\x9f\xd0\xbe\xd0\xb4\xd0\xbe\xd0\xb1\xd1\x80\xd1\x8f\xd0\xb2\xd0\xb0 DLSS \xd0\xb2\xd1\x85\xd0\xbe\xd0\xb4\xd0\xb0 \xd0\xbd\xd0\xb0 \xd0\xb8\xd0\xb3\xd1\x80\xd0\xb0\xd1\x82\xd0\xb0 \xd0\xbf\xd1\x80\xd0\xb5\xd0\xb4\xd0\xb8 \xd0\xbc\xd0\xb0\xd1\x89\xd0\xb0\xd0\xb1\xd0\xb8\xd1\x80\xd0\xb0\xd0\xbd\xd0\xb5"},
    {"Replacing the game's DLSS output",
     "\xd0\x97\xd0\xb0\xd0\xbc\xd0\xb5\xd0\xbd\xd1\x8f DLSS \xd0\xb8\xd0\xb7\xd1\x85\xd0\xbe\xd0\xb4\xd0\xb0 \xd0\xbd\xd0\xb0 \xd0\xb8\xd0\xb3\xd1\x80\xd0\xb0\xd1\x82\xd0\xb0"},
    {"Neural Rendering is partly active",
     "Neural Rendering \xd0\xb5 \xd1\x87\xd0\xb0\xd1\x81\xd1\x82\xd0\xb8\xd1\x87\xd0\xbd\xd0\xbe \xd0\xb0\xd0\xba\xd1\x82\xd0\xb8\xd0\xb2\xd0\xb5\xd0\xbd"},
    {"Open Diagnostics: 'Skipped because' names why the other frames were skipped.",
     "\xd0\x9e\xd1\x82\xd0\xb2\xd0\xbe\xd1\x80\xd0\xb5\xd1\x82\xd0\xb5 \xc2\xab\xd0\x94\xd0\xb8\xd0\xb0\xd0\xb3\xd0\xbd\xd0\xbe\xd1\x81\xd1\x82\xd0\xb8\xd0\xba\xd0\xb0\xc2\xbb: '\xd0\x9f\xd1\x80\xd0\xbe\xd0\xbf\xd1\x83\xd1\x81\xd0\xbd\xd0\xb0\xd1\x82\xd0\xb8, \xd0\xb7\xd0\xb0\xd1\x89\xd0\xbe\xd1\x82\xd0\xbe' \xd0\xbf\xd0\xbe\xd1\x81\xd0\xbe\xd1\x87\xd0\xb2\xd0\xb0 \xd0\xb7\xd0\xb0\xd1\x89\xd0\xbe \xd0\xbe\xd1\x81\xd1\x82\xd0\xb0\xd0\xbd\xd0\xb0\xd0\xbb\xd0\xb8\xd1\x82\xd0\xb5 \xd0\xba\xd0\xb0\xd0\xb4\xd1\x80\xd0\xb8 \xd1\x81\xd0\xb0 \xd0\xbf\xd1\x80\xd0\xbe\xd0\xbf\xd1\x83\xd1\x81\xd0\xbd\xd0\xb0\xd1\x82\xd0\xb8."},
    {"DLSS on an API NR does not serve",
     "DLSS \xd0\xbd\xd0\xb0 API, \xd0\xba\xd0\xbe\xd0\xb5\xd1\x82\xd0\xbe NR \xd0\xbd\xd0\xb5 \xd0\xbe\xd0\xb1\xd1\x81\xd0\xbb\xd1\x83\xd0\xb6\xd0\xb2\xd0\xb0"},
    {"This game runs DLSS without presenting through Direct3D 12, Direct3D 11, or Vulkan. The addon is loaded and safe; nothing is wrong.",
     "\xd0\xa2\xd0\xb0\xd0\xb7\xd0\xb8 \xd0\xb8\xd0\xb3\xd1\x80\xd0\xb0 \xd0\xbf\xd1\x83\xd1\x81\xd0\xba\xd0\xb0 DLSS, \xd0\xb1\xd0\xb5\xd0\xb7 \xd0\xb4\xd0\xb0 \xd0\xb8\xd0\xb7\xd0\xb2\xd0\xb5\xd0\xb6\xd0\xb4\xd0\xb0 \xd0\xb8\xd0\xb7\xd0\xbe\xd0\xb1\xd1\x80\xd0\xb0\xd0\xb6\xd0\xb5\xd0\xbd\xd0\xb8\xd0\xb5\xd1\x82\xd0\xbe \xd0\xbf\xd1\x80\xd0\xb5\xd0\xb7 Direct3D 12, Direct3D 11 \xd0\xb8\xd0\xbb\xd0\xb8 Vulkan. \xd0\x94\xd0\xbe\xd0\xb1\xd0\xb0\xd0\xb2\xd0\xba\xd0\xb0\xd1\x82\xd0\xb0 \xd0\xb5 \xd0\xb7\xd0\xb0\xd1\x80\xd0\xb5\xd0\xb4\xd0\xb5\xd0\xbd\xd0\xb0 \xd0\xb8 \xd0\xb1\xd0\xb5\xd0\xb7\xd0\xbe\xd0\xbf\xd0\xb0\xd1\x81\xd0\xbd\xd0\xb0; \xd0\xb2\xd1\x81\xd0\xb8\xd1\x87\xd0\xba\xd0\xbe \xd0\xb5 \xd0\xbd\xd0\xb0\xd1\x80\xd0\xb5\xd0\xb4."},
    {"If the game offers DirectX 12 in its graphics settings, switch to it and restart the game.",
     "\xd0\x90\xd0\xba\xd0\xbe \xd0\xb8\xd0\xb3\xd1\x80\xd0\xb0\xd1\x82\xd0\xb0 \xd0\xbf\xd1\x80\xd0\xb5\xd0\xb4\xd0\xbb\xd0\xb0\xd0\xb3\xd0\xb0 DirectX 12 \xd0\xb2 \xd0\xb3\xd1\x80\xd0\xb0\xd1\x84\xd0\xb8\xd1\x87\xd0\xbd\xd0\xb8\xd1\x82\xd0\xb5 \xd1\x81\xd0\xb8 \xd0\xbd\xd0\xb0\xd1\x81\xd1\x82\xd1\x80\xd0\xbe\xd0\xb9\xd0\xba\xd0\xb8, \xd0\xbf\xd1\x80\xd0\xb5\xd0\xb2\xd0\xba\xd0\xbb\xd1\x8e\xd1\x87\xd0\xb5\xd1\x82\xd0\xb5 \xd0\xbd\xd0\xb0 \xd0\xbd\xd0\xb5\xd0\xb3\xd0\xbe \xd0\xb8 \xd1\x80\xd0\xb5\xd1\x81\xd1\x82\xd0\xb0\xd1\x80\xd1\x82\xd0\xb8\xd1\x80\xd0\xb0\xd0\xb9\xd1\x82\xd0\xb5 \xd0\xb8\xd0\xb3\xd1\x80\xd0\xb0\xd1\x82\xd0\xb0."},
    {"NR is idle - only Frame Generation is on",
     "NR \xd0\xb1\xd0\xb5\xd0\xb7\xd0\xb4\xd0\xb5\xd0\xb9\xd1\x81\xd1\x82\xd0\xb2\xd0\xb0 - \xd0\xb2\xd0\xba\xd0\xbb\xd1\x8e\xd1\x87\xd0\xb5\xd0\xbd \xd0\xb5 \xd1\x81\xd0\xb0\xd0\xbc\xd0\xbe Frame Generation"},
    {"Frame Generation is a different DLSS feature. Neural Rendering improves DLSS upscaling.",
     "Frame Generation \xd0\xb5 \xd0\xb4\xd1\x80\xd1\x83\xd0\xb3\xd0\xb0 DLSS \xd1\x84\xd1\x83\xd0\xbd\xd0\xba\xd1\x86\xd0\xb8\xd1\x8f. Neural Rendering \xd0\xbf\xd0\xbe\xd0\xb4\xd0\xbe\xd0\xb1\xd1\x80\xd1\x8f\xd0\xb2\xd0\xb0 DLSS \xd0\xbc\xd0\xb0\xd1\x89\xd0\xb0\xd0\xb1\xd0\xb8\xd1\x80\xd0\xb0\xd0\xbd\xd0\xb5\xd1\x82\xd0\xbe."},
    {"Turn on DLSS or DLAA upscaling in the game's graphics settings, not only Frame Generation.",
     "\xd0\x92\xd0\xba\xd0\xbb\xd1\x8e\xd1\x87\xd0\xb5\xd1\x82\xd0\xb5 DLSS \xd0\xb8\xd0\xbb\xd0\xb8 DLAA \xd0\xbc\xd0\xb0\xd1\x89\xd0\xb0\xd0\xb1\xd0\xb8\xd1\x80\xd0\xb0\xd0\xbd\xd0\xb5 \xd0\xb2 \xd0\xb3\xd1\x80\xd0\xb0\xd1\x84\xd0\xb8\xd1\x87\xd0\xbd\xd0\xb8\xd1\x82\xd0\xb5 \xd0\xbd\xd0\xb0\xd1\x81\xd1\x82\xd1\x80\xd0\xbe\xd0\xb9\xd0\xba\xd0\xb8 \xd0\xbd\xd0\xb0 \xd0\xb8\xd0\xb3\xd1\x80\xd0\xb0\xd1\x82\xd0\xb0, \xd0\xbd\xd0\xb5 \xd1\x81\xd0\xb0\xd0\xbc\xd0\xbe Frame Generation."},
    {"This card turns green when it works.",
     "\xd0\x9a\xd0\xb0\xd1\x80\xd1\x82\xd0\xb0\xd1\x82\xd0\xb0 \xd1\x81\xd1\x82\xd0\xb0\xd0\xb2\xd0\xb0 \xd0\xb7\xd0\xb5\xd0\xbb\xd0\xb5\xd0\xbd\xd0\xb0, \xd0\xba\xd0\xbe\xd0\xb3\xd0\xb0\xd1\x82\xd0\xbe \xd1\x80\xd0\xb0\xd0\xb1\xd0\xbe\xd1\x82\xd0\xb8."},
    {"NR is idle - DLSS upscaling is off",
     "NR \xd0\xb1\xd0\xb5\xd0\xb7\xd0\xb4\xd0\xb5\xd0\xb9\xd1\x81\xd1\x82\xd0\xb2\xd0\xb0 - DLSS \xd0\xbc\xd0\xb0\xd1\x89\xd0\xb0\xd0\xb1\xd0\xb8\xd1\x80\xd0\xb0\xd0\xbd\xd0\xb5\xd1\x82\xd0\xbe \xd0\xb5 \xd0\xb8\xd0\xb7\xd0\xba\xd0\xbb\xd1\x8e\xd1\x87\xd0\xb5\xd0\xbd\xd0\xbe"},
    {"Neural Rendering improves DLSS, so it needs DLSS on.",
     "Neural Rendering \xd0\xbf\xd0\xbe\xd0\xb4\xd0\xbe\xd0\xb1\xd1\x80\xd1\x8f\xd0\xb2\xd0\xb0 DLSS, \xd0\xb7\xd0\xb0\xd1\x82\xd0\xbe\xd0\xb2\xd0\xb0 DLSS \xd1\x82\xd1\x80\xd1\x8f\xd0\xb1\xd0\xb2\xd0\xb0 \xd0\xb4\xd0\xb0 \xd0\xb5 \xd0\xb2\xd0\xba\xd0\xbb\xd1\x8e\xd1\x87\xd0\xb5\xd0\xbd."},
    {"Open the game's graphics settings.",
     "\xd0\x9e\xd1\x82\xd0\xb2\xd0\xbe\xd1\x80\xd0\xb5\xd1\x82\xd0\xb5 \xd0\xb3\xd1\x80\xd0\xb0\xd1\x84\xd0\xb8\xd1\x87\xd0\xbd\xd0\xb8\xd1\x82\xd0\xb5 \xd0\xbd\xd0\xb0\xd1\x81\xd1\x82\xd1\x80\xd0\xbe\xd0\xb9\xd0\xba\xd0\xb8 \xd0\xbd\xd0\xb0 \xd0\xb8\xd0\xb3\xd1\x80\xd0\xb0\xd1\x82\xd0\xb0."},
    {"Set DLSS or DLAA to any quality mode.",
     "\xd0\x97\xd0\xb0\xd0\xb4\xd0\xb0\xd0\xb9\xd1\x82\xd0\xb5 DLSS \xd0\xb8\xd0\xbb\xd0\xb8 DLAA \xd0\xbd\xd0\xb0 \xd0\xbf\xd1\x80\xd0\xbe\xd0\xb8\xd0\xb7\xd0\xb2\xd0\xbe\xd0\xbb\xd0\xb5\xd0\xbd \xd1\x80\xd0\xb5\xd0\xb6\xd0\xb8\xd0\xbc \xd0\xbd\xd0\xb0 \xd0\xba\xd0\xb0\xd1\x87\xd0\xb5\xd1\x81\xd1\x82\xd0\xb2\xd0\xbe."},
    {"NR needs the Streamline setting",
     "NR \xd1\x81\xd0\xb5 \xd0\xbd\xd1\x83\xd0\xb6\xd0\xb4\xd0\xb0\xd0\xb5 \xd0\xbe\xd1\x82 \xd0\xbd\xd0\xb0\xd1\x81\xd1\x82\xd1\x80\xd0\xbe\xd0\xb9\xd0\xba\xd0\xb0\xd1\x82\xd0\xb0 \xd0\xb7\xd0\xb0 Streamline"},
    {"This game hands DLSS its inputs through NVIDIA Streamline, which the default hook mode cannot read.",
     "\xd0\xa2\xd0\xb0\xd0\xb7\xd0\xb8 \xd0\xb8\xd0\xb3\xd1\x80\xd0\xb0 \xd0\xbf\xd0\xbe\xd0\xb4\xd0\xb0\xd0\xb2\xd0\xb0 \xd0\xb2\xd1\x85\xd0\xbe\xd0\xb4\xd0\xbe\xd0\xb2\xd0\xb5\xd1\x82\xd0\xb5 \xd0\xbd\xd0\xb0 DLSS \xd0\xbf\xd1\x80\xd0\xb5\xd0\xb7 NVIDIA Streamline, \xd0\xba\xd0\xbe\xd0\xb8\xd1\x82\xd0\xbe \xd1\x80\xd0\xb5\xd0\xb6\xd0\xb8\xd0\xbc\xd1\x8a\xd1\x82 \xd0\xbd\xd0\xb0 \xd0\xba\xd1\x83\xd0\xba\xd0\xb8\xd1\x82\xd0\xb5 \xd0\xbf\xd0\xbe \xd0\xbf\xd0\xbe\xd0\xb4\xd1\x80\xd0\xb0\xd0\xb7\xd0\xb1\xd0\xb8\xd1\x80\xd0\xb0\xd0\xbd\xd0\xb5 \xd0\xbd\xd0\xb5 \xd0\xbc\xd0\xbe\xd0\xb6\xd0\xb5 \xd0\xb4\xd0\xb0 \xd0\xbf\xd1\x80\xd0\xbe\xd1\x87\xd0\xb5\xd1\x82\xd0\xb5."},
    {"This game runs DLSS entirely through NVIDIA Streamline, which the default hook mode cannot see.",
     "\xd0\xa2\xd0\xb0\xd0\xb7\xd0\xb8 \xd0\xb8\xd0\xb3\xd1\x80\xd0\xb0 \xd0\xbf\xd1\x83\xd1\x81\xd0\xba\xd0\xb0 DLSS \xd0\xb8\xd0\xb7\xd1\x86\xd1\x8f\xd0\xbb\xd0\xbe \xd0\xbf\xd1\x80\xd0\xb5\xd0\xb7 NVIDIA Streamline, \xd0\xba\xd0\xbe\xd0\xb9\xd1\x82\xd0\xbe \xd1\x80\xd0\xb5\xd0\xb6\xd0\xb8\xd0\xbc\xd1\x8a\xd1\x82 \xd0\xbd\xd0\xb0 \xd0\xba\xd1\x83\xd0\xba\xd0\xb8\xd1\x82\xd0\xb5 \xd0\xbf\xd0\xbe \xd0\xbf\xd0\xbe\xd0\xb4\xd1\x80\xd0\xb0\xd0\xb7\xd0\xb1\xd0\xb8\xd1\x80\xd0\xb0\xd0\xbd\xd0\xb5 \xd0\xbd\xd0\xb5 \xd0\xb2\xd0\xb8\xd0\xb6\xd0\xb4\xd0\xb0."},
    {"Set EnableHooks=1 in the [RenoDX.DLSS5] section of ReShade.ini.",
     "\xd0\x97\xd0\xb0\xd0\xb4\xd0\xb0\xd0\xb9\xd1\x82\xd0\xb5 EnableHooks=1 \xd0\xb2 \xd1\x80\xd0\xb0\xd0\xb7\xd0\xb4\xd0\xb5\xd0\xbb\xd0\xb0 [RenoDX.DLSS5] \xd0\xbd\xd0\xb0 ReShade.ini."},
    {"Starting...",
     "\xd0\xa1\xd1\x82\xd0\xb0\xd1\x80\xd1\x82\xd0\xb8\xd1\x80\xd0\xb0\xd0\xbd\xd0\xb5..."},
    {"Waiting for the game to run DLSS.",
     "\xd0\x98\xd0\xb7\xd1\x87\xd0\xb0\xd0\xba\xd0\xb2\xd0\xb0\xd0\xbd\xd0\xb5 \xd0\xb8\xd0\xb3\xd1\x80\xd0\xb0\xd1\x82\xd0\xb0 \xd0\xb4\xd0\xb0 \xd0\xbf\xd1\x83\xd1\x81\xd0\xbd\xd0\xb5 DLSS."},
    {"DLSS is running; Neural Rendering is getting ready.",
     "DLSS \xd1\x80\xd0\xb0\xd0\xb1\xd0\xbe\xd1\x82\xd0\xb8; Neural Rendering \xd1\x81\xd0\xb5 \xd0\xbf\xd0\xbe\xd0\xb4\xd0\xb3\xd0\xbe\xd1\x82\xd0\xb2\xd1\x8f."},
    {"This game isn't using DLSS",
     "\xd0\xa2\xd0\xb0\xd0\xb7\xd0\xb8 \xd0\xb8\xd0\xb3\xd1\x80\xd0\xb0 \xd0\xbd\xd0\xb5 \xd0\xb8\xd0\xb7\xd0\xbf\xd0\xbe\xd0\xbb\xd0\xb7\xd0\xb2\xd0\xb0 DLSS"},
    {"No NVIDIA DLSS module has loaded, so Neural Rendering stays idle. Nothing is broken.",
     "\xd0\x9d\xd0\xb5 \xd0\xb5 \xd0\xb7\xd0\xb0\xd1\x80\xd0\xb5\xd0\xb4\xd0\xb5\xd0\xbd \xd0\xbc\xd0\xbe\xd0\xb4\xd1\x83\xd0\xbb \xd0\xbd\xd0\xb0 NVIDIA DLSS, \xd0\xb7\xd0\xb0\xd1\x82\xd0\xbe\xd0\xb2\xd0\xb0 Neural Rendering \xd0\xb1\xd0\xb5\xd0\xb7\xd0\xb4\xd0\xb5\xd0\xb9\xd1\x81\xd1\x82\xd0\xb2\xd0\xb0. \xd0\x9d\xd0\xb8\xd1\x89\xd0\xbe \xd0\xbd\xd0\xb5 \xd0\xb5 \xd0\xbf\xd0\xbe\xd0\xb2\xd1\x80\xd0\xb5\xd0\xb4\xd0\xb5\xd0\xbd\xd0\xbe."},
    {"%s%s%llu frames enhanced this session",
     "%s%s%llu \xd0\xbf\xd0\xbe\xd0\xb4\xd0\xbe\xd0\xb1\xd1\x80\xd0\xb5\xd0\xbd\xd0\xb8 \xd0\xba\xd0\xb0\xd0\xb4\xd1\x8a\xd1\x80\xd0\xb0 \xd0\xb2 \xd1\x82\xd0\xb0\xd0\xb7\xd0\xb8 \xd1\x81\xd0\xb5\xd1\x81\xd0\xb8\xd1\x8f"},
    {"%s%sEnhancing %llu of %llu frames",
     "%s%s\xd0\x9f\xd0\xbe\xd0\xb4\xd0\xbe\xd0\xb1\xd1\x80\xd1\x8f\xd0\xb2\xd0\xb0 %llu \xd0\xbe\xd1\x82 %llu \xd0\xba\xd0\xb0\xd0\xb4\xd1\x8a\xd1\x80\xd0\xb0"},
    {"NR: %.1f ms of GPU time per frame",
     "NR: %.1f ms \xd0\xb2\xd1\x80\xd0\xb5\xd0\xbc\xd0\xb5 \xd0\xbd\xd0\xb0 GPU \xd0\xb7\xd0\xb0 \xd0\xba\xd0\xb0\xd0\xb4\xd1\x8a\xd1\x80"},
    {"NR: %.1f ms of GPU time per frame (estimate: %.0f fps without NR, %.0f fps with it)",
     "NR: %.1f ms \xd0\xb2\xd1\x80\xd0\xb5\xd0\xbc\xd0\xb5 \xd0\xbd\xd0\xb0 GPU \xd0\xb7\xd0\xb0 \xd0\xba\xd0\xb0\xd0\xb4\xd1\x8a\xd1\x80 (\xd0\xbe\xd1\x86\xd0\xb5\xd0\xbd\xd0\xba\xd0\xb0: %.0f fps \xd0\xb1\xd0\xb5\xd0\xb7 NR, %.0f fps \xd1\x81 NR)"},
    {"Turn on",
     "\xd0\x92\xd0\xba\xd0\xbb\xd1\x8e\xd1\x87\xd0\xb8"},
    {"Open Diagnostics",
     "\xd0\x9e\xd1\x82\xd0\xb2\xd0\xbe\xd1\x80\xd0\xb8 \xd0\xb4\xd0\xb8\xd0\xb0\xd0\xb3\xd0\xbd\xd0\xbe\xd1\x81\xd1\x82\xd0\xb8\xd0\xba\xd0\xb0\xd1\x82\xd0\xb0"},
    {"Got it",
     "\xd0\xa0\xd0\xb0\xd0\xb7\xd0\xb1\xd1\x80\xd0\xb0\xd1\x85"},
    {"Reset to default (%s)",
     "\xd0\x9d\xd1\x83\xd0\xbb\xd0\xb8\xd1\x80\xd0\xb0\xd0\xb9 \xd0\xb4\xd0\xbe \xd1\x81\xd1\x82\xd0\xb0\xd0\xbd\xd0\xb4\xd0\xb0\xd1\x80\xd1\x82\xd0\xbd\xd0\xbe\xd1\x82\xd0\xbe (%s)"},
    {"Custom",
     "\xd0\x9f\xd0\xbe\xd1\x82\xd1\x80\xd0\xb5\xd0\xb1\xd0\xb8\xd1\x82\xd0\xb5\xd0\xbb\xd1\x81\xd0\xba\xd0\xb0"},
    {"The game's DLSS call lacked its output, depth or motion",
     "\xd0\x92 \xd0\xb8\xd0\xb7\xd0\xb2\xd0\xb8\xd0\xba\xd0\xb2\xd0\xb0\xd0\xbd\xd0\xb5\xd1\x82\xd0\xbe \xd0\xbd\xd0\xb0 DLSS \xd0\xbe\xd1\x82 \xd0\xb8\xd0\xb3\xd1\x80\xd0\xb0\xd1\x82\xd0\xb0 \xd0\xbb\xd0\xb8\xd0\xbf\xd1\x81\xd0\xb2\xd0\xb0\xd1\x85\xd0\xb0 \xd0\xb8\xd0\xb7\xd1\x85\xd0\xbe\xd0\xb4, \xd0\xb4\xd1\x8a\xd0\xbb\xd0\xb1\xd0\xbe\xd1\x87\xd0\xb8\xd0\xbd\xd0\xb0 \xd0\xb8\xd0\xbb\xd0\xb8 \xd0\xb4\xd0\xb2\xd0\xb8\xd0\xb6\xd0\xb5\xd0\xbd\xd0\xb8\xd0\xb5"},
    {"The game's DLSS output has a size or layout NR cannot use",
     "\xd0\x98\xd0\xb7\xd1\x85\xd0\xbe\xd0\xb4\xd1\x8a\xd1\x82 \xd0\xbd\xd0\xb0 DLSS \xd0\xbd\xd0\xb0 \xd0\xb8\xd0\xb3\xd1\x80\xd0\xb0\xd1\x82\xd0\xb0 \xd0\xb8\xd0\xbc\xd0\xb0 \xd1\x80\xd0\xb0\xd0\xb7\xd0\xbc\xd0\xb5\xd1\x80 \xd0\xb8\xd0\xbb\xd0\xb8 \xd0\xbf\xd0\xbe\xd0\xb4\xd1\x80\xd0\xb5\xd0\xb4\xd0\xb1\xd0\xb0, \xd0\xba\xd0\xbe\xd0\xb8\xd1\x82\xd0\xbe NR \xd0\xbd\xd0\xb5 \xd0\xbc\xd0\xbe\xd0\xb6\xd0\xb5 \xd0\xb4\xd0\xb0 \xd0\xb8\xd0\xb7\xd0\xbf\xd0\xbe\xd0\xbb\xd0\xb7\xd0\xb2\xd0\xb0"},
    {"The game's image before upscaling has a size or layout NR cannot use",
     "\xd0\x98\xd0\xb7\xd0\xbe\xd0\xb1\xd1\x80\xd0\xb0\xd0\xb6\xd0\xb5\xd0\xbd\xd0\xb8\xd0\xb5\xd1\x82\xd0\xbe \xd0\xbd\xd0\xb0 \xd0\xb8\xd0\xb3\xd1\x80\xd0\xb0\xd1\x82\xd0\xb0 \xd0\xbf\xd1\x80\xd0\xb5\xd0\xb4\xd0\xb8 \xd0\xbc\xd0\xb0\xd1\x89\xd0\xb0\xd0\xb1\xd0\xb8\xd1\x80\xd0\xb0\xd0\xbd\xd0\xb5 \xd0\xb8\xd0\xbc\xd0\xb0 \xd1\x80\xd0\xb0\xd0\xb7\xd0\xbc\xd0\xb5\xd1\x80 \xd0\xb8\xd0\xbb\xd0\xb8 \xd0\xbf\xd0\xbe\xd0\xb4\xd1\x80\xd0\xb5\xd0\xb4\xd0\xb1\xd0\xb0, \xd0\xba\xd0\xbe\xd0\xb8\xd1\x82\xd0\xbe NR \xd0\xbd\xd0\xb5 \xd0\xbc\xd0\xbe\xd0\xb6\xd0\xb5 \xd0\xb4\xd0\xb0 \xd0\xb8\xd0\xb7\xd0\xbf\xd0\xbe\xd0\xbb\xd0\xb7\xd0\xb2\xd0\xb0"},
    {"Streamline did not hand over every image NR needs",
     "Streamline \xd0\xbd\xd0\xb5 \xd0\xbf\xd1\x80\xd0\xb5\xd0\xb4\xd0\xb0\xd0\xb4\xd0\xb5 \xd0\xb2\xd1\x81\xd0\xb8\xd1\x87\xd0\xba\xd0\xb8 \xd0\xb8\xd0\xb7\xd0\xbe\xd0\xb1\xd1\x80\xd0\xb0\xd0\xb6\xd0\xb5\xd0\xbd\xd0\xb8\xd1\x8f, \xd0\xbd\xd1\x83\xd0\xb6\xd0\xbd\xd0\xb8 \xd0\xbd\xd0\xb0 NR"},
    {"Streamline's images were in a state NR cannot use",
     "\xd0\x98\xd0\xb7\xd0\xbe\xd0\xb1\xd1\x80\xd0\xb0\xd0\xb6\xd0\xb5\xd0\xbd\xd0\xb8\xd1\x8f\xd1\x82\xd0\xb0 \xd0\xbd\xd0\xb0 Streamline \xd0\xb1\xd1\x8f\xd1\x85\xd0\xb0 \xd0\xb2 \xd1\x81\xd1\x8a\xd1\x81\xd1\x82\xd0\xbe\xd1\x8f\xd0\xbd\xd0\xb8\xd0\xb5, \xd0\xba\xd0\xbe\xd0\xb5\xd1\x82\xd0\xbe NR \xd0\xbd\xd0\xb5 \xd0\xbc\xd0\xbe\xd0\xb6\xd0\xb5 \xd0\xb4\xd0\xb0 \xd0\xb8\xd0\xb7\xd0\xbf\xd0\xbe\xd0\xbb\xd0\xb7\xd0\xb2\xd0\xb0"},
    {"The NR runtime was not ready for Streamline",
     "\xd0\xa1\xd1\x80\xd0\xb5\xd0\xb4\xd0\xb0\xd1\x82\xd0\xb0 \xd0\xbd\xd0\xb0 NR \xd0\xbd\xd0\xb5 \xd0\xb1\xd0\xb5\xd1\x88\xd0\xb5 \xd0\xb3\xd0\xbe\xd1\x82\xd0\xbe\xd0\xb2\xd0\xb0 \xd0\xb7\xd0\xb0 Streamline"},
    {"The frame was already enhanced (the game ran DLSS twice)",
     "\xd0\x9a\xd0\xb0\xd0\xb4\xd1\x8a\xd1\x80\xd1\x8a\xd1\x82 \xd0\xb2\xd0\xb5\xd1\x87\xd0\xb5 \xd0\xb1\xd0\xb5\xd1\x88\xd0\xb5 \xd0\xbf\xd0\xbe\xd0\xb4\xd0\xbe\xd0\xb1\xd1\x80\xd0\xb5\xd0\xbd (\xd0\xb8\xd0\xb3\xd1\x80\xd0\xb0\xd1\x82\xd0\xb0 \xd0\xb8\xd0\xb7\xd0\xb2\xd0\xb8\xd0\xba\xd0\xb0 DLSS \xd0\xb4\xd0\xb2\xd0\xb0 \xd0\xbf\xd1\x8a\xd1\x82\xd0\xb8)"},
    {"The game's GPU state could not be restored safely",
     "\xd0\xa1\xd1\x8a\xd1\x81\xd1\x82\xd0\xbe\xd1\x8f\xd0\xbd\xd0\xb8\xd0\xb5\xd1\x82\xd0\xbe \xd0\xbd\xd0\xb0 GPU \xd0\xbd\xd0\xb0 \xd0\xb8\xd0\xb3\xd1\x80\xd0\xb0\xd1\x82\xd0\xb0 \xd0\xbd\xd0\xb5 \xd0\xbc\xd0\xbe\xd0\xb6\xd0\xb0 \xd0\xb4\xd0\xb0 \xd0\xb1\xd1\x8a\xd0\xb4\xd0\xb5 \xd0\xb2\xd1\x8a\xd0\xb7\xd1\x81\xd1\x82\xd0\xb0\xd0\xbd\xd0\xbe\xd0\xb2\xd0\xb5\xd0\xbd\xd0\xbe \xd0\xb1\xd0\xb5\xd0\xb7\xd0\xbe\xd0\xbf\xd0\xb0\xd1\x81\xd0\xbd\xd0\xbe"},
    {"NR could not set up its working images",
     "NR \xd0\xbd\xd0\xb5 \xd1\x83\xd1\x81\xd0\xbf\xd1\x8f \xd0\xb4\xd0\xb0 \xd0\xbf\xd0\xbe\xd0\xb4\xd0\xb3\xd0\xbe\xd1\x82\xd0\xb2\xd0\xb8 \xd1\x80\xd0\xb0\xd0\xb1\xd0\xbe\xd1\x82\xd0\xbd\xd0\xb8\xd1\x82\xd0\xb5 \xd1\x81\xd0\xb8 \xd0\xb8\xd0\xb7\xd0\xbe\xd0\xb1\xd1\x80\xd0\xb0\xd0\xb6\xd0\xb5\xd0\xbd\xd0\xb8\xd1\x8f"},
    {"Warm-up after a start or a settings change",
     "\xd0\x97\xd0\xb0\xd0\xb3\xd1\x80\xd1\x8f\xd0\xb2\xd0\xb0\xd0\xbd\xd0\xb5 \xd1\x81\xd0\xbb\xd0\xb5\xd0\xb4 \xd1\x81\xd1\x82\xd0\xb0\xd1\x80\xd1\x82\xd0\xb8\xd1\x80\xd0\xb0\xd0\xbd\xd0\xb5 \xd0\xb8\xd0\xbb\xd0\xb8 \xd0\xbf\xd1\x80\xd0\xbe\xd0\xbc\xd1\x8f\xd0\xbd\xd0\xb0 \xd0\xbd\xd0\xb0 \xd0\xbd\xd0\xb0\xd1\x81\xd1\x82\xd1\x80\xd0\xbe\xd0\xb9\xd0\xba\xd0\xb8"},
    {"Strength is 0 in every pass",
     "\xd0\xa1\xd0\xb8\xd0\xbb\xd0\xb0\xd1\x82\xd0\xb0 \xd0\xb5 0 \xd0\xb2\xd1\x8a\xd0\xb2 \xd0\xb2\xd1\x81\xd1\x8f\xd0\xba\xd0\xbe \xd0\xbf\xd1\x80\xd0\xb5\xd0\xbc\xd0\xb8\xd0\xbd\xd0\xb0\xd0\xb2\xd0\xb0\xd0\xbd\xd0\xb5"},
    {"Waiting to retry after a failure",
     "\xd0\x98\xd0\xb7\xd1\x87\xd0\xb0\xd0\xba\xd0\xb2\xd0\xb0\xd0\xbd\xd0\xb5 \xd0\xb7\xd0\xb0 \xd0\xbd\xd0\xbe\xd0\xb2 \xd0\xbe\xd0\xbf\xd0\xb8\xd1\x82 \xd1\x81\xd0\xbb\xd0\xb5\xd0\xb4 \xd0\xb3\xd1\x80\xd0\xb5\xd1\x88\xd0\xba\xd0\xb0"},
    {"The NR runtime is not available",
     "\xd0\xa1\xd1\x80\xd0\xb5\xd0\xb4\xd0\xb0\xd1\x82\xd0\xb0 \xd0\xbd\xd0\xb0 NR \xd0\xbd\xd0\xb5 \xd0\xb5 \xd0\xbd\xd0\xb0\xd0\xbb\xd0\xb8\xd1\x87\xd0\xbd\xd0\xb0"},
    {"The Direct3D 11 bridge was not running",
     "\xd0\x9c\xd0\xbe\xd1\x81\xd1\x82\xd1\x8a\xd1\x82 \xd0\xbd\xd0\xb0 Direct3D 11 \xd0\xbd\xd0\xb5 \xd1\x80\xd0\xb0\xd0\xb1\xd0\xbe\xd1\x82\xd0\xb5\xd1\x88\xd0\xb5"},
    {"This frame's images cannot cross the Direct3D 11 bridge",
     "\xd0\x98\xd0\xb7\xd0\xbe\xd0\xb1\xd1\x80\xd0\xb0\xd0\xb6\xd0\xb5\xd0\xbd\xd0\xb8\xd1\x8f\xd1\x82\xd0\xb0 \xd0\xbd\xd0\xb0 \xd1\x82\xd0\xbe\xd0\xb7\xd0\xb8 \xd0\xba\xd0\xb0\xd0\xb4\xd1\x8a\xd1\x80 \xd0\xbd\xd0\xb5 \xd0\xbc\xd0\xbe\xd0\xb3\xd0\xb0\xd1\x82 \xd0\xb4\xd0\xb0 \xd0\xbc\xd0\xb8\xd0\xbd\xd0\xb0\xd1\x82 \xd0\xbf\xd1\x80\xd0\xb5\xd0\xb7 \xd0\xbc\xd0\xbe\xd1\x81\xd1\x82\xd0\xb0 \xd0\xbd\xd0\xb0 Direct3D 11"},
    {"The Direct3D 11 bridge was still busy on the GPU",
     "\xd0\x9c\xd0\xbe\xd1\x81\xd1\x82\xd1\x8a\xd1\x82 \xd0\xbd\xd0\xb0 Direct3D 11 \xd0\xbe\xd1\x89\xd0\xb5 \xd0\xb1\xd0\xb5\xd1\x88\xd0\xb5 \xd0\xb7\xd0\xb0\xd0\xb5\xd1\x82 \xd0\xbd\xd0\xb0 GPU"},
    {"A Direct3D 11 bridge frame stalled and was released",
     "\xd0\x9a\xd0\xb0\xd0\xb4\xd1\x8a\xd1\x80 \xd0\xbe\xd1\x82 \xd0\xbc\xd0\xbe\xd1\x81\xd1\x82\xd0\xb0 \xd0\xbd\xd0\xb0 Direct3D 11 \xd0\xb1\xd0\xbb\xd0\xbe\xd0\xba\xd0\xb8\xd1\x80\xd0\xb0 \xd0\xb8 \xd0\xb1\xd0\xb5\xd1\x88\xd0\xb5 \xd0\xbe\xd1\x81\xd0\xb2\xd0\xbe\xd0\xb1\xd0\xbe\xd0\xb4\xd0\xb5\xd0\xbd"},
    {"The Direct3D 11 bridge was lost",
     "\xd0\x9c\xd0\xbe\xd1\x81\xd1\x82\xd1\x8a\xd1\x82 \xd0\xbd\xd0\xb0 Direct3D 11 \xd0\xb1\xd0\xb5\xd1\x88\xd0\xb5 \xd0\xb7\xd0\xb0\xd0\xb3\xd1\x83\xd0\xb1\xd0\xb5\xd0\xbd"},
    {"The game ran DLSS on a deferred Direct3D 11 context",
     "\xd0\x98\xd0\xb3\xd1\x80\xd0\xb0\xd1\x82\xd0\xb0 \xd0\xb8\xd0\xb7\xd0\xb2\xd0\xb8\xd0\xba\xd0\xb0 DLSS \xd0\xb2 \xd0\xbe\xd1\x82\xd0\xbb\xd0\xbe\xd0\xb6\xd0\xb5\xd0\xbd \xd0\xba\xd0\xbe\xd0\xbd\xd1\x82\xd0\xb5\xd0\xba\xd1\x81\xd1\x82 \xd0\xbd\xd0\xb0 Direct3D 11"},
    {"Waiting for a closed window's GPU work to finish",
     "\xd0\x98\xd0\xb7\xd1\x87\xd0\xb0\xd0\xba\xd0\xb2\xd0\xb0\xd0\xbd\xd0\xb5 \xd1\x80\xd0\xb0\xd0\xb1\xd0\xbe\xd1\x82\xd0\xb0\xd1\x82\xd0\xb0 \xd0\xbd\xd0\xb0 GPU \xd0\xbd\xd0\xb0 \xd0\xb7\xd0\xb0\xd1\x82\xd0\xb2\xd0\xbe\xd1\x80\xd0\xb5\xd0\xbd \xd0\xbf\xd1\x80\xd0\xbe\xd0\xb7\xd0\xbe\xd1\x80\xd0\xb5\xd1\x86 \xd0\xb4\xd0\xb0 \xd0\xbf\xd1\x80\xd0\xb8\xd0\xba\xd0\xbb\xd1\x8e\xd1\x87\xd0\xb8"},
    {"Earlier presents or the game's DLSS work were still busy",
     "\xd0\x9f\xd1\x80\xd0\xb5\xd0\xb4\xd0\xb8\xd1\x88\xd0\xbd\xd0\xb8 \xd0\xb8\xd0\xb7\xd0\xb2\xd0\xb5\xd0\xb6\xd0\xb4\xd0\xb0\xd0\xbd\xd0\xb8\xd1\x8f \xd0\xb8\xd0\xbb\xd0\xb8 \xd1\x80\xd0\xb0\xd0\xb1\xd0\xbe\xd1\x82\xd0\xb0\xd1\x82\xd0\xb0 \xd0\xbd\xd0\xb0 DLSS \xd0\xbd\xd0\xb0 \xd0\xb8\xd0\xb3\xd1\x80\xd0\xb0\xd1\x82\xd0\xb0 \xd0\xbe\xd1\x89\xd0\xb5 \xd0\xb1\xd1\x8f\xd1\x85\xd0\xb0 \xd0\xb7\xd0\xb0\xd0\xb5\xd1\x82\xd0\xb8"},
    {"No depth and motion matched the present (Depth and motion: Required)",
     "\xd0\x9d\xd1\x8f\xd0\xbc\xd0\xb0 \xd0\xb4\xd1\x8a\xd0\xbb\xd0\xb1\xd0\xbe\xd1\x87\xd0\xb8\xd0\xbd\xd0\xb0 \xd0\xb8 \xd0\xb4\xd0\xb2\xd0\xb8\xd0\xb6\xd0\xb5\xd0\xbd\xd0\xb8\xd0\xb5, \xd1\x81\xd1\x8a\xd0\xb2\xd0\xbf\xd0\xb0\xd0\xb4\xd0\xb0\xd1\x89\xd0\xb8 \xd1\x81 \xd0\xb8\xd0\xb7\xd0\xb2\xd0\xb5\xd0\xb6\xd0\xb4\xd0\xb0\xd0\xbd\xd0\xb5\xd1\x82\xd0\xbe (\xd0\x94\xd1\x8a\xd0\xbb\xd0\xb1\xd0\xbe\xd1\x87\xd0\xb8\xd0\xbd\xd0\xb0 \xd0\xb8 \xd0\xb4\xd0\xb2\xd0\xb8\xd0\xb6\xd0\xb5\xd0\xbd\xd0\xb8\xd0\xb5: \xd0\x97\xd0\xb0\xd0\xb4\xd1\x8a\xd0\xbb\xd0\xb6\xd0\xb8\xd1\x82\xd0\xb5\xd0\xbb\xd0\xbd\xd0\xbe)"},
    {"NR is moving to another device and waits for its GPU work",
     "NR \xd0\xbf\xd1\x80\xd0\xb5\xd0\xbc\xd0\xb8\xd0\xbd\xd0\xb0\xd0\xb2\xd0\xb0 \xd0\xba\xd1\x8a\xd0\xbc \xd0\xb4\xd1\x80\xd1\x83\xd0\xb3\xd0\xbe \xd1\x83\xd1\x81\xd1\x82\xd1\x80\xd0\xbe\xd0\xb9\xd1\x81\xd1\x82\xd0\xb2\xd0\xbe \xd0\xb8 \xd1\x87\xd0\xb0\xd0\xba\xd0\xb0 \xd1\x80\xd0\xb0\xd0\xb1\xd0\xbe\xd1\x82\xd0\xb0\xd1\x82\xd0\xb0 \xd0\xbc\xd1\x83 \xd0\xbd\xd0\xb0 GPU"},
    {"The game switches between two views of its device",
     "\xd0\x98\xd0\xb3\xd1\x80\xd0\xb0\xd1\x82\xd0\xb0 \xd0\xbf\xd1\x80\xd0\xb5\xd0\xb2\xd0\xba\xd0\xbb\xd1\x8e\xd1\x87\xd0\xb2\xd0\xb0 \xd0\xbc\xd0\xb5\xd0\xb6\xd0\xb4\xd1\x83 \xd0\xb4\xd0\xb2\xd0\xb0 \xd0\xb8\xd0\xb7\xd0\xb3\xd0\xbb\xd0\xb5\xd0\xb4\xd0\xb0 \xd0\xbd\xd0\xb0 \xd1\x83\xd1\x81\xd1\x82\xd1\x80\xd0\xbe\xd0\xb9\xd1\x81\xd1\x82\xd0\xb2\xd0\xbe\xd1\x82\xd0\xbe \xd1\x81\xd0\xb8"},
    {"The game's DLSS call named no render size (EnableHooks=1 helps Streamline games)",
     "\xd0\x98\xd0\xb7\xd0\xb2\xd0\xb8\xd0\xba\xd0\xb2\xd0\xb0\xd0\xbd\xd0\xb5\xd1\x82\xd0\xbe \xd0\xbd\xd0\xb0 DLSS \xd0\xbe\xd1\x82 \xd0\xb8\xd0\xb3\xd1\x80\xd0\xb0\xd1\x82\xd0\xb0 \xd0\xbd\xd0\xb5 \xd0\xbf\xd0\xbe\xd1\x81\xd0\xbe\xd1\x87\xd0\xb8 \xd1\x80\xd0\xb0\xd0\xb7\xd0\xbc\xd0\xb5\xd1\x80 \xd0\xbd\xd0\xb0 \xd1\x80\xd0\xb5\xd0\xbd\xd0\xb4\xd0\xb5\xd1\x80\xd0\xb8\xd1\x80\xd0\xb0\xd0\xbd\xd0\xb5 (EnableHooks=1 \xd0\xbf\xd0\xbe\xd0\xbc\xd0\xb0\xd0\xb3\xd0\xb0 \xd0\xbf\xd1\x80\xd0\xb8 \xd0\xb8\xd0\xb3\xd1\x80\xd0\xb8 \xd1\x81\xd1\x8a\xd1\x81 Streamline)"},
    {"The game's Vulkan device lacks an extension NR needs",
     "Vulkan \xd1\x83\xd1\x81\xd1\x82\xd1\x80\xd0\xbe\xd0\xb9\xd1\x81\xd1\x82\xd0\xb2\xd0\xbe\xd1\x82\xd0\xbe \xd0\xbd\xd0\xb0 \xd0\xb8\xd0\xb3\xd1\x80\xd0\xb0\xd1\x82\xd0\xb0 \xd0\xbd\xd1\x8f\xd0\xbc\xd0\xb0 \xd1\x80\xd0\xb0\xd0\xb7\xd1\x88\xd0\xb8\xd1\x80\xd0\xb5\xd0\xbd\xd0\xb8\xd0\xb5, \xd0\xbe\xd1\x82 \xd0\xba\xd0\xbe\xd0\xb5\xd1\x82\xd0\xbe NR \xd1\x81\xd0\xb5 \xd0\xbd\xd1\x83\xd0\xb6\xd0\xb4\xd0\xb0\xd0\xb5"},
    {"NR has not seen the game's Vulkan DLSS start up",
     "NR \xd0\xbd\xd0\xb5 \xd0\xb5 \xd0\xb2\xd0\xb8\xd0\xb4\xd1\x8f\xd0\xbb \xd1\x81\xd1\x82\xd0\xb0\xd1\x80\xd1\x82\xd0\xb8\xd1\x80\xd0\xb0\xd0\xbd\xd0\xb5\xd1\x82\xd0\xbe \xd0\xbd\xd0\xb0 Vulkan DLSS \xd0\xbd\xd0\xb0 \xd0\xb8\xd0\xb3\xd1\x80\xd0\xb0\xd1\x82\xd0\xb0"},
    {"The game ran DLSS on a second Vulkan device",
     "\xd0\x98\xd0\xb3\xd1\x80\xd0\xb0\xd1\x82\xd0\xb0 \xd0\xbf\xd1\x83\xd1\x81\xd0\xbd\xd0\xb0 DLSS \xd0\xbd\xd0\xb0 \xd0\xb2\xd1\x82\xd0\xbe\xd1\x80\xd0\xbe Vulkan \xd1\x83\xd1\x81\xd1\x82\xd1\x80\xd0\xbe\xd0\xb9\xd1\x81\xd1\x82\xd0\xb2\xd0\xbe"},
    {"on",
     "\xd0\xb2\xd0\xba\xd0\xbb."},
    {"off",
     "\xd0\xb8\xd0\xb7\xd0\xba\xd0\xbb."},
    {"Default",
     "\xd0\x9f\xd0\xbe \xd0\xbf\xd0\xbe\xd0\xb4\xd1\x80\xd0\xb0\xd0\xb7\xd0\xb1\xd0\xb8\xd1\x80\xd0\xb0\xd0\xbd\xd0\xb5"},
    {"Natural",
     "\xd0\x95\xd1\x81\xd1\x82\xd0\xb5\xd1\x81\xd1\x82\xd0\xb2\xd0\xb5\xd0\xbd"},
    {"Cinematic",
     "\xd0\x9a\xd0\xb8\xd0\xbd\xd0\xb5\xd0\xbc\xd0\xb0\xd1\x82\xd0\xbe\xd0\xb3\xd1\x80\xd0\xb0\xd1\x84\xd0\xb8\xd1\x87\xd0\xb5\xd0\xbd"},
    {"Style",
     "\xd0\xa1\xd1\x82\xd0\xb8\xd0\xbb"},
    {"Default = the runtime's own choice; Natural and Cinematic force that look explicitly.",
     "\xc2\xab\xd0\x9f\xd0\xbe \xd0\xbf\xd0\xbe\xd0\xb4\xd1\x80\xd0\xb0\xd0\xb7\xd0\xb1\xd0\xb8\xd1\x80\xd0\xb0\xd0\xbd\xd0\xb5\xc2\xbb = \xd0\xb8\xd0\xb7\xd0\xb1\xd0\xbe\xd1\x80\xd1\x8a\xd1\x82 \xd0\xbd\xd0\xb0 \xd1\x81\xd0\xb0\xd0\xbc\xd0\xb0\xd1\x82\xd0\xb0 \xd1\x81\xd1\x80\xd0\xb5\xd0\xb4\xd0\xb0; \xc2\xab\xd0\x95\xd1\x81\xd1\x82\xd0\xb5\xd1\x81\xd1\x82\xd0\xb2\xd0\xb5\xd0\xbd\xc2\xbb \xd0\xb8 \xc2\xab\xd0\x9a\xd0\xb8\xd0\xbd\xd0\xb5\xd0\xbc\xd0\xb0\xd1\x82\xd0\xbe\xd0\xb3\xd1\x80\xd0\xb0\xd1\x84\xd0\xb8\xd1\x87\xd0\xb5\xd0\xbd\xc2\xbb \xd0\xbd\xd0\xb0\xd0\xbb\xd0\xb0\xd0\xb3\xd0\xb0\xd1\x82 \xd1\x82\xd0\xb0\xd0\xb7\xd0\xb8 \xd0\xb2\xd0\xb8\xd0\xb7\xd0\xb8\xd1\x8f \xd0\xb8\xd0\xb7\xd1\x80\xd0\xb8\xd1\x87\xd0\xbd\xd0\xbe."},
    {"Local tone",
     "\xd0\x9b\xd0\xbe\xd0\xba\xd0\xb0\xd0\xbb\xd0\xb5\xd0\xbd \xd1\x82\xd0\xbe\xd0\xbd"},
    {"How strongly the model reshapes brightness and contrast area by area; higher is a stronger change, 1 is the default.  A change restarts NR's history for a moment.",
     "\xd0\x9a\xd0\xbe\xd0\xbb\xd0\xba\xd0\xbe \xd1\x81\xd0\xb8\xd0\xbb\xd0\xbd\xd0\xbe \xd0\xbc\xd0\xbe\xd0\xb4\xd0\xb5\xd0\xbb\xd1\x8a\xd1\x82 \xd0\xbf\xd1\x80\xd0\xbe\xd0\xbc\xd0\xb5\xd0\xbd\xd1\x8f \xd1\x8f\xd1\x80\xd0\xba\xd0\xbe\xd1\x81\xd1\x82\xd1\x82\xd0\xb0 \xd0\xb8 \xd0\xba\xd0\xbe\xd0\xbd\xd1\x82\xd1\x80\xd0\xb0\xd1\x81\xd1\x82\xd0\xb0 \xd0\xbf\xd0\xbe \xd1\x83\xd1\x87\xd0\xb0\xd1\x81\xd1\x82\xd1\x8a\xd1\x86\xd0\xb8; \xd0\xbf\xd0\xbe-\xd0\xb2\xd0\xb8\xd1\x81\xd0\xbe\xd0\xba\xd0\xbe \xd0\xb5 \xd0\xbf\xd0\xbe-\xd1\x81\xd0\xb8\xd0\xbb\xd0\xbd\xd0\xb0 \xd0\xbf\xd1\x80\xd0\xbe\xd0\xbc\xd1\x8f\xd0\xbd\xd0\xb0, 1 \xd0\xb5 \xd0\xbf\xd0\xbe \xd0\xbf\xd0\xbe\xd0\xb4\xd1\x80\xd0\xb0\xd0\xb7\xd0\xb1\xd0\xb8\xd1\x80\xd0\xb0\xd0\xbd\xd0\xb5. \xd0\x9f\xd1\x80\xd0\xbe\xd0\xbc\xd1\x8f\xd0\xbd\xd0\xb0 \xd1\x80\xd0\xb5\xd1\x81\xd1\x82\xd0\xb0\xd1\x80\xd1\x82\xd0\xb8\xd1\x80\xd0\xb0 \xd0\xb7\xd0\xb0 \xd0\xbc\xd0\xbe\xd0\xbc\xd0\xb5\xd0\xbd\xd1\x82 \xd0\xb8\xd1\x81\xd1\x82\xd0\xbe\xd1\x80\xd0\xb8\xd1\x8f\xd1\x82\xd0\xb0 \xd0\xbd\xd0\xb0 NR."},
    {"Structure",
     "\xd0\xa1\xd1\x82\xd1\x80\xd1\x83\xd0\xba\xd1\x82\xd1\x83\xd1\x80\xd0\xb0"},
    {"How strongly the model reworks fine structure and surface detail; higher is a stronger change, 1 is the default.  It changes what the model makes and restarts it; Fine detail under Limits and stability reshapes what it made, live.",
     "\xd0\x9a\xd0\xbe\xd0\xbb\xd0\xba\xd0\xbe \xd1\x81\xd0\xb8\xd0\xbb\xd0\xbd\xd0\xbe \xd0\xbc\xd0\xbe\xd0\xb4\xd0\xb5\xd0\xbb\xd1\x8a\xd1\x82 \xd0\xbf\xd1\x80\xd0\xb5\xd1\x80\xd0\xb0\xd0\xb1\xd0\xbe\xd1\x82\xd0\xb2\xd0\xb0 \xd1\x84\xd0\xb8\xd0\xbd\xd0\xb0\xd1\x82\xd0\xb0 \xd1\x81\xd1\x82\xd1\x80\xd1\x83\xd0\xba\xd1\x82\xd1\x83\xd1\x80\xd0\xb0 \xd0\xb8 \xd0\xb4\xd0\xb5\xd1\x82\xd0\xb0\xd0\xb9\xd0\xbb\xd0\xb8\xd1\x82\xd0\xb5 \xd0\xbd\xd0\xb0 \xd0\xbf\xd0\xbe\xd0\xb2\xd1\x8a\xd1\x80\xd1\x85\xd0\xbd\xd0\xbe\xd1\x81\xd1\x82\xd0\xb8\xd1\x82\xd0\xb5; \xd0\xbf\xd0\xbe-\xd0\xb2\xd0\xb8\xd1\x81\xd0\xbe\xd0\xba\xd0\xbe \xd0\xb5 \xd0\xbf\xd0\xbe-\xd1\x81\xd0\xb8\xd0\xbb\xd0\xbd\xd0\xb0 \xd0\xbf\xd1\x80\xd0\xbe\xd0\xbc\xd1\x8f\xd0\xbd\xd0\xb0, 1 \xd0\xb5 \xd0\xbf\xd0\xbe \xd0\xbf\xd0\xbe\xd0\xb4\xd1\x80\xd0\xb0\xd0\xb7\xd0\xb1\xd0\xb8\xd1\x80\xd0\xb0\xd0\xbd\xd0\xb5. \xd0\x9f\xd1\x80\xd0\xbe\xd0\xbc\xd0\xb5\xd0\xbd\xd1\x8f \xd1\x82\xd0\xbe\xd0\xb2\xd0\xb0, \xd0\xba\xd0\xbe\xd0\xb5\xd1\x82\xd0\xbe \xd0\xbc\xd0\xbe\xd0\xb4\xd0\xb5\xd0\xbb\xd1\x8a\xd1\x82 \xd1\x81\xd1\x8a\xd0\xb7\xd0\xb4\xd0\xb0\xd0\xb2\xd0\xb0, \xd0\xb8 \xd0\xb3\xd0\xbe \xd1\x80\xd0\xb5\xd1\x81\xd1\x82\xd0\xb0\xd1\x80\xd1\x82\xd0\xb8\xd1\x80\xd0\xb0; \xd0\xa4\xd0\xb8\xd0\xbd\xd0\xb8 \xd0\xb4\xd0\xb5\xd1\x82\xd0\xb0\xd0\xb9\xd0\xbb\xd0\xb8 \xd0\xb2 \xd0\x93\xd1\x80\xd0\xb0\xd0\xbd\xd0\xb8\xd1\x86\xd0\xb8 \xd0\xb8 \xd1\x81\xd1\x82\xd0\xb0\xd0\xb1\xd0\xb8\xd0\xbb\xd0\xbd\xd0\xbe\xd1\x81\xd1\x82 \xd0\xbf\xd1\x80\xd0\xbe\xd0\xbc\xd0\xb5\xd0\xbd\xd1\x8f \xd1\x80\xd0\xb5\xd0\xb7\xd1\x83\xd0\xbb\xd1\x82\xd0\xb0\xd1\x82\xd0\xb0 \xd0\xbd\xd0\xb0 \xd0\xb6\xd0\xb8\xd0\xb2\xd0\xbe."},
    {"sent as 1.00: higher values are ignored",
     "\xd0\xb8\xd0\xb7\xd0\xbf\xd1\x80\xd0\xb0\xd1\x89\xd0\xb0 \xd1\x81\xd0\xb5 \xd0\xba\xd0\xb0\xd1\x82\xd0\xbe 1.00: \xd0\xbf\xd0\xbe-\xd0\xb2\xd0\xb8\xd1\x81\xd0\xbe\xd0\xba\xd0\xb8\xd1\x82\xd0\xb5 \xd1\x81\xd1\x82\xd0\xbe\xd0\xb9\xd0\xbd\xd0\xbe\xd1\x81\xd1\x82\xd0\xb8 \xd1\x81\xd0\xb5 \xd0\xbf\xd1\x80\xd0\xb5\xd0\xbd\xd0\xb5\xd0\xb1\xd1\x80\xd0\xb5\xd0\xb3\xd0\xb2\xd0\xb0\xd1\x82"},
    {"Character / skin",
     "\xd0\x9f\xd0\xb5\xd1\x80\xd1\x81\xd0\xbe\xd0\xbd\xd0\xb0\xd0\xb6\xd0\xb8 / \xd0\xba\xd0\xbe\xd0\xb6\xd0\xb0"},
    {"How much the model reworks the skin of the people the Character mask finds: 0 is the least, 1 is stock.  Rough skin gains texture, smooth skin is evened out.",
     "\xd0\x9a\xd0\xbe\xd0\xbb\xd0\xba\xd0\xbe \xd1\x81\xd0\xb8\xd0\xbb\xd0\xbd\xd0\xbe \xd0\xbc\xd0\xbe\xd0\xb4\xd0\xb5\xd0\xbb\xd1\x8a\xd1\x82 \xd0\xbf\xd1\x80\xd0\xb5\xd1\x80\xd0\xb0\xd0\xb1\xd0\xbe\xd1\x82\xd0\xb2\xd0\xb0 \xd0\xba\xd0\xbe\xd0\xb6\xd0\xb0\xd1\x82\xd0\xb0 \xd0\xbd\xd0\xb0 \xd1\x85\xd0\xbe\xd1\x80\xd0\xb0\xd1\x82\xd0\xb0, \xd0\xba\xd0\xbe\xd0\xb8\xd1\x82\xd0\xbe \xd0\xbd\xd0\xb0\xd0\xbc\xd0\xb8\xd1\x80\xd0\xb0 \xc2\xab\xd0\x9c\xd0\xb0\xd1\x81\xd0\xba\xd0\xb0 \xd0\xbd\xd0\xb0 \xd0\xbf\xd0\xb5\xd1\x80\xd1\x81\xd0\xbe\xd0\xbd\xd0\xb0\xd0\xb6\xd0\xb8\xc2\xbb: 0 \xd0\xb5 \xd0\xbc\xd0\xb8\xd0\xbd\xd0\xb8\xd0\xbc\xd1\x83\xd0\xbc\xd1\x8a\xd1\x82, 1 \xd0\xb5 \xd0\xbf\xd0\xbe \xd0\xbf\xd0\xbe\xd0\xb4\xd1\x80\xd0\xb0\xd0\xb7\xd0\xb1\xd0\xb8\xd1\x80\xd0\xb0\xd0\xbd\xd0\xb5. \xd0\x93\xd1\x80\xd0\xb0\xd0\xbf\xd0\xb0\xd0\xb2\xd0\xb0\xd1\x82\xd0\xb0 \xd0\xba\xd0\xbe\xd0\xb6\xd0\xb0 \xd0\xbf\xd0\xbe\xd0\xbb\xd1\x83\xd1\x87\xd0\xb0\xd0\xb2\xd0\xb0 \xd1\x82\xd0\xb5\xd0\xba\xd1\x81\xd1\x82\xd1\x83\xd1\x80\xd0\xb0, \xd0\xb3\xd0\xbb\xd0\xb0\xd0\xb4\xd0\xba\xd0\xb0\xd1\x82\xd0\xb0 \xd1\x81\xd0\xb5 \xd0\xb8\xd0\xb7\xd1\x80\xd0\xb0\xd0\xb2\xd0\xbd\xd1\x8f\xd0\xb2\xd0\xb0."},
    {"Needs the Character mask: without it the model finds no skin and ignores this setting.",
     "\xd0\x98\xd0\xb7\xd0\xb8\xd1\x81\xd0\xba\xd0\xb2\xd0\xb0 \xc2\xab\xd0\x9c\xd0\xb0\xd1\x81\xd0\xba\xd0\xb0 \xd0\xbd\xd0\xb0 \xd0\xbf\xd0\xb5\xd1\x80\xd1\x81\xd0\xbe\xd0\xbd\xd0\xb0\xd0\xb6\xd0\xb8\xc2\xbb: \xd0\xb1\xd0\xb5\xd0\xb7 \xd0\xbd\xd0\xb5\xd1\x8f \xd0\xbc\xd0\xbe\xd0\xb4\xd0\xb5\xd0\xbb\xd1\x8a\xd1\x82 \xd0\xbd\xd0\xb5 \xd0\xbd\xd0\xb0\xd0\xbc\xd0\xb8\xd1\x80\xd0\xb0 \xd0\xba\xd0\xbe\xd0\xb6\xd0\xb0 \xd0\xb8 \xd0\xbf\xd1\x80\xd0\xb5\xd0\xbd\xd0\xb5\xd0\xb1\xd1\x80\xd0\xb5\xd0\xb3\xd0\xb2\xd0\xb0 \xd1\x82\xd0\xb0\xd0\xb7\xd0\xb8 \xd0\xbd\xd0\xb0\xd1\x81\xd1\x82\xd1\x80\xd0\xbe\xd0\xb9\xd0\xba\xd0\xb0."},
    {"%.2f (stock)",
     "%.2f (\xd0\xbf\xd0\xbe \xd0\xbf\xd0\xbe\xd0\xb4\xd1\x80\xd0\xb0\xd0\xb7\xd0\xb1\xd0\xb8\xd1\x80\xd0\xb0\xd0\xbd\xd0\xb5)"},
    {"%.2f = Structure",
     "%.2f = \xd0\xa1\xd1\x82\xd1\x80\xd1\x83\xd0\xba\xd1\x82\xd1\x83\xd1\x80\xd0\xb0"},
    {"Character mask",
     "\xd0\x9c\xd0\xb0\xd1\x81\xd0\xba\xd0\xb0 \xd0\xbd\xd0\xb0 \xd0\xbf\xd0\xb5\xd1\x80\xd1\x81\xd0\xbe\xd0\xbd\xd0\xb0\xd0\xb6\xd0\xb8"},
    {"Lets the runtime find people, so Character / skin applies to their skin.  It also changes the rest of the picture slightly: brightness by about 2 percent on game frames.",
     "\xd0\x9f\xd0\xbe\xd0\xb7\xd0\xb2\xd0\xbe\xd0\xbb\xd1\x8f\xd0\xb2\xd0\xb0 \xd0\xbd\xd0\xb0 \xd1\x81\xd1\x80\xd0\xb5\xd0\xb4\xd0\xb0\xd1\x82\xd0\xb0 \xd0\xb4\xd0\xb0 \xd0\xbd\xd0\xb0\xd0\xbc\xd0\xb8\xd1\x80\xd0\xb0 \xd1\x85\xd0\xbe\xd1\x80\xd0\xb0, \xd1\x82\xd0\xb0\xd0\xba\xd0\xb0 \xd1\x87\xd0\xb5 \xc2\xab\xd0\x9f\xd0\xb5\xd1\x80\xd1\x81\xd0\xbe\xd0\xbd\xd0\xb0\xd0\xb6\xd0\xb8 / \xd0\xba\xd0\xbe\xd0\xb6\xd0\xb0\xc2\xbb \xd0\xb4\xd0\xb0 \xd1\x81\xd0\xb5 \xd0\xbf\xd1\x80\xd0\xb8\xd0\xbb\xd0\xb0\xd0\xb3\xd0\xb0 \xd0\xba\xd1\x8a\xd0\xbc \xd0\xba\xd0\xbe\xd0\xb6\xd0\xb0\xd1\x82\xd0\xb0 \xd0\xb8\xd0\xbc. \xd0\xa1\xd1\x8a\xd1\x89\xd0\xbe \xd1\x82\xd0\xb0\xd0\xba\xd0\xb0 \xd0\xbb\xd0\xb5\xd0\xba\xd0\xbe \xd0\xbf\xd1\x80\xd0\xbe\xd0\xbc\xd0\xb5\xd0\xbd\xd1\x8f \xd0\xbe\xd1\x81\xd1\x82\xd0\xb0\xd0\xbd\xd0\xb0\xd0\xbb\xd0\xb0\xd1\x82\xd0\xb0 \xd1\x87\xd0\xb0\xd1\x81\xd1\x82 \xd0\xbe\xd1\x82 \xd0\xba\xd0\xb0\xd1\x80\xd1\x82\xd0\xb8\xd0\xbd\xd0\xb0\xd1\x82\xd0\xb0: \xd1\x8f\xd1\x80\xd0\xba\xd0\xbe\xd1\x81\xd1\x82\xd1\x82\xd0\xb0 \xd1\x81 \xd0\xbe\xd0\xba\xd0\xbe\xd0\xbb\xd0\xbe 2 \xd0\xbf\xd1\x80\xd0\xbe\xd1\x86\xd0\xb5\xd0\xbd\xd1\x82\xd0\xb0 \xd0\xb2 \xd0\xba\xd0\xb0\xd0\xb4\xd1\x80\xd0\xb8 \xd0\xbe\xd1\x82 \xd0\xb8\xd0\xb3\xd1\x80\xd0\xb8."},
    {"Independent skin",
     "\xd0\x9d\xd0\xb5\xd0\xb7\xd0\xb0\xd0\xb2\xd0\xb8\xd1\x81\xd0\xb8\xd0\xbc\xd0\xb0 \xd0\xba\xd0\xbe\xd0\xb6\xd0\xb0"},
    {"With the Character mask on, skin keeps its Character / skin setting when Structure changes, in every stack pass.  Structure is then sent at most 1, because above 1 the model ignores Character / skin; below 1 it still reaches faces through the model itself.  Off sends both as they are, as before rc11.",
     "\xd0\xa1 \xd0\xb2\xd0\xba\xd0\xbb\xd1\x8e\xd1\x87\xd0\xb5\xd0\xbd\xd0\xb0 \xc2\xab\xd0\x9c\xd0\xb0\xd1\x81\xd0\xba\xd0\xb0 \xd0\xbd\xd0\xb0 \xd0\xbf\xd0\xb5\xd1\x80\xd1\x81\xd0\xbe\xd0\xbd\xd0\xb0\xd0\xb6\xd0\xb8\xc2\xbb \xd0\xba\xd0\xbe\xd0\xb6\xd0\xb0\xd1\x82\xd0\xb0 \xd0\xb7\xd0\xb0\xd0\xbf\xd0\xb0\xd0\xb7\xd0\xb2\xd0\xb0 \xd1\x81\xd0\xb2\xd0\xbe\xd1\x8f\xd1\x82\xd0\xb0 \xd0\xbd\xd0\xb0\xd1\x81\xd1\x82\xd1\x80\xd0\xbe\xd0\xb9\xd0\xba\xd0\xb0 \xc2\xab\xd0\x9f\xd0\xb5\xd1\x80\xd1\x81\xd0\xbe\xd0\xbd\xd0\xb0\xd0\xb6\xd0\xb8 / \xd0\xba\xd0\xbe\xd0\xb6\xd0\xb0\xc2\xbb, \xd0\xba\xd0\xbe\xd0\xb3\xd0\xb0\xd1\x82\xd0\xbe \xc2\xab\xd0\xa1\xd1\x82\xd1\x80\xd1\x83\xd0\xba\xd1\x82\xd1\x83\xd1\x80\xd0\xb0\xc2\xbb \xd1\x81\xd0\xb5 \xd0\xbf\xd1\x80\xd0\xbe\xd0\xbc\xd0\xb5\xd0\xbd\xd1\x8f, \xd0\xb2\xd1\x8a\xd0\xb2 \xd0\xb2\xd1\x81\xd1\x8f\xd0\xba\xd0\xbe \xd0\xbf\xd1\x80\xd0\xb5\xd0\xbc\xd0\xb8\xd0\xbd\xd0\xb0\xd0\xb2\xd0\xb0\xd0\xbd\xd0\xb5 \xd0\xbe\xd1\x82 \xd1\x81\xd1\x82\xd0\xb5\xd0\xba\xd0\xb0. \xd0\xa2\xd0\xbe\xd0\xb3\xd0\xb0\xd0\xb2\xd0\xb0 \xc2\xab\xd0\xa1\xd1\x82\xd1\x80\xd1\x83\xd0\xba\xd1\x82\xd1\x83\xd1\x80\xd0\xb0\xc2\xbb \xd1\x81\xd0\xb5 \xd0\xb8\xd0\xb7\xd0\xbf\xd1\x80\xd0\xb0\xd1\x89\xd0\xb0 \xd0\xbd\xd0\xb0\xd0\xb9-\xd0\xbc\xd0\xbd\xd0\xbe\xd0\xb3\xd0\xbe \xd0\xba\xd0\xb0\xd1\x82\xd0\xbe 1, \xd0\xb7\xd0\xb0\xd1\x89\xd0\xbe\xd1\x82\xd0\xbe \xd0\xbd\xd0\xb0\xd0\xb4 1 \xd0\xbc\xd0\xbe\xd0\xb4\xd0\xb5\xd0\xbb\xd1\x8a\xd1\x82 \xd0\xbf\xd1\x80\xd0\xb5\xd0\xbd\xd0\xb5\xd0\xb1\xd1\x80\xd0\xb5\xd0\xb3\xd0\xb2\xd0\xb0 \xc2\xab\xd0\x9f\xd0\xb5\xd1\x80\xd1\x81\xd0\xbe\xd0\xbd\xd0\xb0\xd0\xb6\xd0\xb8 / \xd0\xba\xd0\xbe\xd0\xb6\xd0\xb0\xc2\xbb; \xd0\xbf\xd0\xbe\xd0\xb4 1 \xd1\x82\xd1\x8f \xd0\xb2\xd1\x81\xd0\xb5 \xd0\xbe\xd1\x89\xd0\xb5 \xd0\xb4\xd0\xbe\xd1\x81\xd1\x82\xd0\xb8\xd0\xb3\xd0\xb0 \xd0\xbb\xd0\xb8\xd1\x86\xd0\xb0\xd1\x82\xd0\xb0 \xd1\x87\xd1\x80\xd0\xb5\xd0\xb7 \xd1\x81\xd0\xb0\xd0\xbc\xd0\xb8\xd1\x8f \xd0\xbc\xd0\xbe\xd0\xb4\xd0\xb5\xd0\xbb. \xc2\xab\xd0\x98\xd0\xb7\xd0\xba\xd0\xbb.\xc2\xbb \xd0\xb8\xd0\xb7\xd0\xbf\xd1\x80\xd0\xb0\xd1\x89\xd0\xb0 \xd0\xb4\xd0\xb2\xd0\xb5\xd1\x82\xd0\xb5 \xd1\x81\xd1\x82\xd0\xbe\xd0\xb9\xd0\xbd\xd0\xbe\xd1\x81\xd1\x82\xd0\xb8 \xd0\xb1\xd0\xb5\xd0\xb7 \xd0\xbf\xd1\x80\xd0\xbe\xd0\xbc\xd1\x8f\xd0\xbd\xd0\xb0, \xd0\xba\xd0\xb0\xd0\xba\xd1\x82\xd0\xbe \xd0\xbf\xd1\x80\xd0\xb5\xd0\xb4\xd0\xb8 rc11."},
    {"UI correction",
     "\xd0\x9a\xd0\xbe\xd1\x80\xd0\xb5\xd0\xba\xd1\x86\xd0\xb8\xd1\x8f \xd0\xbd\xd0\xb0 UI"},
    {"The NR runtime's UI correction.  Leave it off unless HUD elements look wrong with Neural Rendering on.",
     "\xd0\x9a\xd0\xbe\xd1\x80\xd0\xb5\xd0\xba\xd1\x86\xd0\xb8\xd1\x8f\xd1\x82\xd0\xb0 \xd0\xbd\xd0\xb0 UI \xd0\xb2 \xd1\x81\xd1\x80\xd0\xb5\xd0\xb4\xd0\xb0\xd1\x82\xd0\xb0 \xd0\xbd\xd0\xb0 NR. \xd0\x9e\xd1\x81\xd1\x82\xd0\xb0\xd0\xb2\xd0\xb5\xd1\x82\xd0\xb5 \xd1\x8f \xd0\xb8\xd0\xb7\xd0\xba\xd0\xbb\xd1\x8e\xd1\x87\xd0\xb5\xd0\xbd\xd0\xb0, \xd0\xbe\xd1\x81\xd0\xb2\xd0\xb5\xd0\xbd \xd0\xb0\xd0\xba\xd0\xbe \xd0\xb5\xd0\xbb\xd0\xb5\xd0\xbc\xd0\xb5\xd0\xbd\xd1\x82\xd0\xb8\xd1\x82\xd0\xb5 \xd0\xbd\xd0\xb0 HUD \xd0\xb8\xd0\xb7\xd0\xb3\xd0\xbb\xd0\xb5\xd0\xb6\xd0\xb4\xd0\xb0\xd1\x82 \xd0\xb3\xd1\x80\xd0\xb5\xd1\x88\xd0\xbd\xd0\xbe \xd0\xbf\xd1\x80\xd0\xb8 \xd0\xb2\xd0\xba\xd0\xbb\xd1\x8e\xd1\x87\xd0\xb5\xd0\xbd Neural Rendering."},
    {"Preset #1",
     "\xd0\x9f\xd1\x80\xd0\xbe\xd1\x84\xd0\xb8\xd0\xbb #1"},
    {"Preset #2",
     "\xd0\x9f\xd1\x80\xd0\xbe\xd1\x84\xd0\xb8\xd0\xbb #2"},
    {"Preset #3",
     "\xd0\x9f\xd1\x80\xd0\xbe\xd1\x84\xd0\xb8\xd0\xbb #3"},
    {"Preset",
     "\xd0\x9f\xd1\x80\xd0\xbe\xd1\x84\xd0\xb8\xd0\xbb"},
    {"Which of the NR runtime's model presets it uses; each gives a slightly different look.  Default lets the runtime choose.",
     "\xd0\x9a\xd0\xbe\xd0\xb9 \xd0\xbf\xd1\x80\xd0\xbe\xd1\x84\xd0\xb8\xd0\xbb \xd0\xbd\xd0\xb0 \xd0\xbc\xd0\xbe\xd0\xb4\xd0\xb5\xd0\xbb\xd0\xb0 \xd0\xbd\xd0\xb0 \xd1\x81\xd1\x80\xd0\xb5\xd0\xb4\xd0\xb0\xd1\x82\xd0\xb0 \xd0\xbd\xd0\xb0 NR \xd1\x81\xd0\xb5 \xd0\xb8\xd0\xb7\xd0\xbf\xd0\xbe\xd0\xbb\xd0\xb7\xd0\xb2\xd0\xb0; \xd0\xb2\xd1\x81\xd0\xb5\xd0\xba\xd0\xb8 \xd0\xb4\xd0\xb0\xd0\xb2\xd0\xb0 \xd0\xbc\xd0\xb0\xd0\xbb\xd0\xba\xd0\xbe \xd0\xbf\xd0\xbe-\xd1\x80\xd0\xb0\xd0\xb7\xd0\xbb\xd0\xb8\xd1\x87\xd0\xb5\xd0\xbd \xd0\xb2\xd0\xb8\xd0\xb4. \xd0\x9f\xd0\xbe \xd0\xbf\xd0\xbe\xd0\xb4\xd1\x80\xd0\xb0\xd0\xb7\xd0\xb1\xd0\xb8\xd1\x80\xd0\xb0\xd0\xbd\xd0\xb5 \xd0\xbe\xd1\x81\xd1\x82\xd0\xb0\xd0\xb2\xd1\x8f \xd0\xb8\xd0\xb7\xd0\xb1\xd0\xbe\xd1\x80\xd0\xb0 \xd0\xbd\xd0\xb0 \xd1\x81\xd1\x80\xd0\xb5\xd0\xb4\xd0\xb0\xd1\x82\xd0\xb0."},
    {"Inert while Adjust NR's look is off.",
     "\xd0\x9d\xd0\xb5 \xd0\xb4\xd0\xb5\xd0\xb9\xd1\x81\xd1\x82\xd0\xb2\xd0\xb0\xd1\x82, \xd0\xb4\xd0\xbe\xd0\xba\xd0\xb0\xd1\x82\xd0\xbe \xd0\xb8\xd0\xb7\xd0\xb3\xd0\xbb\xd0\xb5\xd0\xb4\xd1\x8a\xd1\x82 \xd0\xb5 \xd0\xb8\xd0\xb7\xd0\xba\xd0\xbb\xd1\x8e\xd1\x87\xd0\xb5\xd0\xbd."},
    {"Auto (recommended)",
     "\xd0\x90\xd0\xb2\xd1\x82\xd0\xbe (\xd0\xbf\xd1\x80\xd0\xb5\xd0\xbf\xd0\xbe\xd1\x80\xd1\x8a\xd1\x87\xd0\xb8\xd1\x82\xd0\xb5\xd0\xbb\xd0\xbd\xd0\xbe)"},
    {"Off",
     "\xd0\x98\xd0\xb7\xd0\xba\xd0\xbb."},
    {"Always",
     "\xd0\x92\xd0\xb8\xd0\xbd\xd0\xb0\xd0\xb3\xd0\xb8"},
    {"Detail stability",
     "\xd0\xa1\xd1\x82\xd0\xb0\xd0\xb1\xd0\xb8\xd0\xbb\xd0\xbd\xd0\xbe\xd1\x81\xd1\x82 \xd0\xbd\xd0\xb0 \xd0\xb4\xd0\xb5\xd1\x82\xd0\xb0\xd0\xb9\xd0\xbb\xd0\xb8\xd1\x82\xd0\xb5"},
    {"Keeps fine detail from boiling.  The model redraws small detail such as foliage a little differently every frame, and in motion that shimmers and crawls.  This averages the model's change over a few frames, following the game's motion vectors.  Auto does it when Neural Rendering runs after the upscaler, the default; Always also before it.  Stabilize, when on, replaces it.",
     "\xd0\x9f\xd0\xb0\xd0\xb7\xd0\xb8 \xd1\x84\xd0\xb8\xd0\xbd\xd0\xb8\xd1\x82\xd0\xb5 \xd0\xb4\xd0\xb5\xd1\x82\xd0\xb0\xd0\xb9\xd0\xbb\xd0\xb8 \xd0\xbe\xd1\x82 \xd0\xba\xd0\xb8\xd0\xbf\xd0\xb5\xd0\xbd\xd0\xb5. \xd0\x9c\xd0\xbe\xd0\xb4\xd0\xb5\xd0\xbb\xd1\x8a\xd1\x82 \xd0\xbf\xd1\x80\xd0\xb5\xd1\x80\xd0\xb8\xd1\x81\xd1\x83\xd0\xb2\xd0\xb0 \xd0\xb4\xd1\x80\xd0\xb5\xd0\xb1\xd0\xbd\xd0\xb8\xd1\x82\xd0\xb5 \xd0\xb4\xd0\xb5\xd1\x82\xd0\xb0\xd0\xb9\xd0\xbb\xd0\xb8, \xd0\xbd\xd0\xb0\xd0\xbf\xd1\x80\xd0\xb8\xd0\xbc\xd0\xb5\xd1\x80 \xd1\x80\xd0\xb0\xd1\x81\xd1\x82\xd0\xb8\xd1\x82\xd0\xb5\xd0\xbb\xd0\xbd\xd0\xbe\xd1\x81\xd1\x82\xd1\x82\xd0\xb0, \xd0\xbc\xd0\xb0\xd0\xbb\xd0\xba\xd0\xbe \xd0\xbf\xd0\xbe-\xd1\x80\xd0\xb0\xd0\xb7\xd0\xbb\xd0\xb8\xd1\x87\xd0\xbd\xd0\xbe \xd0\xb2\xd1\x8a\xd0\xb2 \xd0\xb2\xd1\x81\xd0\xb5\xd0\xba\xd0\xb8 \xd0\xba\xd0\xb0\xd0\xb4\xd1\x8a\xd1\x80 \xd0\xb8 \xd0\xbf\xd1\x80\xd0\xb8 \xd0\xb4\xd0\xb2\xd0\xb8\xd0\xb6\xd0\xb5\xd0\xbd\xd0\xb8\xd0\xb5 \xd1\x82\xd0\xb5 \xd1\x82\xd1\x80\xd0\xb5\xd0\xbf\xd1\x82\xd1\x8f\xd1\x82 \xd0\xb8 \xd0\xbf\xd1\x8a\xd0\xbb\xd0\xb7\xd1\x8f\xd1\x82. \xd0\xa2\xd0\xbe\xd0\xb2\xd0\xb0 \xd1\x83\xd1\x81\xd1\x80\xd0\xb5\xd0\xb4\xd0\xbd\xd1\x8f\xd0\xb2\xd0\xb0 \xd0\xbf\xd1\x80\xd0\xbe\xd0\xbc\xd1\x8f\xd0\xbd\xd0\xb0\xd1\x82\xd0\xb0 \xd0\xbd\xd0\xb0 \xd0\xbc\xd0\xbe\xd0\xb4\xd0\xb5\xd0\xbb\xd0\xb0 \xd0\xb7\xd0\xb0 \xd0\xbd\xd1\x8f\xd0\xba\xd0\xbe\xd0\xbb\xd0\xba\xd0\xbe \xd0\xba\xd0\xb0\xd0\xb4\xd1\x8a\xd1\x80\xd0\xb0, \xd0\xba\xd0\xb0\xd1\x82\xd0\xbe \xd1\x81\xd0\xbb\xd0\xb5\xd0\xb4\xd0\xb2\xd0\xb0 \xd0\xb2\xd0\xb5\xd0\xba\xd1\x82\xd0\xbe\xd1\x80\xd0\xb8\xd1\x82\xd0\xb5 \xd0\xbd\xd0\xb0 \xd0\xb4\xd0\xb2\xd0\xb8\xd0\xb6\xd0\xb5\xd0\xbd\xd0\xb8\xd0\xb5 \xd0\xbd\xd0\xb0 \xd0\xb8\xd0\xb3\xd1\x80\xd0\xb0\xd1\x82\xd0\xb0. \xc2\xab\xd0\x90\xd0\xb2\xd1\x82\xd0\xbe\xc2\xbb \xd0\xb3\xd0\xbe \xd0\xbf\xd1\x80\xd0\xb0\xd0\xb2\xd0\xb8, \xd0\xba\xd0\xbe\xd0\xb3\xd0\xb0\xd1\x82\xd0\xbe Neural Rendering \xd1\x80\xd0\xb0\xd0\xb1\xd0\xbe\xd1\x82\xd0\xb8 \xd1\x81\xd0\xbb\xd0\xb5\xd0\xb4 \xd0\xbc\xd0\xb0\xd1\x89\xd0\xb0\xd0\xb1\xd0\xb8\xd1\x80\xd0\xb0\xd0\xbd\xd0\xb5\xd1\x82\xd0\xbe, \xd0\xbf\xd0\xbe \xd0\xbf\xd0\xbe\xd0\xb4\xd1\x80\xd0\xb0\xd0\xb7\xd0\xb1\xd0\xb8\xd1\x80\xd0\xb0\xd0\xbd\xd0\xb5; \xc2\xab\xd0\x92\xd0\xb8\xd0\xbd\xd0\xb0\xd0\xb3\xd0\xb8\xc2\xbb \xd0\xb8 \xd0\xbf\xd1\x80\xd0\xb5\xd0\xb4\xd0\xb8 \xd0\xbd\xd0\xb5\xd0\xb3\xd0\xbe. \xc2\xab\xd0\xa1\xd1\x82\xd0\xb0\xd0\xb1\xd0\xb8\xd0\xbb\xd0\xb8\xd0\xb7\xd0\xb8\xd1\x80\xd0\xb0\xd0\xbd\xd0\xb5\xc2\xbb, \xd0\xba\xd0\xbe\xd0\xb3\xd0\xb0\xd1\x82\xd0\xbe \xd0\xb5 \xd0\xb2\xd0\xba\xd0\xbb\xd1\x8e\xd1\x87\xd0\xb5\xd0\xbd\xd0\xbe, \xd0\xb3\xd0\xbe \xd0\xb7\xd0\xb0\xd0\xbc\xd0\xb5\xd1\x81\xd1\x82\xd0\xb2\xd0\xb0."},
    {"Adjust NR's look",
     "\xd0\x9f\xd1\x80\xd0\xbe\xd0\xbc\xd1\x8f\xd0\xbd\xd0\xb0 \xd0\xbd\xd0\xb0 \xd0\xb8\xd0\xb7\xd0\xb3\xd0\xbb\xd0\xb5\xd0\xb4\xd0\xb0 \xd0\xbd\xd0\xb0 NR"},
    {"Reshapes what Neural Rendering returned, live: how far it brightens, darkens and recolours, by tonal range and by scale.  Off leaves its output exactly as it is.",
     "\xd0\x9f\xd1\x80\xd0\xb5\xd0\xbe\xd1\x84\xd0\xbe\xd1\x80\xd0\xbc\xd1\x8f \xd0\xbd\xd0\xb0 \xd0\xb6\xd0\xb8\xd0\xb2\xd0\xbe \xd1\x82\xd0\xbe\xd0\xb2\xd0\xb0, \xd0\xba\xd0\xbe\xd0\xb5\xd1\x82\xd0\xbe Neural Rendering \xd0\xb5 \xd0\xb2\xd1\x8a\xd1\x80\xd0\xbd\xd0\xb0\xd0\xbb: \xd0\xba\xd0\xbe\xd0\xbb\xd0\xba\xd0\xbe \xd0\xb8\xd0\xb7\xd1\x81\xd0\xb2\xd0\xb5\xd1\x82\xd0\xbb\xd1\x8f\xd0\xb2\xd0\xb0, \xd0\xb7\xd0\xb0\xd1\x82\xd1\x8a\xd0\xbc\xd0\xbd\xd1\x8f\xd0\xb2\xd0\xb0 \xd0\xb8 \xd0\xbf\xd1\x80\xd0\xbe\xd0\xbc\xd0\xb5\xd0\xbd\xd1\x8f \xd1\x86\xd0\xb2\xd0\xb5\xd1\x82\xd0\xbe\xd0\xb2\xd0\xb5\xd1\x82\xd0\xb5, \xd0\xbf\xd0\xbe \xd1\x82\xd0\xbe\xd0\xbd\xd0\xb0\xd0\xbb\xd0\xb5\xd0\xbd \xd0\xb4\xd0\xb8\xd0\xb0\xd0\xbf\xd0\xb0\xd0\xb7\xd0\xbe\xd0\xbd \xd0\xb8 \xd0\xbf\xd0\xbe \xd0\xbc\xd0\xb0\xd1\x89\xd0\xb0\xd0\xb1. \xc2\xab\xd0\x98\xd0\xb7\xd0\xba\xd0\xbb.\xc2\xbb \xd0\xbe\xd1\x81\xd1\x82\xd0\xb0\xd0\xb2\xd1\x8f \xd0\xb8\xd0\xb7\xd1\x85\xd0\xbe\xd0\xb4\xd0\xb0 \xd1\x82\xd0\xbe\xd1\x87\xd0\xbd\xd0\xbe \xd1\x82\xd0\xb0\xd0\xba\xd1\x8a\xd0\xb2, \xd0\xba\xd0\xb0\xd0\xba\xd1\x8a\xd0\xb2\xd1\x82\xd0\xbe \xd0\xb5."},
    {"unavailable this session: ReShade.log says why",
     "\xd0\xbd\xd0\xb5\xd0\xb4\xd0\xbe\xd1\x81\xd1\x82\xd1\x8a\xd0\xbf\xd0\xbd\xd0\xbe \xd0\xb2 \xd1\x82\xd0\xb0\xd0\xb7\xd0\xb8 \xd1\x81\xd0\xb5\xd1\x81\xd0\xb8\xd1\x8f: ReShade.log \xd0\xba\xd0\xb0\xd0\xb7\xd0\xb2\xd0\xb0 \xd0\xb7\xd0\xb0\xd1\x89\xd0\xbe"},
    {"Edit strength",
     "\xd0\xa1\xd0\xb8\xd0\xbb\xd0\xb0 \xd0\xbd\xd0\xb0 \xd0\xba\xd0\xbe\xd1\x80\xd0\xb5\xd0\xba\xd1\x86\xd0\xb8\xd1\x8f\xd1\x82\xd0\xb0"},
    {"Scales the whole change Neural Rendering made, in stops: 0 takes it away, 1 keeps it, 2 doubles it.  Strength steers the model; this reshapes its result.",
     "\xd0\x9c\xd0\xb0\xd1\x89\xd0\xb0\xd0\xb1\xd0\xb8\xd1\x80\xd0\xb0 \xd1\x86\xd1\x8f\xd0\xbb\xd0\xb0\xd1\x82\xd0\xb0 \xd0\xbf\xd1\x80\xd0\xbe\xd0\xbc\xd1\x8f\xd0\xbd\xd0\xb0, \xd0\xbd\xd0\xb0\xd0\xbf\xd1\x80\xd0\xb0\xd0\xb2\xd0\xb5\xd0\xbd\xd0\xb0 \xd0\xbe\xd1\x82 Neural Rendering, \xd0\xb2 \xd1\x81\xd1\x82\xd1\x8a\xd0\xbf\xd0\xba\xd0\xb8: 0 \xd1\x8f \xd0\xbf\xd1\x80\xd0\xb5\xd0\xbc\xd0\xb0\xd1\x85\xd0\xb2\xd0\xb0, 1 \xd1\x8f \xd0\xb7\xd0\xb0\xd0\xbf\xd0\xb0\xd0\xb7\xd0\xb2\xd0\xb0, 2 \xd1\x8f \xd1\x83\xd0\xb4\xd0\xb2\xd0\xbe\xd1\x8f\xd0\xb2\xd0\xb0. \xc2\xab\xd0\xa1\xd0\xb8\xd0\xbb\xd0\xb0\xc2\xbb \xd0\xbd\xd0\xb0\xd1\x81\xd0\xbe\xd1\x87\xd0\xb2\xd0\xb0 \xd0\xbc\xd0\xbe\xd0\xb4\xd0\xb5\xd0\xbb\xd0\xb0; \xd1\x82\xd0\xbe\xd0\xb2\xd0\xb0 \xd0\xbf\xd1\x80\xd0\xb5\xd0\xbe\xd1\x84\xd0\xbe\xd1\x80\xd0\xbc\xd1\x8f \xd1\x80\xd0\xb5\xd0\xb7\xd1\x83\xd0\xbb\xd1\x82\xd0\xb0\xd1\x82\xd0\xb0 \xd0\xbc\xd1\x83."},
    {"Brightening",
     "\xd0\x98\xd0\xb7\xd1\x81\xd0\xb2\xd0\xb5\xd1\x82\xd0\xbb\xd1\x8f\xd0\xb2\xd0\xb0\xd0\xbd\xd0\xb5"},
    {"How much of the model's brightening is kept: 0 drops it, 2 doubles it.",
     "\xd0\x9a\xd0\xb0\xd0\xba\xd0\xb2\xd0\xb0 \xd1\x87\xd0\xb0\xd1\x81\xd1\x82 \xd0\xbe\xd1\x82 \xd0\xb8\xd0\xb7\xd1\x81\xd0\xb2\xd0\xb5\xd1\x82\xd0\xbb\xd1\x8f\xd0\xb2\xd0\xb0\xd0\xbd\xd0\xb5\xd1\x82\xd0\xbe \xd0\xbd\xd0\xb0 \xd0\xbc\xd0\xbe\xd0\xb4\xd0\xb5\xd0\xbb\xd0\xb0 \xd1\x81\xd0\xb5 \xd0\xb7\xd0\xb0\xd0\xbf\xd0\xb0\xd0\xb7\xd0\xb2\xd0\xb0: 0 \xd0\xb3\xd0\xbe \xd0\xbf\xd1\x80\xd0\xb5\xd0\xbc\xd0\xb0\xd1\x85\xd0\xb2\xd0\xb0, 2 \xd0\xb3\xd0\xbe \xd1\x83\xd0\xb4\xd0\xb2\xd0\xbe\xd1\x8f\xd0\xb2\xd0\xb0."},
    {"Darkening",
     "\xd0\x97\xd0\xb0\xd1\x82\xd1\x8a\xd0\xbc\xd0\xbd\xd1\x8f\xd0\xb2\xd0\xb0\xd0\xbd\xd0\xb5"},
    {"How much of the model's darkening is kept, the dark halos it can leave around bright objects included.",
     "\xd0\x9a\xd0\xb0\xd0\xba\xd0\xb2\xd0\xb0 \xd1\x87\xd0\xb0\xd1\x81\xd1\x82 \xd0\xbe\xd1\x82 \xd0\xb7\xd0\xb0\xd1\x82\xd1\x8a\xd0\xbc\xd0\xbd\xd1\x8f\xd0\xb2\xd0\xb0\xd0\xbd\xd0\xb5\xd1\x82\xd0\xbe \xd0\xbd\xd0\xb0 \xd0\xbc\xd0\xbe\xd0\xb4\xd0\xb5\xd0\xbb\xd0\xb0 \xd1\x81\xd0\xb5 \xd0\xb7\xd0\xb0\xd0\xbf\xd0\xb0\xd0\xb7\xd0\xb2\xd0\xb0, \xd0\xb2\xd0\xba\xd0\xbb\xd1\x8e\xd1\x87\xd0\xb8\xd1\x82\xd0\xb5\xd0\xbb\xd0\xbd\xd0\xbe \xd1\x82\xd1\x8a\xd0\xbc\xd0\xbd\xd0\xb8\xd1\x82\xd0\xb5 \xd0\xbe\xd1\x80\xd0\xb5\xd0\xbe\xd0\xbb\xd0\xb8, \xd0\xba\xd0\xbe\xd0\xb8\xd1\x82\xd0\xbe \xd0\xbc\xd0\xbe\xd0\xb6\xd0\xb5 \xd0\xb4\xd0\xb0 \xd0\xbe\xd1\x81\xd1\x82\xd0\xb0\xd0\xb2\xd0\xb8 \xd0\xbe\xd0\xba\xd0\xbe\xd0\xbb\xd0\xbe \xd1\x8f\xd1\x80\xd0\xba\xd0\xb8 \xd0\xbe\xd0\xb1\xd0\xb5\xd0\xba\xd1\x82\xd0\xb8."},
    {"Colour",
     "\xd0\xa6\xd0\xb2\xd1\x8f\xd1\x82"},
    {"How far the model moves colours toward or away from grey: 0 keeps the game's saturation, 2 doubles the change.",
     "\xd0\x9a\xd0\xbe\xd0\xbb\xd0\xba\xd0\xbe \xd0\xbc\xd0\xbe\xd0\xb4\xd0\xb5\xd0\xbb\xd1\x8a\xd1\x82 \xd0\xb8\xd0\xb7\xd0\xbc\xd0\xb5\xd1\x81\xd1\x82\xd0\xb2\xd0\xb0 \xd1\x86\xd0\xb2\xd0\xb5\xd1\x82\xd0\xbe\xd0\xb2\xd0\xb5\xd1\x82\xd0\xb5 \xd0\xba\xd1\x8a\xd0\xbc \xd1\x81\xd0\xb8\xd0\xb2\xd0\xbe\xd1\x82\xd0\xbe \xd0\xb8\xd0\xbb\xd0\xb8 \xd0\xb4\xd0\xb0\xd0\xbb\xd0\xb5\xd1\x87 \xd0\xbe\xd1\x82 \xd0\xbd\xd0\xb5\xd0\xb3\xd0\xbe: 0 \xd0\xb7\xd0\xb0\xd0\xbf\xd0\xb0\xd0\xb7\xd0\xb2\xd0\xb0 \xd0\xbd\xd0\xb0\xd1\x81\xd0\xb8\xd1\x82\xd0\xb5\xd0\xbd\xd0\xbe\xd1\x81\xd1\x82\xd1\x82\xd0\xb0 \xd0\xbd\xd0\xb0 \xd0\xb8\xd0\xb3\xd1\x80\xd0\xb0\xd1\x82\xd0\xb0, 2 \xd1\x83\xd0\xb4\xd0\xb2\xd0\xbe\xd1\x8f\xd0\xb2\xd0\xb0 \xd0\xbf\xd1\x80\xd0\xbe\xd0\xbc\xd1\x8f\xd0\xbd\xd0\xb0\xd1\x82\xd0\xb0."},
    {"Hue shift",
     "\xd0\x98\xd0\xb7\xd0\xbc\xd0\xb5\xd1\x81\xd1\x82\xd0\xb2\xd0\xb0\xd0\xbd\xd0\xb5 \xd0\xbd\xd0\xb0 \xd0\xbd\xd1\x8e\xd0\xb0\xd0\xbd\xd1\x81\xd0\xb0"},
    {"How far the model turns hues (its tint): 0 keeps the game's hues.",
     "\xd0\x9a\xd0\xbe\xd0\xbb\xd0\xba\xd0\xbe \xd0\xbc\xd0\xbe\xd0\xb4\xd0\xb5\xd0\xbb\xd1\x8a\xd1\x82 \xd0\xb7\xd0\xb0\xd0\xb2\xd1\x8a\xd1\x80\xd1\x82\xd0\xb0 \xd0\xbd\xd1\x8e\xd0\xb0\xd0\xbd\xd1\x81\xd0\xb8\xd1\x82\xd0\xb5 (\xd0\xbe\xd1\x86\xd0\xb2\xd0\xb5\xd1\x82\xd1\x8f\xd0\xb2\xd0\xb0\xd0\xbd\xd0\xb5\xd1\x82\xd0\xbe \xd0\xbc\xd1\x83): 0 \xd0\xb7\xd0\xb0\xd0\xbf\xd0\xb0\xd0\xb7\xd0\xb2\xd0\xb0 \xd0\xbd\xd1\x8e\xd0\xb0\xd0\xbd\xd1\x81\xd0\xb8\xd1\x82\xd0\xb5 \xd0\xbd\xd0\xb0 \xd0\xb8\xd0\xb3\xd1\x80\xd0\xb0\xd1\x82\xd0\xb0."},
    {"Shadows",
     "\xd0\xa1\xd0\xb5\xd0\xbd\xd0\xba\xd0\xb8"},
    {"Scales the change where the game's image is dark.",
     "\xd0\x9c\xd0\xb0\xd1\x89\xd0\xb0\xd0\xb1\xd0\xb8\xd1\x80\xd0\xb0 \xd0\xbf\xd1\x80\xd0\xbe\xd0\xbc\xd1\x8f\xd0\xbd\xd0\xb0\xd1\x82\xd0\xb0 \xd1\x82\xd0\xb0\xd0\xbc, \xd0\xba\xd1\x8a\xd0\xb4\xd0\xb5\xd1\x82\xd0\xbe \xd0\xb8\xd0\xb7\xd0\xbe\xd0\xb1\xd1\x80\xd0\xb0\xd0\xb6\xd0\xb5\xd0\xbd\xd0\xb8\xd0\xb5\xd1\x82\xd0\xbe \xd0\xbd\xd0\xb0 \xd0\xb8\xd0\xb3\xd1\x80\xd0\xb0\xd1\x82\xd0\xb0 \xd0\xb5 \xd1\x82\xd1\x8a\xd0\xbc\xd0\xbd\xd0\xbe."},
    {"Midtones",
     "\xd0\xa1\xd1\x80\xd0\xb5\xd0\xb4\xd0\xbd\xd0\xb8 \xd1\x82\xd0\xbe\xd0\xbd\xd0\xbe\xd0\xb2\xd0\xb5"},
    {"Scales the change in the game's midtones.",
     "\xd0\x9c\xd0\xb0\xd1\x89\xd0\xb0\xd0\xb1\xd0\xb8\xd1\x80\xd0\xb0 \xd0\xbf\xd1\x80\xd0\xbe\xd0\xbc\xd1\x8f\xd0\xbd\xd0\xb0\xd1\x82\xd0\xb0 \xd0\xb2 \xd1\x81\xd1\x80\xd0\xb5\xd0\xb4\xd0\xbd\xd0\xb8\xd1\x82\xd0\xb5 \xd1\x82\xd0\xbe\xd0\xbd\xd0\xbe\xd0\xb2\xd0\xb5 \xd0\xbd\xd0\xb0 \xd0\xb8\xd0\xb3\xd1\x80\xd0\xb0\xd1\x82\xd0\xb0."},
    {"Highlights",
     "\xd0\xa1\xd0\xb2\xd0\xb5\xd1\x82\xd0\xbb\xd0\xb8\xd0\xbd\xd0\xb8"},
    {"Scales the change where the game's image is bright.",
     "\xd0\x9c\xd0\xb0\xd1\x89\xd0\xb0\xd0\xb1\xd0\xb8\xd1\x80\xd0\xb0 \xd0\xbf\xd1\x80\xd0\xbe\xd0\xbc\xd1\x8f\xd0\xbd\xd0\xb0\xd1\x82\xd0\xb0 \xd1\x82\xd0\xb0\xd0\xbc, \xd0\xba\xd1\x8a\xd0\xb4\xd0\xb5\xd1\x82\xd0\xbe \xd0\xb8\xd0\xb7\xd0\xbe\xd0\xb1\xd1\x80\xd0\xb0\xd0\xb6\xd0\xb5\xd0\xbd\xd0\xb8\xd0\xb5\xd1\x82\xd0\xbe \xd0\xbd\xd0\xb0 \xd0\xb8\xd0\xb3\xd1\x80\xd0\xb0\xd1\x82\xd0\xb0 \xd0\xb5 \xd1\x81\xd0\xb2\xd0\xb5\xd1\x82\xd0\xbb\xd0\xbe."},
    {"Max brightening",
     "\xd0\x9c\xd0\xb0\xd0\xba\xd1\x81. \xd0\xb8\xd0\xb7\xd1\x81\xd0\xb2\xd0\xb5\xd1\x82\xd0\xbb\xd1\x8f\xd0\xb2\xd0\xb0\xd0\xbd\xd0\xb5"},
    {"%.2f stops",
     "%.2f \xd1\x81\xd1\x82\xd1\x8a\xd0\xbf\xd0\xba\xd0\xb8"},
    {"A soft ceiling on how far the model may brighten a pixel; 0 is no ceiling.",
     "\xd0\x9c\xd0\xb5\xd0\xba \xd1\x82\xd0\xb0\xd0\xb2\xd0\xb0\xd0\xbd \xd0\xb7\xd0\xb0 \xd1\x82\xd0\xbe\xd0\xb2\xd0\xb0 \xd0\xba\xd0\xbe\xd0\xbb\xd0\xba\xd0\xbe \xd0\xbc\xd0\xbe\xd0\xb4\xd0\xb5\xd0\xbb\xd1\x8a\xd1\x82 \xd0\xbc\xd0\xbe\xd0\xb6\xd0\xb5 \xd0\xb4\xd0\xb0 \xd0\xb8\xd0\xb7\xd1\x81\xd0\xb2\xd0\xb5\xd1\x82\xd0\xbb\xd0\xb8 \xd0\xbf\xd0\xb8\xd0\xba\xd1\x81\xd0\xb5\xd0\xbb; 0 \xd0\xb5 \xd0\xb1\xd0\xb5\xd0\xb7 \xd1\x82\xd0\xb0\xd0\xb2\xd0\xb0\xd0\xbd."},
    {"Max darkening",
     "\xd0\x9c\xd0\xb0\xd0\xba\xd1\x81. \xd0\xb7\xd0\xb0\xd1\x82\xd1\x8a\xd0\xbc\xd0\xbd\xd1\x8f\xd0\xb2\xd0\xb0\xd0\xbd\xd0\xb5"},
    {"A soft floor on how far the model may darken a pixel; 0 is no floor.",
     "\xd0\x9c\xd0\xb5\xd0\xba \xd0\xbf\xd0\xbe\xd0\xb4 \xd0\xb7\xd0\xb0 \xd1\x82\xd0\xbe\xd0\xb2\xd0\xb0 \xd0\xba\xd0\xbe\xd0\xbb\xd0\xba\xd0\xbe \xd0\xbc\xd0\xbe\xd0\xb4\xd0\xb5\xd0\xbb\xd1\x8a\xd1\x82 \xd0\xbc\xd0\xbe\xd0\xb6\xd0\xb5 \xd0\xb4\xd0\xb0 \xd0\xb7\xd0\xb0\xd1\x82\xd1\x8a\xd0\xbc\xd0\xbd\xd0\xb8 \xd0\xbf\xd0\xb8\xd0\xba\xd1\x81\xd0\xb5\xd0\xbb; 0 \xd0\xb5 \xd0\xb1\xd0\xb5\xd0\xb7 \xd0\xbf\xd0\xbe\xd0\xb4."},
    {"Max colour change",
     "\xd0\x9c\xd0\xb0\xd0\xba\xd1\x81. \xd0\xbf\xd1\x80\xd0\xbe\xd0\xbc\xd1\x8f\xd0\xbd\xd0\xb0 \xd0\xbd\xd0\xb0 \xd1\x86\xd0\xb2\xd0\xb5\xd1\x82\xd0\xb0"},
    {"A soft limit on how far the model may move a colour; 0 is no limit.",
     "\xd0\x9c\xd0\xb5\xd0\xba\xd0\xbe \xd0\xbe\xd0\xb3\xd1\x80\xd0\xb0\xd0\xbd\xd0\xb8\xd1\x87\xd0\xb5\xd0\xbd\xd0\xb8\xd0\xb5 \xd0\xb7\xd0\xb0 \xd1\x82\xd0\xbe\xd0\xb2\xd0\xb0 \xd0\xba\xd0\xbe\xd0\xbb\xd0\xba\xd0\xbe \xd0\xbc\xd0\xbe\xd0\xb4\xd0\xb5\xd0\xbb\xd1\x8a\xd1\x82 \xd0\xbc\xd0\xbe\xd0\xb6\xd0\xb5 \xd0\xb4\xd0\xb0 \xd0\xb8\xd0\xb7\xd0\xbc\xd0\xb5\xd1\x81\xd1\x82\xd0\xb8 \xd1\x86\xd0\xb2\xd1\x8f\xd1\x82; 0 \xd0\xb5 \xd0\xb1\xd0\xb5\xd0\xb7 \xd0\xbe\xd0\xb3\xd1\x80\xd0\xb0\xd0\xbd\xd0\xb8\xd1\x87\xd0\xb5\xd0\xbd\xd0\xb8\xd0\xb5."},
    {"Large-scale tone",
     "\xd0\x95\xd0\xb4\xd1\x80\xd0\xbe\xd0\xbc\xd0\xb0\xd1\x89\xd0\xb0\xd0\xb1\xd0\xb5\xd0\xbd \xd1\x82\xd0\xbe\xd0\xbd"},
    {"Scales the model's broad lighting change; Fine detail scales the small-scale one.",
     "\xd0\x9c\xd0\xb0\xd1\x89\xd0\xb0\xd0\xb1\xd0\xb8\xd1\x80\xd0\xb0 \xd1\x88\xd0\xb8\xd1\x80\xd0\xbe\xd0\xba\xd0\xb0\xd1\x82\xd0\xb0 \xd0\xbf\xd1\x80\xd0\xbe\xd0\xbc\xd1\x8f\xd0\xbd\xd0\xb0 \xd0\xbd\xd0\xb0 \xd0\xbe\xd1\x81\xd0\xb2\xd0\xb5\xd1\x82\xd0\xbb\xd0\xb5\xd0\xbd\xd0\xb8\xd0\xb5\xd1\x82\xd0\xbe \xd0\xbe\xd1\x82 \xd0\xbc\xd0\xbe\xd0\xb4\xd0\xb5\xd0\xbb\xd0\xb0; \xc2\xab\xd0\xa4\xd0\xb8\xd0\xbd\xd0\xb8 \xd0\xb4\xd0\xb5\xd1\x82\xd0\xb0\xd0\xb9\xd0\xbb\xd0\xb8\xc2\xbb \xd0\xbc\xd0\xb0\xd1\x89\xd0\xb0\xd0\xb1\xd0\xb8\xd1\x80\xd0\xb0 \xd0\xb4\xd1\x80\xd0\xb5\xd0\xb1\xd0\xbd\xd0\xbe\xd0\xbc\xd0\xb0\xd1\x89\xd0\xb0\xd0\xb1\xd0\xbd\xd0\xb0\xd1\x82\xd0\xb0."},
    {"Fine detail",
     "\xd0\xa4\xd0\xb8\xd0\xbd\xd0\xb8 \xd0\xb4\xd0\xb5\xd1\x82\xd0\xb0\xd0\xb9\xd0\xbb\xd0\xb8"},
    {"Scales the model's small-scale change, live.  Structure changes what the model makes and restarts it; this reshapes what it made.",
     "\xd0\x9c\xd0\xb0\xd1\x89\xd0\xb0\xd0\xb1\xd0\xb8\xd1\x80\xd0\xb0 \xd0\xbd\xd0\xb0 \xd0\xb6\xd0\xb8\xd0\xb2\xd0\xbe \xd0\xb4\xd1\x80\xd0\xb5\xd0\xb1\xd0\xbd\xd0\xbe\xd0\xbc\xd0\xb0\xd1\x89\xd0\xb0\xd0\xb1\xd0\xbd\xd0\xb0\xd1\x82\xd0\xb0 \xd0\xbf\xd1\x80\xd0\xbe\xd0\xbc\xd1\x8f\xd0\xbd\xd0\xb0 \xd0\xbd\xd0\xb0 \xd0\xbc\xd0\xbe\xd0\xb4\xd0\xb5\xd0\xbb\xd0\xb0. \xc2\xab\xd0\xa1\xd1\x82\xd1\x80\xd1\x83\xd0\xba\xd1\x82\xd1\x83\xd1\x80\xd0\xb0\xc2\xbb \xd0\xbf\xd1\x80\xd0\xbe\xd0\xbc\xd0\xb5\xd0\xbd\xd1\x8f \xd1\x82\xd0\xbe\xd0\xb2\xd0\xb0, \xd0\xba\xd0\xbe\xd0\xb5\xd1\x82\xd0\xbe \xd0\xbc\xd0\xbe\xd0\xb4\xd0\xb5\xd0\xbb\xd1\x8a\xd1\x82 \xd1\x81\xd1\x8a\xd0\xb7\xd0\xb4\xd0\xb0\xd0\xb2\xd0\xb0, \xd0\xb8 \xd0\xb3\xd0\xbe \xd1\x80\xd0\xb5\xd1\x81\xd1\x82\xd0\xb0\xd1\x80\xd1\x82\xd0\xb8\xd1\x80\xd0\xb0; \xd1\x82\xd0\xbe\xd0\xb2\xd0\xb0 \xd0\xbf\xd1\x80\xd0\xb5\xd0\xbe\xd1\x84\xd0\xbe\xd1\x80\xd0\xbc\xd1\x8f \xd1\x81\xd1\x8a\xd0\xb7\xd0\xb4\xd0\xb0\xd0\xb4\xd0\xb5\xd0\xbd\xd0\xbe\xd1\x82\xd0\xbe."},
    {"Detail radius",
     "\xd0\xa0\xd0\xb0\xd0\xb4\xd0\xb8\xd1\x83\xd1\x81 \xd0\xbd\xd0\xb0 \xd0\xb4\xd0\xb5\xd1\x82\xd0\xb0\xd0\xb9\xd0\xbb\xd0\xb0"},
    {"Where broad ends and fine begins, as a share of the image height.",
     "\xd0\x9a\xd1\x8a\xd0\xb4\xd0\xb5 \xd1\x81\xd0\xb2\xd1\x8a\xd1\x80\xd1\x88\xd0\xb2\xd0\xb0 \xd1\x88\xd0\xb8\xd1\x80\xd0\xbe\xd0\xba\xd0\xbe\xd1\x82\xd0\xbe \xd0\xb8 \xd0\xb7\xd0\xb0\xd0\xbf\xd0\xbe\xd1\x87\xd0\xb2\xd0\xb0 \xd1\x84\xd0\xb8\xd0\xbd\xd0\xbe\xd1\x82\xd0\xbe, \xd0\xba\xd0\xb0\xd1\x82\xd0\xbe \xd0\xb4\xd1\x8f\xd0\xbb \xd0\xbe\xd1\x82 \xd0\xb2\xd0\xb8\xd1\x81\xd0\xbe\xd1\x87\xd0\xb8\xd0\xbd\xd0\xb0\xd1\x82\xd0\xb0 \xd0\xbd\xd0\xb0 \xd0\xb8\xd0\xb7\xd0\xbe\xd0\xb1\xd1\x80\xd0\xb0\xd0\xb6\xd0\xb5\xd0\xbd\xd0\xb8\xd0\xb5\xd1\x82\xd0\xbe."},
    {"Halo suppression",
     "\xd0\x9f\xd0\xbe\xd1\x82\xd0\xb8\xd1\x81\xd0\xba\xd0\xb0\xd0\xbd\xd0\xb5 \xd0\xbd\xd0\xb0 \xd0\xbe\xd1\x80\xd0\xb5\xd0\xbe\xd0\xbb\xd0\xb8"},
    {"Reduces the dark halos Neural Rendering can leave next to bright objects.  Darkening spread evenly over a surface, and a shadow beside a dark object, are left alone.  A larger Detail radius reaches wider halos.",
     "\xd0\x9d\xd0\xb0\xd0\xbc\xd0\xb0\xd0\xbb\xd1\x8f\xd0\xb2\xd0\xb0 \xd1\x82\xd1\x8a\xd0\xbc\xd0\xbd\xd0\xb8\xd1\x82\xd0\xb5 \xd0\xbe\xd1\x80\xd0\xb5\xd0\xbe\xd0\xbb\xd0\xb8, \xd0\xba\xd0\xbe\xd0\xb8\xd1\x82\xd0\xbe Neural Rendering \xd0\xbc\xd0\xbe\xd0\xb6\xd0\xb5 \xd0\xb4\xd0\xb0 \xd0\xbe\xd1\x81\xd1\x82\xd0\xb0\xd0\xb2\xd0\xb8 \xd0\xb4\xd0\xbe \xd1\x8f\xd1\x80\xd0\xba\xd0\xb8 \xd0\xbe\xd0\xb1\xd0\xb5\xd0\xba\xd1\x82\xd0\xb8. \xd0\xa0\xd0\xb0\xd0\xb2\xd0\xbd\xd0\xbe\xd0\xbc\xd0\xb5\xd1\x80\xd0\xbd\xd0\xbe \xd0\xb7\xd0\xb0\xd1\x82\xd1\x8a\xd0\xbc\xd0\xbd\xd1\x8f\xd0\xb2\xd0\xb0\xd0\xbd\xd0\xb5 \xd0\xbd\xd0\xb0 \xd0\xbf\xd0\xbe\xd0\xb2\xd1\x8a\xd1\x80\xd1\x85\xd0\xbd\xd0\xbe\xd1\x81\xd1\x82 \xd0\xb8 \xd1\x81\xd1\x8f\xd0\xbd\xd0\xba\xd0\xb0 \xd0\xb4\xd0\xbe \xd1\x82\xd1\x8a\xd0\xbc\xd0\xb5\xd0\xbd \xd0\xbe\xd0\xb1\xd0\xb5\xd0\xba\xd1\x82 \xd0\xbd\xd0\xb5 \xd1\x81\xd0\xb5 \xd0\xb7\xd0\xb0\xd1\x81\xd1\x8f\xd0\xb3\xd0\xb0\xd1\x82. \xd0\x9f\xd0\xbe-\xd0\xb3\xd0\xbe\xd0\xbb\xd1\x8f\xd0\xbc \xc2\xab\xd0\xa0\xd0\xb0\xd0\xb4\xd0\xb8\xd1\x83\xd1\x81 \xd0\xbd\xd0\xb0 \xd0\xb4\xd0\xb5\xd1\x82\xd0\xb0\xd0\xb9\xd0\xbb\xd0\xb0\xc2\xbb \xd0\xbe\xd0\xb1\xd1\x85\xd0\xb2\xd0\xb0\xd1\x89\xd0\xb0 \xd0\xbf\xd0\xbe-\xd1\x88\xd0\xb8\xd1\x80\xd0\xbe\xd0\xba\xd0\xb8 \xd0\xbe\xd1\x80\xd0\xb5\xd0\xbe\xd0\xbb\xd0\xb8."},
    {"Halo next to dark objects",
     "\xd0\x9e\xd1\x80\xd0\xb5\xd0\xbe\xd0\xbb \xd0\xb4\xd0\xbe \xd1\x82\xd1\x8a\xd0\xbc\xd0\xbd\xd0\xb8 \xd0\xbe\xd0\xb1\xd0\xb5\xd0\xba\xd1\x82\xd0\xb8"},
    {"Reduces the soft dark skirt Neural Rendering can leave on the brighter side of dark objects, which deepens once per extra stacked pass.  A darkening the scene means, beside something brighter, is left alone.",
     "\xd0\x9d\xd0\xb0\xd0\xbc\xd0\xb0\xd0\xbb\xd1\x8f\xd0\xb2\xd0\xb0 \xd0\xbc\xd0\xb5\xd0\xba\xd0\xb0\xd1\x82\xd0\xb0 \xd1\x82\xd1\x8a\xd0\xbc\xd0\xbd\xd0\xb0 \xd0\xb8\xd0\xb2\xd0\xb8\xd1\x86\xd0\xb0, \xd0\xba\xd0\xbe\xd1\x8f\xd1\x82\xd0\xbe Neural Rendering \xd0\xbc\xd0\xbe\xd0\xb6\xd0\xb5 \xd0\xb4\xd0\xb0 \xd0\xbe\xd1\x81\xd1\x82\xd0\xb0\xd0\xb2\xd0\xb8 \xd0\xbe\xd1\x82 \xd0\xbf\xd0\xbe-\xd1\x81\xd0\xb2\xd0\xb5\xd1\x82\xd0\xbb\xd0\xb0\xd1\x82\xd0\xb0 \xd1\x81\xd1\x82\xd1\x80\xd0\xb0\xd0\xbd\xd0\xb0 \xd0\xbd\xd0\xb0 \xd1\x82\xd1\x8a\xd0\xbc\xd0\xbd\xd0\xb8 \xd0\xbe\xd0\xb1\xd0\xb5\xd0\xba\xd1\x82\xd0\xb8 \xd0\xb8 \xd0\xba\xd0\xbe\xd1\x8f\xd1\x82\xd0\xbe \xd1\x81\xd0\xb5 \xd0\xb7\xd0\xb0\xd0\xb4\xd1\x8a\xd0\xbb\xd0\xb1\xd0\xbe\xd1\x87\xd0\xb0\xd0\xb2\xd0\xb0 \xd1\x81 \xd0\xb2\xd1\x81\xd0\xb5\xd0\xba\xd0\xb8 \xd0\xb4\xd0\xbe\xd0\xbf\xd1\x8a\xd0\xbb\xd0\xbd\xd0\xb8\xd1\x82\xd0\xb5\xd0\xbb\xd0\xb5\xd0\xbd \xd0\xbd\xd0\xb0\xd1\x81\xd0\xbb\xd0\xbe\xd0\xb6\xd0\xb5\xd0\xbd \xd0\xbf\xd1\x80\xd0\xbe\xd1\x85\xd0\xbe\xd0\xb4. \xd0\x97\xd0\xb0\xd1\x82\xd1\x8a\xd0\xbc\xd0\xbd\xd1\x8f\xd0\xb2\xd0\xb0\xd0\xbd\xd0\xb5, \xd0\xba\xd0\xbe\xd0\xb5\xd1\x82\xd0\xbe \xd1\x81\xd1\x86\xd0\xb5\xd0\xbd\xd0\xb0\xd1\x82\xd0\xb0 \xd0\xb8\xd1\x81\xd0\xba\xd0\xb0, \xd0\xb4\xd0\xbe \xd0\xbd\xd0\xb5\xd1\x89\xd0\xbe \xd0\xbf\xd0\xbe-\xd1\x81\xd0\xb2\xd0\xb5\xd1\x82\xd0\xbb\xd0\xbe, \xd0\xbd\xd0\xb5 \xd1\x81\xd0\xb5 \xd0\xb7\xd0\xb0\xd1\x81\xd1\x8f\xd0\xb3\xd0\xb0."},
    {"Static",
     "\xd0\xa1\xd1\x82\xd0\xb0\xd1\x82\xd0\xb8\xd1\x87\xd0\xbd\xd0\xbe"},
    {"Motion",
     "\xd0\x94\xd0\xb2\xd0\xb8\xd0\xb6\xd0\xb5\xd0\xbd\xd0\xb8\xd0\xb5"},
    {"Stabilize",
     "\xd0\xa1\xd1\x82\xd0\xb0\xd0\xb1\xd0\xb8\xd0\xbb\xd0\xb8\xd0\xb7\xd0\xb8\xd1\x80\xd0\xb0\xd0\xbd\xd0\xb5"},
    {"Smooths the model's broad change over time.  Static suits still views; Motion follows the game's motion vectors.  Either adds a little lag to lighting changes.",
     "\xd0\x98\xd0\xb7\xd0\xb3\xd0\xbb\xd0\xb0\xd0\xb6\xd0\xb4\xd0\xb0 \xd1\x88\xd0\xb8\xd1\x80\xd0\xbe\xd0\xba\xd0\xb0\xd1\x82\xd0\xb0 \xd0\xbf\xd1\x80\xd0\xbe\xd0\xbc\xd1\x8f\xd0\xbd\xd0\xb0 \xd0\xbd\xd0\xb0 \xd0\xbc\xd0\xbe\xd0\xb4\xd0\xb5\xd0\xbb\xd0\xb0 \xd0\xb2\xd1\x8a\xd0\xb2 \xd0\xb2\xd1\x80\xd0\xb5\xd0\xbc\xd0\xb5\xd1\x82\xd0\xbe. \xc2\xab\xd0\xa1\xd1\x82\xd0\xb0\xd1\x82\xd0\xb8\xd1\x87\xd0\xbd\xd0\xbe\xc2\xbb \xd0\xb5 \xd0\xb7\xd0\xb0 \xd0\xbd\xd0\xb5\xd0\xbf\xd0\xbe\xd0\xb4\xd0\xb2\xd0\xb8\xd0\xb6\xd0\xbd\xd0\xb8 \xd0\xb8\xd0\xb7\xd0\xb3\xd0\xbb\xd0\xb5\xd0\xb4\xd0\xb8; \xc2\xab\xd0\x94\xd0\xb2\xd0\xb8\xd0\xb6\xd0\xb5\xd0\xbd\xd0\xb8\xd0\xb5\xc2\xbb \xd1\x81\xd0\xbb\xd0\xb5\xd0\xb4\xd0\xb2\xd0\xb0 \xd0\xb2\xd0\xb5\xd0\xba\xd1\x82\xd0\xbe\xd1\x80\xd0\xb8\xd1\x82\xd0\xb5 \xd0\xbd\xd0\xb0 \xd0\xb4\xd0\xb2\xd0\xb8\xd0\xb6\xd0\xb5\xd0\xbd\xd0\xb8\xd0\xb5 \xd0\xbd\xd0\xb0 \xd0\xb8\xd0\xb3\xd1\x80\xd0\xb0\xd1\x82\xd0\xb0. \xd0\x98 \xd0\xb4\xd0\xb2\xd0\xb0\xd1\x82\xd0\xb0 \xd0\xb4\xd0\xbe\xd0\xb1\xd0\xb0\xd0\xb2\xd1\x8f\xd1\x82 \xd0\xbc\xd0\xb0\xd0\xbb\xd0\xba\xd0\xbe \xd0\xb7\xd0\xb0\xd0\xb1\xd0\xb0\xd0\xb2\xd1\x8f\xd0\xbd\xd0\xb5 \xd0\xba\xd1\x8a\xd0\xbc \xd0\xbf\xd1\x80\xd0\xbe\xd0\xbc\xd0\xb5\xd0\xbd\xd0\xb8\xd1\x82\xd0\xb5 \xd0\xb2 \xd0\xbe\xd1\x81\xd0\xb2\xd0\xb5\xd1\x82\xd0\xbb\xd0\xb5\xd0\xbd\xd0\xb8\xd0\xb5\xd1\x82\xd0\xbe."},
    {"Stabilize time",
     "\xd0\x92\xd1\x80\xd0\xb5\xd0\xbc\xd0\xb5 \xd0\xb7\xd0\xb0 \xd1\x81\xd1\x82\xd0\xb0\xd0\xb1\xd0\xb8\xd0\xbb\xd0\xb8\xd0\xb7\xd0\xb8\xd1\x80\xd0\xb0\xd0\xbd\xd0\xb5"},
    {"%.0f ms",
     "%.0f ms"},
    {"How long the smoothing remembers: longer is steadier and slower to follow a lighting change.",
     "\xd0\x9a\xd0\xbe\xd0\xbb\xd0\xba\xd0\xbe \xd0\xb4\xd1\x8a\xd0\xbb\xd0\xb3\xd0\xbe \xd0\xb8\xd0\xb7\xd0\xb3\xd0\xbb\xd0\xb0\xd0\xb6\xd0\xb4\xd0\xb0\xd0\xbd\xd0\xb5\xd1\x82\xd0\xbe \xd0\xbf\xd0\xbe\xd0\xbc\xd0\xbd\xd0\xb8: \xd0\xbf\xd0\xbe-\xd0\xb4\xd1\x8a\xd0\xbb\xd0\xb3\xd0\xbe \xd0\xb5 \xd0\xbf\xd0\xbe-\xd1\x81\xd1\x82\xd0\xb0\xd0\xb1\xd0\xb8\xd0\xbb\xd0\xbd\xd0\xbe \xd0\xb8 \xd0\xbf\xd0\xbe-\xd0\xb1\xd0\xb0\xd0\xb2\xd0\xbd\xd0\xbe \xd1\x81\xd0\xbb\xd0\xb5\xd0\xb4\xd0\xb2\xd0\xb0 \xd0\xbf\xd1\x80\xd0\xbe\xd0\xbc\xd1\x8f\xd0\xbd\xd0\xb0 \xd0\xb2 \xd0\xbe\xd1\x81\xd0\xb2\xd0\xb5\xd1\x82\xd0\xbb\xd0\xb5\xd0\xbd\xd0\xb8\xd0\xb5\xd1\x82\xd0\xbe."},
    {"Stabilize detail",
     "\xd0\xa1\xd1\x82\xd0\xb0\xd0\xb1\xd0\xb8\xd0\xbb\xd0\xb8\xd0\xb7\xd0\xb8\xd1\x80\xd0\xb0\xd0\xb9 \xd0\xb4\xd0\xb5\xd1\x82\xd0\xb0\xd0\xb9\xd0\xbb\xd0\xb0"},
    {"Smooths the small-scale change too, not only the broad one.",
     "\xd0\x98\xd0\xb7\xd0\xb3\xd0\xbb\xd0\xb0\xd0\xb6\xd0\xb4\xd0\xb0 \xd0\xb8 \xd0\xb4\xd1\x80\xd0\xb5\xd0\xb1\xd0\xbd\xd0\xbe\xd0\xbc\xd0\xb0\xd1\x89\xd0\xb0\xd0\xb1\xd0\xbd\xd0\xb0\xd1\x82\xd0\xb0 \xd0\xbf\xd1\x80\xd0\xbe\xd0\xbc\xd1\x8f\xd0\xbd\xd0\xb0, \xd0\xbd\xd0\xb5 \xd1\x81\xd0\xb0\xd0\xbc\xd0\xbe \xd1\x88\xd0\xb8\xd1\x80\xd0\xbe\xd0\xba\xd0\xb0\xd1\x82\xd0\xb0."},
    {"Upscaled",
     "\xd0\x9c\xd0\xb0\xd1\x89\xd0\xb0\xd0\xb1\xd0\xb8\xd1\x80\xd0\xb0\xd0\xbd\xd0\xbe"},
    {"Render",
     "\xd0\xa0\xd0\xb5\xd0\xbd\xd0\xb4\xd0\xb5\xd1\x80"},
    {"Present",
     "\xd0\x98\xd0\xb7\xd0\xb2\xd0\xb5\xd0\xb6\xd0\xb4\xd0\xb0\xd0\xbd\xd0\xb5"},
    {"Where Neural Rendering runs.  Upscaled: on the game's DLSS output.  Render: on the game's image before DLSS upscales it, against the game's own depth and motion (Ray Reconstruction keeps Upscaled: its input is still noisy).  Present: on the finished frame the game presents, after its own post-processing and HUD, before ReShade's effects.",
     "\xd0\x9a\xd1\x8a\xd0\xb4\xd0\xb5 \xd1\x80\xd0\xb0\xd0\xb1\xd0\xbe\xd1\x82\xd0\xb8 Neural Rendering. \xd0\x9c\xd0\xb0\xd1\x89\xd0\xb0\xd0\xb1\xd0\xb8\xd1\x80\xd0\xb0\xd0\xbd\xd0\xbe: \xd0\xb2\xd1\x8a\xd1\x80\xd1\x85\xd1\x83 DLSS \xd0\xb8\xd0\xb7\xd1\x85\xd0\xbe\xd0\xb4\xd0\xb0 \xd0\xbd\xd0\xb0 \xd0\xb8\xd0\xb3\xd1\x80\xd0\xb0\xd1\x82\xd0\xb0. \xd0\xa0\xd0\xb5\xd0\xbd\xd0\xb4\xd0\xb5\xd1\x80: \xd0\xb2\xd1\x8a\xd1\x80\xd1\x85\xd1\x83 \xd0\xb8\xd0\xb7\xd0\xbe\xd0\xb1\xd1\x80\xd0\xb0\xd0\xb6\xd0\xb5\xd0\xbd\xd0\xb8\xd0\xb5\xd1\x82\xd0\xbe \xd0\xbd\xd0\xb0 \xd0\xb8\xd0\xb3\xd1\x80\xd0\xb0\xd1\x82\xd0\xb0, \xd0\xbf\xd1\x80\xd0\xb5\xd0\xb4\xd0\xb8 DLSS \xd0\xb4\xd0\xb0 \xd0\xb3\xd0\xbe \xd0\xbc\xd0\xb0\xd1\x89\xd0\xb0\xd0\xb1\xd0\xb8\xd1\x80\xd0\xb0, \xd1\x81 \xd0\xb4\xd1\x8a\xd0\xbb\xd0\xb1\xd0\xbe\xd1\x87\xd0\xb8\xd0\xbd\xd0\xb0\xd1\x82\xd0\xb0 \xd0\xb8 \xd0\xb4\xd0\xb2\xd0\xb8\xd0\xb6\xd0\xb5\xd0\xbd\xd0\xb8\xd0\xb5\xd1\x82\xd0\xbe \xd0\xbd\xd0\xb0 \xd1\x81\xd0\xb0\xd0\xbc\xd0\xb0\xd1\x82\xd0\xb0 \xd0\xb8\xd0\xb3\xd1\x80\xd0\xb0 (Ray Reconstruction \xd0\xbe\xd1\x81\xd1\x82\xd0\xb0\xd0\xb2\xd0\xb0 \xd0\xbd\xd0\xb0 \xd0\x9c\xd0\xb0\xd1\x89\xd0\xb0\xd0\xb1\xd0\xb8\xd1\x80\xd0\xb0\xd0\xbd\xd0\xbe: \xd0\xb2\xd1\x85\xd0\xbe\xd0\xb4\xd1\x8a\xd1\x82 \xd1\x9d \xd0\xbe\xd1\x89\xd0\xb5 \xd0\xb5 \xd1\x88\xd1\x83\xd0\xbc\xd0\xb5\xd0\xbd). \xd0\x98\xd0\xb7\xd0\xb2\xd0\xb5\xd0\xb6\xd0\xb4\xd0\xb0\xd0\xbd\xd0\xb5: \xd0\xb2\xd1\x8a\xd1\x80\xd1\x85\xd1\x83 \xd0\xb3\xd0\xbe\xd1\x82\xd0\xbe\xd0\xb2\xd0\xb8\xd1\x8f \xd0\xba\xd0\xb0\xd0\xb4\xd1\x8a\xd1\x80, \xd0\xba\xd0\xbe\xd0\xb9\xd1\x82\xd0\xbe \xd0\xb8\xd0\xb3\xd1\x80\xd0\xb0\xd1\x82\xd0\xb0 \xd0\xb8\xd0\xb7\xd0\xb2\xd0\xb5\xd0\xb6\xd0\xb4\xd0\xb0, \xd1\x81\xd0\xbb\xd0\xb5\xd0\xb4 \xd1\x81\xd0\xbe\xd0\xb1\xd1\x81\xd1\x82\xd0\xb2\xd0\xb5\xd0\xbd\xd0\xb0\xd1\x82\xd0\xb0 \xd1\x9d \xd0\xbf\xd0\xbe\xd1\x81\xd0\xbb\xd0\xb5\xd0\xb4\xd0\xb2\xd0\xb0\xd1\x89\xd0\xb0 \xd0\xbe\xd0\xb1\xd1\x80\xd0\xb0\xd0\xb1\xd0\xbe\xd1\x82\xd0\xba\xd0\xb0 \xd0\xb8 HUD, \xd0\xbf\xd1\x80\xd0\xb5\xd0\xb4\xd0\xb8 \xd0\xb5\xd1\x84\xd0\xb5\xd0\xba\xd1\x82\xd0\xb8\xd1\x82\xd0\xb5 \xd0\xbd\xd0\xb0 ReShade."},
    {"Optional",
     "\xd0\x9f\xd0\xbe \xd0\xb8\xd0\xb7\xd0\xb1\xd0\xbe\xd1\x80"},
    {"Required",
     "\xd0\x97\xd0\xb0\xd0\xb4\xd1\x8a\xd0\xbb\xd0\xb6\xd0\xb8\xd1\x82\xd0\xb5\xd0\xbb\xd0\xbd\xd0\xbe"},
    {"Never",
     "\xd0\x9d\xd0\xb8\xd0\xba\xd0\xbe\xd0\xb3\xd0\xb0"},
    {"Depth and motion for the Present hook point.  Optional: the game's DLSS depth and motion when they match the frame, neutral ones otherwise.  Required: no NR without them.  Never: always neutral, for games without DLSS.",
     "\xd0\x94\xd1\x8a\xd0\xbb\xd0\xb1\xd0\xbe\xd1\x87\xd0\xb8\xd0\xbd\xd0\xb0 \xd0\xb8 \xd0\xb4\xd0\xb2\xd0\xb8\xd0\xb6\xd0\xb5\xd0\xbd\xd0\xb8\xd0\xb5 \xd0\xb7\xd0\xb0 \xd1\x82\xd0\xbe\xd1\x87\xd0\xba\xd0\xb0\xd1\x82\xd0\xb0 \xd0\xbd\xd0\xb0 \xd0\xb2\xd0\xbc\xd1\x8a\xd0\xba\xd0\xb2\xd0\xb0\xd0\xbd\xd0\xb5 \xd0\x98\xd0\xb7\xd0\xb2\xd0\xb5\xd0\xb6\xd0\xb4\xd0\xb0\xd0\xbd\xd0\xb5. \xd0\x9f\xd0\xbe \xd0\xb8\xd0\xb7\xd0\xb1\xd0\xbe\xd1\x80: DLSS \xd0\xb4\xd1\x8a\xd0\xbb\xd0\xb1\xd0\xbe\xd1\x87\xd0\xb8\xd0\xbd\xd0\xb0\xd1\x82\xd0\xb0 \xd0\xb8 \xd0\xb4\xd0\xb2\xd0\xb8\xd0\xb6\xd0\xb5\xd0\xbd\xd0\xb8\xd0\xb5\xd1\x82\xd0\xbe \xd0\xbd\xd0\xb0 \xd0\xb8\xd0\xb3\xd1\x80\xd0\xb0\xd1\x82\xd0\xb0, \xd0\xba\xd0\xbe\xd0\xb3\xd0\xb0\xd1\x82\xd0\xbe \xd1\x81\xd1\x8a\xd0\xb2\xd0\xbf\xd0\xb0\xd0\xb4\xd0\xb0\xd1\x82 \xd1\x81 \xd0\xba\xd0\xb0\xd0\xb4\xd1\x8a\xd1\x80\xd0\xb0, \xd0\xb8\xd0\xbd\xd0\xb0\xd1\x87\xd0\xb5 \xd0\xbd\xd0\xb5\xd1\x83\xd1\x82\xd1\x80\xd0\xb0\xd0\xbb\xd0\xbd\xd0\xb8. \xd0\x97\xd0\xb0\xd0\xb4\xd1\x8a\xd0\xbb\xd0\xb6\xd0\xb8\xd1\x82\xd0\xb5\xd0\xbb\xd0\xbd\xd0\xbe: \xd0\xb1\xd0\xb5\xd0\xb7 \xd1\x82\xd1\x8f\xd1\x85 \xd0\xbd\xd1\x8f\xd0\xbc\xd0\xb0 NR. \xd0\x9d\xd0\xb8\xd0\xba\xd0\xbe\xd0\xb3\xd0\xb0: \xd0\xb2\xd0\xb8\xd0\xbd\xd0\xb0\xd0\xb3\xd0\xb8 \xd0\xbd\xd0\xb5\xd1\x83\xd1\x82\xd1\x80\xd0\xb0\xd0\xbb\xd0\xbd\xd0\xb8, \xd0\xb7\xd0\xb0 \xd0\xb8\xd0\xb3\xd1\x80\xd0\xb8 \xd0\xb1\xd0\xb5\xd0\xb7 DLSS."},
    {"Auto",
     "\xd0\x90\xd0\xb2\xd1\x82\xd0\xbe"},
    {"SDR",
     "SDR"},
    {"HDR10",
     "HDR10"},
    {"scRGB",
     "scRGB"},
    {"Frame encoding",
     "\xd0\x9a\xd0\xbe\xd0\xb4\xd0\xb8\xd1\x80\xd0\xb0\xd0\xbd\xd0\xb5 \xd0\xbd\xd0\xb0 \xd0\xba\xd0\xb0\xd0\xb4\xd1\x8a\xd1\x80\xd0\xb0"},
    {"What the presented frame holds.  Auto reads the swapchain's colour space; override it only for a game that declares it wrongly.",
     "\xd0\x9a\xd0\xb0\xd0\xba\xd0\xb2\xd0\xbe \xd1\x81\xd1\x8a\xd0\xb4\xd1\x8a\xd1\x80\xd0\xb6\xd0\xb0 \xd0\xb8\xd0\xb7\xd0\xb2\xd0\xb5\xd0\xb4\xd0\xb5\xd0\xbd\xd0\xb8\xd1\x8f\xd1\x82 \xd0\xba\xd0\xb0\xd0\xb4\xd1\x8a\xd1\x80. \xd0\x90\xd0\xb2\xd1\x82\xd0\xbe \xd1\x87\xd0\xb5\xd1\x82\xd0\xb5 \xd1\x86\xd0\xb2\xd0\xb5\xd1\x82\xd0\xbe\xd0\xb2\xd0\xbe\xd1\x82\xd0\xbe \xd0\xbf\xd1\x80\xd0\xbe\xd1\x81\xd1\x82\xd1\x80\xd0\xb0\xd0\xbd\xd1\x81\xd1\x82\xd0\xb2\xd0\xbe \xd0\xbd\xd0\xb0 swapchain; \xd0\xbf\xd1\x80\xd0\xbe\xd0\xbc\xd0\xb5\xd0\xbd\xd1\x8f\xd0\xb9\xd1\x82\xd0\xb5 \xd0\xb3\xd0\xbe \xd1\x81\xd0\xb0\xd0\xbc\xd0\xbe \xd0\xb7\xd0\xb0 \xd0\xb8\xd0\xb3\xd1\x80\xd0\xb0, \xd0\xba\xd0\xbe\xd1\x8f\xd1\x82\xd0\xbe \xd0\xb3\xd0\xbe \xd0\xbe\xd0\xb1\xd1\x8f\xd0\xb2\xd1\x8f\xd0\xb2\xd0\xb0 \xd0\xb3\xd1\x80\xd0\xb5\xd1\x88\xd0\xbd\xd0\xbe."},
    {"HDR paper white",
     "\xd0\x91\xd1\x8f\xd0\xbb\xd0\xbe \xd0\xbd\xd0\xb0 \xd1\x85\xd0\xb0\xd1\x80\xd1\x82\xd0\xb8\xd1\x8f HDR"},
    {"Where diffuse white sits in an HDR frame, in nits.  0 follows a loaded RenoDX HDR mod's game brightness, otherwise the SDR content brightness set in Windows.",
     "\xd0\x9a\xd1\x8a\xd0\xb4\xd0\xb5 \xd1\x81\xd0\xb5 \xd0\xbd\xd0\xb0\xd0\xbc\xd0\xb8\xd1\x80\xd0\xb0 \xd0\xb4\xd0\xb8\xd1\x84\xd1\x83\xd0\xb7\xd0\xbd\xd0\xbe\xd1\x82\xd0\xbe \xd0\xb1\xd1\x8f\xd0\xbb\xd0\xbe \xd0\xb2 HDR \xd0\xba\xd0\xb0\xd0\xb4\xd1\x8a\xd1\x80, \xd0\xb2 \xd0\xbd\xd0\xb8\xd1\x82\xd0\xb0. 0 \xd1\x81\xd0\xbb\xd0\xb5\xd0\xb4\xd0\xb2\xd0\xb0 \xd1\x8f\xd1\x80\xd0\xba\xd0\xbe\xd1\x81\xd1\x82\xd1\x82\xd0\xb0 \xd0\xbd\xd0\xb0 \xd0\xb8\xd0\xb3\xd1\x80\xd0\xb0\xd1\x82\xd0\xb0 \xd0\xbe\xd1\x82 \xd0\xb7\xd0\xb0\xd1\x80\xd0\xb5\xd0\xb4\xd0\xb5\xd0\xbd\xd0\xb8\xd1\x8f HDR \xd0\xbc\xd0\xbe\xd0\xb4 \xd0\xbd\xd0\xb0 RenoDX, \xd0\xb8\xd0\xbd\xd0\xb0\xd1\x87\xd0\xb5 \xd1\x8f\xd1\x80\xd0\xba\xd0\xbe\xd1\x81\xd1\x82\xd1\x82\xd0\xb0 \xd0\xbd\xd0\xb0 SDR \xd1\x81\xd1\x8a\xd0\xb4\xd1\x8a\xd1\x80\xd0\xb6\xd0\xb0\xd0\xbd\xd0\xb8\xd0\xb5, \xd0\xb7\xd0\xb0\xd0\xb4\xd0\xb0\xd0\xb4\xd0\xb5\xd0\xbd\xd0\xb0 \xd0\xb2 Windows."},
    {"Keep the HUD",
     "\xd0\x97\xd0\xb0\xd0\xbf\xd0\xb0\xd0\xb7\xd0\xb8 HUD"},
    {"Asks the model to leave the game's HUD as it is: at the present, the frame already carries it.",
     "\xd0\x98\xd1\x81\xd0\xba\xd0\xb0 \xd0\xbe\xd1\x82 \xd0\xbc\xd0\xbe\xd0\xb4\xd0\xb5\xd0\xbb\xd0\xb0 \xd0\xb4\xd0\xb0 \xd0\xbe\xd1\x81\xd1\x82\xd0\xb0\xd0\xb2\xd0\xb8 HUD \xd0\xbd\xd0\xb0 \xd0\xb8\xd0\xb3\xd1\x80\xd0\xb0\xd1\x82\xd0\xb0 \xd0\xba\xd0\xb0\xd0\xba\xd1\x82\xd0\xbe \xd0\xb5: \xd0\xbf\xd1\x80\xd0\xb8 \xd0\xb8\xd0\xb7\xd0\xb2\xd0\xb5\xd0\xb6\xd0\xb4\xd0\xb0\xd0\xbd\xd0\xb5\xd1\x82\xd0\xbe \xd0\xba\xd0\xb0\xd0\xb4\xd1\x8a\xd1\x80\xd1\x8a\xd1\x82 \xd0\xb2\xd0\xb5\xd1\x87\xd0\xb5 \xd0\xb3\xd0\xbe \xd1\x81\xd1\x8a\xd0\xb4\xd1\x8a\xd1\x80\xd0\xb6\xd0\xb0."},
    {"Every frame",
     "\xd0\x92\xd1\x81\xd0\xb5\xd0\xba\xd0\xb8 \xd0\xba\xd0\xb0\xd0\xb4\xd1\x8a\xd1\x80"},
    {"Game frames",
     "\xd0\x9a\xd0\xb0\xd0\xb4\xd1\x80\xd0\xb8\xd1\x82\xd0\xb5 \xd0\xbd\xd0\xb0 \xd0\xb8\xd0\xb3\xd1\x80\xd0\xb0\xd1\x82\xd0\xb0"},
    {"Generated frames",
     "\xd0\x93\xd0\xb5\xd0\xbd\xd0\xb5\xd1\x80\xd0\xb8\xd1\x80\xd0\xb0\xd0\xbd\xd0\xb8 \xd0\xba\xd0\xb0\xd0\xb4\xd1\x80\xd0\xb8"},
    {"With frame generation: Neural Rendering on every presented frame, or only on the first one of each game frame (less GPU time, but the generated frames are shown without it, which can read as a flicker).",
     "\xd0\xa1 \xd0\xb3\xd0\xb5\xd0\xbd\xd0\xb5\xd1\x80\xd0\xb8\xd1\x80\xd0\xb0\xd0\xbd\xd0\xb5 \xd0\xbd\xd0\xb0 \xd0\xba\xd0\xb0\xd0\xb4\xd1\x80\xd0\xb8: Neural Rendering \xd0\xb2\xd1\x8a\xd1\x80\xd1\x85\xd1\x83 \xd0\xb2\xd1\x81\xd0\xb5\xd0\xba\xd0\xb8 \xd0\xb8\xd0\xb7\xd0\xb2\xd0\xb5\xd0\xb4\xd0\xb5\xd0\xbd \xd0\xba\xd0\xb0\xd0\xb4\xd1\x8a\xd1\x80 \xd0\xb8\xd0\xbb\xd0\xb8 \xd1\x81\xd0\xb0\xd0\xbc\xd0\xbe \xd0\xb2\xd1\x8a\xd1\x80\xd1\x85\xd1\x83 \xd0\xbf\xd1\x8a\xd1\x80\xd0\xb2\xd0\xb8\xd1\x8f \xd0\xbe\xd1\x82 \xd0\xb2\xd1\x81\xd0\xb5\xd0\xba\xd0\xb8 \xd0\xba\xd0\xb0\xd0\xb4\xd1\x8a\xd1\x80 \xd0\xbd\xd0\xb0 \xd0\xb8\xd0\xb3\xd1\x80\xd0\xb0\xd1\x82\xd0\xb0 (\xd0\xbf\xd0\xbe-\xd0\xbc\xd0\xb0\xd0\xbb\xd0\xba\xd0\xbe GPU \xd0\xb2\xd1\x80\xd0\xb5\xd0\xbc\xd0\xb5, \xd0\xbd\xd0\xbe \xd0\xb3\xd0\xb5\xd0\xbd\xd0\xb5\xd1\x80\xd0\xb8\xd1\x80\xd0\xb0\xd0\xbd\xd0\xb8\xd1\x82\xd0\xb5 \xd0\xba\xd0\xb0\xd0\xb4\xd1\x80\xd0\xb8 \xd1\x81\xd0\xb5 \xd0\xbf\xd0\xbe\xd0\xba\xd0\xb0\xd0\xb7\xd0\xb2\xd0\xb0\xd1\x82 \xd0\xb1\xd0\xb5\xd0\xb7 \xd0\xbd\xd0\xb5\xd0\xb3\xd0\xbe, \xd0\xba\xd0\xbe\xd0\xb5\xd1\x82\xd0\xbe \xd0\xbc\xd0\xbe\xd0\xb6\xd0\xb5 \xd0\xb4\xd0\xb0 \xd0\xb8\xd0\xb7\xd0\xb3\xd0\xbb\xd0\xb5\xd0\xb6\xd0\xb4\xd0\xb0 \xd0\xba\xd0\xb0\xd1\x82\xd0\xbe \xd1\x82\xd1\x80\xd0\xb5\xd0\xbf\xd1\x82\xd0\xb5\xd0\xbd\xd0\xb5)."},
    {"Stable timing",
     "\xd0\xa1\xd1\x82\xd0\xb0\xd0\xb1\xd0\xb8\xd0\xbb\xd0\xbd\xd0\xbe \xd0\xbe\xd1\x82\xd1\x87\xd0\xb8\xd1\x82\xd0\xb0\xd0\xbd\xd0\xb5"},
    {"Legacy timing",
     "\xd0\xa1\xd1\x82\xd0\xb0\xd1\x80\xd0\xbe \xd0\xbe\xd1\x82\xd1\x87\xd0\xb8\xd1\x82\xd0\xb0\xd0\xbd\xd0\xb5"},
    {"Frame generation detection",
     "\xd0\xa0\xd0\xb0\xd0\xb7\xd0\xbf\xd0\xbe\xd0\xb7\xd0\xbd\xd0\xb0\xd0\xb2\xd0\xb0\xd0\xbd\xd0\xb5 \xd0\xbd\xd0\xb0 \xd0\xb3\xd0\xb5\xd0\xbd\xd0\xb5\xd1\x80\xd0\xb8\xd1\x80\xd0\xb0\xd0\xbd\xd0\xb5 \xd0\xbd\xd0\xb0 \xd0\xba\xd0\xb0\xd0\xb4\xd1\x80\xd0\xb8"},
    {"Auto uses the game's declared frame generation multiplier when available. Otherwise it measures a stable cadence, keeping the motion scale through hitches. Stable timing ignores declarations. Legacy timing restores the earlier detection rule for compatibility.",
     "\xc2\xab\xd0\x90\xd0\xb2\xd1\x82\xd0\xbe\xc2\xbb \xd0\xb8\xd0\xb7\xd0\xbf\xd0\xbe\xd0\xbb\xd0\xb7\xd0\xb2\xd0\xb0 \xd0\xbe\xd0\xb1\xd1\x8f\xd0\xb2\xd0\xb5\xd0\xbd\xd0\xb8\xd1\x8f \xd0\xbe\xd1\x82 \xd0\xb8\xd0\xb3\xd1\x80\xd0\xb0\xd1\x82\xd0\xb0 \xd0\xbc\xd0\xbd\xd0\xbe\xd0\xb6\xd0\xb8\xd1\x82\xd0\xb5\xd0\xbb \xd0\xb7\xd0\xb0 \xd0\xb3\xd0\xb5\xd0\xbd\xd0\xb5\xd1\x80\xd0\xb8\xd1\x80\xd0\xb0\xd0\xbd\xd0\xb5 \xd0\xbd\xd0\xb0 \xd0\xba\xd0\xb0\xd0\xb4\xd1\x80\xd0\xb8, \xd0\xba\xd0\xbe\xd0\xb3\xd0\xb0\xd1\x82\xd0\xbe \xd0\xb5 \xd0\xbd\xd0\xb0\xd0\xbb\xd0\xb8\xd1\x87\xd0\xb5\xd0\xbd. \xd0\x98\xd0\xbd\xd0\xb0\xd1\x87\xd0\xb5 \xd0\xb8\xd0\xb7\xd0\xbc\xd0\xb5\xd1\x80\xd0\xb2\xd0\xb0 \xd1\x81\xd1\x82\xd0\xb0\xd0\xb1\xd0\xb8\xd0\xbb\xd0\xb5\xd0\xbd \xd1\x80\xd0\xb8\xd1\x82\xd1\x8a\xd0\xbc \xd0\xb8 \xd0\xb7\xd0\xb0\xd0\xbf\xd0\xb0\xd0\xb7\xd0\xb2\xd0\xb0 \xd0\xbc\xd0\xb0\xd1\x89\xd0\xb0\xd0\xb1\xd0\xb0 \xd0\xbd\xd0\xb0 \xd0\xb4\xd0\xb2\xd0\xb8\xd0\xb6\xd0\xb5\xd0\xbd\xd0\xb8\xd0\xb5\xd1\x82\xd0\xbe \xd0\xbf\xd1\x80\xd0\xb8 \xd0\xbd\xd0\xb0\xd1\x81\xd0\xb8\xd1\x87\xd0\xb0\xd0\xbd\xd0\xb8\xd1\x8f. \xc2\xab\xd0\xa1\xd1\x82\xd0\xb0\xd0\xb1\xd0\xb8\xd0\xbb\xd0\xbd\xd0\xbe \xd0\xbe\xd1\x82\xd1\x87\xd0\xb8\xd1\x82\xd0\xb0\xd0\xbd\xd0\xb5\xc2\xbb \xd0\xbf\xd1\x80\xd0\xb5\xd0\xbd\xd0\xb5\xd0\xb1\xd1\x80\xd0\xb5\xd0\xb3\xd0\xb2\xd0\xb0 \xd0\xbe\xd0\xb1\xd1\x8f\xd0\xb2\xd1\x8f\xd0\xb2\xd0\xb0\xd0\xbd\xd0\xb8\xd1\x8f\xd1\x82\xd0\xb0. \xc2\xab\xd0\xa1\xd1\x82\xd0\xb0\xd1\x80\xd0\xbe \xd0\xbe\xd1\x82\xd1\x87\xd0\xb8\xd1\x82\xd0\xb0\xd0\xbd\xd0\xb5\xc2\xbb \xd0\xb2\xd1\x80\xd1\x8a\xd1\x89\xd0\xb0 \xd0\xbf\xd1\x80\xd0\xb5\xd0\xb4\xd0\xb8\xd1\x88\xd0\xbd\xd0\xbe\xd1\x82\xd0\xbe \xd0\xbf\xd1\x80\xd0\xb0\xd0\xb2\xd0\xb8\xd0\xbb\xd0\xbe \xd0\xb7\xd0\xb0 \xd1\x80\xd0\xb0\xd0\xb7\xd0\xbf\xd0\xbe\xd0\xb7\xd0\xbd\xd0\xb0\xd0\xb2\xd0\xb0\xd0\xbd\xd0\xb5 \xd0\xb7\xd0\xb0\xd1\x80\xd0\xb0\xd0\xb4\xd0\xb8 \xd1\x81\xd1\x8a\xd0\xb2\xd0\xbc\xd0\xb5\xd1\x81\xd1\x82\xd0\xb8\xd0\xbc\xd0\xbe\xd1\x81\xd1\x82."},
    {"Runs Neural Rendering again on its own result: a stronger effect, and each extra pass costs the GPU time of one more pass.  Every pass keeps its own history (Chained history, under Fixes).",
     "\xd0\x9f\xd1\x80\xd0\xb8\xd0\xbb\xd0\xb0\xd0\xb3\xd0\xb0 Neural Rendering \xd0\xbe\xd1\x82\xd0\xbd\xd0\xbe\xd0\xb2\xd0\xbe \xd0\xb2\xd1\x8a\xd1\x80\xd1\x85\xd1\x83 \xd1\x81\xd0\xbe\xd0\xb1\xd1\x81\xd1\x82\xd0\xb2\xd0\xb5\xd0\xbd\xd0\xb8\xd1\x8f \xd1\x81\xd0\xb8 \xd1\x80\xd0\xb5\xd0\xb7\xd1\x83\xd0\xbb\xd1\x82\xd0\xb0\xd1\x82: \xd0\xbf\xd0\xbe-\xd1\x81\xd0\xb8\xd0\xbb\xd0\xb5\xd0\xbd \xd0\xb5\xd1\x84\xd0\xb5\xd0\xba\xd1\x82, \xd0\xb0 \xd0\xb2\xd1\x81\xd1\x8f\xd0\xba\xd0\xbe \xd0\xb4\xd0\xbe\xd0\xbf\xd1\x8a\xd0\xbb\xd0\xbd\xd0\xb8\xd1\x82\xd0\xb5\xd0\xbb\xd0\xbd\xd0\xbe \xd0\xbf\xd1\x80\xd0\xb5\xd0\xbc\xd0\xb8\xd0\xbd\xd0\xb0\xd0\xb2\xd0\xb0\xd0\xbd\xd0\xb5 \xd1\x81\xd1\x82\xd1\x80\xd1\x83\xd0\xb2\xd0\xb0 GPU \xd0\xb2\xd1\x80\xd0\xb5\xd0\xbc\xd0\xb5\xd1\x82\xd0\xbe \xd0\xbd\xd0\xb0 \xd0\xbe\xd1\x89\xd0\xb5 \xd0\xb5\xd0\xb4\xd0\xbd\xd0\xbe \xd0\xbf\xd1\x80\xd0\xb5\xd0\xbc\xd0\xb8\xd0\xbd\xd0\xb0\xd0\xb2\xd0\xb0\xd0\xbd\xd0\xb5. \xd0\x92\xd1\x81\xd1\x8f\xd0\xba\xd0\xbe \xd0\xbf\xd1\x80\xd0\xb5\xd0\xbc\xd0\xb8\xd0\xbd\xd0\xb0\xd0\xb2\xd0\xb0\xd0\xbd\xd0\xb5 \xd0\xbf\xd0\xb0\xd0\xb7\xd0\xb8 \xd1\x81\xd0\xb2\xd0\xbe\xd1\x8f \xd0\xb8\xd1\x81\xd1\x82\xd0\xbe\xd1\x80\xd0\xb8\xd1\x8f (\xc2\xab\xd0\x92\xd0\xb5\xd1\x80\xd0\xb8\xd0\xb6\xd0\xbd\xd0\xb0 \xd0\xb8\xd1\x81\xd1\x82\xd0\xbe\xd1\x80\xd0\xb8\xd1\x8f\xc2\xbb \xd0\xb2 \xd0\x9a\xd0\xbe\xd1\x80\xd0\xb5\xd0\xba\xd1\x86\xd0\xb8\xd0\xb8)."},
    {"Pass %u",
     "\xd0\x9f\xd1\x80\xd0\xb5\xd0\xbc\xd0\xb8\xd0\xbd\xd0\xb0\xd0\xb2\xd0\xb0\xd0\xbd\xd0\xb5 %u"},
    {"HDR transfer",
     "HDR \xd0\xbf\xd1\x80\xd0\xb5\xd0\xbd\xd0\xbe\xd1\x81"},
    {"Color",
     "\xd0\xa6\xd0\xb2\xd1\x8f\xd1\x82"},
    {"Same as pass 1",
     "\xd0\x9a\xd0\xb0\xd1\x82\xd0\xbe \xd0\xbf\xd1\x80\xd0\xb5\xd0\xbc\xd0\xb8\xd0\xbd\xd0\xb0\xd0\xb2\xd0\xb0\xd0\xbd\xd0\xb5 1"},
    {"This pass steers the model with pass 1's Look settings.  Off gives it its own, below.",
     "\xd0\xa2\xd0\xbe\xd0\xb2\xd0\xb0 \xd0\xbf\xd1\x80\xd0\xb5\xd0\xbc\xd0\xb8\xd0\xbd\xd0\xb0\xd0\xb2\xd0\xb0\xd0\xbd\xd0\xb5 \xd0\xbd\xd0\xb0\xd1\x81\xd0\xbe\xd1\x87\xd0\xb2\xd0\xb0 \xd0\xbc\xd0\xbe\xd0\xb4\xd0\xb5\xd0\xbb\xd0\xb0 \xd1\x81 \xd0\xbd\xd0\xb0\xd1\x81\xd1\x82\xd1\x80\xd0\xbe\xd0\xb9\xd0\xba\xd0\xb8\xd1\x82\xd0\xb5 \xd0\xbe\xd1\x82 \xc2\xab\xd0\x92\xd0\xb8\xd0\xb7\xd0\xb8\xd1\x8f\xc2\xbb \xd0\xbd\xd0\xb0 \xd0\xbf\xd1\x80\xd0\xb5\xd0\xbc\xd0\xb8\xd0\xbd\xd0\xb0\xd0\xb2\xd0\xb0\xd0\xbd\xd0\xb5 1. \xc2\xab\xd0\x98\xd0\xb7\xd0\xba\xd0\xbb.\xc2\xbb \xd0\xbc\xd1\x83 \xd0\xb4\xd0\xb0\xd0\xb2\xd0\xb0 \xd1\x81\xd0\xbe\xd0\xb1\xd1\x81\xd1\x82\xd0\xb2\xd0\xb5\xd0\xbd\xd0\xb8, \xd0\xbf\xd0\xbe-\xd0\xb4\xd0\xbe\xd0\xbb\xd1\x83."},
    {"The working resolution as a share of the full one.  Lower costs less GPU time.",
     "\xd0\xa0\xd0\xb0\xd0\xb1\xd0\xbe\xd1\x82\xd0\xbd\xd0\xb0\xd1\x82\xd0\xb0 \xd1\x80\xd0\xb5\xd0\xb7\xd0\xbe\xd0\xbb\xd1\x8e\xd1\x86\xd0\xb8\xd1\x8f \xd0\xba\xd0\xb0\xd1\x82\xd0\xbe \xd0\xb4\xd1\x8f\xd0\xbb \xd0\xbe\xd1\x82 \xd0\xbf\xd1\x8a\xd0\xbb\xd0\xbd\xd0\xb0\xd1\x82\xd0\xb0. \xd0\x9f\xd0\xbe-\xd0\xbd\xd0\xb8\xd1\x81\xd0\xba\xd0\xb0\xd1\x82\xd0\xb0 \xd1\x81\xd1\x82\xd1\x80\xd1\x83\xd0\xb2\xd0\xb0 \xd0\xbf\xd0\xbe-\xd0\xbc\xd0\xb0\xd0\xbb\xd0\xba\xd0\xbe GPU \xd0\xb2\xd1\x80\xd0\xb5\xd0\xbc\xd0\xb5."},
    {"Resolution scale",
     "\xd0\x9c\xd0\xb0\xd1\x89\xd0\xb0\xd0\xb1 \xd0\xbd\xd0\xb0 \xd1\x80\xd0\xb5\xd0\xb7\xd0\xbe\xd0\xbb\xd1\x8e\xd1\x86\xd0\xb8\xd1\x8f\xd1\x82\xd0\xb0"},
    {"follows the game (Match game)",
     "\xd1\x81\xd0\xbb\xd0\xb5\xd0\xb4\xd0\xb2\xd0\xb0 \xd0\xb8\xd0\xb3\xd1\x80\xd0\xb0\xd1\x82\xd0\xb0 (\xc2\xab\xd0\x9a\xd0\xb0\xd1\x82\xd0\xbe \xd0\xb8\xd0\xb3\xd1\x80\xd0\xb0\xd1\x82\xd0\xb0\xc2\xbb)"},
    {"Edge-aware",
     "\xd0\x9f\xd0\xbe \xd1\x80\xd1\x8a\xd0\xb1\xd0\xbe\xd0\xb2\xd0\xb5\xd1\x82\xd0\xb5"},
    {"Classic",
     "\xd0\x9a\xd0\xbb\xd0\xb0\xd1\x81\xd0\xb8\xd1\x87\xd0\xb5\xd1\x81\xd0\xba\xd0\xb8"},
    {"Edge-aware (area input)",
     "\xd0\x9f\xd0\xbe \xd1\x80\xd1\x8a\xd0\xb1\xd0\xbe\xd0\xb2\xd0\xb5\xd1\x82\xd0\xb5 (\xd1\x83\xd1\x81\xd1\x80\xd0\xb5\xd0\xb4\xd0\xbd\xd1\x8f\xd0\xb2\xd0\xb0\xd0\xbd\xd0\xb5 \xd0\xbf\xd0\xbe \xd0\xbf\xd0\xbb\xd0\xbe\xd1\x89)"},
    {"Upsampling",
     "\xd0\xa3\xd0\xb2\xd0\xb5\xd0\xbb\xd0\xb8\xd1\x87\xd0\xb0\xd0\xb2\xd0\xb0\xd0\xbd\xd0\xb5"},
    {"How Neural Rendering's change reaches the screen when it works below the output resolution, including Match game (no effect when it works at the output resolution).  Auto and Edge-aware keep the change on the edges it belongs to and the full-resolution detail under it, and sample the nearest SDR pixel for NR.  Edge-aware (area input) averages SDR pixels before NR; this can change NR's look.  Classic shows NR's own lower-resolution pixels, which look blocky.",
     "\xd0\x9a\xd0\xb0\xd0\xba \xd0\xbf\xd1\x80\xd0\xbe\xd0\xbc\xd1\x8f\xd0\xbd\xd0\xb0\xd1\x82\xd0\xb0 \xd0\xbd\xd0\xb0 Neural Rendering \xd1\x81\xd1\x82\xd0\xb8\xd0\xb3\xd0\xb0 \xd0\xb4\xd0\xbe \xd0\xb5\xd0\xba\xd1\x80\xd0\xb0\xd0\xbd\xd0\xb0, \xd0\xba\xd0\xbe\xd0\xb3\xd0\xb0\xd1\x82\xd0\xbe \xd1\x80\xd0\xb0\xd0\xb1\xd0\xbe\xd1\x82\xd0\xb8 \xd0\xbf\xd0\xbe\xd0\xb4 \xd0\xb8\xd0\xb7\xd1\x85\xd0\xbe\xd0\xb4\xd0\xbd\xd0\xb0\xd1\x82\xd0\xb0 \xd1\x80\xd0\xb5\xd0\xb7\xd0\xbe\xd0\xbb\xd1\x8e\xd1\x86\xd0\xb8\xd1\x8f, \xd0\xb2\xd0\xba\xd0\xbb\xd1\x8e\xd1\x87\xd0\xb8\xd1\x82\xd0\xb5\xd0\xbb\xd0\xbd\xd0\xbe \xc2\xab\xd0\x9a\xd0\xb0\xd1\x82\xd0\xbe \xd0\xb8\xd0\xb3\xd1\x80\xd0\xb0\xd1\x82\xd0\xb0\xc2\xbb (\xd0\xb1\xd0\xb5\xd0\xb7 \xd0\xb5\xd1\x84\xd0\xb5\xd0\xba\xd1\x82, \xd0\xba\xd0\xbe\xd0\xb3\xd0\xb0\xd1\x82\xd0\xbe \xd1\x80\xd0\xb0\xd0\xb1\xd0\xbe\xd1\x82\xd0\xb8 \xd0\xbf\xd1\x80\xd0\xb8 \xd0\xb8\xd0\xb7\xd1\x85\xd0\xbe\xd0\xb4\xd0\xbd\xd0\xb0\xd1\x82\xd0\xb0 \xd1\x80\xd0\xb5\xd0\xb7\xd0\xbe\xd0\xbb\xd1\x8e\xd1\x86\xd0\xb8\xd1\x8f).  \xc2\xab\xd0\x90\xd0\xb2\xd1\x82\xd0\xbe\xc2\xbb \xd0\xb8 \xc2\xab\xd0\x9f\xd0\xbe \xd1\x80\xd1\x8a\xd0\xb1\xd0\xbe\xd0\xb2\xd0\xb5\xd1\x82\xd0\xb5\xc2\xbb \xd0\xb7\xd0\xb0\xd0\xb4\xd1\x8a\xd1\x80\xd0\xb6\xd0\xb0\xd1\x82 \xd0\xbf\xd1\x80\xd0\xbe\xd0\xbc\xd1\x8f\xd0\xbd\xd0\xb0\xd1\x82\xd0\xb0 \xd0\xbf\xd0\xbe \xd1\x80\xd1\x8a\xd0\xb1\xd0\xbe\xd0\xb2\xd0\xb5\xd1\x82\xd0\xb5, \xd0\xba\xd1\x8a\xd0\xbc \xd0\xba\xd0\xbe\xd0\xb8\xd1\x82\xd0\xbe \xd0\xbf\xd1\x80\xd0\xb8\xd0\xbd\xd0\xb0\xd0\xb4\xd0\xbb\xd0\xb5\xd0\xb6\xd0\xb8, \xd0\xb8 \xd0\xb4\xd0\xb5\xd1\x82\xd0\xb0\xd0\xb9\xd0\xbb\xd0\xb0 \xd0\xb2 \xd0\xbf\xd1\x8a\xd0\xbb\xd0\xbd\xd0\xb0 \xd1\x80\xd0\xb5\xd0\xb7\xd0\xbe\xd0\xbb\xd1\x8e\xd1\x86\xd0\xb8\xd1\x8f \xd0\xbf\xd0\xbe\xd0\xb4 \xd0\xbd\xd0\xb5\xd1\x8f, \xd0\xb8 \xd0\xb4\xd0\xb0\xd0\xb2\xd0\xb0\xd1\x82 \xd0\xbd\xd0\xb0 NR \xd0\xbd\xd0\xb0\xd0\xb9-\xd0\xb1\xd0\xbb\xd0\xb8\xd0\xb7\xd0\xba\xd0\xb8\xd1\x8f SDR \xd0\xbf\xd0\xb8\xd0\xba\xd1\x81\xd0\xb5\xd0\xbb.  \xc2\xab\xd0\x9f\xd0\xbe \xd1\x80\xd1\x8a\xd0\xb1\xd0\xbe\xd0\xb2\xd0\xb5\xd1\x82\xd0\xb5 (\xd1\x83\xd1\x81\xd1\x80\xd0\xb5\xd0\xb4\xd0\xbd\xd1\x8f\xd0\xb2\xd0\xb0\xd0\xbd\xd0\xb5 \xd0\xbf\xd0\xbe \xd0\xbf\xd0\xbb\xd0\xbe\xd1\x89)\xc2\xbb \xd1\x83\xd1\x81\xd1\x80\xd0\xb5\xd0\xb4\xd0\xbd\xd1\x8f\xd0\xb2\xd0\xb0 SDR \xd0\xbf\xd0\xb8\xd0\xba\xd1\x81\xd0\xb5\xd0\xbb\xd0\xb8 \xd0\xbf\xd1\x80\xd0\xb5\xd0\xb4\xd0\xb8 NR; \xd1\x82\xd0\xbe\xd0\xb2\xd0\xb0 \xd0\xbc\xd0\xbe\xd0\xb6\xd0\xb5 \xd0\xb4\xd0\xb0 \xd0\xbf\xd1\x80\xd0\xbe\xd0\xbc\xd0\xb5\xd0\xbd\xd0\xb8 \xd0\xb2\xd0\xb8\xd0\xb7\xd0\xb8\xd1\x8f\xd1\x82\xd0\xb0 \xd0\xbd\xd0\xb0 NR.  \xc2\xab\xd0\x9a\xd0\xbb\xd0\xb0\xd1\x81\xd0\xb8\xd1\x87\xd0\xb5\xd1\x81\xd0\xba\xd0\xb8\xc2\xbb \xd0\xbf\xd0\xbe\xd0\xba\xd0\xb0\xd0\xb7\xd0\xb2\xd0\xb0 \xd1\x81\xd0\xbe\xd0\xb1\xd1\x81\xd1\x82\xd0\xb2\xd0\xb5\xd0\xbd\xd0\xb8\xd1\x82\xd0\xb5 \xd0\xbf\xd0\xb8\xd0\xba\xd1\x81\xd0\xb5\xd0\xbb\xd0\xb8 \xd0\xbd\xd0\xb0 NR \xd0\xb2 \xd0\xbf\xd0\xbe-\xd0\xbd\xd0\xb8\xd1\x81\xd0\xba\xd0\xb0 \xd1\x80\xd0\xb5\xd0\xb7\xd0\xbe\xd0\xbb\xd1\x8e\xd1\x86\xd0\xb8\xd1\x8f, \xd0\xba\xd0\xbe\xd0\xb8\xd1\x82\xd0\xbe \xd0\xb8\xd0\xb7\xd0\xb3\xd0\xbb\xd0\xb5\xd0\xb6\xd0\xb4\xd0\xb0\xd1\x82 \xd0\xbd\xd0\xb0 \xd0\xb1\xd0\xbb\xd0\xbe\xd0\xba\xd1\x87\xd0\xb5\xd1\x82\xd0\xb0."},
    {"Working at",
     "\xd0\xa0\xd0\xb0\xd0\xb1\xd0\xbe\xd1\x82\xd0\xb8 \xd0\xbf\xd1\x80\xd0\xb8"},
    {"Classic (manual)",
     "\xd0\x9a\xd0\xbb\xd0\xb0\xd1\x81\xd0\xb8\xd1\x87\xd0\xb5\xd1\x81\xd0\xba\xd0\xb8 (\xd1\x80\xd1\x8a\xd1\x87\xd0\xbd\xd0\xbe)"},
    {"Anchored (manual)",
     "\xd0\xa1 \xd0\xba\xd0\xbe\xd1\x82\xd0\xb2\xd0\xb0 (\xd1\x80\xd1\x8a\xd1\x87\xd0\xbd\xd0\xbe)"},
    {"Display (fixed)",
     "\xd0\x94\xd0\xb8\xd1\x81\xd0\xbf\xd0\xbb\xd0\xb5\xd0\xb9 (\xd1\x84\xd0\xb8\xd0\xba\xd1\x81\xd0\xb8\xd1\x80\xd0\xb0\xd0\xbd)"},
    {"How the game's HDR image is prepared for Neural Rendering and brought back.  Auto is right for nearly every game.",
     "\xd0\x9a\xd0\xb0\xd0\xba HDR \xd0\xb8\xd0\xb7\xd0\xbe\xd0\xb1\xd1\x80\xd0\xb0\xd0\xb6\xd0\xb5\xd0\xbd\xd0\xb8\xd0\xb5\xd1\x82\xd0\xbe \xd0\xbd\xd0\xb0 \xd0\xb8\xd0\xb3\xd1\x80\xd0\xb0\xd1\x82\xd0\xb0 \xd1\x81\xd0\xb5 \xd0\xbf\xd0\xbe\xd0\xb4\xd0\xb3\xd0\xbe\xd1\x82\xd0\xb2\xd1\x8f \xd0\xb7\xd0\xb0 Neural Rendering \xd0\xb8 \xd1\x81\xd0\xb5 \xd0\xb2\xd1\x80\xd1\x8a\xd1\x89\xd0\xb0 \xd0\xbe\xd0\xb1\xd1\x80\xd0\xb0\xd1\x82\xd0\xbd\xd0\xbe. \xc2\xab\xd0\x90\xd0\xb2\xd1\x82\xd0\xbe\xc2\xbb \xd0\xb5 \xd0\xbf\xd1\x80\xd0\xb0\xd0\xb2\xd0\xb8\xd0\xbb\xd0\xbd\xd0\xbe \xd0\xb7\xd0\xb0 \xd0\xbf\xd0\xbe\xd1\x87\xd1\x82\xd0\xb8 \xd0\xb2\xd1\x81\xd1\x8f\xd0\xba\xd0\xb0 \xd0\xb8\xd0\xb3\xd1\x80\xd0\xb0."},
    {"Scaling now",
     "\xd0\xa2\xd0\xb5\xd0\xba\xd1\x83\xd1\x89 \xd0\xbc\xd0\xb0\xd1\x89\xd0\xb0\xd0\xb1"},
    {"fixed, %.0f nits per unit",
     "\xd1\x84\xd0\xb8\xd0\xba\xd1\x81\xd0\xb8\xd1\x80\xd0\xb0\xd0\xbd, %.0f nits \xd0\xbd\xd0\xb0 \xd0\xb5\xd0\xb4\xd0\xb8\xd0\xbd\xd0\xb8\xd1\x86\xd0\xb0"},
    {"off (raw candidate)",
     "\xd0\xb8\xd0\xb7\xd0\xba\xd0\xbb. (\xd1\x81\xd1\x83\xd1\x80\xd0\xbe\xd0\xb2 \xd0\xba\xd0\xb0\xd0\xbd\xd0\xb4\xd0\xb8\xd0\xb4\xd0\xb0\xd1\x82)"},
    {"slew",
     "\xd0\xbf\xd0\xbb\xd0\xb0\xd0\xb2\xd0\xb5\xd0\xbd"},
    {"stable",
     "\xd1\x81\xd1\x82\xd0\xb0\xd0\xb1\xd0\xb8\xd0\xbb\xd0\xb5\xd0\xbd"},
    {"GPU autoscale, governor %s",
     "GPU \xd0\xb0\xd0\xb2\xd1\x82\xd0\xbe\xd0\xbc\xd0\xb0\xd1\x89\xd0\xb0\xd0\xb1, \xd1\x80\xd0\xb5\xd0\xb3\xd1\x83\xd0\xbb\xd0\xb0\xd1\x82\xd0\xbe\xd1\x80 %s"},
    {"Proxy anchor (nits)",
     "\xd0\x9a\xd0\xbe\xd1\x82\xd0\xb2\xd0\xb0 \xd0\xbd\xd0\xb0 \xd0\xbf\xd1\x80\xd0\xbe\xd0\xba\xd1\x81\xd0\xb8\xd1\x82\xd0\xbe (nits)"},
    {"Used only for calibrated absolute HDR. Relative HDR uses the current frame's GPU-derived scale.",
     "\xd0\x98\xd0\xb7\xd0\xbf\xd0\xbe\xd0\xbb\xd0\xb7\xd0\xb2\xd0\xb0 \xd1\x81\xd0\xb5 \xd1\x81\xd0\xb0\xd0\xbc\xd0\xbe \xd0\xb7\xd0\xb0 \xd0\xba\xd0\xb0\xd0\xbb\xd0\xb8\xd0\xb1\xd1\x80\xd0\xb8\xd1\x80\xd0\xb0\xd0\xbd \xd0\xb0\xd0\xb1\xd1\x81\xd0\xbe\xd0\xbb\xd1\x8e\xd1\x82\xd0\xb5\xd0\xbd HDR. \xd0\x9e\xd1\x82\xd0\xbd\xd0\xbe\xd1\x81\xd0\xb8\xd1\x82\xd0\xb5\xd0\xbb\xd0\xbd\xd0\xb8\xd1\x8f\xd1\x82 HDR \xd0\xb8\xd0\xb7\xd0\xbf\xd0\xbe\xd0\xbb\xd0\xb7\xd0\xb2\xd0\xb0 \xd0\xbc\xd0\xb0\xd1\x89\xd0\xb0\xd0\xb1\xd0\xb0 \xd0\xbd\xd0\xb0 \xd1\x82\xd0\xb5\xd0\xba\xd1\x83\xd1\x89\xd0\xb8\xd1\x8f \xd0\xba\xd0\xb0\xd0\xb4\xd1\x8a\xd1\x80, \xd0\xb8\xd0\xb7\xd1\x87\xd0\xb8\xd1\x81\xd0\xbb\xd0\xb5\xd0\xbd \xd0\xbe\xd1\x82 GPU."},
    {"Source interpretation",
     "\xd0\xa2\xd1\x8a\xd0\xbb\xd0\xba\xd1\x83\xd0\xb2\xd0\xb0\xd0\xbd\xd0\xb5 \xd0\xbd\xd0\xb0 \xd0\xb8\xd0\xb7\xd1\x82\xd0\xbe\xd1\x87\xd0\xbd\xd0\xb8\xd0\xba\xd0\xb0"},
    {"Auto (format evidence)",
     "\xd0\x90\xd0\xb2\xd1\x82\xd0\xbe (\xd0\xbf\xd0\xbe \xd1\x84\xd0\xbe\xd1\x80\xd0\xbc\xd0\xb0\xd1\x82\xd0\xb0)"},
    {"SDR / relative",
     "SDR / \xd0\xbe\xd1\x82\xd0\xbd\xd0\xbe\xd1\x81\xd0\xb8\xd1\x82\xd0\xb5\xd0\xbb\xd0\xb5\xd0\xbd"},
    {"Linear",
     "\xd0\x9b\xd0\xb8\xd0\xbd\xd0\xb5\xd0\xb5\xd0\xbd"},
    {"PQ / 10,000 nits",
     "PQ / 10 000 nits"},
    {"Encoding",
     "\xd0\x9a\xd0\xbe\xd0\xb4\xd0\xb8\xd1\x80\xd0\xb0\xd0\xbd\xd0\xb5"},
    {"What the game's image is.  Auto reads it from the image format; override only an engine that declares its format wrongly.",
     "\xd0\x9a\xd0\xb0\xd0\xba\xd0\xb2\xd0\xbe \xd0\xbf\xd1\x80\xd0\xb5\xd0\xb4\xd1\x81\xd1\x82\xd0\xb0\xd0\xb2\xd0\xbb\xd1\x8f\xd0\xb2\xd0\xb0 \xd0\xb8\xd0\xb7\xd0\xbe\xd0\xb1\xd1\x80\xd0\xb0\xd0\xb6\xd0\xb5\xd0\xbd\xd0\xb8\xd0\xb5\xd1\x82\xd0\xbe \xd0\xbd\xd0\xb0 \xd0\xb8\xd0\xb3\xd1\x80\xd0\xb0\xd1\x82\xd0\xb0. \xc2\xab\xd0\x90\xd0\xb2\xd1\x82\xd0\xbe\xc2\xbb \xd0\xb3\xd0\xbe \xd1\x80\xd0\xb0\xd0\xb7\xd1\x87\xd0\xb8\xd1\x82\xd0\xb0 \xd0\xbe\xd1\x82 \xd1\x84\xd0\xbe\xd1\x80\xd0\xbc\xd0\xb0\xd1\x82\xd0\xb0 \xd0\xbd\xd0\xb0 \xd0\xb8\xd0\xb7\xd0\xbe\xd0\xb1\xd1\x80\xd0\xb0\xd0\xb6\xd0\xb5\xd0\xbd\xd0\xb8\xd0\xb5\xd1\x82\xd0\xbe; \xd0\xbf\xd1\x80\xd0\xbe\xd0\xbc\xd0\xb5\xd0\xbd\xd1\x8f\xd0\xb9\xd1\x82\xd0\xb5 \xd1\x81\xd0\xb0\xd0\xbc\xd0\xbe \xd0\xb7\xd0\xb0 \xd0\xb5\xd0\xbd\xd0\xb4\xd0\xb6\xd0\xb8\xd0\xbd, \xd0\xba\xd0\xbe\xd0\xb9\xd1\x82\xd0\xbe \xd0\xb4\xd0\xb5\xd0\xba\xd0\xbb\xd0\xb0\xd1\x80\xd0\xb8\xd1\x80\xd0\xb0 \xd1\x84\xd0\xbe\xd1\x80\xd0\xbc\xd0\xb0\xd1\x82\xd0\xb0 \xd1\x81\xd0\xb8 \xd0\xb3\xd1\x80\xd0\xb5\xd1\x88\xd0\xbd\xd0\xbe."},
    {"Linear unit (nits)",
     "\xd0\x9b\xd0\xb8\xd0\xbd\xd0\xb5\xd0\xb9\xd0\xbd\xd0\xb0 \xd0\xb5\xd0\xb4\xd0\xb8\xd0\xbd\xd0\xb8\xd1\x86\xd0\xb0 (nits)"},
    {"Nits per 1.0 of a linear source: 0 keeps it relative (GPU autoscale); a positive value marks it calibrated/absolute.",
     "Nits \xd0\xbd\xd0\xb0 1.0 \xd0\xbe\xd1\x82 \xd0\xbb\xd0\xb8\xd0\xbd\xd0\xb5\xd0\xb5\xd0\xbd \xd0\xb8\xd0\xb7\xd1\x82\xd0\xbe\xd1\x87\xd0\xbd\xd0\xb8\xd0\xba: 0 \xd0\xb3\xd0\xbe \xd0\xbe\xd1\x81\xd1\x82\xd0\xb0\xd0\xb2\xd1\x8f \xd0\xbe\xd1\x82\xd0\xbd\xd0\xbe\xd1\x81\xd0\xb8\xd1\x82\xd0\xb5\xd0\xbb\xd0\xb5\xd0\xbd (GPU \xd0\xb0\xd0\xb2\xd1\x82\xd0\xbe\xd0\xbc\xd0\xb0\xd1\x89\xd0\xb0\xd0\xb1); \xd0\xbf\xd0\xbe\xd0\xbb\xd0\xbe\xd0\xb6\xd0\xb8\xd1\x82\xd0\xb5\xd0\xbb\xd0\xbd\xd0\xb0 \xd1\x81\xd1\x82\xd0\xbe\xd0\xb9\xd0\xbd\xd0\xbe\xd1\x81\xd1\x82 \xd0\xb3\xd0\xbe \xd0\xbc\xd0\xb0\xd1\x80\xd0\xba\xd0\xb8\xd1\x80\xd0\xb0 \xd0\xba\xd0\xb0\xd1\x82\xd0\xbe \xd0\xba\xd0\xb0\xd0\xbb\xd0\xb8\xd0\xb1\xd1\x80\xd0\xb8\xd1\x80\xd0\xb0\xd0\xbd/\xd0\xb0\xd0\xb1\xd1\x81\xd0\xbe\xd0\xbb\xd1\x8e\xd1\x82\xd0\xb5\xd0\xbd."},
    {"BT.709",
     "BT.709"},
    {"BT.2020",
     "BT.2020"},
    {"AP1 (ACEScg)",
     "AP1 (ACEScg)"},
    {"Primaries",
     "\xd0\x9e\xd1\x81\xd0\xbd\xd0\xbe\xd0\xb2\xd0\xbd\xd0\xb8 \xd1\x86\xd0\xb2\xd0\xb5\xd1\x82\xd0\xbe\xd0\xb2\xd0\xb5"},
    {"Advisory label only - the neural model works in wide gamut and no conversion is applied.",
     "\xd0\xa1\xd0\xb0\xd0\xbc\xd0\xbe \xd0\xb8\xd0\xbd\xd1\x84\xd0\xbe\xd1\x80\xd0\xbc\xd0\xb0\xd1\x82\xd0\xb8\xd0\xb2\xd0\xb5\xd0\xbd \xd0\xb5\xd1\x82\xd0\xb8\xd0\xba\xd0\xb5\xd1\x82 - \xd0\xbd\xd0\xb5\xd0\xb2\xd1\x80\xd0\xbe\xd0\xbd\xd0\xbd\xd0\xb8\xd1\x8f\xd1\x82 \xd0\xbc\xd0\xbe\xd0\xb4\xd0\xb5\xd0\xbb \xd1\x80\xd0\xb0\xd0\xb1\xd0\xbe\xd1\x82\xd0\xb8 \xd0\xb2 \xd1\x88\xd0\xb8\xd1\x80\xd0\xbe\xd0\xba\xd0\xb0 \xd0\xb3\xd0\xb0\xd0\xbc\xd0\xb0 \xd0\xb8 \xd0\xbd\xd0\xb5 \xd1\x81\xd0\xb5 \xd0\xbf\xd1\x80\xd0\xb8\xd0\xbb\xd0\xb0\xd0\xb3\xd0\xb0 \xd0\xbf\xd1\x80\xd0\xb5\xd0\xbe\xd0\xb1\xd1\x80\xd0\xb0\xd0\xb7\xd1\x83\xd0\xb2\xd0\xb0\xd0\xbd\xd0\xb5."},
    {"PQ calibration",
     "\xd0\x9a\xd0\xb0\xd0\xbb\xd0\xb8\xd0\xb1\xd1\x80\xd0\xb8\xd1\x80\xd0\xb0\xd0\xbd\xd0\xb5 PQ"},
    {"Extra scene-linear gain for PQ sources (classic and Auto over absolute units).  1 = the 203-nit BT.2408 reference; the pre-v6 default was 2.5375 and migrated configs keep it.",
     "\xd0\x94\xd0\xbe\xd0\xbf\xd1\x8a\xd0\xbb\xd0\xbd\xd0\xb8\xd1\x82\xd0\xb5\xd0\xbb\xd0\xbd\xd0\xbe \xd0\xbb\xd0\xb8\xd0\xbd\xd0\xb5\xd0\xb9\xd0\xbd\xd0\xbe \xd1\x83\xd1\x81\xd0\xb8\xd0\xbb\xd0\xb2\xd0\xb0\xd0\xbd\xd0\xb5 \xd0\xbd\xd0\xb0 \xd1\x81\xd1\x86\xd0\xb5\xd0\xbd\xd0\xb0\xd1\x82\xd0\xb0 \xd0\xb7\xd0\xb0 PQ \xd0\xb8\xd0\xb7\xd1\x82\xd0\xbe\xd1\x87\xd0\xbd\xd0\xb8\xd1\x86\xd0\xb8 (\xd0\xba\xd0\xbb\xd0\xb0\xd1\x81\xd0\xb8\xd1\x87\xd0\xb5\xd1\x81\xd0\xba\xd0\xb8 \xd0\xb8 \xc2\xab\xd0\x90\xd0\xb2\xd1\x82\xd0\xbe\xc2\xbb \xd0\xb2\xd1\x8a\xd1\x80\xd1\x85\xd1\x83 \xd0\xb0\xd0\xb1\xd1\x81\xd0\xbe\xd0\xbb\xd1\x8e\xd1\x82\xd0\xbd\xd0\xb8 \xd0\xb5\xd0\xb4\xd0\xb8\xd0\xbd\xd0\xb8\xd1\x86\xd0\xb8). 1 = \xd0\xb5\xd1\x82\xd0\xb0\xd0\xbb\xd0\xbe\xd0\xbd\xd1\x8a\xd1\x82 BT.2408 \xd0\xbe\xd1\x82 203 nits; \xd1\x81\xd1\x82\xd0\xbe\xd0\xb9\xd0\xbd\xd0\xbe\xd1\x81\xd1\x82\xd1\x82\xd0\xb0 \xd0\xbf\xd0\xbe \xd0\xbf\xd0\xbe\xd0\xb4\xd1\x80\xd0\xb0\xd0\xb7\xd0\xb1\xd0\xb8\xd1\x80\xd0\xb0\xd0\xbd\xd0\xb5 \xd0\xbf\xd1\x80\xd0\xb5\xd0\xb4\xd0\xb8 v6 \xd0\xb1\xd0\xb5\xd1\x88\xd0\xb5 2.5375 \xd0\xb8 \xd0\xbc\xd0\xb8\xd0\xb3\xd1\x80\xd0\xb8\xd1\x80\xd0\xb0\xd0\xbd\xd0\xb8\xd1\x82\xd0\xb5 \xd0\xba\xd0\xbe\xd0\xbd\xd1\x84\xd0\xb8\xd0\xb3\xd1\x83\xd1\x80\xd0\xb0\xd1\x86\xd0\xb8\xd0\xb8 \xd1\x8f \xd0\xb7\xd0\xb0\xd0\xbf\xd0\xb0\xd0\xb7\xd0\xb2\xd0\xb0\xd1\x82."},
    {"Scene white scale",
     "\xd0\x9c\xd0\xb0\xd1\x89\xd0\xb0\xd0\xb1 \xd0\xbd\xd0\xb0 \xd0\xb1\xd1\x8f\xd0\xbb\xd0\xbe\xd1\x82\xd0\xbe \xd0\xb2 \xd1\x81\xd1\x86\xd0\xb5\xd0\xbd\xd0\xb0\xd1\x82\xd0\xb0"},
    {"Smooth Auto",
     "\xd0\x9f\xd0\xbb\xd0\xb0\xd0\xb2\xd0\xbd\xd0\xbe \xd0\xb0\xd0\xb2\xd1\x82\xd0\xbe"},
    {"Dark pedestal removal",
     "\xd0\x9f\xd1\x80\xd0\xb5\xd0\xbc\xd0\xb0\xd1\x85\xd0\xb2\xd0\xb0\xd0\xbd\xd0\xb5 \xd0\xbd\xd0\xb0 \xd1\x82\xd1\x8a\xd0\xbc\xd0\xbd\xd0\xb8\xd1\x8f \xd0\xbf\xd0\xb8\xd0\xb5\xd0\xb4\xd0\xb5\xd1\x81\xd1\x82\xd0\xb0\xd0\xbb"},
    {"Float-HDR games: whether the dark lift the model adds in near-black areas is removed; HDR transfer sets how much.  Auto skips the removal where the game's brightness is relative (Kingdom Come Deliverance II, Alan Wake 2, GTA V): there it reads shadow noise as a lift and darkens shadows block by block, which flickers.  Always removes it in every HDR game, as releases up to rc7 did.  Smooth Auto keeps Auto's source policy and gradually fades restoration at the edge of the near-black range, avoiding an abrupt boundary.",
     "\xd0\x98\xd0\xb3\xd1\x80\xd0\xb8 \xd1\x81 HDR \xd1\x81 \xd0\xbf\xd0\xbb\xd0\xb0\xd0\xb2\xd0\xb0\xd1\x89\xd0\xb0 \xd0\xb7\xd0\xb0\xd0\xbf\xd0\xb5\xd1\x82\xd0\xb0\xd1\x8f: \xd0\xb4\xd0\xb0\xd0\xbb\xd0\xb8 \xd1\x81\xd0\xb5 \xd0\xbf\xd1\x80\xd0\xb5\xd0\xbc\xd0\xb0\xd1\x85\xd0\xb2\xd0\xb0 \xd1\x82\xd1\x8a\xd0\xbc\xd0\xbd\xd0\xbe\xd1\x82\xd0\xbe \xd0\xbf\xd0\xbe\xd0\xb2\xd0\xb4\xd0\xb8\xd0\xb3\xd0\xb0\xd0\xbd\xd0\xb5, \xd0\xba\xd0\xbe\xd0\xb5\xd1\x82\xd0\xbe \xd0\xbc\xd0\xbe\xd0\xb4\xd0\xb5\xd0\xbb\xd1\x8a\xd1\x82 \xd0\xb4\xd0\xbe\xd0\xb1\xd0\xb0\xd0\xb2\xd1\x8f \xd0\xb2 \xd0\xbf\xd0\xbe\xd1\x87\xd1\x82\xd0\xb8 \xd1\x87\xd0\xb5\xd1\x80\xd0\xbd\xd0\xb8\xd1\x82\xd0\xb5 \xd0\xbe\xd0\xb1\xd0\xbb\xd0\xb0\xd1\x81\xd1\x82\xd0\xb8; HDR \xd0\xbf\xd1\x80\xd0\xb5\xd0\xbd\xd0\xbe\xd1\x81 \xd0\xbe\xd0\xbf\xd1\x80\xd0\xb5\xd0\xb4\xd0\xb5\xd0\xbb\xd1\x8f \xd0\xba\xd0\xbe\xd0\xbb\xd0\xba\xd0\xbe.  \xd0\x90\xd0\xb2\xd1\x82\xd0\xbe \xd0\xbf\xd1\x80\xd0\xbe\xd0\xbf\xd1\x83\xd1\x81\xd0\xba\xd0\xb0 \xd0\xbf\xd1\x80\xd0\xb5\xd0\xbc\xd0\xb0\xd1\x85\xd0\xb2\xd0\xb0\xd0\xbd\xd0\xb5\xd1\x82\xd0\xbe, \xd0\xba\xd1\x8a\xd0\xb4\xd0\xb5\xd1\x82\xd0\xbe \xd1\x8f\xd1\x80\xd0\xba\xd0\xbe\xd1\x81\xd1\x82\xd1\x82\xd0\xb0 \xd0\xbd\xd0\xb0 \xd0\xb8\xd0\xb3\xd1\x80\xd0\xb0\xd1\x82\xd0\xb0 \xd0\xb5 \xd0\xbe\xd1\x82\xd0\xbd\xd0\xbe\xd1\x81\xd0\xb8\xd1\x82\xd0\xb5\xd0\xbb\xd0\xbd\xd0\xb0 (Kingdom Come Deliverance II, Alan Wake 2, GTA V): \xd1\x82\xd0\xb0\xd0\xbc \xd1\x82\xd0\xbe \xd0\xbf\xd1\x80\xd0\xb8\xd0\xb5\xd0\xbc\xd0\xb0 \xd1\x88\xd1\x83\xd0\xbc\xd0\xb0 \xd0\xb2 \xd1\x81\xd0\xb5\xd0\xbd\xd0\xba\xd0\xb8\xd1\x82\xd0\xb5 \xd0\xb7\xd0\xb0 \xd0\xbf\xd0\xbe\xd0\xb2\xd0\xb4\xd0\xb8\xd0\xb3\xd0\xb0\xd0\xbd\xd0\xb5 \xd0\xb8 \xd0\xb7\xd0\xb0\xd1\x82\xd1\x8a\xd0\xbc\xd0\xbd\xd1\x8f\xd0\xb2\xd0\xb0 \xd1\x81\xd0\xb5\xd0\xbd\xd0\xba\xd0\xb8\xd1\x82\xd0\xb5 \xd0\xb1\xd0\xbb\xd0\xbe\xd0\xba \xd0\xbf\xd0\xbe \xd0\xb1\xd0\xbb\xd0\xbe\xd0\xba, \xd0\xba\xd0\xbe\xd0\xb5\xd1\x82\xd0\xbe \xd1\x82\xd1\x80\xd0\xb5\xd0\xbf\xd1\x82\xd0\xb8.  \xd0\x92\xd0\xb8\xd0\xbd\xd0\xb0\xd0\xb3\xd0\xb8 \xd0\xb3\xd0\xbe \xd0\xbf\xd1\x80\xd0\xb5\xd0\xbc\xd0\xb0\xd1\x85\xd0\xb2\xd0\xb0 \xd0\xb2\xd1\x8a\xd0\xb2 \xd0\xb2\xd1\x81\xd1\x8f\xd0\xba\xd0\xb0 HDR \xd0\xb8\xd0\xb3\xd1\x80\xd0\xb0, \xd0\xba\xd0\xb0\xd0\xba\xd1\x82\xd0\xbe \xd0\xb2\xd0\xb5\xd1\x80\xd1\x81\xd0\xb8\xd0\xb8\xd1\x82\xd0\xb5 \xd0\xb4\xd0\xbe rc7.  \xc2\xab\xd0\x9f\xd0\xbb\xd0\xb0\xd0\xb2\xd0\xbd\xd0\xbe \xd0\xb0\xd0\xb2\xd1\x82\xd0\xbe\xc2\xbb \xd0\xb7\xd0\xb0\xd0\xbf\xd0\xb0\xd0\xb7\xd0\xb2\xd0\xb0 \xd0\xbf\xd1\x80\xd0\xb0\xd0\xb2\xd0\xb8\xd0\xbb\xd0\xbe\xd1\x82\xd0\xbe \xd0\xb7\xd0\xb0 \xd0\xb8\xd0\xb7\xd1\x82\xd0\xbe\xd1\x87\xd0\xbd\xd0\xb8\xd0\xba\xd0\xb0 \xd0\xbd\xd0\xb0 \xc2\xab\xd0\x90\xd0\xb2\xd1\x82\xd0\xbe\xc2\xbb \xd0\xb8 \xd0\xbf\xd0\xbe\xd1\x81\xd1\x82\xd0\xb5\xd0\xbf\xd0\xb5\xd0\xbd\xd0\xbd\xd0\xbe \xd0\xbe\xd1\x82\xd1\x81\xd0\xbb\xd0\xb0\xd0\xb1\xd0\xb2\xd0\xb0 \xd0\xb2\xd1\x8a\xd0\xb7\xd1\x81\xd1\x82\xd0\xb0\xd0\xbd\xd0\xbe\xd0\xb2\xd1\x8f\xd0\xb2\xd0\xb0\xd0\xbd\xd0\xb5\xd1\x82\xd0\xbe \xd0\xb2 \xd0\xba\xd1\x80\xd0\xb0\xd1\x8f \xd0\xbd\xd0\xb0 \xd0\xbf\xd0\xbe\xd1\x87\xd1\x82\xd0\xb8 \xd1\x87\xd0\xb5\xd1\x80\xd0\xbd\xd0\xb8\xd1\x8f \xd0\xb4\xd0\xb8\xd0\xb0\xd0\xbf\xd0\xb0\xd0\xb7\xd0\xbe\xd0\xbd, \xd0\xb1\xd0\xb5\xd0\xb7 \xd1\x80\xd1\x8f\xd0\xb7\xd0\xba\xd0\xb0 \xd0\xb3\xd1\x80\xd0\xb0\xd0\xbd\xd0\xb8\xd1\x86\xd0\xb0."},
    {"Chroma clamp",
     "\xd0\x9e\xd0\xb3\xd1\x80\xd0\xb0\xd0\xbd\xd0\xb8\xd1\x87\xd0\xb5\xd0\xbd\xd0\xb8\xd0\xb5 \xd0\xbd\xd0\xb0 \xd1\x86\xd0\xb2\xd0\xb5\xd1\x82\xd0\xbd\xd0\xbe\xd1\x81\xd1\x82\xd1\x82\xd0\xb0"},
    {"Bound of the chroma part of the neural transfer, in stops either side of the luma gain.  1.00 keeps the validated default; the luma gain itself stays bounded to +/-2 stops.",
     "\xd0\x93\xd1\x80\xd0\xb0\xd0\xbd\xd0\xb8\xd1\x86\xd0\xb0 \xd0\xbd\xd0\xb0 \xd1\x86\xd0\xb2\xd0\xb5\xd1\x82\xd0\xbd\xd0\xbe\xd1\x81\xd1\x82\xd0\xbd\xd0\xb0\xd1\x82\xd0\xb0 \xd1\x87\xd0\xb0\xd1\x81\xd1\x82 \xd0\xbd\xd0\xb0 \xd0\xbd\xd0\xb5\xd0\xb2\xd1\x80\xd0\xbe\xd0\xbd\xd0\xbd\xd0\xb8\xd1\x8f \xd0\xbf\xd1\x80\xd0\xb5\xd0\xbd\xd0\xbe\xd1\x81, \xd0\xb2 \xd1\x81\xd1\x82\xd1\x8a\xd0\xbf\xd0\xba\xd0\xb8 \xd0\xbe\xd1\x82 \xd0\xb4\xd0\xb2\xd0\xb5\xd1\x82\xd0\xb5 \xd1\x81\xd1\x82\xd1\x80\xd0\xb0\xd0\xbd\xd0\xb8 \xd0\xbd\xd0\xb0 \xd1\x83\xd1\x81\xd0\xb8\xd0\xbb\xd0\xb2\xd0\xb0\xd0\xbd\xd0\xb5\xd1\x82\xd0\xbe \xd0\xbd\xd0\xb0 \xd1\x8f\xd1\x80\xd0\xba\xd0\xbe\xd1\x81\xd1\x82\xd1\x82\xd0\xb0. 1.00 \xd0\xb7\xd0\xb0\xd0\xbf\xd0\xb0\xd0\xb7\xd0\xb2\xd0\xb0 \xd0\xbf\xd1\x80\xd0\xbe\xd0\xb2\xd0\xb5\xd1\x80\xd0\xb5\xd0\xbd\xd0\xb0\xd1\x82\xd0\xb0 \xd1\x81\xd1\x82\xd0\xbe\xd0\xb9\xd0\xbd\xd0\xbe\xd1\x81\xd1\x82 \xd0\xbf\xd0\xbe \xd0\xbf\xd0\xbe\xd0\xb4\xd1\x80\xd0\xb0\xd0\xb7\xd0\xb1\xd0\xb8\xd1\x80\xd0\xb0\xd0\xbd\xd0\xb5; \xd1\x81\xd0\xb0\xd0\xbc\xd0\xbe\xd1\x82\xd0\xbe \xd1\x83\xd1\x81\xd0\xb8\xd0\xbb\xd0\xb2\xd0\xb0\xd0\xbd\xd0\xb5 \xd0\xbd\xd0\xb0 \xd1\x8f\xd1\x80\xd0\xba\xd0\xbe\xd1\x81\xd1\x82\xd1\x82\xd0\xb0 \xd0\xbe\xd1\x81\xd1\x82\xd0\xb0\xd0\xb2\xd0\xb0 \xd0\xb2 \xd1\x80\xd0\xb0\xd0\xbc\xd0\xba\xd0\xb8\xd1\x82\xd0\xb5 \xd0\xbd\xd0\xb0 +/-2 \xd1\x81\xd1\x82\xd1\x8a\xd0\xbf\xd0\xba\xd0\xb8."},
    {"Bounded ratio",
     "\xd0\x9e\xd0\xb3\xd1\x80\xd0\xb0\xd0\xbd\xd0\xb8\xd1\x87\xd0\xb5\xd0\xbd\xd0\xbe \xd1\x81\xd1\x8a\xd0\xbe\xd1\x82\xd0\xbd\xd0\xbe\xd1\x88\xd0\xb5\xd0\xbd\xd0\xb8\xd0\xb5"},
    {"Consistent (curve-aware)",
     "\xd0\xa1\xd1\x8a\xd0\xb3\xd0\xbb\xd0\xb0\xd1\x81\xd1\x83\xd0\xb2\xd0\xb0\xd0\xbd (\xd0\xbf\xd0\xbe \xd0\xba\xd1\x80\xd0\xb8\xd0\xb2\xd0\xb0\xd1\x82\xd0\xb0)"},
    {"Neural transfer",
     "\xd0\x9d\xd0\xb5\xd0\xb2\xd1\x80\xd0\xbe\xd0\xbd\xd0\xb5\xd0\xbd \xd0\xbf\xd1\x80\xd0\xb5\xd0\xbd\xd0\xbe\xd1\x81"},
    {"How the model's edit is carried back to HDR on the Display codec.  Bounded ratio applies the proxy-domain change as-is, which under-transfers brightness edits where the proxy curve bends.  Consistent also undoes the curve's gain change, damped where the curve is too flat to invert.  The model sees the same input either way.",
     "\xd0\x9a\xd0\xb0\xd0\xba \xd0\xba\xd0\xbe\xd1\x80\xd0\xb5\xd0\xba\xd1\x86\xd0\xb8\xd1\x8f\xd1\x82\xd0\xb0 \xd0\xbd\xd0\xb0 \xd0\xbc\xd0\xbe\xd0\xb4\xd0\xb5\xd0\xbb\xd0\xb0 \xd1\x81\xd0\xb5 \xd0\xbf\xd1\x80\xd0\xb5\xd0\xbd\xd0\xb0\xd1\x81\xd1\x8f \xd0\xbe\xd0\xb1\xd1\x80\xd0\xb0\xd1\x82\xd0\xbd\xd0\xbe \xd0\xb2 HDR \xd0\xbf\xd1\x80\xd0\xb8 \xd0\xba\xd0\xbe\xd0\xb4\xd0\xb5\xd0\xba\xd0\xb0 \xc2\xab\xd0\x94\xd0\xb8\xd1\x81\xd0\xbf\xd0\xbb\xd0\xb5\xd0\xb9\xc2\xbb. \xc2\xab\xd0\x9e\xd0\xb3\xd1\x80\xd0\xb0\xd0\xbd\xd0\xb8\xd1\x87\xd0\xb5\xd0\xbd\xd0\xbe \xd1\x81\xd1\x8a\xd0\xbe\xd1\x82\xd0\xbd\xd0\xbe\xd1\x88\xd0\xb5\xd0\xbd\xd0\xb8\xd0\xb5\xc2\xbb \xd0\xbf\xd1\x80\xd0\xb8\xd0\xbb\xd0\xb0\xd0\xb3\xd0\xb0 \xd0\xbf\xd1\x80\xd0\xbe\xd0\xbc\xd1\x8f\xd0\xbd\xd0\xb0\xd1\x82\xd0\xb0 \xd0\xb2 \xd0\xb4\xd0\xbe\xd0\xbc\xd0\xb5\xd0\xb9\xd0\xbd\xd0\xb0 \xd0\xbd\xd0\xb0 \xd0\xbf\xd1\x80\xd0\xbe\xd0\xba\xd1\x81\xd0\xb8\xd1\x82\xd0\xbe \xd0\xba\xd0\xb0\xd0\xba\xd1\x82\xd0\xbe \xd0\xb5, \xd0\xba\xd0\xbe\xd0\xb5\xd1\x82\xd0\xbe \xd0\xbf\xd1\x80\xd0\xb5\xd0\xbd\xd0\xb0\xd1\x81\xd1\x8f \xd0\xbd\xd0\xb5\xd0\xbf\xd1\x8a\xd0\xbb\xd0\xbd\xd0\xbe \xd0\xba\xd0\xbe\xd1\x80\xd0\xb5\xd0\xba\xd1\x86\xd0\xb8\xd0\xb8\xd1\x82\xd0\xb5 \xd0\xbd\xd0\xb0 \xd1\x8f\xd1\x80\xd0\xba\xd0\xbe\xd1\x81\xd1\x82\xd1\x82\xd0\xb0 \xd1\x82\xd0\xb0\xd0\xbc, \xd0\xba\xd1\x8a\xd0\xb4\xd0\xb5\xd1\x82\xd0\xbe \xd0\xba\xd1\x80\xd0\xb8\xd0\xb2\xd0\xb0\xd1\x82\xd0\xb0 \xd0\xbd\xd0\xb0 \xd0\xbf\xd1\x80\xd0\xbe\xd0\xba\xd1\x81\xd0\xb8\xd1\x82\xd0\xbe \xd1\x81\xd0\xb5 \xd0\xbe\xd0\xb3\xd1\x8a\xd0\xb2\xd0\xb0. \xc2\xab\xd0\xa1\xd1\x8a\xd0\xb3\xd0\xbb\xd0\xb0\xd1\x81\xd1\x83\xd0\xb2\xd0\xb0\xd0\xbd\xc2\xbb \xd1\x81\xd1\x8a\xd1\x89\xd0\xbe \xd0\xbe\xd1\x82\xd0\xbc\xd0\xb5\xd0\xbd\xd1\x8f \xd0\xbf\xd1\x80\xd0\xbe\xd0\xbc\xd1\x8f\xd0\xbd\xd0\xb0\xd1\x82\xd0\xb0 \xd0\xb2 \xd1\x83\xd1\x81\xd0\xb8\xd0\xbb\xd0\xb2\xd0\xb0\xd0\xbd\xd0\xb5\xd1\x82\xd0\xbe \xd0\xbd\xd0\xb0 \xd0\xba\xd1\x80\xd0\xb8\xd0\xb2\xd0\xb0\xd1\x82\xd0\xb0, \xd0\xbe\xd1\x82\xd1\x81\xd0\xbb\xd0\xb0\xd0\xb1\xd0\xb5\xd0\xbd\xd0\xbe \xd1\x82\xd0\xb0\xd0\xbc, \xd0\xba\xd1\x8a\xd0\xb4\xd0\xb5\xd1\x82\xd0\xbe \xd0\xba\xd1\x80\xd0\xb8\xd0\xb2\xd0\xb0\xd1\x82\xd0\xb0 \xd0\xb5 \xd1\x82\xd0\xb2\xd1\x8a\xd1\x80\xd0\xb4\xd0\xb5 \xd0\xbf\xd0\xbb\xd0\xbe\xd1\x81\xd0\xba\xd0\xb0 \xd0\xb7\xd0\xb0 \xd0\xbe\xd0\xb1\xd1\x80\xd1\x8a\xd1\x89\xd0\xb0\xd0\xbd\xd0\xb5. \xd0\x9c\xd0\xbe\xd0\xb4\xd0\xb5\xd0\xbb\xd1\x8a\xd1\x82 \xd0\xb2\xd0\xb8\xd0\xb6\xd0\xb4\xd0\xb0 \xd0\xb5\xd0\xb4\xd0\xb8\xd0\xbd \xd0\xb8 \xd1\x81\xd1\x8a\xd1\x89 \xd0\xb2\xd1\x85\xd0\xbe\xd0\xb4 \xd0\xb8 \xd0\xb2 \xd0\xb4\xd0\xb2\xd0\xb0\xd1\x82\xd0\xb0 \xd1\x81\xd0\xbb\xd1\x83\xd1\x87\xd0\xb0\xd1\x8f."},
    {"Style highlight guard (stops)",
     "\xd0\x97\xd0\xb0\xd1\x89\xd0\xb8\xd1\x82\xd0\xb0 \xd0\xbd\xd0\xb0 \xd1\x81\xd0\xb2\xd0\xb5\xd1\x82\xd0\xbb\xd0\xb8\xd0\xbd\xd0\xb8\xd1\x82\xd0\xb5 \xd0\xbd\xd0\xb0 \xd1\x81\xd1\x82\xd0\xb8\xd0\xbb\xd0\xb0 (\xd1\x81\xd1\x82\xd1\x8a\xd0\xbf\xd0\xba\xd0\xb8)"},
    {"Bounds how much the Natural and Cinematic styles may darken bright highlights (up to half a stop, which can read as 'no neural rendering there').  0.00 is the previous math; 2.00 disables the bound.  Mid-tones and shadows are untouched.",
     "\xd0\x9e\xd0\xb3\xd1\x80\xd0\xb0\xd0\xbd\xd0\xb8\xd1\x87\xd0\xb0\xd0\xb2\xd0\xb0 \xd0\xba\xd0\xbe\xd0\xbb\xd0\xba\xd0\xbe \xd1\x81\xd1\x82\xd0\xb8\xd0\xbb\xd0\xbe\xd0\xb2\xd0\xb5\xd1\x82\xd0\xb5 \xd0\x95\xd1\x81\xd1\x82\xd0\xb5\xd1\x81\xd1\x82\xd0\xb2\xd0\xb5\xd0\xbd \xd0\xb8 \xd0\x9a\xd0\xb8\xd0\xbd\xd0\xb5\xd0\xbc\xd0\xb0\xd1\x82\xd0\xbe\xd0\xb3\xd1\x80\xd0\xb0\xd1\x84\xd0\xb8\xd1\x87\xd0\xb5\xd0\xbd \xd0\xbc\xd0\xbe\xd0\xb3\xd0\xb0\xd1\x82 \xd0\xb4\xd0\xb0 \xd0\xb7\xd0\xb0\xd1\x82\xd1\x8a\xd0\xbc\xd0\xbd\xd1\x8f\xd0\xb2\xd0\xb0\xd1\x82 \xd1\x8f\xd1\x80\xd0\xba\xd0\xb8\xd1\x82\xd0\xb5 \xd1\x81\xd0\xb2\xd0\xb5\xd1\x82\xd0\xbb\xd0\xb8\xd0\xbd\xd0\xb8 (\xd0\xb4\xd0\xbe \xd0\xbf\xd0\xbe\xd0\xbb\xd0\xbe\xd0\xb2\xd0\xb8\xd0\xbd \xd1\x81\xd1\x82\xd1\x8a\xd0\xbf\xd0\xba\xd0\xb0, \xd0\xba\xd0\xbe\xd0\xb5\xd1\x82\xd0\xbe \xd0\xbc\xd0\xbe\xd0\xb6\xd0\xb5 \xd0\xb4\xd0\xb0 \xd0\xb8\xd0\xb7\xd0\xb3\xd0\xbb\xd0\xb5\xd0\xb6\xd0\xb4\xd0\xb0 \xd0\xba\xd0\xb0\xd1\x82\xd0\xbe '\xd1\x82\xd1\x83\xd0\xba \xd0\xbd\xd1\x8f\xd0\xbc\xd0\xb0 neural rendering').  0.00 \xd0\xb5 \xd0\xbf\xd1\x80\xd0\xb5\xd0\xb4\xd0\xb8\xd1\x88\xd0\xbd\xd0\xbe\xd1\x82\xd0\xbe \xd0\xb8\xd0\xb7\xd1\x87\xd0\xb8\xd1\x81\xd0\xbb\xd0\xb5\xd0\xbd\xd0\xb8\xd0\xb5; 2.00 \xd0\xbf\xd1\x80\xd0\xb5\xd0\xbc\xd0\xb0\xd1\x85\xd0\xb2\xd0\xb0 \xd0\xbe\xd0\xb3\xd1\x80\xd0\xb0\xd0\xbd\xd0\xb8\xd1\x87\xd0\xb5\xd0\xbd\xd0\xb8\xd0\xb5\xd1\x82\xd0\xbe.  \xd0\xa1\xd1\x80\xd0\xb5\xd0\xb4\xd0\xbd\xd0\xb8\xd1\x82\xd0\xb5 \xd1\x82\xd0\xbe\xd0\xbd\xd0\xbe\xd0\xb2\xd0\xb5 \xd0\xb8 \xd1\x81\xd0\xb5\xd0\xbd\xd0\xba\xd0\xb8\xd1\x82\xd0\xb5 \xd0\xbd\xd0\xb5 \xd1\x81\xd0\xb5 \xd0\xbf\xd1\x80\xd0\xbe\xd0\xbc\xd0\xb5\xd0\xbd\xd1\x8f\xd1\x82."},
    {"Near-black colour guard",
     "\xd0\x97\xd0\xb0\xd1\x89\xd0\xb8\xd1\x82\xd0\xb0 \xd0\xbd\xd0\xb0 \xd1\x86\xd0\xb2\xd0\xb5\xd1\x82\xd0\xb0 \xd0\xb4\xd0\xbe \xd1\x87\xd0\xb5\xd1\x80\xd0\xbd\xd0\xbe"},
    {"Divisor-codec HDR (Classic, and PQ or other absolute sources in Auto): where the model returns a near-black value under a bright original, keep the original's colour at the new brightness instead of amplifying the model's noise into green or grey specks.  Off is the previous math.",
     "HDR \xd1\x81 \xd0\xba\xd0\xbe\xd0\xb4\xd0\xb5\xd0\xba-\xd0\xb4\xd0\xb5\xd0\xbb\xd0\xb8\xd1\x82\xd0\xb5\xd0\xbb (\xc2\xab\xd0\x9a\xd0\xbb\xd0\xb0\xd1\x81\xd0\xb8\xd1\x87\xd0\xb5\xd1\x81\xd0\xba\xd0\xb8\xc2\xbb, \xd0\xba\xd0\xb0\xd0\xba\xd1\x82\xd0\xbe \xd0\xb8 PQ \xd0\xb8\xd0\xbb\xd0\xb8 \xd0\xb4\xd1\x80\xd1\x83\xd0\xb3\xd0\xb8 \xd0\xb0\xd0\xb1\xd1\x81\xd0\xbe\xd0\xbb\xd1\x8e\xd1\x82\xd0\xbd\xd0\xb8 \xd0\xb8\xd0\xb7\xd1\x82\xd0\xbe\xd1\x87\xd0\xbd\xd0\xb8\xd1\x86\xd0\xb8 \xd0\xb2 \xc2\xab\xd0\x90\xd0\xb2\xd1\x82\xd0\xbe\xc2\xbb): \xd0\xba\xd1\x8a\xd0\xb4\xd0\xb5\xd1\x82\xd0\xbe \xd0\xbc\xd0\xbe\xd0\xb4\xd0\xb5\xd0\xbb\xd1\x8a\xd1\x82 \xd0\xb2\xd1\x8a\xd1\x80\xd0\xbd\xd0\xb5 \xd0\xbf\xd0\xbe\xd1\x87\xd1\x82\xd0\xb8 \xd1\x87\xd0\xb5\xd1\x80\xd0\xbd\xd0\xb0 \xd1\x81\xd1\x82\xd0\xbe\xd0\xb9\xd0\xbd\xd0\xbe\xd1\x81\xd1\x82 \xd0\xbf\xd0\xbe\xd0\xb4 \xd1\x8f\xd1\x80\xd1\x8a\xd0\xba \xd0\xbe\xd1\x80\xd0\xb8\xd0\xb3\xd0\xb8\xd0\xbd\xd0\xb0\xd0\xbb, \xd0\xb7\xd0\xb0\xd0\xbf\xd0\xb0\xd0\xb7\xd0\xb2\xd0\xb0 \xd1\x86\xd0\xb2\xd0\xb5\xd1\x82\xd0\xb0 \xd0\xbd\xd0\xb0 \xd0\xbe\xd1\x80\xd0\xb8\xd0\xb3\xd0\xb8\xd0\xbd\xd0\xb0\xd0\xbb\xd0\xb0 \xd0\xbf\xd1\x80\xd0\xb8 \xd0\xbd\xd0\xbe\xd0\xb2\xd0\xb0\xd1\x82\xd0\xb0 \xd1\x8f\xd1\x80\xd0\xba\xd0\xbe\xd1\x81\xd1\x82, \xd0\xb2\xd0\xbc\xd0\xb5\xd1\x81\xd1\x82\xd0\xbe \xd0\xb4\xd0\xb0 \xd1\x83\xd1\x81\xd0\xb8\xd0\xbb\xd0\xb2\xd0\xb0 \xd1\x88\xd1\x83\xd0\xbc\xd0\xb0 \xd0\xbd\xd0\xb0 \xd0\xbc\xd0\xbe\xd0\xb4\xd0\xb5\xd0\xbb\xd0\xb0 \xd0\xb2 \xd0\xb7\xd0\xb5\xd0\xbb\xd0\xb5\xd0\xbd\xd0\xb8 \xd0\xb8\xd0\xbb\xd0\xb8 \xd1\x81\xd0\xb8\xd0\xb2\xd0\xb8 \xd1\x82\xd0\xbe\xd1\x87\xd0\xba\xd0\xb8. \xc2\xab\xd0\x98\xd0\xb7\xd0\xba\xd0\xbb.\xc2\xbb \xd0\xb5 \xd0\xbf\xd1\x80\xd0\xb5\xd0\xb4\xd0\xb8\xd1\x88\xd0\xbd\xd0\xb0\xd1\x82\xd0\xb0 \xd0\xbc\xd0\xb0\xd1\x82\xd0\xb5\xd0\xbc\xd0\xb0\xd1\x82\xd0\xb8\xd0\xba\xd0\xb0."},
    {"v1 (frame meter)",
     "v1 (\xd0\xb8\xd0\xb7\xd0\xbc\xd0\xb5\xd1\x80\xd0\xb2\xd0\xb0\xd0\xbd\xd0\xb5 \xd0\xbd\xd0\xb0 \xd0\xba\xd0\xb0\xd0\xb4\xd1\x8a\xd1\x80\xd0\xb0)"},
    {"v2 (game exposure)",
     "v2 (\xd0\xb5\xd0\xba\xd1\x81\xd0\xbf\xd0\xbe\xd0\xb7\xd0\xb8\xd1\x86\xd0\xb8\xd1\x8f \xd0\xbd\xd0\xb0 \xd0\xb8\xd0\xb3\xd1\x80\xd0\xb0\xd1\x82\xd0\xb0)"},
    {"Brightness source",
     "\xd0\x98\xd0\xb7\xd1\x82\xd0\xbe\xd1\x87\xd0\xbd\xd0\xb8\xd0\xba \xd0\xbd\xd0\xb0 \xd1\x8f\xd1\x80\xd0\xba\xd0\xbe\xd1\x81\xd1\x82"},
    {"Where the brightness NR is fed at comes from on relative HDR sources.  v2 follows the game's own exposure (its DLSS exposure texture, or a pre-exposed buffer as it is), so NR's input holds still while the game's eye adaptation swings.  v1 meters each frame's content and adapts at its own rates, which can pulse slowly against the game's adaptation.  Auto uses v2 when the game provides an exposure texture and v1 otherwise: a pre-exposed buffer fed as it is lets a bright scene overload NR's input, and NR boils.  Calibrated/absolute sources ignore this.",
     "\xd0\x9e\xd1\x82\xd0\xba\xd1\x8a\xd0\xb4\xd0\xb5 \xd0\xb8\xd0\xb4\xd0\xb2\xd0\xb0 \xd1\x8f\xd1\x80\xd0\xba\xd0\xbe\xd1\x81\xd1\x82\xd1\x82\xd0\xb0, \xd1\x81 \xd0\xba\xd0\xbe\xd1\x8f\xd1\x82\xd0\xbe NR \xd1\x81\xd0\xb5 \xd0\xb7\xd0\xb0\xd1\x85\xd1\x80\xd0\xb0\xd0\xbd\xd0\xb2\xd0\xb0 \xd0\xbf\xd1\x80\xd0\xb8 \xd0\xbe\xd1\x82\xd0\xbd\xd0\xbe\xd1\x81\xd0\xb8\xd1\x82\xd0\xb5\xd0\xbb\xd0\xbd\xd0\xb8 HDR \xd0\xb8\xd0\xb7\xd1\x82\xd0\xbe\xd1\x87\xd0\xbd\xd0\xb8\xd1\x86\xd0\xb8. v2 \xd1\x81\xd0\xbb\xd0\xb5\xd0\xb4\xd0\xb2\xd0\xb0 \xd1\x81\xd0\xbe\xd0\xb1\xd1\x81\xd1\x82\xd0\xb2\xd0\xb5\xd0\xbd\xd0\xb0\xd1\x82\xd0\xb0 \xd0\xb5\xd0\xba\xd1\x81\xd0\xbf\xd0\xbe\xd0\xb7\xd0\xb8\xd1\x86\xd0\xb8\xd1\x8f \xd0\xbd\xd0\xb0 \xd0\xb8\xd0\xb3\xd1\x80\xd0\xb0\xd1\x82\xd0\xb0 (\xd0\xbd\xd0\xb5\xd0\xb9\xd0\xbd\xd0\xb0\xd1\x82\xd0\xb0 DLSS \xd1\x82\xd0\xb5\xd0\xba\xd1\x81\xd1\x82\xd1\x83\xd1\x80\xd0\xb0 \xd0\xb7\xd0\xb0 \xd0\xb5\xd0\xba\xd1\x81\xd0\xbf\xd0\xbe\xd0\xb7\xd0\xb8\xd1\x86\xd0\xb8\xd1\x8f \xd0\xb8\xd0\xbb\xd0\xb8 \xd0\xbf\xd1\x80\xd0\xb5\xd0\xb4\xd0\xb2\xd0\xb0\xd1\x80\xd0\xb8\xd1\x82\xd0\xb5\xd0\xbb\xd0\xbd\xd0\xbe \xd0\xb5\xd0\xba\xd1\x81\xd0\xbf\xd0\xbe\xd0\xbd\xd0\xb8\xd1\x80\xd0\xb0\xd0\xbd \xd0\xb1\xd1\x83\xd1\x84\xd0\xb5\xd1\x80 \xd0\xba\xd0\xb0\xd0\xba\xd1\x82\xd0\xbe \xd0\xb5), \xd0\xb7\xd0\xb0\xd1\x82\xd0\xbe\xd0\xb2\xd0\xb0 \xd0\xb2\xd1\x85\xd0\xbe\xd0\xb4\xd1\x8a\xd1\x82 \xd0\xbd\xd0\xb0 NR \xd0\xbe\xd1\x81\xd1\x82\xd0\xb0\xd0\xb2\xd0\xb0 \xd1\x81\xd1\x82\xd0\xb0\xd0\xb1\xd0\xb8\xd0\xbb\xd0\xb5\xd0\xbd, \xd0\xb4\xd0\xbe\xd0\xba\xd0\xb0\xd1\x82\xd0\xbe \xd0\xb0\xd0\xb4\xd0\xb0\xd0\xbf\xd1\x82\xd0\xb0\xd1\x86\xd0\xb8\xd1\x8f\xd1\x82\xd0\xb0 \xd0\xbd\xd0\xb0 \xd0\xbe\xd0\xba\xd0\xbe\xd1\x82\xd0\xbe \xd0\xb2 \xd0\xb8\xd0\xb3\xd1\x80\xd0\xb0\xd1\x82\xd0\xb0 \xd1\x81\xd0\xb5 \xd0\xbc\xd0\xb5\xd0\xbd\xd0\xb8. v1 \xd0\xb8\xd0\xb7\xd0\xbc\xd0\xb5\xd1\x80\xd0\xb2\xd0\xb0 \xd1\x81\xd1\x8a\xd0\xb4\xd1\x8a\xd1\x80\xd0\xb6\xd0\xb0\xd0\xbd\xd0\xb8\xd0\xb5\xd1\x82\xd0\xbe \xd0\xbd\xd0\xb0 \xd0\xb2\xd1\x81\xd0\xb5\xd0\xba\xd0\xb8 \xd0\xba\xd0\xb0\xd0\xb4\xd1\x8a\xd1\x80 \xd0\xb8 \xd1\x81\xd0\xb5 \xd0\xb0\xd0\xb4\xd0\xb0\xd0\xbf\xd1\x82\xd0\xb8\xd1\x80\xd0\xb0 \xd1\x81\xd1\x8a\xd1\x81 \xd1\x81\xd0\xbe\xd0\xb1\xd1\x81\xd1\x82\xd0\xb2\xd0\xb5\xd0\xbd\xd0\xb0 \xd1\x81\xd0\xba\xd0\xbe\xd1\x80\xd0\xbe\xd1\x81\xd1\x82, \xd0\xba\xd0\xbe\xd0\xb5\xd1\x82\xd0\xbe \xd0\xbc\xd0\xbe\xd0\xb6\xd0\xb5 \xd0\xb1\xd0\xb0\xd0\xb2\xd0\xbd\xd0\xbe \xd0\xb4\xd0\xb0 \xd0\xbf\xd1\x83\xd0\xbb\xd1\x81\xd0\xb8\xd1\x80\xd0\xb0 \xd1\x81\xd0\xbf\xd1\x80\xd1\x8f\xd0\xbc\xd0\xbe \xd0\xb0\xd0\xb4\xd0\xb0\xd0\xbf\xd1\x82\xd0\xb0\xd1\x86\xd0\xb8\xd1\x8f\xd1\x82\xd0\xb0 \xd0\xbd\xd0\xb0 \xd0\xb8\xd0\xb3\xd1\x80\xd0\xb0\xd1\x82\xd0\xb0. \xc2\xab\xd0\x90\xd0\xb2\xd1\x82\xd0\xbe\xc2\xbb \xd0\xb8\xd0\xb7\xd0\xbf\xd0\xbe\xd0\xbb\xd0\xb7\xd0\xb2\xd0\xb0 v2, \xd0\xba\xd0\xbe\xd0\xb3\xd0\xb0\xd1\x82\xd0\xbe \xd0\xb8\xd0\xb3\xd1\x80\xd0\xb0\xd1\x82\xd0\xb0 \xd0\xbf\xd1\x80\xd0\xb5\xd0\xb4\xd0\xbe\xd1\x81\xd1\x82\xd0\xb0\xd0\xb2\xd1\x8f \xd1\x82\xd0\xb5\xd0\xba\xd1\x81\xd1\x82\xd1\x83\xd1\x80\xd0\xb0 \xd0\xb7\xd0\xb0 \xd0\xb5\xd0\xba\xd1\x81\xd0\xbf\xd0\xbe\xd0\xb7\xd0\xb8\xd1\x86\xd0\xb8\xd1\x8f, \xd0\xb8 v1 \xd0\xb2 \xd0\xbe\xd1\x81\xd1\x82\xd0\xb0\xd0\xbd\xd0\xb0\xd0\xbb\xd0\xb8\xd1\x82\xd0\xb5 \xd1\x81\xd0\xbb\xd1\x83\xd1\x87\xd0\xb0\xd0\xb8: \xd0\xbf\xd1\x80\xd0\xb5\xd0\xb4\xd0\xb2\xd0\xb0\xd1\x80\xd0\xb8\xd1\x82\xd0\xb5\xd0\xbb\xd0\xbd\xd0\xbe \xd0\xb5\xd0\xba\xd1\x81\xd0\xbf\xd0\xbe\xd0\xbd\xd0\xb8\xd1\x80\xd0\xb0\xd0\xbd \xd0\xb1\xd1\x83\xd1\x84\xd0\xb5\xd1\x80, \xd0\xbf\xd0\xbe\xd0\xb4\xd0\xb0\xd0\xb4\xd0\xb5\xd0\xbd \xd0\xba\xd0\xb0\xd0\xba\xd1\x82\xd0\xbe \xd0\xb5, \xd0\xbf\xd0\xbe\xd0\xb7\xd0\xb2\xd0\xbe\xd0\xbb\xd1\x8f\xd0\xb2\xd0\xb0 \xd1\x8f\xd1\x80\xd0\xba\xd0\xb0 \xd1\x81\xd1\x86\xd0\xb5\xd0\xbd\xd0\xb0 \xd0\xb4\xd0\xb0 \xd0\xbf\xd1\x80\xd0\xb5\xd1\x82\xd0\xbe\xd0\xb2\xd0\xb0\xd1\x80\xd0\xb8 \xd0\xb2\xd1\x85\xd0\xbe\xd0\xb4\xd0\xb0 \xd0\xbd\xd0\xb0 NR \xd0\xb8 NR \xc2\xab\xd0\xba\xd0\xb8\xd0\xbf\xd0\xb8\xc2\xbb. \xd0\x9a\xd0\xb0\xd0\xbb\xd0\xb8\xd0\xb1\xd1\x80\xd0\xb8\xd1\x80\xd0\xb0\xd0\xbd\xd0\xb8\xd1\x82\xd0\xb5/\xd0\xb0\xd0\xb1\xd1\x81\xd0\xbe\xd0\xbb\xd1\x8e\xd1\x82\xd0\xbd\xd0\xb8\xd1\x82\xd0\xb5 \xd0\xb8\xd0\xb7\xd1\x82\xd0\xbe\xd1\x87\xd0\xbd\xd0\xb8\xd1\x86\xd0\xb8 \xd0\xb8\xd0\xb3\xd0\xbd\xd0\xbe\xd1\x80\xd0\xb8\xd1\x80\xd0\xb0\xd1\x82 \xd1\x82\xd0\xbe\xd0\xb2\xd0\xb0."},
    {"Off (raw per-frame)",
     "\xd0\x98\xd0\xb7\xd0\xba\xd0\xbb. (\xd1\x81\xd1\x83\xd1\x80\xd0\xbe\xd0\xb2 \xd0\xbf\xd0\xbe \xd0\xba\xd0\xb0\xd0\xb4\xd1\x80\xd0\xb8)"},
    {"Slew (v6.1.2)",
     "\xd0\x9f\xd0\xbb\xd0\xb0\xd0\xb2\xd0\xb5\xd0\xbd (v6.1.2)"},
    {"Stable (recommended)",
     "\xd0\xa1\xd1\x82\xd0\xb0\xd0\xb1\xd0\xb8\xd0\xbb\xd0\xb5\xd0\xbd (\xd0\xbf\xd1\x80\xd0\xb5\xd0\xbf\xd0\xbe\xd1\x80\xd1\x8a\xd1\x87\xd0\xb8\xd1\x82\xd0\xb5\xd0\xbb\xd0\xbd\xd0\xbe)"},
    {"Normalization",
     "\xd0\x9d\xd0\xbe\xd1\x80\xd0\xbc\xd0\xb0\xd0\xbb\xd0\xb8\xd0\xb7\xd0\xb0\xd1\x86\xd0\xb8\xd1\x8f"},
    {"How the same-frame autoscale candidate becomes the applied divisor.  Stable uses a continuous estimate, settles at fixed rates per second (fast when brightening toward clipping, slow when relaxing) and holds still inside a small band, so neither a flickering scene statistic nor a settings edit can pump the image.  Slew is the v6.1.2 per-frame limit; Off applies the raw candidate (v6.1.0).  Calibrated/absolute sources ignore all.",
     "\xd0\x9a\xd0\xb0\xd0\xba \xd0\xba\xd0\xb0\xd0\xbd\xd0\xb4\xd0\xb8\xd0\xb4\xd0\xb0\xd1\x82\xd1\x8a\xd1\x82 \xd0\xb7\xd0\xb0 \xd0\xb0\xd0\xb2\xd1\x82\xd0\xbe\xd0\xbc\xd0\xb0\xd1\x89\xd0\xb0\xd0\xb1 \xd0\xbe\xd1\x82 \xd1\x81\xd1\x8a\xd1\x89\xd0\xb8\xd1\x8f \xd0\xba\xd0\xb0\xd0\xb4\xd1\x8a\xd1\x80 \xd1\x81\xd1\x82\xd0\xb0\xd0\xb2\xd0\xb0 \xd0\xbf\xd1\x80\xd0\xb8\xd0\xbb\xd0\xbe\xd0\xb6\xd0\xb5\xd0\xbd\xd0\xb8\xd1\x8f \xd0\xb4\xd0\xb5\xd0\xbb\xd0\xb8\xd1\x82\xd0\xb5\xd0\xbb. \xc2\xab\xd0\xa1\xd1\x82\xd0\xb0\xd0\xb1\xd0\xb8\xd0\xbb\xd0\xb5\xd0\xbd\xc2\xbb \xd0\xb8\xd0\xb7\xd0\xbf\xd0\xbe\xd0\xbb\xd0\xb7\xd0\xb2\xd0\xb0 \xd0\xbd\xd0\xb5\xd0\xbf\xd1\x80\xd0\xb5\xd0\xba\xd1\x8a\xd1\x81\xd0\xbd\xd0\xb0\xd1\x82\xd0\xb0 \xd0\xbe\xd1\x86\xd0\xb5\xd0\xbd\xd0\xba\xd0\xb0, \xd1\x83\xd1\x81\xd1\x82\xd0\xb0\xd0\xbd\xd0\xbe\xd0\xb2\xd1\x8f\xd0\xb2\xd0\xb0 \xd1\x81\xd0\xb5 \xd1\x81 \xd1\x84\xd0\xb8\xd0\xba\xd1\x81\xd0\xb8\xd1\x80\xd0\xb0\xd0\xbd\xd0\xb8 \xd1\x81\xd0\xba\xd0\xbe\xd1\x80\xd0\xbe\xd1\x81\xd1\x82\xd0\xb8 \xd0\xb2 \xd1\x81\xd0\xb5\xd0\xba\xd1\x83\xd0\xbd\xd0\xb4\xd0\xb0 (\xd0\xb1\xd1\x8a\xd1\x80\xd0\xb7\xd0\xbe \xd0\xbf\xd1\x80\xd0\xb8 \xd0\xb8\xd0\xb7\xd1\x81\xd0\xb2\xd0\xb5\xd1\x82\xd0\xbb\xd1\x8f\xd0\xb2\xd0\xb0\xd0\xbd\xd0\xb5 \xd0\xba\xd1\x8a\xd0\xbc \xd0\xb8\xd0\xb7\xd1\x80\xd1\x8f\xd0\xb7\xd0\xb2\xd0\xb0\xd0\xbd\xd0\xb5, \xd0\xb1\xd0\xb0\xd0\xb2\xd0\xbd\xd0\xbe \xd0\xbf\xd1\x80\xd0\xb8 \xd0\xbe\xd1\x82\xd0\xbf\xd1\x83\xd1\x81\xd0\xba\xd0\xb0\xd0\xbd\xd0\xb5) \xd0\xb8 \xd1\x81\xd1\x82\xd0\xbe\xd0\xb8 \xd0\xbd\xd0\xb5\xd0\xbf\xd0\xbe\xd0\xb4\xd0\xb2\xd0\xb8\xd0\xb6\xd0\xbd\xd0\xbe \xd0\xb2 \xd1\x82\xd1\x8f\xd1\x81\xd0\xbd\xd0\xb0 \xd0\xbb\xd0\xb5\xd0\xbd\xd1\x82\xd0\xb0, \xd1\x82\xd0\xb0\xd0\xba\xd0\xb0 \xd1\x87\xd0\xb5 \xd0\xbd\xd0\xb8\xd1\x82\xd0\xbe \xd1\x82\xd1\x80\xd0\xb5\xd0\xbf\xd1\x82\xd1\x8f\xd1\x89\xd0\xb0 \xd1\x81\xd1\x82\xd0\xb0\xd1\x82\xd0\xb8\xd1\x81\xd1\x82\xd0\xb8\xd0\xba\xd0\xb0 \xd0\xbd\xd0\xb0 \xd1\x81\xd1\x86\xd0\xb5\xd0\xbd\xd0\xb0\xd1\x82\xd0\xb0, \xd0\xbd\xd0\xb8\xd1\x82\xd0\xbe \xd0\xbf\xd1\x80\xd0\xbe\xd0\xbc\xd1\x8f\xd0\xbd\xd0\xb0 \xd0\xb2 \xd0\xbd\xd0\xb0\xd1\x81\xd1\x82\xd1\x80\xd0\xbe\xd0\xb9\xd0\xba\xd0\xb8\xd1\x82\xd0\xb5 \xd0\xbc\xd0\xbe\xd0\xb6\xd0\xb5 \xd0\xb4\xd0\xb0 \xd0\xbd\xd0\xb0\xd0\xba\xd0\xb0\xd1\x80\xd0\xb0 \xd0\xb8\xd0\xb7\xd0\xbe\xd0\xb1\xd1\x80\xd0\xb0\xd0\xb6\xd0\xb5\xd0\xbd\xd0\xb8\xd0\xb5\xd1\x82\xd0\xbe \xd0\xb4\xd0\xb0 \xd0\xbf\xd1\x83\xd0\xbb\xd1\x81\xd0\xb8\xd1\x80\xd0\xb0. \xc2\xab\xd0\x9f\xd0\xbb\xd0\xb0\xd0\xb2\xd0\xb5\xd0\xbd\xc2\xbb \xd0\xb5 \xd0\xbe\xd0\xb3\xd1\x80\xd0\xb0\xd0\xbd\xd0\xb8\xd1\x87\xd0\xb5\xd0\xbd\xd0\xb8\xd0\xb5\xd1\x82\xd0\xbe \xd0\xbd\xd0\xb0 \xd0\xba\xd0\xb0\xd0\xb4\xd1\x8a\xd1\x80 \xd0\xbe\xd1\x82 v6.1.2; \xc2\xab\xd0\x98\xd0\xb7\xd0\xba\xd0\xbb.\xc2\xbb \xd0\xbf\xd1\x80\xd0\xb8\xd0\xbb\xd0\xb0\xd0\xb3\xd0\xb0 \xd1\x81\xd1\x83\xd1\x80\xd0\xbe\xd0\xb2\xd0\xb8\xd1\x8f \xd0\xba\xd0\xb0\xd0\xbd\xd0\xb4\xd0\xb8\xd0\xb4\xd0\xb0\xd1\x82 (v6.1.0). \xd0\x9a\xd0\xb0\xd0\xbb\xd0\xb8\xd0\xb1\xd1\x80\xd0\xb8\xd1\x80\xd0\xb0\xd0\xbd\xd0\xb8\xd1\x82\xd0\xb5/\xd0\xb0\xd0\xb1\xd1\x81\xd0\xbe\xd0\xbb\xd1\x8e\xd1\x82\xd0\xbd\xd0\xb8\xd1\x82\xd0\xb5 \xd0\xb8\xd0\xb7\xd1\x82\xd0\xbe\xd1\x87\xd0\xbd\xd0\xb8\xd1\x86\xd0\xb8 \xd0\xb8\xd0\xb3\xd0\xbd\xd0\xbe\xd1\x80\xd0\xb8\xd1\x80\xd0\xb0\xd1\x82 \xd0\xb2\xd1\x81\xd0\xb8\xd1\x87\xd0\xba\xd0\xbe \xd1\x82\xd0\xbe\xd0\xb2\xd0\xb0."},
    {"How fast the divisor may rise when the frame gets brighter (toward the proxy's clipping shoulder).",
     "\xd0\x9a\xd0\xbe\xd0\xbb\xd0\xba\xd0\xbe \xd0\xb1\xd1\x8a\xd1\x80\xd0\xb7\xd0\xbe \xd0\xbc\xd0\xbe\xd0\xb6\xd0\xb5 \xd0\xb4\xd0\xb0 \xd1\x80\xd0\xb0\xd1\x81\xd1\x82\xd0\xb5 \xd0\xb4\xd0\xb5\xd0\xbb\xd0\xb8\xd1\x82\xd0\xb5\xd0\xbb\xd1\x8f\xd1\x82, \xd0\xba\xd0\xbe\xd0\xb3\xd0\xb0\xd1\x82\xd0\xbe \xd0\xba\xd0\xb0\xd0\xb4\xd1\x8a\xd1\x80\xd1\x8a\xd1\x82 \xd1\x81\xd1\x82\xd0\xb0\xd0\xbd\xd0\xb5 \xd0\xbf\xd0\xbe-\xd1\x81\xd0\xb2\xd0\xb5\xd1\x82\xd1\x8a\xd0\xbb (\xd0\xba\xd1\x8a\xd0\xbc \xd1\x80\xd0\xb0\xd0\xbc\xd0\xbe\xd1\x82\xd0\xbe \xd0\xbd\xd0\xb0 \xd0\xb8\xd0\xb7\xd1\x80\xd1\x8f\xd0\xb7\xd0\xb2\xd0\xb0\xd0\xbd\xd0\xb5 \xd0\xbd\xd0\xb0 \xd0\xbf\xd1\x80\xd0\xbe\xd0\xba\xd1\x81\xd0\xb8\xd1\x82\xd0\xbe)."},
    {"How fast the divisor may relax when the frame gets darker.  Slow by design: a darker proxy is harmless, a pumping one is not.",
     "\xd0\x9a\xd0\xbe\xd0\xbb\xd0\xba\xd0\xbe \xd0\xb1\xd1\x8a\xd1\x80\xd0\xb7\xd0\xbe \xd0\xbc\xd0\xbe\xd0\xb6\xd0\xb5 \xd0\xb4\xd0\xb0 \xd1\x81\xd0\xb5 \xd0\xbe\xd1\x82\xd0\xbf\xd1\x83\xd1\x81\xd0\xbd\xd0\xb5 \xd0\xb4\xd0\xb5\xd0\xbb\xd0\xb8\xd1\x82\xd0\xb5\xd0\xbb\xd1\x8f\xd1\x82, \xd0\xba\xd0\xbe\xd0\xb3\xd0\xb0\xd1\x82\xd0\xbe \xd0\xba\xd0\xb0\xd0\xb4\xd1\x8a\xd1\x80\xd1\x8a\xd1\x82 \xd1\x81\xd1\x82\xd0\xb0\xd0\xbd\xd0\xb5 \xd0\xbf\xd0\xbe-\xd1\x82\xd1\x8a\xd0\xbc\xd0\xb5\xd0\xbd. \xd0\x91\xd0\xb0\xd0\xb2\xd0\xbd\xd0\xbe \xd0\xbf\xd0\xbe \xd0\xb7\xd0\xb0\xd0\xbc\xd0\xb8\xd1\x81\xd1\x8a\xd0\xbb: \xd0\xbf\xd0\xbe-\xd1\x82\xd1\x8a\xd0\xbc\xd0\xbd\xd0\xbe \xd0\xbf\xd1\x80\xd0\xbe\xd0\xba\xd1\x81\xd0\xb8 \xd0\xb5 \xd0\xb1\xd0\xb5\xd0\xb7\xd0\xb2\xd1\x80\xd0\xb5\xd0\xb4\xd0\xbd\xd0\xbe, \xd0\xbf\xd1\x83\xd0\xbb\xd1\x81\xd0\xb8\xd1\x80\xd0\xb0\xd1\x89\xd0\xbe - \xd0\xbd\xd0\xb5."},
    {"Hold through black, re-prime on cuts",
     "\xd0\x97\xd0\xb0\xd0\xb4\xd1\x8a\xd1\x80\xd0\xb6\xd0\xb0\xd0\xbd\xd0\xb5 \xd0\xbf\xd1\x80\xd0\xb8 \xd1\x87\xd0\xb5\xd1\x80\xd0\xbd\xd0\xbe, \xd0\xbf\xd1\x80\xd0\xb5\xd0\xb8\xd0\xbd\xd0\xb8\xd1\x86\xd0\xb8\xd0\xb0\xd0\xbb\xd0\xb8\xd0\xb7\xd0\xb0\xd1\x86\xd0\xb8\xd1\x8f \xd0\xbf\xd1\x80\xd0\xb8 \xd1\x81\xd0\xbc\xd1\x8f\xd0\xbd\xd0\xb0 \xd0\xbd\xd0\xb0 \xd1\x81\xd1\x86\xd0\xb5\xd0\xbd\xd0\xb0"},
    {"Stable only.  A black frame (a loading screen, the end of a fade) keeps the current scale instead of relaxing toward it, so the scene after it does not come back overloading NR's input, and the game's own scene-cut signal re-primes the scale.  Off is the previous behaviour.",
     "\xd0\xa1\xd0\xb0\xd0\xbc\xd0\xbe \xd0\xb7\xd0\xb0 \xc2\xab\xd0\xa1\xd1\x82\xd0\xb0\xd0\xb1\xd0\xb8\xd0\xbb\xd0\xb5\xd0\xbd\xc2\xbb. \xd0\xa7\xd0\xb5\xd1\x80\xd0\xb5\xd0\xbd \xd0\xba\xd0\xb0\xd0\xb4\xd1\x8a\xd1\x80 (\xd0\xb5\xd0\xba\xd1\x80\xd0\xb0\xd0\xbd \xd0\xb7\xd0\xb0 \xd0\xb7\xd0\xb0\xd1\x80\xd0\xb5\xd0\xb6\xd0\xb4\xd0\xb0\xd0\xbd\xd0\xb5, \xd0\xba\xd1\x80\xd0\xb0\xd1\x8f\xd1\x82 \xd0\xbd\xd0\xb0 \xd0\xb7\xd0\xb0\xd1\x82\xd1\x8a\xd0\xbc\xd0\xbd\xd1\x8f\xd0\xb2\xd0\xb0\xd0\xbd\xd0\xb5) \xd0\xb7\xd0\xb0\xd0\xbf\xd0\xb0\xd0\xb7\xd0\xb2\xd0\xb0 \xd1\x82\xd0\xb5\xd0\xba\xd1\x83\xd1\x89\xd0\xb8\xd1\x8f \xd0\xbc\xd0\xb0\xd1\x89\xd0\xb0\xd0\xb1, \xd0\xb2\xd0\xbc\xd0\xb5\xd1\x81\xd1\x82\xd0\xbe \xd0\xb4\xd0\xb0 \xd0\xb3\xd0\xbe \xd0\xbe\xd1\x82\xd0\xbf\xd1\x83\xd1\x81\xd0\xba\xd0\xb0 \xd0\xba\xd1\x8a\xd0\xbc \xd1\x87\xd0\xb5\xd1\x80\xd0\xbd\xd0\xbe\xd1\x82\xd0\xbe, \xd1\x82\xd0\xb0\xd0\xba\xd0\xb0 \xd1\x87\xd0\xb5 \xd1\x81\xd0\xbb\xd0\xb5\xd0\xb4\xd0\xb2\xd0\xb0\xd1\x89\xd0\xb0\xd1\x82\xd0\xb0 \xd1\x81\xd1\x86\xd0\xb5\xd0\xbd\xd0\xb0 \xd0\xbd\xd0\xb5 \xd1\x81\xd0\xb5 \xd0\xb2\xd1\x80\xd1\x8a\xd1\x89\xd0\xb0 \xd1\x81 \xd0\xbf\xd1\x80\xd0\xb5\xd1\x82\xd0\xbe\xd0\xb2\xd0\xb0\xd1\x80\xd0\xb5\xd0\xbd \xd0\xb2\xd1\x85\xd0\xbe\xd0\xb4 \xd0\xbd\xd0\xb0 NR, \xd0\xb0 \xd1\x81\xd0\xbe\xd0\xb1\xd1\x81\xd1\x82\xd0\xb2\xd0\xb5\xd0\xbd\xd0\xb8\xd1\x8f\xd1\x82 \xd1\x81\xd0\xb8\xd0\xb3\xd0\xbd\xd0\xb0\xd0\xbb \xd0\xbd\xd0\xb0 \xd0\xb8\xd0\xb3\xd1\x80\xd0\xb0\xd1\x82\xd0\xb0 \xd0\xb7\xd0\xb0 \xd1\x81\xd0\xbc\xd1\x8f\xd0\xbd\xd0\xb0 \xd0\xbd\xd0\xb0 \xd1\x81\xd1\x86\xd0\xb5\xd0\xbd\xd0\xb0 \xd0\xb8\xd0\xbd\xd0\xb8\xd1\x86\xd0\xb8\xd0\xb0\xd0\xbb\xd0\xb8\xd0\xb7\xd0\xb8\xd1\x80\xd0\xb0 \xd0\xbc\xd0\xb0\xd1\x89\xd0\xb0\xd0\xb1\xd0\xb0 \xd0\xbd\xd0\xb0\xd0\xbd\xd0\xbe\xd0\xb2\xd0\xbe. \xc2\xab\xd0\x98\xd0\xb7\xd0\xba\xd0\xbb.\xc2\xbb \xd0\xb5 \xd0\xbf\xd1\x80\xd0\xb5\xd0\xb4\xd0\xb8\xd1\x88\xd0\xbd\xd0\xbe\xd1\x82\xd0\xbe \xd0\xbf\xd0\xbe\xd0\xb2\xd0\xb5\xd0\xb4\xd0\xb5\xd0\xbd\xd0\xb8\xd0\xb5."},
    {"Slew (stops/frame)",
     "\xd0\x9f\xd0\xbb\xd0\xb0\xd0\xb2\xd0\xbd\xd0\xbe\xd1\x81\xd1\x82 (\xd1\x81\xd1\x82\xd1\x8a\xd0\xbf\xd0\xba\xd0\xb8/\xd0\xba\xd0\xb0\xd0\xb4\xd1\x8a\xd1\x80)"},
    {"Largest step the committed divisor may take in one frame.  0.020 is ~1.2 stops/s at 60 Hz: faster than engine eye adaptation, far slower than the frame-to-frame oscillation it damps.  Scene cuts, config changes and feature rebuilds snap instead of slewing, so raising this only affects tracking lag.  0 behaves as Off.",
     "\xd0\x9d\xd0\xb0\xd0\xb9-\xd0\xb3\xd0\xbe\xd0\xbb\xd1\x8f\xd0\xbc\xd0\xb0\xd1\x82\xd0\xb0 \xd1\x81\xd1\x82\xd1\x8a\xd0\xbf\xd0\xba\xd0\xb0, \xd0\xba\xd0\xbe\xd1\x8f\xd1\x82\xd0\xbe \xd0\xbf\xd1\x80\xd0\xb8\xd0\xbb\xd0\xbe\xd0\xb6\xd0\xb5\xd0\xbd\xd0\xb8\xd1\x8f\xd1\x82 \xd0\xb4\xd0\xb5\xd0\xbb\xd0\xb8\xd1\x82\xd0\xb5\xd0\xbb \xd0\xbc\xd0\xbe\xd0\xb6\xd0\xb5 \xd0\xb4\xd0\xb0 \xd0\xbd\xd0\xb0\xd0\xbf\xd1\x80\xd0\xb0\xd0\xb2\xd0\xb8 \xd0\xb7\xd0\xb0 \xd0\xb5\xd0\xb4\xd0\xb8\xd0\xbd \xd0\xba\xd0\xb0\xd0\xb4\xd1\x8a\xd1\x80. 0.020 \xd0\xb5 ~1.2 \xd1\x81\xd1\x82\xd1\x8a\xd0\xbf\xd0\xba\xd0\xb8/\xd1\x81 \xd0\xbf\xd1\x80\xd0\xb8 60 Hz: \xd0\xbf\xd0\xbe-\xd0\xb1\xd1\x8a\xd1\x80\xd0\xb7\xd0\xbe \xd0\xbe\xd1\x82 \xd0\xb0\xd0\xb4\xd0\xb0\xd0\xbf\xd1\x82\xd0\xb0\xd1\x86\xd0\xb8\xd1\x8f\xd1\x82\xd0\xb0 \xd0\xbd\xd0\xb0 \xd0\xbe\xd0\xba\xd0\xbe\xd1\x82\xd0\xbe \xd0\xb2 \xd0\xb5\xd0\xbd\xd0\xb4\xd0\xb6\xd0\xb8\xd0\xbd\xd0\xb0 \xd0\xb8 \xd0\xbc\xd0\xbd\xd0\xbe\xd0\xb3\xd0\xbe \xd0\xbf\xd0\xbe-\xd0\xb1\xd0\xb0\xd0\xb2\xd0\xbd\xd0\xbe \xd0\xbe\xd1\x82 \xd1\x82\xd1\x80\xd0\xb5\xd0\xbf\xd1\x82\xd0\xb5\xd0\xbd\xd0\xb5\xd1\x82\xd0\xbe \xd0\xbc\xd0\xb5\xd0\xb6\xd0\xb4\xd1\x83 \xd0\xba\xd0\xb0\xd0\xb4\xd1\x80\xd0\xb8\xd1\x82\xd0\xb5, \xd0\xba\xd0\xbe\xd0\xb5\xd1\x82\xd0\xbe \xd0\xbf\xd0\xbe\xd1\x82\xd0\xb8\xd1\x81\xd0\xba\xd0\xb0. \xd0\xa1\xd0\xbc\xd1\x8f\xd0\xbd\xd0\xb0 \xd0\xbd\xd0\xb0 \xd1\x81\xd1\x86\xd0\xb5\xd0\xbd\xd0\xb0, \xd0\xbf\xd1\x80\xd0\xbe\xd0\xbc\xd0\xb5\xd0\xbd\xd0\xb8 \xd0\xb2 \xd0\xba\xd0\xbe\xd0\xbd\xd1\x84\xd0\xb8\xd0\xb3\xd1\x83\xd1\x80\xd0\xb0\xd1\x86\xd0\xb8\xd1\x8f\xd1\x82\xd0\xb0 \xd0\xb8 \xd0\xbf\xd1\x80\xd0\xb5\xd1\x81\xd1\x8a\xd0\xb7\xd0\xb4\xd0\xb0\xd0\xb2\xd0\xb0\xd0\xbd\xd0\xb5 \xd0\xbd\xd0\xb0 \xd1\x84\xd1\x83\xd0\xbd\xd0\xba\xd1\x86\xd0\xb8\xd1\x8f\xd1\x82\xd0\xb0 \xd1\x81\xd0\xba\xd0\xb0\xd1\x87\xd0\xb0\xd1\x82 \xd0\xb4\xd0\xb8\xd1\x80\xd0\xb5\xd0\xba\xd1\x82\xd0\xbd\xd0\xbe, \xd0\xb1\xd0\xb5\xd0\xb7 \xd0\xbf\xd0\xbb\xd0\xb0\xd0\xb2\xd0\xb5\xd0\xbd \xd0\xbf\xd1\x80\xd0\xb5\xd1\x85\xd0\xbe\xd0\xb4, \xd0\xb7\xd0\xb0\xd1\x82\xd0\xbe\xd0\xb2\xd0\xb0 \xd1\x83\xd0\xb2\xd0\xb5\xd0\xbb\xd0\xb8\xd1\x87\xd0\xb0\xd0\xb2\xd0\xb0\xd0\xbd\xd0\xb5\xd1\x82\xd0\xbe \xd0\xb7\xd0\xb0\xd1\x81\xd1\x8f\xd0\xb3\xd0\xb0 \xd1\x81\xd0\xb0\xd0\xbc\xd0\xbe \xd0\xb7\xd0\xb0\xd0\xb1\xd0\xb0\xd0\xb2\xd1\x8f\xd0\xbd\xd0\xb5\xd1\x82\xd0\xbe \xd0\xbf\xd1\x80\xd0\xb8 \xd0\xbf\xd1\x80\xd0\xbe\xd1\x81\xd0\xbb\xd0\xb5\xd0\xb4\xd1\x8f\xd0\xb2\xd0\xb0\xd0\xbd\xd0\xb5. 0 \xd0\xb4\xd0\xb5\xd0\xb9\xd1\x81\xd1\x82\xd0\xb2\xd0\xb0 \xd0\xba\xd0\xb0\xd1\x82\xd0\xbe \xc2\xab\xd0\x98\xd0\xb7\xd0\xba\xd0\xbb.\xc2\xbb."},
    {"Use game NGX flag",
     "NGX \xd1\x84\xd0\xbb\xd0\xb0\xd0\xb3 \xd0\xbd\xd0\xb0 \xd0\xb8\xd0\xb3\xd1\x80\xd0\xb0\xd1\x82\xd0\xb0"},
    {"Force normal depth",
     "\xd0\x9d\xd0\xbe\xd1\x80\xd0\xbc\xd0\xb0\xd0\xbb\xd0\xbd\xd0\xb0 \xd0\xb4\xd1\x8a\xd0\xbb\xd0\xb1\xd0\xbe\xd1\x87\xd0\xb8\xd0\xbd\xd0\xb0"},
    {"Force inverted depth",
     "\xd0\x9e\xd0\xb1\xd1\x8a\xd1\x80\xd0\xbd\xd0\xb0\xd1\x82\xd0\xb0 \xd0\xb4\xd1\x8a\xd0\xbb\xd0\xb1\xd0\xbe\xd1\x87\xd0\xb8\xd0\xbd\xd0\xb0"},
    {"Depth",
     "\xd0\x94\xd1\x8a\xd0\xbb\xd0\xb1\xd0\xbe\xd1\x87\xd0\xb8\xd0\xbd\xd0\xb0"},
    {"Which way the game's depth runs.  The game's own NGX flag is right unless the game declares it wrongly.",
     "\xd0\x92 \xd0\xba\xd0\xb0\xd0\xba\xd0\xb2\xd0\xb0 \xd0\xbf\xd0\xbe\xd1\x81\xd0\xbe\xd0\xba\xd0\xb0 \xd0\xb2\xd1\x8a\xd1\x80\xd0\xb2\xd0\xb8 \xd0\xb4\xd1\x8a\xd0\xbb\xd0\xb1\xd0\xbe\xd1\x87\xd0\xb8\xd0\xbd\xd0\xb0\xd1\x82\xd0\xb0 \xd0\xbd\xd0\xb0 \xd0\xb8\xd0\xb3\xd1\x80\xd0\xb0\xd1\x82\xd0\xb0. \xd0\xa1\xd0\xbe\xd0\xb1\xd1\x81\xd1\x82\xd0\xb2\xd0\xb5\xd0\xbd\xd0\xb8\xd1\x8f\xd1\x82 NGX \xd1\x84\xd0\xbb\xd0\xb0\xd0\xb3 \xd0\xbd\xd0\xb0 \xd0\xb8\xd0\xb3\xd1\x80\xd0\xb0\xd1\x82\xd0\xb0 \xd0\xb5 \xd0\xb2\xd0\xb5\xd1\x80\xd0\xb5\xd0\xbd, \xd0\xbe\xd1\x81\xd0\xb2\xd0\xb5\xd0\xbd \xd0\xb0\xd0\xba\xd0\xbe \xd0\xb8\xd0\xb3\xd1\x80\xd0\xb0\xd1\x82\xd0\xb0 \xd0\xbd\xd0\xb5 \xd0\xb3\xd0\xbe \xd0\xb4\xd0\xb5\xd0\xba\xd0\xbb\xd0\xb0\xd1\x80\xd0\xb8\xd1\x80\xd0\xb0 \xd0\xb3\xd1\x80\xd0\xb5\xd1\x88\xd0\xbd\xd0\xbe."},
    {"Scales the game's motion vectors before the model sees them.  1.000 is right unless the game reports them at another scale; a negative value flips an axis.",
     "\xd0\x9c\xd0\xb0\xd1\x89\xd0\xb0\xd0\xb1\xd0\xb8\xd1\x80\xd0\xb0 \xd0\xb2\xd0\xb5\xd0\xba\xd1\x82\xd0\xbe\xd1\x80\xd0\xb8\xd1\x82\xd0\xb5 \xd0\xbd\xd0\xb0 \xd0\xb4\xd0\xb2\xd0\xb8\xd0\xb6\xd0\xb5\xd0\xbd\xd0\xb8\xd0\xb5 \xd0\xbd\xd0\xb0 \xd0\xb8\xd0\xb3\xd1\x80\xd0\xb0\xd1\x82\xd0\xb0, \xd0\xbf\xd1\x80\xd0\xb5\xd0\xb4\xd0\xb8 \xd0\xbc\xd0\xbe\xd0\xb4\xd0\xb5\xd0\xbb\xd1\x8a\xd1\x82 \xd0\xb4\xd0\xb0 \xd0\xb3\xd0\xb8 \xd0\xb2\xd0\xb8\xd0\xb4\xd0\xb8. 1.000 \xd0\xb5 \xd0\xb2\xd1\x8f\xd1\x80\xd0\xbd\xd0\xbe, \xd0\xbe\xd1\x81\xd0\xb2\xd0\xb5\xd0\xbd \xd0\xb0\xd0\xba\xd0\xbe \xd0\xb8\xd0\xb3\xd1\x80\xd0\xb0\xd1\x82\xd0\xb0 \xd0\xbd\xd0\xb5 \xd0\xb3\xd0\xb8 \xd0\xbf\xd0\xbe\xd0\xb4\xd0\xb0\xd0\xb2\xd0\xb0 \xd0\xb2 \xd0\xb4\xd1\x80\xd1\x83\xd0\xb3 \xd0\xbc\xd0\xb0\xd1\x89\xd0\xb0\xd0\xb1; \xd0\xbe\xd1\x82\xd1\x80\xd0\xb8\xd1\x86\xd0\xb0\xd1\x82\xd0\xb5\xd0\xbb\xd0\xbd\xd0\xb0 \xd1\x81\xd1\x82\xd0\xbe\xd0\xb9\xd0\xbd\xd0\xbe\xd1\x81\xd1\x82 \xd0\xbe\xd0\xb1\xd1\x80\xd1\x8a\xd1\x89\xd0\xb0 \xd0\xbe\xd1\x81\xd1\x82\xd0\xb0."},
    {"Motion scale X",
     "\xd0\x9c\xd0\xb0\xd1\x89\xd0\xb0\xd0\xb1 \xd0\xbd\xd0\xb0 \xd0\xb4\xd0\xb2\xd0\xb8\xd0\xb6\xd0\xb5\xd0\xbd\xd0\xb8\xd0\xb5 X"},
    {"Motion scale Y",
     "\xd0\x9c\xd0\xb0\xd1\x89\xd0\xb0\xd0\xb1 \xd0\xbd\xd0\xb0 \xd0\xb4\xd0\xb2\xd0\xb8\xd0\xb6\xd0\xb5\xd0\xbd\xd0\xb8\xd0\xb5 Y"},
    {"Chained history",
     "\xd0\x92\xd0\xb5\xd1\x80\xd0\xb8\xd0\xb6\xd0\xbd\xd0\xb0 \xd0\xb8\xd1\x81\xd1\x82\xd0\xbe\xd1\x80\xd0\xb8\xd1\x8f"},
    {"ON (default): every stacked pass keeps its own temporal history (reset only on scene cuts/contract changes).  OFF: legacy diagnostic mode - passes 2+ are stateless (Reset every frame).  NVIDIA documents Reset-per-frame as a flicker/aliasing risk; only turn chained OFF to A/B a suspected ghosting compounding.",
     "\xd0\x92\xd0\x9a\xd0\x9b. (\xd0\xbf\xd0\xbe \xd0\xbf\xd0\xbe\xd0\xb4\xd1\x80\xd0\xb0\xd0\xb7\xd0\xb1\xd0\xb8\xd1\x80\xd0\xb0\xd0\xbd\xd0\xb5): \xd0\xb2\xd1\x81\xd1\x8f\xd0\xba\xd0\xbe \xd0\xbf\xd1\x80\xd0\xb5\xd0\xbc\xd0\xb8\xd0\xbd\xd0\xb0\xd0\xb2\xd0\xb0\xd0\xbd\xd0\xb5 \xd0\xbf\xd0\xb0\xd0\xb7\xd0\xb8 \xd1\x81\xd0\xbe\xd0\xb1\xd1\x81\xd1\x82\xd0\xb2\xd0\xb5\xd0\xbd\xd0\xb0 \xd0\xb2\xd1\x80\xd0\xb5\xd0\xbc\xd0\xb5\xd0\xb2\xd0\xb0 \xd0\xb8\xd1\x81\xd1\x82\xd0\xbe\xd1\x80\xd0\xb8\xd1\x8f (\xd0\xbd\xd1\x83\xd0\xbb\xd0\xb8\xd1\x80\xd0\xb0 \xd1\x81\xd0\xb5 \xd1\x81\xd0\xb0\xd0\xbc\xd0\xbe \xd0\xbf\xd1\x80\xd0\xb8 \xd1\x81\xd0\xbc\xd1\x8f\xd0\xbd\xd0\xb0 \xd0\xbd\xd0\xb0 \xd1\x81\xd1\x86\xd0\xb5\xd0\xbd\xd0\xb0/\xd0\xb4\xd0\xbe\xd0\xb3\xd0\xbe\xd0\xb2\xd0\xbe\xd1\x80).  \xd0\x98\xd0\x97\xd0\x9a\xd0\x9b.: \xd0\xbe\xd1\x81\xd1\x82\xd0\xb0\xd1\x80\xd1\x8f\xd0\xbb \xd0\xb4\xd0\xb8\xd0\xb0\xd0\xb3\xd0\xbd\xd0\xbe\xd1\x81\xd1\x82\xd0\xb8\xd1\x87\xd0\xb5\xd0\xbd \xd1\x80\xd0\xb5\xd0\xb6\xd0\xb8\xd0\xbc - \xd0\xbf\xd1\x80\xd0\xb5\xd0\xbc\xd0\xb8\xd0\xbd\xd0\xb0\xd0\xb2\xd0\xb0\xd0\xbd\xd0\xb8\xd1\x8f 2+ \xd1\x81\xd0\xb0 \xd0\xb1\xd0\xb5\xd0\xb7 \xd1\x81\xd1\x8a\xd1\x81\xd1\x82\xd0\xbe\xd1\x8f\xd0\xbd\xd0\xb8\xd0\xb5 (Reset \xd0\xbd\xd0\xb0 \xd0\xb2\xd1\x81\xd0\xb5\xd0\xba\xd0\xb8 \xd0\xba\xd0\xb0\xd0\xb4\xd1\x8a\xd1\x80).  NVIDIA \xd0\xb4\xd0\xbe\xd0\xba\xd1\x83\xd0\xbc\xd0\xb5\xd0\xbd\xd1\x82\xd0\xb8\xd1\x80\xd0\xb0 Reset \xd0\xbd\xd0\xb0 \xd0\xb2\xd1\x81\xd0\xb5\xd0\xba\xd0\xb8 \xd0\xba\xd0\xb0\xd0\xb4\xd1\x8a\xd1\x80 \xd0\xba\xd0\xb0\xd1\x82\xd0\xbe \xd1\x80\xd0\xb8\xd1\x81\xd0\xba \xd0\xbe\xd1\x82 \xd1\x82\xd1\x80\xd0\xb5\xd0\xbf\xd1\x82\xd0\xb5\xd0\xbd\xd0\xb5/\xd0\xbd\xd0\xb0\xd0\xb7\xd1\x8a\xd0\xb1\xd0\xb2\xd0\xb0\xd0\xbd\xd0\xb5; \xd0\xb8\xd0\xb7\xd0\xba\xd0\xbb\xd1\x8e\xd1\x87\xd0\xb2\xd0\xb0\xd0\xb9\xd1\x82\xd0\xb5 \xd0\xb2\xd0\xb5\xd1\x80\xd0\xb8\xd0\xb3\xd0\xb0\xd1\x82\xd0\xb0 \xd1\x81\xd0\xb0\xd0\xbc\xd0\xbe \xd0\xb7\xd0\xb0 A/B \xd1\x81\xd1\x80\xd0\xb0\xd0\xb2\xd0\xbd\xd0\xb5\xd0\xbd\xd0\xb8\xd0\xb5 \xd0\xbf\xd1\x80\xd0\xb8 \xd1\x81\xd1\x8a\xd0\xbc\xd0\xbd\xd0\xb5\xd0\xbd\xd0\xb8\xd0\xb5 \xd0\xb7\xd0\xb0 \xd0\xbd\xd0\xb0\xd1\x82\xd1\x80\xd1\x83\xd0\xbf\xd0\xb2\xd0\xb0\xd1\x89 \xd1\x81\xd0\xb5 \xd0\xb3\xd0\xbe\xd1\x81\xd1\x82\xd0\xb8\xd0\xbd\xd0\xb3."},
    {"Restore",
     "\xd0\x92\xd1\x8a\xd0\xb7\xd1\x81\xd1\x82\xd0\xb0\xd0\xbd\xd0\xbe\xd0\xb2\xd0\xb8"},
    {"Cancel",
     "\xd0\x9e\xd1\x82\xd0\xba\xd0\xb0\xd0\xb7"},
    {"Press a key (Esc cancels)",
     "\xd0\x9d\xd0\xb0\xd1\x82\xd0\xb8\xd1\x81\xd0\xbd\xd0\xb5\xd1\x82\xd0\xb5 \xd0\xba\xd0\xbb\xd0\xb0\xd0\xb2\xd0\xb8\xd1\x88 (Esc \xd0\xbe\xd1\x82\xd0\xba\xd0\xb0\xd0\xb7\xd0\xb2\xd0\xb0)"},
    {"Toggle NR",
     "\xd0\x92\xd0\xba\xd0\xbb./\xd0\xb8\xd0\xb7\xd0\xba\xd0\xbb. NR"},
    {"Screenshot",
     "\xd0\xa1\xd0\xbd\xd0\xb8\xd0\xbc\xd0\xba\xd0\xb0 \xd0\xbd\xd0\xb0 \xd0\xb5\xd0\xba\xd1\x80\xd0\xb0\xd0\xbd\xd0\xb0"},
    {"Final presentation",
     "\xd0\x9a\xd1\x80\xd0\xb0\xd0\xb9\xd0\xbd\xd0\xbe \xd0\xb8\xd0\xb7\xd0\xb2\xd0\xb5\xd0\xb6\xd0\xb4\xd0\xb0\xd0\xbd\xd0\xb5"},
    {"Evaluated model buffers",
     "\xd0\x9e\xd1\x86\xd0\xb5\xd0\xbd\xd0\xb5\xd0\xbd\xd0\xb8 \xd0\xb1\xd1\x83\xd1\x84\xd0\xb5\xd1\x80\xd0\xb8 \xd0\xbd\xd0\xb0 \xd0\xbc\xd0\xbe\xd0\xb4\xd0\xb5\xd0\xbb\xd0\xb0"},
    {"Capture source",
     "\xd0\x98\xd0\xb7\xd1\x82\xd0\xbe\xd1\x87\xd0\xbd\xd0\xb8\xd0\xba \xd0\xbd\xd0\xb0 \xd1\x81\xd0\xbd\xd0\xb8\xd0\xbc\xd0\xba\xd0\xb0\xd1\x82\xd0\xb0"},
    {"Auto captures the final frame, or model buffers when a separate helper window is explicitly identified. Model diagnostics preserve the selected hook and show the last evaluated pass before look, transfer, game tone mapping and UI.",
     "\xc2\xab\xd0\x90\xd0\xb2\xd1\x82\xd0\xbe\xc2\xbb \xd1\x81\xd0\xbd\xd0\xb8\xd0\xbc\xd0\xb0 \xd0\xba\xd1\x80\xd0\xb0\xd0\xb9\xd0\xbd\xd0\xb8\xd1\x8f \xd0\xba\xd0\xb0\xd0\xb4\xd1\x8a\xd1\x80 \xd0\xb8\xd0\xbb\xd0\xb8, \xd0\xba\xd0\xbe\xd0\xb3\xd0\xb0\xd1\x82\xd0\xbe \xd0\xb8\xd0\xb7\xd1\x80\xd0\xb8\xd1\x87\xd0\xbd\xd0\xbe \xd0\xb5 \xd1\x80\xd0\xb0\xd0\xb7\xd0\xbf\xd0\xbe\xd0\xb7\xd0\xbd\xd0\xb0\xd1\x82 \xd0\xbe\xd1\x82\xd0\xb4\xd0\xb5\xd0\xbb\xd0\xb5\xd0\xbd \xd0\xbf\xd0\xbe\xd0\xbc\xd0\xbe\xd1\x89\xd0\xb5\xd0\xbd \xd0\xbf\xd1\x80\xd0\xbe\xd0\xb7\xd0\xbe\xd1\x80\xd0\xb5\xd1\x86, \xd0\xb1\xd1\x83\xd1\x84\xd0\xb5\xd1\x80\xd0\xb8\xd1\x82\xd0\xb5 \xd0\xbd\xd0\xb0 \xd0\xbc\xd0\xbe\xd0\xb4\xd0\xb5\xd0\xbb\xd0\xb0. \xd0\x94\xd0\xb8\xd0\xb0\xd0\xb3\xd0\xbd\xd0\xbe\xd1\x81\xd1\x82\xd0\xb8\xd0\xba\xd0\xb0\xd1\x82\xd0\xb0 \xd0\xbd\xd0\xb0 \xd0\xbc\xd0\xbe\xd0\xb4\xd0\xb5\xd0\xbb\xd0\xb0 \xd0\xb7\xd0\xb0\xd0\xbf\xd0\xb0\xd0\xb7\xd0\xb2\xd0\xb0 \xd0\xb8\xd0\xb7\xd0\xb1\xd1\x80\xd0\xb0\xd0\xbd\xd0\xb0\xd1\x82\xd0\xb0 \xd1\x82\xd0\xbe\xd1\x87\xd0\xba\xd0\xb0 \xd0\xbd\xd0\xb0 \xd0\xb2\xd0\xbc\xd1\x8a\xd0\xba\xd0\xb2\xd0\xb0\xd0\xbd\xd0\xb5 \xd0\xb8 \xd0\xbf\xd0\xbe\xd0\xba\xd0\xb0\xd0\xb7\xd0\xb2\xd0\xb0 \xd0\xbf\xd0\xbe\xd1\x81\xd0\xbb\xd0\xb5\xd0\xb4\xd0\xbd\xd0\xbe\xd1\x82\xd0\xbe \xd0\xbe\xd1\x86\xd0\xb5\xd0\xbd\xd0\xb5\xd0\xbd\xd0\xbe \xd0\xbf\xd1\x80\xd0\xb5\xd0\xbc\xd0\xb8\xd0\xbd\xd0\xb0\xd0\xb2\xd0\xb0\xd0\xbd\xd0\xb5 \xd0\xbf\xd1\x80\xd0\xb5\xd0\xb4\xd0\xb8 \xd0\xb2\xd0\xb8\xd0\xb7\xd0\xb8\xd1\x8f\xd1\x82\xd0\xb0, \xd0\xbf\xd1\x80\xd0\xb5\xd0\xbd\xd0\xbe\xd1\x81\xd0\xb0, \xd1\x82\xd0\xbe\xd0\xbd\xd0\xb0\xd0\xbb\xd0\xbd\xd0\xbe\xd1\x82\xd0\xbe \xd0\xba\xd0\xb0\xd1\x80\xd1\x82\xd0\xbe\xd0\xb3\xd1\x80\xd0\xb0\xd1\x84\xd0\xb8\xd1\x80\xd0\xb0\xd0\xbd\xd0\xb5 \xd0\xbd\xd0\xb0 \xd0\xb8\xd0\xb3\xd1\x80\xd0\xb0\xd1\x82\xd0\xb0 \xd0\xb8 \xd0\xb8\xd0\xbd\xd1\x82\xd0\xb5\xd1\x80\xd1\x84\xd0\xb5\xd0\xb9\xd1\x81\xd0\xb0."},
    {"PNG",
     "PNG"},
    {"JPEG",
     "JPEG"},
    {"PNG + JPEG",
     "PNG + JPEG"},
    {"File format",
     "\xd0\xa4\xd0\xbe\xd1\x80\xd0\xbc\xd0\xb0\xd1\x82 \xd0\xbd\xd0\xb0 \xd1\x84\xd0\xb0\xd0\xb9\xd0\xbb\xd0\xb0"},
    {"PNG is lossless and large (HDR PNGs exceed Discord's 10 MB limit). JPEG is sized for sharing on Discord at full resolution; in HDR it stays HDR.",
     "PNG \xd0\xb5 \xd0\xb1\xd0\xb5\xd0\xb7 \xd0\xb7\xd0\xb0\xd0\xb3\xd1\x83\xd0\xb1\xd0\xb0 \xd0\xb8 \xd0\xb3\xd0\xbe\xd0\xbb\xd1\x8f\xd0\xbc (HDR PNG \xd0\xbd\xd0\xb0\xd0\xb4\xd0\xb2\xd0\xb8\xd1\x88\xd0\xb0\xd0\xb2\xd0\xb0\xd1\x82 \xd0\xbb\xd0\xb8\xd0\xbc\xd0\xb8\xd1\x82\xd0\xb0 \xd0\xbe\xd1\x82 10 MB \xd0\xbd\xd0\xb0 Discord). JPEG \xd0\xb5 \xd0\xbe\xd1\x80\xd0\xb0\xd0\xb7\xd0\xbc\xd0\xb5\xd1\x80\xd0\xb5\xd0\xbd \xd0\xb7\xd0\xb0 \xd1\x81\xd0\xbf\xd0\xbe\xd0\xb4\xd0\xb5\xd0\xbb\xd1\x8f\xd0\xbd\xd0\xb5 \xd0\xb2 Discord \xd0\xb2 \xd0\xbf\xd1\x8a\xd0\xbb\xd0\xbd\xd0\xb0 \xd1\x80\xd0\xb0\xd0\xb7\xd0\xb4\xd0\xb5\xd0\xbb\xd0\xb8\xd1\x82\xd0\xb5\xd0\xbb\xd0\xbd\xd0\xb0 \xd1\x81\xd0\xbf\xd0\xbe\xd1\x81\xd0\xbe\xd0\xb1\xd0\xbd\xd0\xbe\xd1\x81\xd1\x82; \xd0\xb2 HDR \xd0\xbe\xd1\x81\xd1\x82\xd0\xb0\xd0\xb2\xd0\xb0 HDR."},
    {"Pair",
     "\xd0\x94\xd0\xb2\xd0\xbe\xd0\xb9\xd0\xba\xd0\xb0"},
    {"Pair + side by side",
     "\xd0\x94\xd0\xb2\xd0\xbe\xd0\xb9\xd0\xba\xd0\xb0 + \xd0\xb5\xd0\xb4\xd0\xbd\xd0\xbe \xd0\xb4\xd0\xbe \xd0\xb4\xd1\x80\xd1\x83\xd0\xb3\xd0\xbe"},
    {"Comparison layout",
     "\xd0\x9f\xd0\xbe\xd0\xb4\xd1\x80\xd0\xb5\xd0\xb4\xd0\xb1\xd0\xb0 \xd0\xbd\xd0\xb0 \xd1\x81\xd1\x80\xd0\xb0\xd0\xb2\xd0\xbd\xd0\xb5\xd0\xbd\xd0\xb8\xd0\xb5\xd1\x82\xd0\xbe"},
    {"Side by side adds one file showing NR off (left) and NR on (right), for a single upload.",
     "\xd0\x95\xd0\xb4\xd0\xbd\xd0\xbe \xd0\xb4\xd0\xbe \xd0\xb4\xd1\x80\xd1\x83\xd0\xb3\xd0\xbe \xd0\xb4\xd0\xbe\xd0\xb1\xd0\xb0\xd0\xb2\xd1\x8f \xd0\xb5\xd0\xb4\xd0\xb8\xd0\xbd \xd1\x84\xd0\xb0\xd0\xb9\xd0\xbb, \xd0\xba\xd0\xbe\xd0\xb9\xd1\x82\xd0\xbe \xd0\xbf\xd0\xbe\xd0\xba\xd0\xb0\xd0\xb7\xd0\xb2\xd0\xb0 NR \xd0\xb8\xd0\xb7\xd0\xba\xd0\xbb\xd1\x8e\xd1\x87\xd0\xb5\xd0\xbd (\xd0\xb2\xd0\xbb\xd1\x8f\xd0\xb2\xd0\xbe) \xd0\xb8 NR \xd0\xb2\xd0\xba\xd0\xbb\xd1\x8e\xd1\x87\xd0\xb5\xd0\xbd (\xd0\xb2\xd0\xb4\xd1\x8f\xd1\x81\xd0\xbd\xd0\xbe), \xd0\xb7\xd0\xb0 \xd0\xb5\xd0\xb4\xd0\xbd\xd0\xbe \xd0\xba\xd0\xb0\xd1\x87\xd0\xb2\xd0\xb0\xd0\xbd\xd0\xb5."},
    {"JPEG quality",
     "\xd0\x9a\xd0\xb0\xd1\x87\xd0\xb5\xd1\x81\xd1\x82\xd0\xb2\xd0\xbe \xd0\xbd\xd0\xb0 JPEG"},
    {"95 is visually lossless. If a file is over the size limit, the quality steps down (not below 85); the image is never scaled down.",
     "95 \xd0\xb5 \xd0\xb2\xd0\xb8\xd0\xb7\xd1\x83\xd0\xb0\xd0\xbb\xd0\xbd\xd0\xbe \xd0\xb1\xd0\xb5\xd0\xb7 \xd0\xb7\xd0\xb0\xd0\xb3\xd1\x83\xd0\xb1\xd0\xb0. \xd0\x90\xd0\xba\xd0\xbe \xd1\x84\xd0\xb0\xd0\xb9\xd0\xbb \xd0\xbd\xd0\xb0\xd0\xb4\xd0\xb2\xd0\xb8\xd1\x88\xd0\xb0\xd0\xb2\xd0\xb0 \xd0\xbb\xd0\xb8\xd0\xbc\xd0\xb8\xd1\x82\xd0\xb0 \xd0\xb7\xd0\xb0 \xd1\x80\xd0\xb0\xd0\xb7\xd0\xbc\xd0\xb5\xd1\x80, \xd0\xba\xd0\xb0\xd1\x87\xd0\xb5\xd1\x81\xd1\x82\xd0\xb2\xd0\xbe\xd1\x82\xd0\xbe \xd1\x81\xd0\xbf\xd0\xb0\xd0\xb4\xd0\xb0 \xd0\xbd\xd0\xb0 \xd1\x81\xd1\x82\xd1\x8a\xd0\xbf\xd0\xba\xd0\xb8 (\xd0\xbd\xd0\xb5 \xd0\xbf\xd0\xbe\xd0\xb4 85); \xd0\xb8\xd0\xb7\xd0\xbe\xd0\xb1\xd1\x80\xd0\xb0\xd0\xb6\xd0\xb5\xd0\xbd\xd0\xb8\xd0\xb5\xd1\x82\xd0\xbe \xd0\xbd\xd0\xb8\xd0\xba\xd0\xbe\xd0\xb3\xd0\xb0 \xd0\xbd\xd0\xb5 \xd1\x81\xd0\xb5 \xd1\x81\xd0\xbc\xd0\xb0\xd0\xbb\xd1\x8f\xd0\xb2\xd0\xb0."},
    {"JPEG size limit (MB)",
     "\xd0\x9b\xd0\xb8\xd0\xbc\xd0\xb8\xd1\x82 \xd0\xb7\xd0\xb0 \xd1\x80\xd0\xb0\xd0\xb7\xd0\xbc\xd0\xb5\xd1\x80 \xd0\xbd\xd0\xb0 JPEG (MB)"},
    {"10 is Discord's upload limit without Nitro. 0 turns the limit off.",
     "10 \xd0\xb5 \xd0\xbb\xd0\xb8\xd0\xbc\xd0\xb8\xd1\x82\xd1\x8a\xd1\x82 \xd0\xb7\xd0\xb0 \xd0\xba\xd0\xb0\xd1\x87\xd0\xb2\xd0\xb0\xd0\xbd\xd0\xb5 \xd0\xb2 Discord \xd0\xb1\xd0\xb5\xd0\xb7 Nitro. 0 \xd0\xb8\xd0\xb7\xd0\xba\xd0\xbb\xd1\x8e\xd1\x87\xd0\xb2\xd0\xb0 \xd0\xbb\xd0\xb8\xd0\xbc\xd0\xb8\xd1\x82\xd0\xb0."},
    {"Capture",
     "\xd0\xa1\xd0\xbd\xd0\xb8\xd0\xbc\xd0\xb0\xd0\xb9"},
    {"Take a screenshot now",
     "\xd0\x9d\xd0\xb0\xd0\xbf\xd1\x80\xd0\xb0\xd0\xb2\xd0\xb8 \xd1\x81\xd0\xbd\xd0\xb8\xd0\xbc\xd0\xba\xd0\xb0 \xd1\x81\xd0\xb5\xd0\xb3\xd0\xb0"},
    {"Screenshot status",
     "\xd0\xa1\xd1\x8a\xd1\x81\xd1\x82\xd0\xbe\xd1\x8f\xd0\xbd\xd0\xb8\xd0\xb5 \xd0\xbd\xd0\xb0 \xd1\x81\xd0\xbd\xd0\xb8\xd0\xbc\xd0\xba\xd0\xb0\xd1\x82\xd0\xb0"},
    {"Captures model input/output previews from the last evaluated pass. These exclude look, transfer, game tone mapping and UI; they are not the displayed game frame.",
     "\xd0\xa1\xd0\xbd\xd0\xb8\xd0\xbc\xd0\xb0 \xd0\xbf\xd1\x80\xd0\xb5\xd0\xb3\xd0\xbb\xd0\xb5\xd0\xb4\xd0\xb8 \xd0\xbd\xd0\xb0 \xd0\xb2\xd1\x85\xd0\xbe\xd0\xb4\xd0\xb0 \xd0\xb8 \xd0\xb8\xd0\xb7\xd1\x85\xd0\xbe\xd0\xb4\xd0\xb0 \xd0\xbd\xd0\xb0 \xd0\xbc\xd0\xbe\xd0\xb4\xd0\xb5\xd0\xbb\xd0\xb0 \xd0\xbe\xd1\x82 \xd0\xbf\xd0\xbe\xd1\x81\xd0\xbb\xd0\xb5\xd0\xb4\xd0\xbd\xd0\xbe\xd1\x82\xd0\xbe \xd0\xbe\xd1\x86\xd0\xb5\xd0\xbd\xd0\xb5\xd0\xbd\xd0\xbe \xd0\xbf\xd1\x80\xd0\xb5\xd0\xbc\xd0\xb8\xd0\xbd\xd0\xb0\xd0\xb2\xd0\xb0\xd0\xbd\xd0\xb5. \xd0\xa2\xd0\xb5 \xd0\xbd\xd0\xb5 \xd0\xb2\xd0\xba\xd0\xbb\xd1\x8e\xd1\x87\xd0\xb2\xd0\xb0\xd1\x82 \xd0\xb2\xd0\xb8\xd0\xb7\xd0\xb8\xd1\x8f\xd1\x82\xd0\xb0, \xd0\xbf\xd1\x80\xd0\xb5\xd0\xbd\xd0\xbe\xd1\x81\xd0\xb0, \xd1\x82\xd0\xbe\xd0\xbd\xd0\xb0\xd0\xbb\xd0\xbd\xd0\xbe\xd1\x82\xd0\xbe \xd0\xba\xd0\xb0\xd1\x80\xd1\x82\xd0\xbe\xd0\xb3\xd1\x80\xd0\xb0\xd1\x84\xd0\xb8\xd1\x80\xd0\xb0\xd0\xbd\xd0\xb5 \xd0\xbd\xd0\xb0 \xd0\xb8\xd0\xb3\xd1\x80\xd0\xb0\xd1\x82\xd0\xb0 \xd0\xb8 \xd0\xb8\xd0\xbd\xd1\x82\xd0\xb5\xd1\x80\xd1\x84\xd0\xb5\xd0\xb9\xd1\x81\xd0\xb0; \xd1\x82\xd0\xbe\xd0\xb2\xd0\xb0 \xd0\xbd\xd0\xb5 \xd0\xb5 \xd0\xbf\xd0\xbe\xd0\xba\xd0\xb0\xd0\xb7\xd0\xb0\xd0\xbd\xd0\xb8\xd1\x8f\xd1\x82 \xd0\xba\xd0\xb0\xd0\xb4\xd1\x8a\xd1\x80 \xd0\xbe\xd1\x82 \xd0\xb8\xd0\xb3\xd1\x80\xd0\xb0\xd1\x82\xd0\xb0."},
    {"Captures the same final game frame before and after NR at On Present. HDR stays HDR. Your hook setting is restored automatically.",
     "\xd0\xa1\xd0\xbd\xd0\xb8\xd0\xbc\xd0\xb0 \xd0\xb5\xd0\xb4\xd0\xb8\xd0\xbd \xd0\xb8 \xd1\x81\xd1\x8a\xd1\x89 \xd0\xba\xd1\x80\xd0\xb0\xd0\xb5\xd0\xbd \xd0\xba\xd0\xb0\xd0\xb4\xd1\x8a\xd1\x80 \xd0\xbe\xd1\x82 \xd0\xb8\xd0\xb3\xd1\x80\xd0\xb0\xd1\x82\xd0\xb0 \xd0\xbf\xd1\x80\xd0\xb5\xd0\xb4\xd0\xb8 \xd0\xb8 \xd1\x81\xd0\xbb\xd0\xb5\xd0\xb4 NR \xd0\xb2 \xd1\x82\xd0\xbe\xd1\x87\xd0\xba\xd0\xb0\xd1\x82\xd0\xb0 \xc2\xab\xd0\x98\xd0\xb7\xd0\xb2\xd0\xb5\xd0\xb6\xd0\xb4\xd0\xb0\xd0\xbd\xd0\xb5\xc2\xbb. HDR \xd0\xbe\xd1\x81\xd1\x82\xd0\xb0\xd0\xb2\xd0\xb0 HDR. \xd0\x92\xd0\xb0\xd1\x88\xd0\xb0\xd1\x82\xd0\xb0 \xd1\x82\xd0\xbe\xd1\x87\xd0\xba\xd0\xb0 \xd0\xbd\xd0\xb0 \xd0\xb2\xd0\xbc\xd1\x8a\xd0\xba\xd0\xb2\xd0\xb0\xd0\xbd\xd0\xb5 \xd1\x81\xd0\xb5 \xd0\xb2\xd1\x8a\xd0\xb7\xd1\x81\xd1\x82\xd0\xb0\xd0\xbd\xd0\xbe\xd0\xb2\xd1\x8f\xd0\xb2\xd0\xb0 \xd0\xb0\xd0\xb2\xd1\x82\xd0\xbe\xd0\xbc\xd0\xb0\xd1\x82\xd0\xb8\xd1\x87\xd0\xbd\xd0\xbe."},
    {"Model input/output previews; exclude look, transfer, game tone mapping and UI. Not a displayed NR-off/on comparison.",
     "\xd0\x9f\xd1\x80\xd0\xb5\xd0\xb3\xd0\xbb\xd0\xb5\xd0\xb4\xd0\xb8 \xd0\xbd\xd0\xb0 \xd0\xb2\xd1\x85\xd0\xbe\xd0\xb4\xd0\xb0 \xd0\xb8 \xd0\xb8\xd0\xb7\xd1\x85\xd0\xbe\xd0\xb4\xd0\xb0 \xd0\xbd\xd0\xb0 \xd0\xbc\xd0\xbe\xd0\xb4\xd0\xb5\xd0\xbb\xd0\xb0; \xd0\xb1\xd0\xb5\xd0\xb7 \xd0\xb2\xd0\xb8\xd0\xb7\xd0\xb8\xd1\x8f, \xd0\xbf\xd1\x80\xd0\xb5\xd0\xbd\xd0\xbe\xd1\x81, \xd1\x82\xd0\xbe\xd0\xbd\xd0\xb0\xd0\xbb\xd0\xbd\xd0\xbe \xd0\xba\xd0\xb0\xd1\x80\xd1\x82\xd0\xbe\xd0\xb3\xd1\x80\xd0\xb0\xd1\x84\xd0\xb8\xd1\x80\xd0\xb0\xd0\xbd\xd0\xb5 \xd0\xbd\xd0\xb0 \xd0\xb8\xd0\xb3\xd1\x80\xd0\xb0\xd1\x82\xd0\xb0 \xd0\xb8 \xd0\xb8\xd0\xbd\xd1\x82\xd0\xb5\xd1\x80\xd1\x84\xd0\xb5\xd0\xb9\xd1\x81. \xd0\x9d\xd0\xb5 \xd0\xb5 \xd0\xbf\xd0\xbe\xd0\xba\xd0\xb0\xd0\xb7\xd0\xb0\xd0\xbd\xd0\xbe \xd1\x81\xd1\x80\xd0\xb0\xd0\xb2\xd0\xbd\xd0\xb5\xd0\xbd\xd0\xb8\xd0\xb5 NR \xd0\xb8\xd0\xb7\xd0\xba\xd0\xbb./\xd0\xb2\xd0\xba\xd0\xbb."},
    {"ok | %.1f ms GPU",
     "ok | %.1f ms GPU"},
    {"ok",
     "ok"},
    {"failed (0x%08X)",
     "\xd0\xbd\xd0\xb5\xd1\x83\xd1\x81\xd0\xbf\xd0\xb5\xd1\x85 (0x%08X)"},
    {"%llu enhanced | %llu bypassed",
     "%llu \xd0\xbf\xd0\xbe\xd0\xb4\xd0\xbe\xd0\xb1\xd1\x80\xd0\xb5\xd0\xbd\xd0\xb8 | %llu \xd0\xbf\xd1\x80\xd0\xbe\xd0\xbf\xd1\x83\xd1\x81\xd0\xbd\xd0\xb0\xd1\x82\xd0\xb8"},
    {"NGX core",
     "\xd0\xaf\xd0\xb4\xd1\x80\xd0\xbe NGX"},
    {"signed runtime",
     "\xd0\xbf\xd0\xbe\xd0\xb4\xd0\xbf\xd0\xb8\xd1\x81\xd0\xb0\xd0\xbd\xd0\xb0 \xd1\x81\xd1\x80\xd0\xb5\xd0\xb4\xd0\xb0"},
    {"Direct3D 11 bridge, before upscaling",
     "Direct3D 11 \xd0\xbc\xd0\xbe\xd1\x81\xd1\x82, \xd0\xbf\xd1\x80\xd0\xb5\xd0\xb4\xd0\xb8 \xd0\xbc\xd0\xb0\xd1\x89\xd0\xb0\xd0\xb1\xd0\xb8\xd1\x80\xd0\xb0\xd0\xbd\xd0\xb5"},
    {"Direct3D 11 bridge, after upscaling",
     "Direct3D 11 \xd0\xbc\xd0\xbe\xd1\x81\xd1\x82, \xd1\x81\xd0\xbb\xd0\xb5\xd0\xb4 \xd0\xbc\xd0\xb0\xd1\x89\xd0\xb0\xd0\xb1\xd0\xb8\xd1\x80\xd0\xb0\xd0\xbd\xd0\xb5"},
    {"Direct3D 12, before upscaling",
     "Direct3D 12, \xd0\xbf\xd1\x80\xd0\xb5\xd0\xb4\xd0\xb8 \xd0\xbc\xd0\xb0\xd1\x89\xd0\xb0\xd0\xb1\xd0\xb8\xd1\x80\xd0\xb0\xd0\xbd\xd0\xb5"},
    {"Direct3D 12, after upscaling",
     "Direct3D 12, \xd1\x81\xd0\xbb\xd0\xb5\xd0\xb4 \xd0\xbc\xd0\xb0\xd1\x89\xd0\xb0\xd0\xb1\xd0\xb8\xd1\x80\xd0\xb0\xd0\xbd\xd0\xb5"},
    {"Direct3D 12, from a DX11 bridge tool",
     "Direct3D 12, \xd0\xbe\xd1\x82 DX11 \xd0\xbc\xd0\xbe\xd1\x81\xd1\x82 \xd0\xb8\xd0\xbd\xd1\x81\xd1\x82\xd1\x80\xd1\x83\xd0\xbc\xd0\xb5\xd0\xbd\xd1\x82"},
    {"Direct3D 11 bridge, at the present",
     "Direct3D 11 \xd0\xbc\xd0\xbe\xd1\x81\xd1\x82, \xd0\xbf\xd1\x80\xd0\xb8 \xd0\xb8\xd0\xb7\xd0\xb2\xd0\xb5\xd0\xb6\xd0\xb4\xd0\xb0\xd0\xbd\xd0\xb5"},
    {"Direct3D 12, at the present",
     "Direct3D 12, \xd0\xbf\xd1\x80\xd0\xb8 \xd0\xb8\xd0\xb7\xd0\xb2\xd0\xb5\xd0\xb6\xd0\xb4\xd0\xb0\xd0\xbd\xd0\xb5"},
    {"not running",
     "\xd0\xbd\xd0\xb5 \xd1\x80\xd0\xb0\xd0\xb1\xd0\xbe\xd1\x82\xd0\xb8"},
    {"Streamline hooks are on (EnableHooks=1). If the game crashes at boot, set EnableHooks=2: NGX-only still covers Streamline's DLSS calls.",
     "\xd0\x9a\xd1\x83\xd0\xba\xd0\xb8\xd1\x82\xd0\xb5 \xd0\xb7\xd0\xb0 Streamline \xd1\x81\xd0\xb0 \xd0\xb2\xd0\xba\xd0\xbb\xd1\x8e\xd1\x87\xd0\xb5\xd0\xbd\xd0\xb8 (EnableHooks=1). \xd0\x90\xd0\xba\xd0\xbe \xd0\xb8\xd0\xb3\xd1\x80\xd0\xb0\xd1\x82\xd0\xb0 \xd1\x81\xd0\xb5 \xd1\x81\xd1\x80\xd0\xb8\xd0\xb2\xd0\xb0 \xd0\xbf\xd1\x80\xd0\xb8 \xd1\x81\xd1\x82\xd0\xb0\xd1\x80\xd1\x82\xd0\xb8\xd1\x80\xd0\xb0\xd0\xbd\xd0\xb5, \xd0\xb7\xd0\xb0\xd0\xb4\xd0\xb0\xd0\xb9\xd1\x82\xd0\xb5 EnableHooks=2: \xd1\x80\xd0\xb5\xd0\xb6\xd0\xb8\xd0\xbc\xd1\x8a\xd1\x82 \xd1\x81\xd0\xb0\xd0\xbc\xd0\xbe \xd1\x81 NGX \xd0\xbf\xd0\xb0\xd0\xba \xd0\xbf\xd0\xbe\xd0\xba\xd1\x80\xd0\xb8\xd0\xb2\xd0\xb0 DLSS \xd0\xb8\xd0\xb7\xd0\xb2\xd0\xb8\xd0\xba\xd0\xb2\xd0\xb0\xd0\xbd\xd0\xb8\xd1\x8f\xd1\x82\xd0\xb0 \xd0\xbd\xd0\xb0 Streamline."},
    {"You can fix this",
     "\xd0\x9c\xd0\xbe\xd0\xb6\xd0\xb5\xd1\x82\xd0\xb5 \xd0\xb4\xd0\xb0 \xd0\xbf\xd0\xbe\xd0\xbf\xd1\x80\xd0\xb0\xd0\xb2\xd0\xb8\xd1\x82\xd0\xb5 \xd1\x82\xd0\xbe\xd0\xb2\xd0\xb0"},
    {"A limit of this game",
     "\xd0\x9e\xd0\xb3\xd1\x80\xd0\xb0\xd0\xbd\xd0\xb8\xd1\x87\xd0\xb5\xd0\xbd\xd0\xb8\xd0\xb5 \xd0\xbd\xd0\xb0 \xd1\x82\xd0\xb0\xd0\xb7\xd0\xb8 \xd0\xb8\xd0\xb3\xd1\x80\xd0\xb0"},
    {"A defect in this mod",
     "\xd0\x94\xd0\xb5\xd1\x84\xd0\xb5\xd0\xba\xd1\x82 \xd0\xb2 \xd1\x82\xd0\xbe\xd0\xb7\xd0\xb8 \xd0\xbc\xd0\xbe\xd0\xb4"},
    {"This is a defect in the mod, not in your setup: please send ReShade.log.",
     "\xd0\xa2\xd0\xbe\xd0\xb2\xd0\xb0 \xd0\xb5 \xd0\xb4\xd0\xb5\xd1\x84\xd0\xb5\xd0\xba\xd1\x82 \xd0\xb2 \xd0\xbc\xd0\xbe\xd0\xb4\xd0\xb0, \xd0\xb0 \xd0\xbd\xd0\xb5 \xd0\xb2\xd1\x8a\xd0\xb2 \xd0\xb2\xd0\xb0\xd1\x88\xd0\xb0\xd1\x82\xd0\xb0 \xd0\xbd\xd0\xb0\xd1\x81\xd1\x82\xd1\x80\xd0\xbe\xd0\xb9\xd0\xba\xd0\xb0: \xd0\xbc\xd0\xbe\xd0\xbb\xd1\x8f, \xd0\xb8\xd0\xb7\xd0\xbf\xd1\x80\xd0\xb0\xd1\x82\xd0\xb5\xd1\x82\xd0\xb5 ReShade.log."},
    {"The game's DLSS is not passing motion vectors",
     "DLSS \xd0\xbd\xd0\xb0 \xd0\xb8\xd0\xb3\xd1\x80\xd0\xb0\xd1\x82\xd0\xb0 \xd0\xbd\xd0\xb5 \xd0\xbf\xd0\xbe\xd0\xb4\xd0\xb0\xd0\xb2\xd0\xb0 \xd0\xb2\xd0\xb5\xd0\xba\xd1\x82\xd0\xbe\xd1\x80\xd0\xb8 \xd0\xbd\xd0\xb0 \xd0\xb4\xd0\xb2\xd0\xb8\xd0\xb6\xd0\xb5\xd0\xbd\xd0\xb8\xd0\xb5"},
    {"NR follows motion through the motion vectors the game hands DLSS. On these frames the game's DLSS call carried none, so NR skipped them and they keep the game's own DLSS image.",
     "NR \xd1\x81\xd0\xbb\xd0\xb5\xd0\xb4\xd0\xb8 \xd0\xb4\xd0\xb2\xd0\xb8\xd0\xb6\xd0\xb5\xd0\xbd\xd0\xb8\xd0\xb5\xd1\x82\xd0\xbe \xd1\x87\xd1\x80\xd0\xb5\xd0\xb7 \xd0\xb2\xd0\xb5\xd0\xba\xd1\x82\xd0\xbe\xd1\x80\xd0\xb8\xd1\x82\xd0\xb5 \xd0\xbd\xd0\xb0 \xd0\xb4\xd0\xb2\xd0\xb8\xd0\xb6\xd0\xb5\xd0\xbd\xd0\xb8\xd0\xb5, \xd0\xba\xd0\xbe\xd0\xb8\xd1\x82\xd0\xbe \xd0\xb8\xd0\xb3\xd1\x80\xd0\xb0\xd1\x82\xd0\xb0 \xd0\xbf\xd0\xbe\xd0\xb4\xd0\xb0\xd0\xb2\xd0\xb0 \xd0\xbd\xd0\xb0 DLSS. \xd0\x92 \xd1\x82\xd0\xb5\xd0\xb7\xd0\xb8 \xd0\xba\xd0\xb0\xd0\xb4\xd1\x80\xd0\xb8 \xd0\xb8\xd0\xb7\xd0\xb2\xd0\xb8\xd0\xba\xd0\xb2\xd0\xb0\xd0\xbd\xd0\xb5\xd1\x82\xd0\xbe \xd0\xbd\xd0\xb0 DLSS \xd0\xbe\xd1\x82 \xd0\xb8\xd0\xb3\xd1\x80\xd0\xb0\xd1\x82\xd0\xb0 \xd0\xbd\xd0\xb5 \xd1\x81\xd1\x8a\xd0\xb4\xd1\x8a\xd1\x80\xd0\xb6\xd0\xb0\xd1\x88\xd0\xb5 \xd1\x82\xd0\xb0\xd0\xba\xd0\xb8\xd0\xb2\xd0\xb0, \xd0\xb7\xd0\xb0\xd1\x82\xd0\xbe\xd0\xb2\xd0\xb0 NR \xd0\xb3\xd0\xb8 \xd0\xbf\xd1\x80\xd0\xbe\xd0\xbf\xd1\x83\xd1\x81\xd0\xbd\xd0\xb0 \xd0\xb8 \xd1\x82\xd0\xb5 \xd0\xb7\xd0\xb0\xd0\xbf\xd0\xb0\xd0\xb7\xd0\xb2\xd0\xb0\xd1\x82 \xd1\x81\xd0\xbe\xd0\xb1\xd1\x81\xd1\x82\xd0\xb2\xd0\xb5\xd0\xbd\xd0\xbe\xd1\x82\xd0\xbe DLSS \xd0\xb8\xd0\xb7\xd0\xbe\xd0\xb1\xd1\x80\xd0\xb0\xd0\xb6\xd0\xb5\xd0\xbd\xd0\xb8\xd0\xb5 \xd0\xbd\xd0\xb0 \xd0\xb8\xd0\xb3\xd1\x80\xd0\xb0\xd1\x82\xd0\xb0."},
    {"If EnableHooks=1 is already set, the game hands DLSS its motion vectors in a way NR cannot read: please send ReShade.log.",
     "\xd0\x90\xd0\xba\xd0\xbe EnableHooks=1 \xd0\xb2\xd0\xb5\xd1\x87\xd0\xb5 \xd0\xb5 \xd0\xb7\xd0\xb0\xd0\xb4\xd0\xb0\xd0\xb4\xd0\xb5\xd0\xbd\xd0\xbe, \xd0\xb8\xd0\xb3\xd1\x80\xd0\xb0\xd1\x82\xd0\xb0 \xd0\xbf\xd0\xbe\xd0\xb4\xd0\xb0\xd0\xb2\xd0\xb0 \xd0\xb2\xd0\xb5\xd0\xba\xd1\x82\xd0\xbe\xd1\x80\xd0\xb8\xd1\x82\xd0\xb5 \xd0\xbd\xd0\xb0 \xd0\xb4\xd0\xb2\xd0\xb8\xd0\xb6\xd0\xb5\xd0\xbd\xd0\xb8\xd0\xb5 \xd0\xbd\xd0\xb0 DLSS \xd0\xbf\xd0\xbe \xd0\xbd\xd0\xb0\xd1\x87\xd0\xb8\xd0\xbd, \xd0\xba\xd0\xbe\xd0\xb9\xd1\x82\xd0\xbe NR \xd0\xbd\xd0\xb5 \xd0\xbc\xd0\xbe\xd0\xb6\xd0\xb5 \xd0\xb4\xd0\xb0 \xd0\xbf\xd1\x80\xd0\xbe\xd1\x87\xd0\xb5\xd1\x82\xd0\xb5: \xd0\xbc\xd0\xbe\xd0\xbb\xd1\x8f, \xd0\xb8\xd0\xb7\xd0\xbf\xd1\x80\xd0\xb0\xd1\x82\xd0\xb5\xd1\x82\xd0\xb5 ReShade.log."},
    {"%.0f%% of DLSS frames had no motion vectors",
     "%.0f%% \xd0\xbe\xd1\x82 DLSS \xd0\xba\xd0\xb0\xd0\xb4\xd1\x80\xd0\xb8\xd1\x82\xd0\xb5 \xd0\xb1\xd1\x8f\xd1\x85\xd0\xb0 \xd0\xb1\xd0\xb5\xd0\xb7 \xd0\xb2\xd0\xb5\xd0\xba\xd1\x82\xd0\xbe\xd1\x80\xd0\xb8 \xd0\xbd\xd0\xb0 \xd0\xb4\xd0\xb2\xd0\xb8\xd0\xb6\xd0\xb5\xd0\xbd\xd0\xb8\xd0\xb5"},
    {"The motion stabilizer is running without motion vectors",
     "\xd0\xa1\xd1\x82\xd0\xb0\xd0\xb1\xd0\xb8\xd0\xbb\xd0\xb8\xd0\xb7\xd0\xb0\xd1\x82\xd0\xbe\xd1\x80\xd1\x8a\xd1\x82 \xd0\xbf\xd0\xbe \xd0\xb4\xd0\xb2\xd0\xb8\xd0\xb6\xd0\xb5\xd0\xbd\xd0\xb8\xd0\xb5 \xd1\x80\xd0\xb0\xd0\xb1\xd0\xbe\xd1\x82\xd0\xb8 \xd0\xb1\xd0\xb5\xd0\xb7 \xd0\xb2\xd0\xb5\xd0\xba\xd1\x82\xd0\xbe\xd1\x80\xd0\xb8 \xd0\xbd\xd0\xb0 \xd0\xb4\xd0\xb2\xd0\xb8\xd0\xb6\xd0\xb5\xd0\xbd\xd0\xb8\xd0\xb5"},
    {"Stabilize is set to Motion, but on these frames it had no motion vectors to follow, so it held edges in place while the scene moved: moving edges can smear or shimmer.",
     "\xc2\xab\xd0\xa1\xd1\x82\xd0\xb0\xd0\xb1\xd0\xb8\xd0\xbb\xd0\xb8\xd0\xb7\xd0\xb8\xd1\x80\xd0\xb0\xd0\xbd\xd0\xb5\xc2\xbb \xd0\xb5 \xd0\xbd\xd0\xb0 \xc2\xab\xd0\x94\xd0\xb2\xd0\xb8\xd0\xb6\xd0\xb5\xd0\xbd\xd0\xb8\xd0\xb5\xc2\xbb, \xd0\xbd\xd0\xbe \xd0\xb2 \xd1\x82\xd0\xb5\xd0\xb7\xd0\xb8 \xd0\xba\xd0\xb0\xd0\xb4\xd1\x80\xd0\xb8 \xd0\xbd\xd1\x8f\xd0\xbc\xd0\xb0\xd1\x88\xd0\xb5 \xd0\xb2\xd0\xb5\xd0\xba\xd1\x82\xd0\xbe\xd1\x80\xd0\xb8 \xd0\xbd\xd0\xb0 \xd0\xb4\xd0\xb2\xd0\xb8\xd0\xb6\xd0\xb5\xd0\xbd\xd0\xb8\xd0\xb5, \xd0\xba\xd0\xbe\xd0\xb8\xd1\x82\xd0\xbe \xd0\xb4\xd0\xb0 \xd1\x81\xd0\xbb\xd0\xb5\xd0\xb4\xd0\xb2\xd0\xb0, \xd0\xb7\xd0\xb0\xd1\x82\xd0\xbe\xd0\xb2\xd0\xb0 \xd0\xb7\xd0\xb0\xd0\xb4\xd1\x8a\xd1\x80\xd0\xb6\xd0\xb0\xd1\x88\xd0\xb5 \xd1\x80\xd1\x8a\xd0\xb1\xd0\xbe\xd0\xb2\xd0\xb5\xd1\x82\xd0\xb5 \xd0\xbd\xd0\xb0 \xd0\xbc\xd1\x8f\xd1\x81\xd1\x82\xd0\xbe, \xd0\xb4\xd0\xbe\xd0\xba\xd0\xb0\xd1\x82\xd0\xbe \xd1\x81\xd1\x86\xd0\xb5\xd0\xbd\xd0\xb0\xd1\x82\xd0\xb0 \xd1\x81\xd0\xb5 \xd0\xb4\xd0\xb2\xd0\xb8\xd0\xb6\xd0\xb5\xd1\x88\xd0\xb5: \xd0\xb4\xd0\xb2\xd0\xb8\xd0\xb6\xd0\xb5\xd1\x89\xd0\xb8\xd1\x82\xd0\xb5 \xd1\x81\xd0\xb5 \xd1\x80\xd1\x8a\xd0\xb1\xd0\xbe\xd0\xb2\xd0\xb5 \xd0\xbc\xd0\xbe\xd0\xb6\xd0\xb5 \xd0\xb4\xd0\xb0 \xd1\x81\xd0\xb5 \xd1\x80\xd0\xb0\xd0\xb7\xd0\xbc\xd0\xb0\xd0\xb7\xd0\xb2\xd0\xb0\xd1\x82 \xd0\xb8\xd0\xbb\xd0\xb8 \xd0\xb4\xd0\xb0 \xd1\x82\xd1\x80\xd0\xb5\xd0\xbf\xd1\x82\xd1\x8f\xd1\x82."},
    {"Set Stabilize to Static in the Look section; it does not need motion vectors.",
     "\xd0\x97\xd0\xb0\xd0\xb4\xd0\xb0\xd0\xb9\xd1\x82\xd0\xb5 \xc2\xab\xd0\xa1\xd1\x82\xd0\xb0\xd0\xb1\xd0\xb8\xd0\xbb\xd0\xb8\xd0\xb7\xd0\xb8\xd1\x80\xd0\xb0\xd0\xbd\xd0\xb5\xc2\xbb \xd0\xbd\xd0\xb0 \xc2\xab\xd0\xa1\xd1\x82\xd0\xb0\xd1\x82\xd0\xb8\xd1\x87\xd0\xbd\xd0\xbe\xc2\xbb \xd0\xb2 \xd1\x80\xd0\xb0\xd0\xb7\xd0\xb4\xd0\xb5\xd0\xbb \xc2\xab\xd0\x92\xd0\xb8\xd0\xb7\xd0\xb8\xd1\x8f\xc2\xbb; \xd1\x82\xd0\xbe \xd0\xbd\xd0\xb5 \xd1\x81\xd0\xb5 \xd0\xbd\xd1\x83\xd0\xb6\xd0\xb4\xd0\xb0\xd0\xb5 \xd0\xbe\xd1\x82 \xd0\xb2\xd0\xb5\xd0\xba\xd1\x82\xd0\xbe\xd1\x80\xd0\xb8 \xd0\xbd\xd0\xb0 \xd0\xb4\xd0\xb2\xd0\xb8\xd0\xb6\xd0\xb5\xd0\xbd\xd0\xb8\xd0\xb5."},
    {"%.0f%% of stabilized frames ran without motion vectors",
     "%.0f%% \xd0\xbe\xd1\x82 \xd1\x81\xd1\x82\xd0\xb0\xd0\xb1\xd0\xb8\xd0\xbb\xd0\xb8\xd0\xb7\xd0\xb8\xd1\x80\xd0\xb0\xd0\xbd\xd0\xb8\xd1\x82\xd0\xb5 \xd0\xba\xd0\xb0\xd0\xb4\xd1\x80\xd0\xb8 \xd0\xb1\xd1\x8f\xd1\x85\xd0\xb0 \xd0\xb1\xd0\xb5\xd0\xb7 \xd0\xb2\xd0\xb5\xd0\xba\xd1\x82\xd0\xbe\xd1\x80\xd0\xb8 \xd0\xbd\xd0\xb0 \xd0\xb4\xd0\xb2\xd0\xb8\xd0\xb6\xd0\xb5\xd0\xbd\xd0\xb8\xd0\xb5"},
    {"Motion scale is set to zero",
     "\xd0\x9c\xd0\xb0\xd1\x89\xd0\xb0\xd0\xb1\xd1\x8a\xd1\x82 \xd0\xbd\xd0\xb0 \xd0\xb4\xd0\xb2\xd0\xb8\xd0\xb6\xd0\xb5\xd0\xbd\xd0\xb8\xd0\xb5 \xd0\xb5 \xd0\xbd\xd1\x83\xd0\xbb\xd0\xb0"},
    {"Motion scale X and Y in the Fixes section multiply the game's motion vectors before NR and the motion stabilizer read them. Near zero they see a still scene on every moving frame, which smears motion.",
     "\xc2\xab\xd0\x9c\xd0\xb0\xd1\x89\xd0\xb0\xd0\xb1 \xd0\xbd\xd0\xb0 \xd0\xb4\xd0\xb2\xd0\xb8\xd0\xb6\xd0\xb5\xd0\xbd\xd0\xb8\xd0\xb5 X\xc2\xbb \xd0\xb8 \xc2\xab\xd0\x9c\xd0\xb0\xd1\x89\xd0\xb0\xd0\xb1 \xd0\xbd\xd0\xb0 \xd0\xb4\xd0\xb2\xd0\xb8\xd0\xb6\xd0\xb5\xd0\xbd\xd0\xb8\xd0\xb5 Y\xc2\xbb \xd0\xb2 \xd1\x80\xd0\xb0\xd0\xb7\xd0\xb4\xd0\xb5\xd0\xbb \xc2\xab\xd0\x9a\xd0\xbe\xd1\x80\xd0\xb5\xd0\xba\xd1\x86\xd0\xb8\xd0\xb8\xc2\xbb \xd1\x83\xd0\xbc\xd0\xbd\xd0\xbe\xd0\xb6\xd0\xb0\xd0\xb2\xd0\xb0\xd1\x82 \xd0\xb2\xd0\xb5\xd0\xba\xd1\x82\xd0\xbe\xd1\x80\xd0\xb8\xd1\x82\xd0\xb5 \xd0\xbd\xd0\xb0 \xd0\xb4\xd0\xb2\xd0\xb8\xd0\xb6\xd0\xb5\xd0\xbd\xd0\xb8\xd0\xb5 \xd0\xbd\xd0\xb0 \xd0\xb8\xd0\xb3\xd1\x80\xd0\xb0\xd1\x82\xd0\xb0, \xd0\xbf\xd1\x80\xd0\xb5\xd0\xb4\xd0\xb8 NR \xd0\xb8 \xd1\x81\xd1\x82\xd0\xb0\xd0\xb1\xd0\xb8\xd0\xbb\xd0\xb8\xd0\xb7\xd0\xb0\xd1\x82\xd0\xbe\xd1\x80\xd1\x8a\xd1\x82 \xd0\xbf\xd0\xbe \xd0\xb4\xd0\xb2\xd0\xb8\xd0\xb6\xd0\xb5\xd0\xbd\xd0\xb8\xd0\xb5 \xd0\xb4\xd0\xb0 \xd0\xb3\xd0\xb8 \xd0\xbf\xd1\x80\xd0\xbe\xd1\x87\xd0\xb5\xd1\x82\xd0\xb0\xd1\x82. \xd0\x91\xd0\xbb\xd0\xb8\xd0\xb7\xd0\xbe \xd0\xb4\xd0\xbe \xd0\xbd\xd1\x83\xd0\xbb\xd0\xb0 \xd1\x82\xd0\xb5 \xd0\xb2\xd0\xb8\xd0\xb6\xd0\xb4\xd0\xb0\xd1\x82 \xd0\xbd\xd0\xb5\xd0\xbf\xd0\xbe\xd0\xb4\xd0\xb2\xd0\xb8\xd0\xb6\xd0\xbd\xd0\xb0 \xd1\x81\xd1\x86\xd0\xb5\xd0\xbd\xd0\xb0 \xd0\xb2\xd1\x8a\xd0\xb2 \xd0\xb2\xd1\x81\xd0\xb5\xd0\xba\xd0\xb8 \xd0\xb4\xd0\xb2\xd0\xb8\xd0\xb6\xd0\xb5\xd1\x89 \xd1\x81\xd0\xb5 \xd0\xba\xd0\xb0\xd0\xb4\xd1\x8a\xd1\x80, \xd0\xba\xd0\xbe\xd0\xb5\xd1\x82\xd0\xbe \xd1\x80\xd0\xb0\xd0\xb7\xd0\xbc\xd0\xb0\xd0\xb7\xd0\xb2\xd0\xb0 \xd0\xb4\xd0\xb2\xd0\xb8\xd0\xb6\xd0\xb5\xd0\xbd\xd0\xb8\xd0\xb5\xd1\x82\xd0\xbe."},
    {"Reset Motion scale X and Motion scale Y in the Fixes section (NRMVecScaleX=1 and NRMVecScaleY=1).",
     "\xd0\x9d\xd1\x83\xd0\xbb\xd0\xb8\xd1\x80\xd0\xb0\xd0\xb9\xd1\x82\xd0\xb5 \xc2\xab\xd0\x9c\xd0\xb0\xd1\x89\xd0\xb0\xd0\xb1 \xd0\xbd\xd0\xb0 \xd0\xb4\xd0\xb2\xd0\xb8\xd0\xb6\xd0\xb5\xd0\xbd\xd0\xb8\xd0\xb5 X\xc2\xbb \xd0\xb8 \xc2\xab\xd0\x9c\xd0\xb0\xd1\x89\xd0\xb0\xd0\xb1 \xd0\xbd\xd0\xb0 \xd0\xb4\xd0\xb2\xd0\xb8\xd0\xb6\xd0\xb5\xd0\xbd\xd0\xb8\xd0\xb5 Y\xc2\xbb \xd0\xb2 \xd1\x80\xd0\xb0\xd0\xb7\xd0\xb4\xd0\xb5\xd0\xbb \xc2\xab\xd0\x9a\xd0\xbe\xd1\x80\xd0\xb5\xd0\xba\xd1\x86\xd0\xb8\xd0\xb8\xc2\xbb (NRMVecScaleX=1 \xd0\xb8 NRMVecScaleY=1)."},
    {"Motion scale is at %.0f%%",
     "\xd0\x9c\xd0\xb0\xd1\x89\xd0\xb0\xd0\xb1\xd1\x8a\xd1\x82 \xd0\xbd\xd0\xb0 \xd0\xb4\xd0\xb2\xd0\xb8\xd0\xb6\xd0\xb5\xd0\xbd\xd0\xb8\xd0\xb5 \xd0\xb5 %.0f%%"},
    {"The game's motion vectors are cut off",
     "\xd0\x92\xd0\xb5\xd0\xba\xd1\x82\xd0\xbe\xd1\x80\xd0\xb8\xd1\x82\xd0\xb5 \xd0\xbd\xd0\xb0 \xd0\xb4\xd0\xb2\xd0\xb8\xd0\xb6\xd0\xb5\xd0\xbd\xd0\xb8\xd0\xb5 \xd0\xbd\xd0\xb0 \xd0\xb8\xd0\xb3\xd1\x80\xd0\xb0\xd1\x82\xd0\xb0 \xd1\x81\xd0\xb0 \xd0\xbe\xd1\x82\xd1\x80\xd1\x8f\xd0\xb7\xd0\xb0\xd0\xbd\xd0\xb8"},
    {"The game tells DLSS to read its motion vectors from a window larger than the texture that holds them, so NR reads the part that exists. Nothing to change on your side.",
     "\xd0\x98\xd0\xb3\xd1\x80\xd0\xb0\xd1\x82\xd0\xb0 \xd0\xba\xd0\xb0\xd0\xb7\xd0\xb2\xd0\xb0 \xd0\xbd\xd0\xb0 DLSS \xd0\xb4\xd0\xb0 \xd1\x87\xd0\xb5\xd1\x82\xd0\xb5 \xd0\xb2\xd0\xb5\xd0\xba\xd1\x82\xd0\xbe\xd1\x80\xd0\xb8\xd1\x82\xd0\xb5 \xd0\xbd\xd0\xb0 \xd0\xb4\xd0\xb2\xd0\xb8\xd0\xb6\xd0\xb5\xd0\xbd\xd0\xb8\xd0\xb5 \xd0\xbe\xd1\x82 \xd0\xbe\xd0\xb1\xd0\xbb\xd0\xb0\xd1\x81\xd1\x82, \xd0\xbf\xd0\xbe-\xd0\xb3\xd0\xbe\xd0\xbb\xd1\x8f\xd0\xbc\xd0\xb0 \xd0\xbe\xd1\x82 \xd1\x82\xd0\xb5\xd0\xba\xd1\x81\xd1\x82\xd1\x83\xd1\x80\xd0\xb0\xd1\x82\xd0\xb0, \xd0\xba\xd0\xbe\xd1\x8f\xd1\x82\xd0\xbe \xd0\xb3\xd0\xb8 \xd1\x81\xd1\x8a\xd0\xb4\xd1\x8a\xd1\x80\xd0\xb6\xd0\xb0, \xd0\xb7\xd0\xb0\xd1\x82\xd0\xbe\xd0\xb2\xd0\xb0 NR \xd1\x87\xd0\xb5\xd1\x82\xd0\xb5 \xd1\x81\xd1\x8a\xd1\x89\xd0\xb5\xd1\x81\xd1\x82\xd0\xb2\xd1\x83\xd0\xb2\xd0\xb0\xd1\x89\xd0\xb0\xd1\x82\xd0\xb0 \xd1\x87\xd0\xb0\xd1\x81\xd1\x82. \xd0\x9e\xd1\x82 \xd0\xb2\xd0\xb0\xd1\x88\xd0\xb0 \xd1\x81\xd1\x82\xd1\x80\xd0\xb0\xd0\xbd\xd0\xb0 \xd0\xbd\xd1\x8f\xd0\xbc\xd0\xb0 \xd0\xbd\xd0\xb8\xd1\x89\xd0\xbe \xd0\xb7\xd0\xb0 \xd0\xbf\xd1\x80\xd0\xbe\xd0\xbc\xd1\x8f\xd0\xbd\xd0\xb0."},
    {"%.0f%% of DLSS frames",
     "%.0f%% \xd0\xbe\xd1\x82 DLSS \xd0\xba\xd0\xb0\xd0\xb4\xd1\x80\xd0\xb8\xd1\x82\xd0\xb5"},
    {"The game's motion vectors do not match their declared size",
     "\xd0\x92\xd0\xb5\xd0\xba\xd1\x82\xd0\xbe\xd1\x80\xd0\xb8\xd1\x82\xd0\xb5 \xd0\xbd\xd0\xb0 \xd0\xb4\xd0\xb2\xd0\xb8\xd0\xb6\xd0\xb5\xd0\xbd\xd0\xb8\xd0\xb5 \xd0\xbd\xd0\xb0 \xd0\xb8\xd0\xb3\xd1\x80\xd0\xb0\xd1\x82\xd0\xb0 \xd0\xbd\xd0\xb5 \xd1\x81\xd1\x8a\xd0\xbe\xd1\x82\xd0\xb2\xd0\xb5\xd1\x82\xd1\x81\xd1\x82\xd0\xb2\xd0\xb0\xd1\x82 \xd0\xbd\xd0\xb0 \xd0\xbe\xd0\xb1\xd1\x8f\xd0\xb2\xd0\xb5\xd0\xbd\xd0\xb8\xd1\x8f \xd1\x81\xd0\xb8 \xd1\x80\xd0\xb0\xd0\xb7\xd0\xbc\xd0\xb5\xd1\x80"},
    {"The game tells DLSS its motion vectors are at display resolution, but the texture holding them is too small for that, so NR reads them at render resolution.",
     "\xd0\x98\xd0\xb3\xd1\x80\xd0\xb0\xd1\x82\xd0\xb0 \xd0\xba\xd0\xb0\xd0\xb7\xd0\xb2\xd0\xb0 \xd0\xbd\xd0\xb0 DLSS, \xd1\x87\xd0\xb5 \xd0\xb2\xd0\xb5\xd0\xba\xd1\x82\xd0\xbe\xd1\x80\xd0\xb8\xd1\x82\xd0\xb5 \xd0\xbd\xd0\xb0 \xd0\xb4\xd0\xb2\xd0\xb8\xd0\xb6\xd0\xb5\xd0\xbd\xd0\xb8\xd0\xb5 \xd1\x81\xd0\xb0 \xd0\xb2 \xd1\x80\xd0\xb5\xd0\xb7\xd0\xbe\xd0\xbb\xd1\x8e\xd1\x86\xd0\xb8\xd1\x8f\xd1\x82\xd0\xb0 \xd0\xbd\xd0\xb0 \xd0\xb5\xd0\xba\xd1\x80\xd0\xb0\xd0\xbd\xd0\xb0, \xd0\xbd\xd0\xbe \xd1\x82\xd0\xb5\xd0\xba\xd1\x81\xd1\x82\xd1\x83\xd1\x80\xd0\xb0\xd1\x82\xd0\xb0, \xd0\xba\xd0\xbe\xd1\x8f\xd1\x82\xd0\xbe \xd0\xb3\xd0\xb8 \xd1\x81\xd1\x8a\xd0\xb4\xd1\x8a\xd1\x80\xd0\xb6\xd0\xb0, \xd0\xb5 \xd1\x82\xd0\xb2\xd1\x8a\xd1\x80\xd0\xb4\xd0\xb5 \xd0\xbc\xd0\xb0\xd0\xbb\xd0\xba\xd0\xb0 \xd0\xb7\xd0\xb0 \xd1\x82\xd0\xbe\xd0\xb2\xd0\xb0, \xd0\xb7\xd0\xb0\xd1\x82\xd0\xbe\xd0\xb2\xd0\xb0 NR \xd0\xb3\xd0\xb8 \xd1\x87\xd0\xb5\xd1\x82\xd0\xb5 \xd0\xb2 \xd1\x80\xd0\xb5\xd0\xb7\xd0\xbe\xd0\xbb\xd1\x8e\xd1\x86\xd0\xb8\xd1\x8f\xd1\x82\xd0\xb0 \xd0\xbd\xd0\xb0 \xd1\x80\xd0\xb5\xd0\xbd\xd0\xb4\xd0\xb8\xd1\x80\xd0\xb0\xd0\xbd\xd0\xb5."},
    {"If moving edges trail with NR on, please send ReShade.log: it names the sizes the game declared.",
     "\xd0\x90\xd0\xba\xd0\xbe \xd0\xb4\xd0\xb2\xd0\xb8\xd0\xb6\xd0\xb5\xd1\x89\xd0\xb8\xd1\x82\xd0\xb5 \xd1\x81\xd0\xb5 \xd1\x80\xd1\x8a\xd0\xb1\xd0\xbe\xd0\xb2\xd0\xb5 \xd0\xbe\xd1\x81\xd1\x82\xd0\xb0\xd0\xb2\xd1\x8f\xd1\x82 \xd1\x81\xd0\xbb\xd0\xb5\xd0\xb4\xd0\xb0 \xd0\xbf\xd1\x80\xd0\xb8 \xd0\xb2\xd0\xba\xd0\xbb\xd1\x8e\xd1\x87\xd0\xb5\xd0\xbd NR, \xd0\xbc\xd0\xbe\xd0\xbb\xd1\x8f, \xd0\xb8\xd0\xb7\xd0\xbf\xd1\x80\xd0\xb0\xd1\x82\xd0\xb5\xd1\x82\xd0\xb5 ReShade.log: \xd0\xb2 \xd0\xbd\xd0\xb5\xd0\xb3\xd0\xbe \xd1\x81\xd0\xb0 \xd0\xbf\xd0\xbe\xd1\x81\xd0\xbe\xd1\x87\xd0\xb5\xd0\xbd\xd0\xb8 \xd1\x80\xd0\xb0\xd0\xb7\xd0\xbc\xd0\xb5\xd1\x80\xd0\xb8\xd1\x82\xd0\xb5, \xd0\xbe\xd0\xb1\xd1\x8f\xd0\xb2\xd0\xb5\xd0\xbd\xd0\xb8 \xd0\xbe\xd1\x82 \xd0\xb8\xd0\xb3\xd1\x80\xd0\xb0\xd1\x82\xd0\xb0."},
    {"The game sent an unusable motion vector scale",
     "\xd0\x98\xd0\xb3\xd1\x80\xd0\xb0\xd1\x82\xd0\xb0 \xd0\xb8\xd0\xb7\xd0\xbf\xd1\x80\xd0\xb0\xd1\x82\xd0\xb8 \xd0\xbd\xd0\xb5\xd0\xb8\xd0\xb7\xd0\xbf\xd0\xbe\xd0\xbb\xd0\xb7\xd0\xb2\xd0\xb0\xd0\xb5\xd0\xbc \xd0\xbc\xd0\xb0\xd1\x89\xd0\xb0\xd0\xb1 \xd0\xbd\xd0\xb0 \xd0\xb2\xd0\xb5\xd0\xba\xd1\x82\xd0\xbe\xd1\x80\xd0\xb8\xd1\x82\xd0\xb5 \xd0\xbd\xd0\xb0 \xd0\xb4\xd0\xb2\xd0\xb8\xd0\xb6\xd0\xb5\xd0\xbd\xd0\xb8\xd0\xb5"},
    {"The game's DLSS call set the motion vector scale to 0 or to a value that is not a number, so NR reads it as 1, the value DLSS itself uses. Nothing to change on your side.",
     "\xd0\x98\xd0\xb7\xd0\xb2\xd0\xb8\xd0\xba\xd0\xb2\xd0\xb0\xd0\xbd\xd0\xb5\xd1\x82\xd0\xbe \xd0\xbd\xd0\xb0 DLSS \xd0\xbe\xd1\x82 \xd0\xb8\xd0\xb3\xd1\x80\xd0\xb0\xd1\x82\xd0\xb0 \xd0\xb7\xd0\xb0\xd0\xb4\xd0\xb0\xd0\xb4\xd0\xb5 \xd0\xbc\xd0\xb0\xd1\x89\xd0\xb0\xd0\xb1\xd0\xb0 \xd0\xbd\xd0\xb0 \xd0\xb2\xd0\xb5\xd0\xba\xd1\x82\xd0\xbe\xd1\x80\xd0\xb8\xd1\x82\xd0\xb5 \xd0\xbd\xd0\xb0 \xd0\xb4\xd0\xb2\xd0\xb8\xd0\xb6\xd0\xb5\xd0\xbd\xd0\xb8\xd0\xb5 \xd0\xbd\xd0\xb0 0 \xd0\xb8\xd0\xbb\xd0\xb8 \xd0\xbd\xd0\xb0 \xd1\x81\xd1\x82\xd0\xbe\xd0\xb9\xd0\xbd\xd0\xbe\xd1\x81\xd1\x82, \xd0\xba\xd0\xbe\xd1\x8f\xd1\x82\xd0\xbe \xd0\xbd\xd0\xb5 \xd0\xb5 \xd1\x87\xd0\xb8\xd1\x81\xd0\xbb\xd0\xbe, \xd0\xb7\xd0\xb0\xd1\x82\xd0\xbe\xd0\xb2\xd0\xb0 NR \xd0\xb3\xd0\xbe \xd1\x87\xd0\xb5\xd1\x82\xd0\xb5 \xd0\xba\xd0\xb0\xd1\x82\xd0\xbe 1 - \xd1\x81\xd1\x82\xd0\xbe\xd0\xb9\xd0\xbd\xd0\xbe\xd1\x81\xd1\x82\xd1\x82\xd0\xb0, \xd0\xba\xd0\xbe\xd1\x8f\xd1\x82\xd0\xbe \xd0\xb8\xd0\xb7\xd0\xbf\xd0\xbe\xd0\xbb\xd0\xb7\xd0\xb2\xd0\xb0 \xd0\xb8 \xd1\x81\xd0\xb0\xd0\xbc\xd0\xb8\xd1\x8f\xd1\x82 DLSS. \xd0\x9e\xd1\x82 \xd0\xb2\xd0\xb0\xd1\x88\xd0\xb0 \xd1\x81\xd1\x82\xd1\x80\xd0\xb0\xd0\xbd\xd0\xb0 \xd0\xbd\xd1\x8f\xd0\xbc\xd0\xb0 \xd0\xbd\xd0\xb8\xd1\x89\xd0\xbe \xd0\xb7\xd0\xb0 \xd0\xbf\xd1\x80\xd0\xbe\xd0\xbc\xd1\x8f\xd0\xbd\xd0\xb0."},
    {"The game's motion vectors include camera jitter",
     "\xd0\x92\xd0\xb5\xd0\xba\xd1\x82\xd0\xbe\xd1\x80\xd0\xb8\xd1\x82\xd0\xb5 \xd0\xbd\xd0\xb0 \xd0\xb4\xd0\xb2\xd0\xb8\xd0\xb6\xd0\xb5\xd0\xbd\xd0\xb8\xd0\xb5 \xd0\xbd\xd0\xb0 \xd0\xb8\xd0\xb3\xd1\x80\xd0\xb0\xd1\x82\xd0\xb0 \xd0\xb2\xd0\xba\xd0\xbb\xd1\x8e\xd1\x87\xd0\xb2\xd0\xb0\xd1\x82 \xd1\x82\xd1\x80\xd0\xb5\xd0\xbf\xd1\x82\xd0\xb5\xd0\xbd\xd0\xb5\xd1\x82\xd0\xbe (jitter) \xd0\xbd\xd0\xb0 \xd0\xba\xd0\xb0\xd0\xbc\xd0\xb5\xd1\x80\xd0\xb0\xd1\x82\xd0\xb0"},
    {"The game marks its motion vectors as jittered. The NR runtime has no setting for that, so NR follows motion slightly less precisely in this game. Nothing to change on your side.",
     "\xd0\x98\xd0\xb3\xd1\x80\xd0\xb0\xd1\x82\xd0\xb0 \xd0\xbc\xd0\xb0\xd1\x80\xd0\xba\xd0\xb8\xd1\x80\xd0\xb0 \xd0\xb2\xd0\xb5\xd0\xba\xd1\x82\xd0\xbe\xd1\x80\xd0\xb8\xd1\x82\xd0\xb5 \xd1\x81\xd0\xb8 \xd0\xbd\xd0\xb0 \xd0\xb4\xd0\xb2\xd0\xb8\xd0\xb6\xd0\xb5\xd0\xbd\xd0\xb8\xd0\xb5 \xd0\xba\xd0\xb0\xd1\x82\xd0\xbe \xd1\x81\xd1\x8a\xd0\xb4\xd1\x8a\xd1\x80\xd0\xb6\xd0\xb0\xd1\x89\xd0\xb8 jitter. \xd0\xa1\xd1\x80\xd0\xb5\xd0\xb4\xd0\xb0\xd1\x82\xd0\xb0 \xd0\xb7\xd0\xb0 \xd0\xb8\xd0\xb7\xd0\xbf\xd1\x8a\xd0\xbb\xd0\xbd\xd0\xb5\xd0\xbd\xd0\xb8\xd0\xb5 \xd0\xbd\xd0\xb0 NR \xd0\xbd\xd1\x8f\xd0\xbc\xd0\xb0 \xd0\xbd\xd0\xb0\xd1\x81\xd1\x82\xd1\x80\xd0\xbe\xd0\xb9\xd0\xba\xd0\xb0 \xd0\xb7\xd0\xb0 \xd1\x82\xd0\xbe\xd0\xb2\xd0\xb0, \xd0\xb7\xd0\xb0\xd1\x82\xd0\xbe\xd0\xb2\xd0\xb0 NR \xd1\x81\xd0\xbb\xd0\xb5\xd0\xb4\xd0\xb8 \xd0\xb4\xd0\xb2\xd0\xb8\xd0\xb6\xd0\xb5\xd0\xbd\xd0\xb8\xd0\xb5\xd1\x82\xd0\xbe \xd0\xbc\xd0\xb0\xd0\xbb\xd0\xba\xd0\xbe \xd0\xbf\xd0\xbe-\xd0\xbd\xd0\xb5\xd1\x82\xd0\xbe\xd1\x87\xd0\xbd\xd0\xbe \xd0\xb2 \xd1\x82\xd0\xb0\xd0\xb7\xd0\xb8 \xd0\xb8\xd0\xb3\xd1\x80\xd0\xb0. \xd0\x9e\xd1\x82 \xd0\xb2\xd0\xb0\xd1\x88\xd0\xb0 \xd1\x81\xd1\x82\xd1\x80\xd0\xb0\xd0\xbd\xd0\xb0 \xd0\xbd\xd1\x8f\xd0\xbc\xd0\xb0 \xd0\xbd\xd0\xb8\xd1\x89\xd0\xbe \xd0\xb7\xd0\xb0 \xd0\xbf\xd1\x80\xd0\xbe\xd0\xbc\xd1\x8f\xd0\xbd\xd0\xb0."},
    {"The game's DLSS output area is larger than its image",
     "\xd0\x98\xd0\xb7\xd1\x85\xd0\xbe\xd0\xb4\xd0\xbd\xd0\xb0\xd1\x82\xd0\xb0 \xd0\xbe\xd0\xb1\xd0\xbb\xd0\xb0\xd1\x81\xd1\x82 \xd0\xbd\xd0\xb0 DLSS \xd0\xb2 \xd0\xb8\xd0\xb3\xd1\x80\xd0\xb0\xd1\x82\xd0\xb0 \xd0\xb5 \xd0\xbf\xd0\xbe-\xd0\xb3\xd0\xbe\xd0\xbb\xd1\x8f\xd0\xbc\xd0\xb0 \xd0\xbe\xd1\x82 \xd0\xb8\xd0\xb7\xd0\xbe\xd0\xb1\xd1\x80\xd0\xb0\xd0\xb6\xd0\xb5\xd0\xbd\xd0\xb8\xd0\xb5\xd1\x82\xd0\xbe"},
    {"The game tells DLSS to write an area that does not fit inside its output image, so NR works on the part that fits. Nothing to change on your side.",
     "\xd0\x98\xd0\xb3\xd1\x80\xd0\xb0\xd1\x82\xd0\xb0 \xd0\xba\xd0\xb0\xd0\xb7\xd0\xb2\xd0\xb0 \xd0\xbd\xd0\xb0 DLSS \xd0\xb4\xd0\xb0 \xd0\xb7\xd0\xb0\xd0\xbf\xd0\xb8\xd1\x88\xd0\xb5 \xd0\xbe\xd0\xb1\xd0\xbb\xd0\xb0\xd1\x81\xd1\x82, \xd0\xba\xd0\xbe\xd1\x8f\xd1\x82\xd0\xbe \xd0\xbd\xd0\xb5 \xd1\x81\xd0\xb5 \xd0\xbf\xd0\xbe\xd0\xb1\xd0\xb8\xd1\x80\xd0\xb0 \xd0\xb2 \xd0\xb8\xd0\xb7\xd1\x85\xd0\xbe\xd0\xb4\xd0\xbd\xd0\xbe\xd1\x82\xd0\xbe \xd0\xb8\xd0\xb7\xd0\xbe\xd0\xb1\xd1\x80\xd0\xb0\xd0\xb6\xd0\xb5\xd0\xbd\xd0\xb8\xd0\xb5, \xd0\xb7\xd0\xb0\xd1\x82\xd0\xbe\xd0\xb2\xd0\xb0 NR \xd1\x80\xd0\xb0\xd0\xb1\xd0\xbe\xd1\x82\xd0\xb8 \xd0\xb2\xd1\x8a\xd1\x80\xd1\x85\xd1\x83 \xd1\x87\xd0\xb0\xd1\x81\xd1\x82\xd1\x82\xd0\xb0, \xd0\xba\xd0\xbe\xd1\x8f\xd1\x82\xd0\xbe \xd1\x81\xd0\xb5 \xd0\xbf\xd0\xbe\xd0\xb1\xd0\xb8\xd1\x80\xd0\xb0. \xd0\x9e\xd1\x82 \xd0\xb2\xd0\xb0\xd1\x88\xd0\xb0 \xd1\x81\xd1\x82\xd1\x80\xd0\xb0\xd0\xbd\xd0\xb0 \xd0\xbd\xd1\x8f\xd0\xbc\xd0\xb0 \xd0\xbd\xd0\xb8\xd1\x89\xd0\xbe \xd0\xb7\xd0\xb0 \xd0\xbf\xd1\x80\xd0\xbe\xd0\xbc\xd1\x8f\xd0\xbd\xd0\xb0."},
    {"NR is skipping frames to protect the image",
     "NR \xd0\xbf\xd1\x80\xd0\xbe\xd0\xbf\xd1\x83\xd1\x81\xd0\xba\xd0\xb0 \xd0\xba\xd0\xb0\xd0\xb4\xd1\x80\xd0\xb8, \xd0\xb7\xd0\xb0 \xd0\xb4\xd0\xb0 \xd0\xbf\xd1\x80\xd0\xb5\xd0\xb4\xd0\xbf\xd0\xb0\xd0\xb7\xd0\xb8 \xd0\xb8\xd0\xb7\xd0\xbe\xd0\xb1\xd1\x80\xd0\xb0\xd0\xb6\xd0\xb5\xd0\xbd\xd0\xb8\xd0\xb5\xd1\x82\xd0\xbe"},
    {"On these frames NR could not put the game's GPU state back safely after its pass, so it left them alone. They show the game's own DLSS image, which can look like NR flickering on and off.",
     "\xd0\x92 \xd1\x82\xd0\xb5\xd0\xb7\xd0\xb8 \xd0\xba\xd0\xb0\xd0\xb4\xd1\x80\xd0\xb8 NR \xd0\xbd\xd0\xb5 \xd0\xbc\xd0\xbe\xd0\xb6\xd0\xb0 \xd0\xb1\xd0\xb5\xd0\xb7\xd0\xbe\xd0\xbf\xd0\xb0\xd1\x81\xd0\xbd\xd0\xbe \xd0\xb4\xd0\xb0 \xd0\xb2\xd1\x8a\xd1\x80\xd0\xbd\xd0\xb5 GPU \xd1\x81\xd1\x8a\xd1\x81\xd1\x82\xd0\xbe\xd1\x8f\xd0\xbd\xd0\xb8\xd0\xb5\xd1\x82\xd0\xbe \xd0\xbd\xd0\xb0 \xd0\xb8\xd0\xb3\xd1\x80\xd0\xb0\xd1\x82\xd0\xb0 \xd1\x81\xd0\xbb\xd0\xb5\xd0\xb4 \xd1\x81\xd0\xb2\xd0\xbe\xd0\xb5\xd1\x82\xd0\xbe \xd0\xbf\xd1\x80\xd0\xb5\xd0\xbc\xd0\xb8\xd0\xbd\xd0\xb0\xd0\xb2\xd0\xb0\xd0\xbd\xd0\xb5, \xd0\xb7\xd0\xb0\xd1\x82\xd0\xbe\xd0\xb2\xd0\xb0 \xd0\xbd\xd0\xb5 \xd0\xb3\xd0\xb8 \xd0\xbe\xd0\xb1\xd1\x80\xd0\xb0\xd0\xb1\xd0\xbe\xd1\x82\xd0\xb8. \xd0\xa2\xd0\xb5 \xd0\xbf\xd0\xbe\xd0\xba\xd0\xb0\xd0\xb7\xd0\xb2\xd0\xb0\xd1\x82 \xd1\x81\xd0\xbe\xd0\xb1\xd1\x81\xd1\x82\xd0\xb2\xd0\xb5\xd0\xbd\xd0\xbe\xd1\x82\xd0\xbe DLSS \xd0\xb8\xd0\xb7\xd0\xbe\xd0\xb1\xd1\x80\xd0\xb0\xd0\xb6\xd0\xb5\xd0\xbd\xd0\xb8\xd0\xb5 \xd0\xbd\xd0\xb0 \xd0\xb8\xd0\xb3\xd1\x80\xd0\xb0\xd1\x82\xd0\xb0, \xd0\xba\xd0\xbe\xd0\xb5\xd1\x82\xd0\xbe \xd0\xbc\xd0\xbe\xd0\xb6\xd0\xb5 \xd0\xb4\xd0\xb0 \xd0\xb8\xd0\xb7\xd0\xb3\xd0\xbb\xd0\xb5\xd0\xb6\xd0\xb4\xd0\xb0 \xd0\xba\xd0\xb0\xd1\x82\xd0\xbe NR, \xd0\xba\xd0\xbe\xd0\xb9\xd1\x82\xd0\xbe \xd1\x81\xd0\xb5 \xd0\xb2\xd0\xba\xd0\xbb\xd1\x8e\xd1\x87\xd0\xb2\xd0\xb0 \xd0\xb8 \xd0\xb8\xd0\xb7\xd0\xba\xd0\xbb\xd1\x8e\xd1\x87\xd0\xb2\xd0\xb0."},
    {"%.0f%% of DLSS frames skipped",
     "%.0f%% \xd0\xbe\xd1\x82 DLSS \xd0\xba\xd0\xb0\xd0\xb4\xd1\x80\xd0\xb8\xd1\x82\xd0\xb5 \xd1\x81\xd0\xb0 \xd0\xbf\xd1\x80\xd0\xbe\xd0\xbf\xd1\x83\xd1\x81\xd0\xbd\xd0\xb0\xd1\x82\xd0\xb8"},
    {"NR failed on some frames and is retrying",
     "NR \xd1\x81\xd0\xb5 \xd0\xbf\xd1\x80\xd0\xbe\xd0\xb2\xd0\xb0\xd0\xbb\xd0\xb8 \xd0\xb2 \xd0\xbd\xd1\x8f\xd0\xba\xd0\xbe\xd0\xb8 \xd0\xba\xd0\xb0\xd0\xb4\xd1\x80\xd0\xb8 \xd0\xb8 \xd0\xbe\xd0\xbf\xd0\xb8\xd1\x82\xd0\xb2\xd0\xb0 \xd0\xbe\xd1\x82\xd0\xbd\xd0\xbe\xd0\xb2\xd0\xbe"},
    {"NR's pass failed to start on these frames and waits a moment before it tries again, so they keep the game's own DLSS image.",
     "\xd0\x9f\xd1\x80\xd0\xb5\xd0\xbc\xd0\xb8\xd0\xbd\xd0\xb0\xd0\xb2\xd0\xb0\xd0\xbd\xd0\xb5\xd1\x82\xd0\xbe \xd0\xbd\xd0\xb0 NR \xd0\xbd\xd0\xb5 \xd1\x83\xd1\x81\xd0\xbf\xd1\x8f \xd0\xb4\xd0\xb0 \xd1\x81\xd1\x82\xd0\xb0\xd1\x80\xd1\x82\xd0\xb8\xd1\x80\xd0\xb0 \xd0\xb2 \xd1\x82\xd0\xb5\xd0\xb7\xd0\xb8 \xd0\xba\xd0\xb0\xd0\xb4\xd1\x80\xd0\xb8 \xd0\xb8 \xd0\xb8\xd0\xb7\xd1\x87\xd0\xb0\xd0\xba\xd0\xb2\xd0\xb0 \xd0\xbc\xd0\xb0\xd0\xbb\xd0\xba\xd0\xbe, \xd0\xbf\xd1\x80\xd0\xb5\xd0\xb4\xd0\xb8 \xd0\xb4\xd0\xb0 \xd0\xbe\xd0\xbf\xd0\xb8\xd1\x82\xd0\xb0 \xd0\xbe\xd1\x82\xd0\xbd\xd0\xbe\xd0\xb2\xd0\xbe, \xd0\xb7\xd0\xb0\xd1\x82\xd0\xbe\xd0\xb2\xd0\xb0 \xd1\x82\xd0\xb5 \xd0\xb7\xd0\xb0\xd0\xbf\xd0\xb0\xd0\xb7\xd0\xb2\xd0\xb0\xd1\x82 \xd1\x81\xd0\xbe\xd0\xb1\xd1\x81\xd1\x82\xd0\xb2\xd0\xb5\xd0\xbd\xd0\xbe\xd1\x82\xd0\xbe DLSS \xd0\xb8\xd0\xb7\xd0\xbe\xd0\xb1\xd1\x80\xd0\xb0\xd0\xb6\xd0\xb5\xd0\xbd\xd0\xb8\xd0\xb5 \xd0\xbd\xd0\xb0 \xd0\xb8\xd0\xb3\xd1\x80\xd0\xb0\xd1\x82\xd0\xb0."},
    {"If you raised Stack passes or Resolution scale, lower them again: running out of video memory ends here.",
     "\xd0\x90\xd0\xba\xd0\xbe \xd1\x81\xd1\x82\xd0\xb5 \xd1\x83\xd0\xb2\xd0\xb5\xd0\xbb\xd0\xb8\xd1\x87\xd0\xb8\xd0\xbb\xd0\xb8 \xc2\xab\xd0\x91\xd1\x80\xd0\xbe\xd0\xb9 \xd0\xbf\xd1\x80\xd0\xb5\xd0\xbc\xd0\xb8\xd0\xbd\xd0\xb0\xd0\xb2\xd0\xb0\xd0\xbd\xd0\xb8\xd1\x8f\xc2\xbb \xd0\xb8\xd0\xbb\xd0\xb8 \xc2\xab\xd0\x9c\xd0\xb0\xd1\x89\xd0\xb0\xd0\xb1 \xd0\xbd\xd0\xb0 \xd1\x80\xd0\xb5\xd0\xb7\xd0\xbe\xd0\xbb\xd1\x8e\xd1\x86\xd0\xb8\xd1\x8f\xd1\x82\xd0\xb0\xc2\xbb, \xd0\xbd\xd0\xb0\xd0\xbc\xd0\xb0\xd0\xbb\xd0\xb5\xd1\x82\xd0\xb5 \xd0\xb3\xd0\xb8 \xd0\xbe\xd1\x82\xd0\xbd\xd0\xbe\xd0\xb2\xd0\xbe: \xd0\xbf\xd1\x80\xd0\xb8 \xd0\xb8\xd0\xb7\xd1\x87\xd0\xb5\xd1\x80\xd0\xbf\xd0\xb2\xd0\xb0\xd0\xbd\xd0\xb5 \xd0\xbd\xd0\xb0 \xd0\xb2\xd0\xb8\xd0\xb4\xd0\xb5\xd0\xbe\xd0\xbf\xd0\xb0\xd0\xbc\xd0\xb5\xd1\x82\xd1\x82\xd0\xb0 \xd1\x81\xd0\xb5 \xd1\x81\xd1\x82\xd0\xb8\xd0\xb3\xd0\xb0 \xd0\xb4\xd0\xbe\xd1\x82\xd1\x83\xd0\xba."},
    {"Otherwise this is a defect in the mod: please send ReShade.log, which names the failing step.",
     "\xd0\x98\xd0\xbd\xd0\xb0\xd1\x87\xd0\xb5 \xd1\x82\xd0\xbe\xd0\xb2\xd0\xb0 \xd0\xb5 \xd0\xb4\xd0\xb5\xd1\x84\xd0\xb5\xd0\xba\xd1\x82 \xd0\xb2 \xd0\xbc\xd0\xbe\xd0\xb4\xd0\xb0: \xd0\xbc\xd0\xbe\xd0\xbb\xd1\x8f, \xd0\xb8\xd0\xb7\xd0\xbf\xd1\x80\xd0\xb0\xd1\x82\xd0\xb5\xd1\x82\xd0\xb5 ReShade.log, \xd0\xb2 \xd0\xba\xd0\xbe\xd0\xb9\xd1\x82\xd0\xbe \xd0\xb5 \xd0\xbf\xd0\xbe\xd1\x81\xd0\xbe\xd1\x87\xd0\xb5\xd0\xbd\xd0\xb0 \xd0\xbd\xd0\xb5\xd1\x83\xd1\x81\xd0\xbf\xd0\xb5\xd1\x88\xd0\xbd\xd0\xb0\xd1\x82\xd0\xb0 \xd1\x81\xd1\x82\xd1\x8a\xd0\xbf\xd0\xba\xd0\xb0."},
    {"Streamline hands NR incomplete frames",
     "Streamline \xd0\xbf\xd0\xbe\xd0\xb4\xd0\xb0\xd0\xb2\xd0\xb0 \xd0\xbd\xd0\xb0 NR \xd0\xbd\xd0\xb5\xd0\xbf\xd1\x8a\xd0\xbb\xd0\xbd\xd0\xb8 \xd0\xba\xd0\xb0\xd0\xb4\xd1\x80\xd0\xb8"},
    {"This game runs DLSS through NVIDIA Streamline, and on these frames Streamline had not provided every input NR needs, so NR skipped them. Nothing to change on your side.",
     "\xd0\xa2\xd0\xb0\xd0\xb7\xd0\xb8 \xd0\xb8\xd0\xb3\xd1\x80\xd0\xb0 \xd0\xbf\xd1\x83\xd1\x81\xd0\xba\xd0\xb0 DLSS \xd0\xbf\xd1\x80\xd0\xb5\xd0\xb7 NVIDIA Streamline \xd0\xb8 \xd0\xb2 \xd1\x82\xd0\xb5\xd0\xb7\xd0\xb8 \xd0\xba\xd0\xb0\xd0\xb4\xd1\x80\xd0\xb8 Streamline \xd0\xbd\xd0\xb5 \xd0\xb1\xd0\xb5\xd1\x88\xd0\xb5 \xd0\xbf\xd0\xbe\xd0\xb4\xd0\xb0\xd0\xbb \xd0\xb2\xd1\x81\xd0\xb8\xd1\x87\xd0\xba\xd0\xb8 \xd0\xb2\xd1\x85\xd0\xbe\xd0\xb4\xd0\xbe\xd0\xb2\xd0\xb5, \xd0\xbe\xd1\x82 \xd0\xba\xd0\xbe\xd0\xb8\xd1\x82\xd0\xbe NR \xd1\x81\xd0\xb5 \xd0\xbd\xd1\x83\xd0\xb6\xd0\xb4\xd0\xb0\xd0\xb5, \xd0\xb7\xd0\xb0\xd1\x82\xd0\xbe\xd0\xb2\xd0\xb0 NR \xd0\xb3\xd0\xb8 \xd0\xbf\xd1\x80\xd0\xbe\xd0\xbf\xd1\x83\xd1\x81\xd0\xbd\xd0\xb0. \xd0\x9e\xd1\x82 \xd0\xb2\xd0\xb0\xd1\x88\xd0\xb0 \xd1\x81\xd1\x82\xd1\x80\xd0\xb0\xd0\xbd\xd0\xb0 \xd0\xbd\xd1\x8f\xd0\xbc\xd0\xb0 \xd0\xbd\xd0\xb8\xd1\x89\xd0\xbe \xd0\xb7\xd0\xb0 \xd0\xbf\xd1\x80\xd0\xbe\xd0\xbc\xd1\x8f\xd0\xbd\xd0\xb0."},
    {"NR can't run before upscaling in this game",
     "NR \xd0\xbd\xd0\xb5 \xd0\xbc\xd0\xbe\xd0\xb6\xd0\xb5 \xd0\xb4\xd0\xb0 \xd1\x80\xd0\xb0\xd0\xb1\xd0\xbe\xd1\x82\xd0\xb8 \xd0\xbf\xd1\x80\xd0\xb5\xd0\xb4\xd0\xb8 \xd0\xbc\xd0\xb0\xd1\x89\xd0\xb0\xd0\xb1\xd0\xb8\xd1\x80\xd0\xb0\xd0\xbd\xd0\xb5 \xd0\xb2 \xd1\x82\xd0\xb0\xd0\xb7\xd0\xb8 \xd0\xb8\xd0\xb3\xd1\x80\xd0\xb0"},
    {"Before upscaling reads the image the game hands DLSS, and on these frames that image (or the motion vectors or depth beside it) has a shape NR cannot use, so they keep the game's own DLSS image.",
     "\xc2\xab\xd0\x9f\xd1\x80\xd0\xb5\xd0\xb4\xd0\xb8 \xd0\xbc\xd0\xb0\xd1\x89\xd0\xb0\xd0\xb1\xd0\xb8\xd1\x80\xd0\xb0\xd0\xbd\xd0\xb5\xc2\xbb \xd1\x87\xd0\xb5\xd1\x82\xd0\xb5 \xd0\xb8\xd0\xb7\xd0\xbe\xd0\xb1\xd1\x80\xd0\xb0\xd0\xb6\xd0\xb5\xd0\xbd\xd0\xb8\xd0\xb5\xd1\x82\xd0\xbe, \xd0\xba\xd0\xbe\xd0\xb5\xd1\x82\xd0\xbe \xd0\xb8\xd0\xb3\xd1\x80\xd0\xb0\xd1\x82\xd0\xb0 \xd0\xbf\xd0\xbe\xd0\xb4\xd0\xb0\xd0\xb2\xd0\xb0 \xd0\xbd\xd0\xb0 DLSS, \xd0\xb0 \xd0\xb2 \xd1\x82\xd0\xb5\xd0\xb7\xd0\xb8 \xd0\xba\xd0\xb0\xd0\xb4\xd1\x80\xd0\xb8 \xd1\x82\xd0\xbe\xd0\xb2\xd0\xb0 \xd0\xb8\xd0\xb7\xd0\xbe\xd0\xb1\xd1\x80\xd0\xb0\xd0\xb6\xd0\xb5\xd0\xbd\xd0\xb8\xd0\xb5 (\xd0\xb8\xd0\xbb\xd0\xb8 \xd0\xb2\xd0\xb5\xd0\xba\xd1\x82\xd0\xbe\xd1\x80\xd0\xb8\xd1\x82\xd0\xb5 \xd0\xbd\xd0\xb0 \xd0\xb4\xd0\xb2\xd0\xb8\xd0\xb6\xd0\xb5\xd0\xbd\xd0\xb8\xd0\xb5 \xd0\xb8\xd0\xbb\xd0\xb8 \xd0\xb4\xd1\x8a\xd0\xbb\xd0\xb1\xd0\xbe\xd1\x87\xd0\xb8\xd0\xbd\xd0\xb0\xd1\x82\xd0\xb0 \xd0\xb4\xd0\xbe \xd0\xbd\xd0\xb5\xd0\xb3\xd0\xbe) \xd0\xb8\xd0\xbc\xd0\xb0 \xd1\x84\xd0\xbe\xd1\x80\xd0\xbc\xd0\xb0, \xd0\xba\xd0\xbe\xd1\x8f\xd1\x82\xd0\xbe NR \xd0\xbd\xd0\xb5 \xd0\xbc\xd0\xbe\xd0\xb6\xd0\xb5 \xd0\xb4\xd0\xb0 \xd0\xb8\xd0\xb7\xd0\xbf\xd0\xbe\xd0\xbb\xd0\xb7\xd0\xb2\xd0\xb0, \xd0\xb7\xd0\xb0\xd1\x82\xd0\xbe\xd0\xb2\xd0\xb0 \xd1\x82\xd0\xb5 \xd0\xb7\xd0\xb0\xd0\xbf\xd0\xb0\xd0\xb7\xd0\xb2\xd0\xb0\xd1\x82 \xd1\x81\xd0\xbe\xd0\xb1\xd1\x81\xd1\x82\xd0\xb2\xd0\xb5\xd0\xbd\xd0\xbe\xd1\x82\xd0\xbe DLSS \xd0\xb8\xd0\xb7\xd0\xbe\xd0\xb1\xd1\x80\xd0\xb0\xd0\xb6\xd0\xb5\xd0\xbd\xd0\xb8\xd0\xb5 \xd0\xbd\xd0\xb0 \xd0\xb8\xd0\xb3\xd1\x80\xd0\xb0\xd1\x82\xd0\xb0."},
    {"Set Hook point to Upscaled in the Neural Rendering section (NRHookPoint=0).",
     "\xd0\x97\xd0\xb0\xd0\xb4\xd0\xb0\xd0\xb9\xd1\x82\xd0\xb5 \xc2\xab\xd0\xa2\xd0\xbe\xd1\x87\xd0\xba\xd0\xb0 \xd0\xbd\xd0\xb0 \xd0\xb2\xd0\xbc\xd1\x8a\xd0\xba\xd0\xb2\xd0\xb0\xd0\xbd\xd0\xb5\xc2\xbb \xd0\xbd\xd0\xb0 \xc2\xab\xd0\x9c\xd0\xb0\xd1\x89\xd0\xb0\xd0\xb1\xd0\xb8\xd1\x80\xd0\xb0\xd0\xbd\xd0\xbe\xc2\xbb \xd0\xb2 \xd1\x80\xd0\xb0\xd0\xb7\xd0\xb4\xd0\xb5\xd0\xbb \xc2\xabNeural Rendering\xc2\xbb (NRHookPoint=0)."},
    {"The game's DLSS output has a shape NR can't replace",
     "DLSS \xd0\xb8\xd0\xb7\xd1\x85\xd0\xbe\xd0\xb4\xd1\x8a\xd1\x82 \xd0\xbd\xd0\xb0 \xd0\xb8\xd0\xb3\xd1\x80\xd0\xb0\xd1\x82\xd0\xb0 \xd0\xb8\xd0\xbc\xd0\xb0 \xd1\x84\xd0\xbe\xd1\x80\xd0\xbc\xd0\xb0, \xd0\xba\xd0\xbe\xd1\x8f\xd1\x82\xd0\xbe NR \xd0\xbd\xd0\xb5 \xd0\xbc\xd0\xbe\xd0\xb6\xd0\xb5 \xd0\xb4\xd0\xb0 \xd0\xb7\xd0\xb0\xd0\xbc\xd0\xb5\xd0\xbd\xd0\xb8"},
    {"On these frames the game's DLSS wrote into an output NR cannot replace (a texture array or a multisampled texture), so they keep the game's own DLSS image. Nothing to change on your side.",
     "\xd0\x92 \xd1\x82\xd0\xb5\xd0\xb7\xd0\xb8 \xd0\xba\xd0\xb0\xd0\xb4\xd1\x80\xd0\xb8 DLSS \xd0\xbd\xd0\xb0 \xd0\xb8\xd0\xb3\xd1\x80\xd0\xb0\xd1\x82\xd0\xb0 \xd0\xb7\xd0\xb0\xd0\xbf\xd0\xb8\xd1\x81\xd0\xb0 \xd0\xb2 \xd0\xb8\xd0\xb7\xd1\x85\xd0\xbe\xd0\xb4, \xd0\xba\xd0\xbe\xd0\xb9\xd1\x82\xd0\xbe NR \xd0\xbd\xd0\xb5 \xd0\xbc\xd0\xbe\xd0\xb6\xd0\xb5 \xd0\xb4\xd0\xb0 \xd0\xb7\xd0\xb0\xd0\xbc\xd0\xb5\xd0\xbd\xd0\xb8 (\xd0\xbc\xd0\xb0\xd1\x81\xd0\xb8\xd0\xb2 \xd0\xbe\xd1\x82 \xd1\x82\xd0\xb5\xd0\xba\xd1\x81\xd1\x82\xd1\x83\xd1\x80\xd0\xb8 \xd0\xb8\xd0\xbb\xd0\xb8 \xd0\xbc\xd1\x83\xd0\xbb\xd1\x82\xd0\xb8\xd1\x81\xd0\xb5\xd0\xbc\xd0\xbf\xd0\xbb\xd0\xb8\xd1\x80\xd0\xb0\xd0\xbd\xd0\xb0 \xd1\x82\xd0\xb5\xd0\xba\xd1\x81\xd1\x82\xd1\x83\xd1\x80\xd0\xb0), \xd0\xb7\xd0\xb0\xd1\x82\xd0\xbe\xd0\xb2\xd0\xb0 \xd1\x82\xd0\xb5 \xd0\xb7\xd0\xb0\xd0\xbf\xd0\xb0\xd0\xb7\xd0\xb2\xd0\xb0\xd1\x82 \xd1\x81\xd0\xbe\xd0\xb1\xd1\x81\xd1\x82\xd0\xb2\xd0\xb5\xd0\xbd\xd0\xbe\xd1\x82\xd0\xbe DLSS \xd0\xb8\xd0\xb7\xd0\xbe\xd0\xb1\xd1\x80\xd0\xb0\xd0\xb6\xd0\xb5\xd0\xbd\xd0\xb8\xd0\xb5 \xd0\xbd\xd0\xb0 \xd0\xb8\xd0\xb3\xd1\x80\xd0\xb0\xd1\x82\xd0\xb0. \xd0\x9e\xd1\x82 \xd0\xb2\xd0\xb0\xd1\x88\xd0\xb0 \xd1\x81\xd1\x82\xd1\x80\xd0\xb0\xd0\xbd\xd0\xb0 \xd0\xbd\xd1\x8f\xd0\xbc\xd0\xb0 \xd0\xbd\xd0\xb8\xd1\x89\xd0\xbe \xd0\xb7\xd0\xb0 \xd0\xbf\xd1\x80\xd0\xbe\xd0\xbc\xd1\x8f\xd0\xbd\xd0\xb0."},
    {"NR's Direct3D 11 bridge can't keep up",
     "Direct3D 11 \xd0\xbc\xd0\xbe\xd1\x81\xd1\x82\xd1\x8a\xd1\x82 \xd0\xbd\xd0\xb0 NR \xd0\xbd\xd0\xb5 \xd1\x81\xd0\xbc\xd0\xbe\xd0\xb3\xd0\xb2\xd0\xb0"},
    {"In this Direct3D 11 game NR runs on a second, Direct3D 12 device, and on these frames that device was still busy with earlier ones, so they keep the game's own DLSS image.",
     "\xd0\x92 \xd1\x82\xd0\xb0\xd0\xb7\xd0\xb8 Direct3D 11 \xd0\xb8\xd0\xb3\xd1\x80\xd0\xb0 NR \xd1\x80\xd0\xb0\xd0\xb1\xd0\xbe\xd1\x82\xd0\xb8 \xd0\xbd\xd0\xb0 \xd0\xb2\xd1\x82\xd0\xbe\xd1\x80\xd0\xbe, Direct3D 12 \xd1\x83\xd1\x81\xd1\x82\xd1\x80\xd0\xbe\xd0\xb9\xd1\x81\xd1\x82\xd0\xb2\xd0\xbe, \xd0\xb0 \xd0\xb2 \xd1\x82\xd0\xb5\xd0\xb7\xd0\xb8 \xd0\xba\xd0\xb0\xd0\xb4\xd1\x80\xd0\xb8 \xd1\x82\xd0\xbe \xd0\xbe\xd1\x89\xd0\xb5 \xd0\xb1\xd0\xb5\xd1\x88\xd0\xb5 \xd0\xb7\xd0\xb0\xd0\xb5\xd1\x82\xd0\xbe \xd1\x81 \xd0\xbf\xd1\x80\xd0\xb5\xd0\xb4\xd0\xb8\xd1\x88\xd0\xbd\xd0\xb8\xd1\x82\xd0\xb5, \xd0\xb7\xd0\xb0\xd1\x82\xd0\xbe\xd0\xb2\xd0\xb0 \xd1\x82\xd0\xb5 \xd0\xb7\xd0\xb0\xd0\xbf\xd0\xb0\xd0\xb7\xd0\xb2\xd0\xb0\xd1\x82 \xd1\x81\xd0\xbe\xd0\xb1\xd1\x81\xd1\x82\xd0\xb2\xd0\xb5\xd0\xbd\xd0\xbe\xd1\x82\xd0\xbe DLSS \xd0\xb8\xd0\xb7\xd0\xbe\xd0\xb1\xd1\x80\xd0\xb0\xd0\xb6\xd0\xb5\xd0\xbd\xd0\xb8\xd0\xb5 \xd0\xbd\xd0\xb0 \xd0\xb8\xd0\xb3\xd1\x80\xd0\xb0\xd1\x82\xd0\xb0."},
    {"Lower Resolution scale or Stack passes, or cap the game's frame rate.",
     "\xd0\x9d\xd0\xb0\xd0\xbc\xd0\xb0\xd0\xbb\xd0\xb5\xd1\x82\xd0\xb5 \xc2\xab\xd0\x9c\xd0\xb0\xd1\x89\xd0\xb0\xd0\xb1 \xd0\xbd\xd0\xb0 \xd1\x80\xd0\xb5\xd0\xb7\xd0\xbe\xd0\xbb\xd1\x8e\xd1\x86\xd0\xb8\xd1\x8f\xd1\x82\xd0\xb0\xc2\xbb \xd0\xb8\xd0\xbb\xd0\xb8 \xc2\xab\xd0\x91\xd1\x80\xd0\xbe\xd0\xb9 \xd0\xbf\xd1\x80\xd0\xb5\xd0\xbc\xd0\xb8\xd0\xbd\xd0\xb0\xd0\xb2\xd0\xb0\xd0\xbd\xd0\xb8\xd1\x8f\xc2\xbb, \xd0\xb8\xd0\xbb\xd0\xb8 \xd0\xbe\xd0\xb3\xd1\x80\xd0\xb0\xd0\xbd\xd0\xb8\xd1\x87\xd0\xb5\xd1\x82\xd0\xb5 \xd0\xba\xd0\xb0\xd0\xb4\xd1\x80\xd0\xbe\xd0\xb2\xd0\xb0\xd1\x82\xd0\xb0 \xd1\x87\xd0\xb5\xd1\x81\xd1\x82\xd0\xbe\xd1\x82\xd0\xb0 \xd0\xbd\xd0\xb0 \xd0\xb8\xd0\xb3\xd1\x80\xd0\xb0\xd1\x82\xd0\xb0."},
    {"NR's Direct3D 11 bridge stalled",
     "Direct3D 11 \xd0\xbc\xd0\xbe\xd1\x81\xd1\x82\xd1\x8a\xd1\x82 \xd0\xbd\xd0\xb0 NR \xd0\xb1\xd0\xbb\xd0\xbe\xd0\xba\xd0\xb8\xd1\x80\xd0\xb0"},
    {"The Direct3D 12 device NR runs on beside this game stopped answering or is restarting, so frames keep the game's own DLSS image until it recovers.",
     "Direct3D 12 \xd1\x83\xd1\x81\xd1\x82\xd1\x80\xd0\xbe\xd0\xb9\xd1\x81\xd1\x82\xd0\xb2\xd0\xbe\xd1\x82\xd0\xbe, \xd0\xbd\xd0\xb0 \xd0\xba\xd0\xbe\xd0\xb5\xd1\x82\xd0\xbe NR \xd1\x80\xd0\xb0\xd0\xb1\xd0\xbe\xd1\x82\xd0\xb8 \xd0\xb4\xd0\xbe \xd1\x82\xd0\xb0\xd0\xb7\xd0\xb8 \xd0\xb8\xd0\xb3\xd1\x80\xd0\xb0, \xd1\x81\xd0\xbf\xd1\x80\xd1\x8f \xd0\xb4\xd0\xb0 \xd0\xbe\xd1\x82\xd0\xb3\xd0\xbe\xd0\xb2\xd0\xb0\xd1\x80\xd1\x8f \xd0\xb8\xd0\xbb\xd0\xb8 \xd1\x81\xd0\xb5 \xd1\x80\xd0\xb5\xd1\x81\xd1\x82\xd0\xb0\xd1\x80\xd1\x82\xd0\xb8\xd1\x80\xd0\xb0, \xd0\xb7\xd0\xb0\xd1\x82\xd0\xbe\xd0\xb2\xd0\xb0 \xd0\xba\xd0\xb0\xd0\xb4\xd1\x80\xd0\xb8\xd1\x82\xd0\xb5 \xd0\xb7\xd0\xb0\xd0\xbf\xd0\xb0\xd0\xb7\xd0\xb2\xd0\xb0\xd1\x82 \xd1\x81\xd0\xbe\xd0\xb1\xd1\x81\xd1\x82\xd0\xb2\xd0\xb5\xd0\xbd\xd0\xbe\xd1\x82\xd0\xbe DLSS \xd0\xb8\xd0\xb7\xd0\xbe\xd0\xb1\xd1\x80\xd0\xb0\xd0\xb6\xd0\xb5\xd0\xbd\xd0\xb8\xd0\xb5 \xd0\xbd\xd0\xb0 \xd0\xb8\xd0\xb3\xd1\x80\xd0\xb0\xd1\x82\xd0\xb0, \xd0\xb4\xd0\xbe\xd0\xba\xd0\xb0\xd1\x82\xd0\xbe \xd1\x82\xd0\xbe \xd1\x81\xd0\xb5 \xd0\xb2\xd1\x8a\xd0\xb7\xd1\x81\xd1\x82\xd0\xb0\xd0\xbd\xd0\xbe\xd0\xb2\xd0\xb8."},
    {"If it keeps happening, restart the game and update the NVIDIA driver.",
     "\xd0\x90\xd0\xba\xd0\xbe \xd0\xbf\xd1\x80\xd0\xbe\xd0\xb4\xd1\x8a\xd0\xbb\xd0\xb6\xd0\xb0\xd0\xb2\xd0\xb0 \xd0\xb4\xd0\xb0 \xd1\x81\xd0\xb5 \xd1\x81\xd0\xbb\xd1\x83\xd1\x87\xd0\xb2\xd0\xb0, \xd1\x80\xd0\xb5\xd1\x81\xd1\x82\xd0\xb0\xd1\x80\xd1\x82\xd0\xb8\xd1\x80\xd0\xb0\xd0\xb9\xd1\x82\xd0\xb5 \xd0\xb8\xd0\xb3\xd1\x80\xd0\xb0\xd1\x82\xd0\xb0 \xd0\xb8 \xd0\xbe\xd0\xb1\xd0\xbd\xd0\xbe\xd0\xb2\xd0\xb5\xd1\x82\xd0\xb5 \xd0\xb4\xd1\x80\xd0\xb0\xd0\xb9\xd0\xb2\xd0\xb5\xd1\x80\xd0\xb0 \xd0\xbd\xd0\xb0 NVIDIA."},
    {"Some of this game's DLSS frames can't reach NR",
     "\xd0\x9d\xd1\x8f\xd0\xba\xd0\xbe\xd0\xb8 \xd0\xbe\xd1\x82 DLSS \xd0\xba\xd0\xb0\xd0\xb4\xd1\x80\xd0\xb8\xd1\x82\xd0\xb5 \xd0\xbd\xd0\xb0 \xd1\x82\xd0\xb0\xd0\xb7\xd0\xb8 \xd0\xb8\xd0\xb3\xd1\x80\xd0\xb0 \xd0\xbd\xd0\xb5 \xd0\xbc\xd0\xbe\xd0\xb3\xd0\xb0\xd1\x82 \xd0\xb4\xd0\xb0 \xd0\xb4\xd0\xbe\xd1\x81\xd1\x82\xd0\xb8\xd0\xb3\xd0\xbd\xd0\xb0\xd1\x82 \xd0\xb4\xd0\xbe NR"},
    {"On these frames the game's DLSS surfaces use a format, multisampling or context the Direct3D 11 bridge cannot share, so they keep the game's own DLSS image. Nothing to change on your side.",
     "\xd0\x92 \xd1\x82\xd0\xb5\xd0\xb7\xd0\xb8 \xd0\xba\xd0\xb0\xd0\xb4\xd1\x80\xd0\xb8 DLSS \xd0\xbf\xd0\xbe\xd0\xb2\xd1\x8a\xd1\x80\xd1\x85\xd0\xbd\xd0\xbe\xd1\x81\xd1\x82\xd0\xb8\xd1\x82\xd0\xb5 \xd0\xbd\xd0\xb0 \xd0\xb8\xd0\xb3\xd1\x80\xd0\xb0\xd1\x82\xd0\xb0 \xd0\xb8\xd0\xb7\xd0\xbf\xd0\xbe\xd0\xbb\xd0\xb7\xd0\xb2\xd0\xb0\xd1\x82 \xd1\x84\xd0\xbe\xd1\x80\xd0\xbc\xd0\xb0\xd1\x82, \xd0\xbc\xd1\x83\xd0\xbb\xd1\x82\xd0\xb8\xd1\x81\xd0\xb5\xd0\xbc\xd0\xbf\xd0\xbb\xd0\xb8\xd0\xbd\xd0\xb3 \xd0\xb8\xd0\xbb\xd0\xb8 \xd0\xba\xd0\xbe\xd0\xbd\xd1\x82\xd0\xb5\xd0\xba\xd1\x81\xd1\x82, \xd0\xba\xd0\xbe\xd0\xb8\xd1\x82\xd0\xbe Direct3D 11 \xd0\xbc\xd0\xbe\xd1\x81\xd1\x82\xd1\x8a\xd1\x82 \xd0\xbd\xd0\xb5 \xd0\xbc\xd0\xbe\xd0\xb6\xd0\xb5 \xd0\xb4\xd0\xb0 \xd1\x81\xd0\xbf\xd0\xbe\xd0\xb4\xd0\xb5\xd0\xbb\xd0\xb8, \xd0\xb7\xd0\xb0\xd1\x82\xd0\xbe\xd0\xb2\xd0\xb0 \xd1\x82\xd0\xb5 \xd0\xb7\xd0\xb0\xd0\xbf\xd0\xb0\xd0\xb7\xd0\xb2\xd0\xb0\xd1\x82 \xd1\x81\xd0\xbe\xd0\xb1\xd1\x81\xd1\x82\xd0\xb2\xd0\xb5\xd0\xbd\xd0\xbe\xd1\x82\xd0\xbe DLSS \xd0\xb8\xd0\xb7\xd0\xbe\xd0\xb1\xd1\x80\xd0\xb0\xd0\xb6\xd0\xb5\xd0\xbd\xd0\xb8\xd0\xb5 \xd0\xbd\xd0\xb0 \xd0\xb8\xd0\xb3\xd1\x80\xd0\xb0\xd1\x82\xd0\xb0. \xd0\x9e\xd1\x82 \xd0\xb2\xd0\xb0\xd1\x88\xd0\xb0 \xd1\x81\xd1\x82\xd1\x80\xd0\xb0\xd0\xbd\xd0\xb0 \xd0\xbd\xd1\x8f\xd0\xbc\xd0\xb0 \xd0\xbd\xd0\xb8\xd1\x89\xd0\xbe \xd0\xb7\xd0\xb0 \xd0\xbf\xd1\x80\xd0\xbe\xd0\xbc\xd1\x8f\xd0\xbd\xd0\xb0."},
    {"NR is stuck waiting after a display change",
     "NR \xd0\xb5 \xd0\xb1\xd0\xbb\xd0\xbe\xd0\xba\xd0\xb8\xd1\x80\xd0\xb0\xd0\xbb \xd0\xb2 \xd0\xb8\xd0\xb7\xd1\x87\xd0\xb0\xd0\xba\xd0\xb2\xd0\xb0\xd0\xbd\xd0\xb5 \xd1\x81\xd0\xbb\xd0\xb5\xd0\xb4 \xd0\xbf\xd1\x80\xd0\xbe\xd0\xbc\xd1\x8f\xd0\xbd\xd0\xb0 \xd0\xbd\xd0\xb0 \xd0\xb4\xd0\xb8\xd1\x81\xd0\xbf\xd0\xbb\xd0\xb5\xd1\x8f"},
    {"After the game rebuilt its swapchain (a resolution, window or display change), NR waits for its old work to finish before it restarts. It has waited unusually long, and frames keep the game's own DLSS image meanwhile.",
     "\xd0\xa1\xd0\xbb\xd0\xb5\xd0\xb4 \xd0\xba\xd0\xb0\xd1\x82\xd0\xbe \xd0\xb8\xd0\xb3\xd1\x80\xd0\xb0\xd1\x82\xd0\xb0 \xd0\xbf\xd1\x80\xd0\xb5\xd1\x81\xd1\x8a\xd0\xb7\xd0\xb4\xd0\xb0\xd0\xb4\xd0\xb5 \xd1\x81\xd0\xb2\xd0\xbe\xd1\x8f swapchain (\xd0\xbf\xd1\x80\xd0\xbe\xd0\xbc\xd1\x8f\xd0\xbd\xd0\xb0 \xd0\xbd\xd0\xb0 \xd1\x80\xd0\xb5\xd0\xb7\xd0\xbe\xd0\xbb\xd1\x8e\xd1\x86\xd0\xb8\xd1\x8f\xd1\x82\xd0\xb0, \xd0\xbf\xd1\x80\xd0\xbe\xd0\xb7\xd0\xbe\xd1\x80\xd0\xb5\xd1\x86\xd0\xb0 \xd0\xb8\xd0\xbb\xd0\xb8 \xd0\xb4\xd0\xb8\xd1\x81\xd0\xbf\xd0\xbb\xd0\xb5\xd1\x8f), NR \xd0\xb8\xd0\xb7\xd1\x87\xd0\xb0\xd0\xba\xd0\xb2\xd0\xb0 \xd1\x81\xd1\x82\xd0\xb0\xd1\x80\xd0\xb0\xd1\x82\xd0\xb0 \xd1\x81\xd0\xb8 \xd1\x80\xd0\xb0\xd0\xb1\xd0\xbe\xd1\x82\xd0\xb0 \xd0\xb4\xd0\xb0 \xd0\xbf\xd1\x80\xd0\xb8\xd0\xba\xd0\xbb\xd1\x8e\xd1\x87\xd0\xb8, \xd0\xbf\xd1\x80\xd0\xb5\xd0\xb4\xd0\xb8 \xd0\xb4\xd0\xb0 \xd1\x81\xd0\xb5 \xd1\x80\xd0\xb5\xd1\x81\xd1\x82\xd0\xb0\xd1\x80\xd1\x82\xd0\xb8\xd1\x80\xd0\xb0. \xd0\x98\xd0\xb7\xd1\x87\xd0\xb0\xd0\xba\xd0\xb2\xd0\xb0\xd0\xbd\xd0\xb5\xd1\x82\xd0\xbe \xd0\xb5 \xd0\xbd\xd0\xb5\xd0\xbe\xd0\xb1\xd0\xb8\xd1\x87\xd0\xb0\xd0\xb9\xd0\xbd\xd0\xbe \xd0\xb4\xd1\x8a\xd0\xbb\xd0\xb3\xd0\xbe \xd0\xb8 \xd0\xbc\xd0\xb5\xd0\xb6\xd0\xb4\xd1\x83\xd0\xb2\xd1\x80\xd0\xb5\xd0\xbc\xd0\xb5\xd0\xbd\xd0\xbd\xd0\xbe \xd0\xba\xd0\xb0\xd0\xb4\xd1\x80\xd0\xb8\xd1\x82\xd0\xb5 \xd0\xb7\xd0\xb0\xd0\xbf\xd0\xb0\xd0\xb7\xd0\xb2\xd0\xb0\xd1\x82 \xd1\x81\xd0\xbe\xd0\xb1\xd1\x81\xd1\x82\xd0\xb2\xd0\xb5\xd0\xbd\xd0\xbe\xd1\x82\xd0\xbe DLSS \xd0\xb8\xd0\xb7\xd0\xbe\xd0\xb1\xd1\x80\xd0\xb0\xd0\xb6\xd0\xb5\xd0\xbd\xd0\xb8\xd0\xb5 \xd0\xbd\xd0\xb0 \xd0\xb8\xd0\xb3\xd1\x80\xd0\xb0\xd1\x82\xd0\xb0."},
    {"NR skipped frames without saying why",
     "NR \xd0\xbf\xd1\x80\xd0\xbe\xd0\xbf\xd1\x83\xd1\x81\xd0\xbd\xd0\xb0 \xd0\xba\xd0\xb0\xd0\xb4\xd1\x80\xd0\xb8, \xd0\xb1\xd0\xb5\xd0\xb7 \xd0\xb4\xd0\xb0 \xd0\xbf\xd0\xbe\xd1\x81\xd0\xbe\xd1\x87\xd0\xb8 \xd0\xbf\xd1\x80\xd0\xb8\xd1\x87\xd0\xb8\xd0\xbd\xd0\xb0"},
    {"Every frame NR leaves alone should have a named reason, and on these frames none was recorded.",
     "\xd0\x92\xd1\x81\xd0\xb5\xd0\xba\xd0\xb8 \xd0\xba\xd0\xb0\xd0\xb4\xd1\x8a\xd1\x80, \xd0\xba\xd0\xbe\xd0\xb9\xd1\x82\xd0\xbe NR \xd0\xbd\xd0\xb5 \xd0\xbe\xd0\xb1\xd1\x80\xd0\xb0\xd0\xb1\xd0\xbe\xd1\x82\xd0\xb2\xd0\xb0, \xd1\x82\xd1\x80\xd1\x8f\xd0\xb1\xd0\xb2\xd0\xb0 \xd0\xb4\xd0\xb0 \xd0\xb8\xd0\xbc\xd0\xb0 \xd0\xbf\xd0\xbe\xd1\x81\xd0\xbe\xd1\x87\xd0\xb5\xd0\xbd\xd0\xb0 \xd0\xbf\xd1\x80\xd0\xb8\xd1\x87\xd0\xb8\xd0\xbd\xd0\xb0, \xd0\xb0 \xd0\xb7\xd0\xb0 \xd1\x82\xd0\xb5\xd0\xb7\xd0\xb8 \xd0\xba\xd0\xb0\xd0\xb4\xd1\x80\xd0\xb8 \xd0\xbd\xd0\xb5 \xd0\xb1\xd0\xb5\xd1\x88\xd0\xb5 \xd0\xb7\xd0\xb0\xd0\xbf\xd0\xb8\xd1\x81\xd0\xb0\xd0\xbd\xd0\xb0 \xd1\x82\xd0\xb0\xd0\xba\xd0\xb0\xd0\xb2\xd0\xb0."},
    {"NR keeps rebuilding its working surfaces",
     "NR \xd0\xbd\xd0\xb5\xd0\xbf\xd1\x80\xd0\xb5\xd0\xba\xd1\x8a\xd1\x81\xd0\xbd\xd0\xb0\xd1\x82\xd0\xbe \xd0\xbf\xd1\x80\xd0\xb5\xd1\x81\xd1\x8a\xd0\xb7\xd0\xb4\xd0\xb0\xd0\xb2\xd0\xb0 \xd1\x80\xd0\xb0\xd0\xb1\xd0\xbe\xd1\x82\xd0\xbd\xd0\xb8\xd1\x82\xd0\xb5 \xd1\x81\xd0\xb8 \xd0\xbf\xd0\xbe\xd0\xb2\xd1\x8a\xd1\x80\xd1\x85\xd0\xbd\xd0\xbe\xd1\x81\xd1\x82\xd0\xb8"},
    {"The game rotates its DLSS output through more images than NR keeps ready, so NR throws its surfaces away and builds new ones over and over. That costs frame rate.",
     "\xd0\x98\xd0\xb3\xd1\x80\xd0\xb0\xd1\x82\xd0\xb0 \xd1\x80\xd0\xb5\xd0\xb4\xd1\x83\xd0\xb2\xd0\xb0 DLSS \xd0\xb8\xd0\xb7\xd1\x85\xd0\xbe\xd0\xb4\xd0\xb0 \xd1\x81\xd0\xb8 \xd0\xbf\xd1\x80\xd0\xb5\xd0\xb7 \xd0\xbf\xd0\xbe\xd0\xb2\xd0\xb5\xd1\x87\xd0\xb5 \xd0\xb8\xd0\xb7\xd0\xbe\xd0\xb1\xd1\x80\xd0\xb0\xd0\xb6\xd0\xb5\xd0\xbd\xd0\xb8\xd1\x8f, \xd0\xbe\xd1\x82\xd0\xba\xd0\xbe\xd0\xbb\xd0\xba\xd0\xbe\xd1\x82\xd0\xbe NR \xd0\xb4\xd1\x8a\xd1\x80\xd0\xb6\xd0\xb8 \xd0\xb3\xd0\xbe\xd1\x82\xd0\xbe\xd0\xb2\xd0\xb8, \xd0\xb7\xd0\xb0\xd1\x82\xd0\xbe\xd0\xb2\xd0\xb0 NR \xd0\xbe\xd1\x82\xd0\xbd\xd0\xbe\xd0\xb2\xd0\xbe \xd0\xb8 \xd0\xbe\xd1\x82\xd0\xbd\xd0\xbe\xd0\xb2\xd0\xbe \xd0\xb8\xd0\xb7\xd1\x85\xd0\xb2\xd1\x8a\xd1\x80\xd0\xbb\xd1\x8f \xd0\xbf\xd0\xbe\xd0\xb2\xd1\x8a\xd1\x80\xd1\x85\xd0\xbd\xd0\xbe\xd1\x81\xd1\x82\xd0\xb8\xd1\x82\xd0\xb5 \xd1\x81\xd0\xb8 \xd0\xb8 \xd1\x81\xd1\x8a\xd0\xb7\xd0\xb4\xd0\xb0\xd0\xb2\xd0\xb0 \xd0\xbd\xd0\xbe\xd0\xb2\xd0\xb8. \xd0\xa2\xd0\xbe\xd0\xb2\xd0\xb0 \xd0\xbd\xd0\xb0\xd0\xbc\xd0\xb0\xd0\xbb\xd1\x8f\xd0\xb2\xd0\xb0 \xd0\xba\xd0\xb0\xd0\xb4\xd1\x80\xd0\xbe\xd0\xb2\xd0\xb0\xd1\x82\xd0\xb0 \xd1\x87\xd0\xb5\xd1\x81\xd1\x82\xd0\xbe\xd1\x82\xd0\xb0."},
    {"Set NRMaxWorksets=8 in [RenoDX.DLSS5] in ReShade.ini and restart the game.",
     "\xd0\x97\xd0\xb0\xd0\xb4\xd0\xb0\xd0\xb9\xd1\x82\xd0\xb5 NRMaxWorksets=8 \xd0\xb2 [RenoDX.DLSS5] \xd0\xb2 ReShade.ini \xd0\xb8 \xd1\x80\xd0\xb5\xd1\x81\xd1\x82\xd0\xb0\xd1\x80\xd1\x82\xd0\xb8\xd1\x80\xd0\xb0\xd0\xb9\xd1\x82\xd0\xb5 \xd0\xb8\xd0\xb3\xd1\x80\xd0\xb0\xd1\x82\xd0\xb0."},
    {"If it is already 8, please send ReShade.log.",
     "\xd0\x90\xd0\xba\xd0\xbe \xd0\xb2\xd0\xb5\xd1\x87\xd0\xb5 \xd0\xb5 8, \xd0\xbc\xd0\xbe\xd0\xbb\xd1\x8f, \xd0\xb8\xd0\xb7\xd0\xbf\xd1\x80\xd0\xb0\xd1\x82\xd0\xb5\xd1\x82\xd0\xb5 ReShade.log."},
    {"%.0f rebuilds per 100 enhanced frames",
     "%.0f \xd0\xbf\xd1\x80\xd0\xb5\xd1\x81\xd1\x8a\xd0\xb7\xd0\xb4\xd0\xb0\xd0\xb2\xd0\xb0\xd0\xbd\xd0\xb8\xd1\x8f \xd0\xbd\xd0\xb0 100 \xd0\xbf\xd0\xbe\xd0\xb4\xd0\xbe\xd0\xb1\xd1\x80\xd0\xb5\xd0\xbd\xd0\xb8 \xd0\xba\xd0\xb0\xd0\xb4\xd1\x8a\xd1\x80\xd0\xb0"},
    {"NR's brightness reading is stuck",
     "\xd0\x9e\xd1\x82\xd1\x87\xd0\xb8\xd1\x82\xd0\xb0\xd0\xbd\xd0\xb5\xd1\x82\xd0\xbe \xd0\xbd\xd0\xb0 \xd1\x8f\xd1\x80\xd0\xba\xd0\xbe\xd1\x81\xd1\x82\xd1\x82\xd0\xb0 \xd0\xbe\xd1\x82 NR \xd0\xb5 \xd0\xb1\xd0\xbb\xd0\xbe\xd0\xba\xd0\xb8\xd1\x80\xd0\xb0\xd0\xbb\xd0\xbe"},
    {"NR reads the game's exposure to set the brightness it feeds the model. On these frames it had no free slot to read it and reused an older value, so brightness changes can lag or pump.",
     "NR \xd1\x87\xd0\xb5\xd1\x82\xd0\xb5 \xd0\xb5\xd0\xba\xd1\x81\xd0\xbf\xd0\xbe\xd0\xb7\xd0\xb8\xd1\x86\xd0\xb8\xd1\x8f\xd1\x82\xd0\xb0 \xd0\xbd\xd0\xb0 \xd0\xb8\xd0\xb3\xd1\x80\xd0\xb0\xd1\x82\xd0\xb0, \xd0\xb7\xd0\xb0 \xd0\xb4\xd0\xb0 \xd0\xb7\xd0\xb0\xd0\xb4\xd0\xb0\xd0\xb4\xd0\xb5 \xd1\x8f\xd1\x80\xd0\xba\xd0\xbe\xd1\x81\xd1\x82\xd1\x82\xd0\xb0, \xd1\x81 \xd0\xba\xd0\xbe\xd1\x8f\xd1\x82\xd0\xbe \xd0\xb7\xd0\xb0\xd1\x85\xd1\x80\xd0\xb0\xd0\xbd\xd0\xb2\xd0\xb0 \xd0\xbc\xd0\xbe\xd0\xb4\xd0\xb5\xd0\xbb\xd0\xb0. \xd0\x92 \xd1\x82\xd0\xb5\xd0\xb7\xd0\xb8 \xd0\xba\xd0\xb0\xd0\xb4\xd1\x80\xd0\xb8 \xd0\xbd\xd1\x8f\xd0\xbc\xd0\xb0\xd1\x88\xd0\xb5 \xd1\x81\xd0\xb2\xd0\xbe\xd0\xb1\xd0\xbe\xd0\xb4\xd0\xb5\xd0\xbd \xd1\x81\xd0\xbb\xd0\xbe\xd1\x82 \xd0\xb7\xd0\xb0 \xd1\x87\xd0\xb5\xd1\x82\xd0\xb5\xd0\xbd\xd0\xb5\xd1\x82\xd0\xbe \xd1\x9d \xd0\xb8 \xd0\xb1\xd0\xb5\xd1\x88\xd0\xb5 \xd0\xb8\xd0\xb7\xd0\xbf\xd0\xbe\xd0\xbb\xd0\xb7\xd0\xb2\xd0\xb0\xd0\xbd\xd0\xb0 \xd0\xbf\xd0\xbe-\xd1\x81\xd1\x82\xd0\xb0\xd1\x80\xd0\xb0 \xd1\x81\xd1\x82\xd0\xbe\xd0\xb9\xd0\xbd\xd0\xbe\xd1\x81\xd1\x82, \xd0\xb7\xd0\xb0\xd1\x82\xd0\xbe\xd0\xb2\xd0\xb0 \xd0\xbf\xd1\x80\xd0\xbe\xd0\xbc\xd0\xb5\xd0\xbd\xd0\xb8\xd1\x82\xd0\xb5 \xd0\xb2 \xd1\x8f\xd1\x80\xd0\xba\xd0\xbe\xd1\x81\xd1\x82\xd1\x82\xd0\xb0 \xd0\xbc\xd0\xbe\xd0\xb6\xd0\xb5 \xd0\xb4\xd0\xb0 \xd0\xb7\xd0\xb0\xd0\xba\xd1\x8a\xd1\x81\xd0\xbd\xd1\x8f\xd0\xb2\xd0\xb0\xd1\x82 \xd0\xb8\xd0\xbb\xd0\xb8 \xd0\xb4\xd0\xb0 \xd0\xbf\xd1\x83\xd0\xbb\xd1\x81\xd0\xb8\xd1\x80\xd0\xb0\xd1\x82."},
    {"Set Brightness source to v1 (frame meter) in the Fixes section (NRFeedMode=1).",
     "\xd0\x97\xd0\xb0\xd0\xb4\xd0\xb0\xd0\xb9\xd1\x82\xd0\xb5 \xc2\xab\xd0\x98\xd0\xb7\xd1\x82\xd0\xbe\xd1\x87\xd0\xbd\xd0\xb8\xd0\xba \xd0\xbd\xd0\xb0 \xd1\x8f\xd1\x80\xd0\xba\xd0\xbe\xd1\x81\xd1\x82\xc2\xbb \xd0\xbd\xd0\xb0 \xc2\xabv1 (\xd0\xb8\xd0\xb7\xd0\xbc\xd0\xb5\xd1\x80\xd0\xb2\xd0\xb0\xd0\xbd\xd0\xb5 \xd0\xbd\xd0\xb0 \xd0\xba\xd0\xb0\xd0\xb4\xd1\x8a\xd1\x80\xd0\xb0)\xc2\xbb \xd0\xb2 \xd1\x80\xd0\xb0\xd0\xb7\xd0\xb4\xd0\xb5\xd0\xbb \xc2\xab\xd0\x9a\xd0\xbe\xd1\x80\xd0\xb5\xd0\xba\xd1\x86\xd0\xb8\xd0\xb8\xc2\xbb (NRFeedMode=1)."},
    {"%.0f%% of frames reused an old exposure",
     "%.0f%% \xd0\xbe\xd1\x82 \xd0\xba\xd0\xb0\xd0\xb4\xd1\x80\xd0\xb8\xd1\x82\xd0\xb5 \xd0\xb8\xd0\xb7\xd0\xbf\xd0\xbe\xd0\xbb\xd0\xb7\xd0\xb2\xd0\xb0\xd1\x85\xd0\xb0 \xd1\x81\xd1\x82\xd0\xb0\xd1\x80\xd0\xb0 \xd0\xb5\xd0\xba\xd1\x81\xd0\xbf\xd0\xbe\xd0\xb7\xd0\xb8\xd1\x86\xd0\xb8\xd1\x8f"},
    {"The game's exposure data looks wrong",
     "\xd0\x94\xd0\xb0\xd0\xbd\xd0\xbd\xd0\xb8\xd1\x82\xd0\xb5 \xd0\xb7\xd0\xb0 \xd0\xb5\xd0\xba\xd1\x81\xd0\xbf\xd0\xbe\xd0\xb7\xd0\xb8\xd1\x86\xd0\xb8\xd1\x8f \xd0\xbd\xd0\xb0 \xd0\xb8\xd0\xb3\xd1\x80\xd0\xb0\xd1\x82\xd0\xb0 \xd0\xb8\xd0\xb7\xd0\xb3\xd0\xbb\xd0\xb5\xd0\xb6\xd0\xb4\xd0\xb0\xd1\x82 \xd0\xb3\xd1\x80\xd0\xb5\xd1\x88\xd0\xbd\xd0\xb8"},
    {"On these frames the exposure value the game hands DLSS did not fit the image, so NR measures the brightness itself with its built-in meter instead.",
     "\xd0\x92 \xd1\x82\xd0\xb5\xd0\xb7\xd0\xb8 \xd0\xba\xd0\xb0\xd0\xb4\xd1\x80\xd0\xb8 \xd1\x81\xd1\x82\xd0\xbe\xd0\xb9\xd0\xbd\xd0\xbe\xd1\x81\xd1\x82\xd1\x82\xd0\xb0 \xd0\xbd\xd0\xb0 \xd0\xb5\xd0\xba\xd1\x81\xd0\xbf\xd0\xbe\xd0\xb7\xd0\xb8\xd1\x86\xd0\xb8\xd1\x8f\xd1\x82\xd0\xb0, \xd0\xba\xd0\xbe\xd1\x8f\xd1\x82\xd0\xbe \xd0\xb8\xd0\xb3\xd1\x80\xd0\xb0\xd1\x82\xd0\xb0 \xd0\xbf\xd0\xbe\xd0\xb4\xd0\xb0\xd0\xb2\xd0\xb0 \xd0\xbd\xd0\xb0 DLSS, \xd0\xbd\xd0\xb5 \xd0\xbe\xd1\x82\xd0\xb3\xd0\xbe\xd0\xb2\xd0\xb0\xd1\x80\xd1\x8f\xd1\x88\xd0\xb5 \xd0\xbd\xd0\xb0 \xd0\xb8\xd0\xb7\xd0\xbe\xd0\xb1\xd1\x80\xd0\xb0\xd0\xb6\xd0\xb5\xd0\xbd\xd0\xb8\xd0\xb5\xd1\x82\xd0\xbe, \xd0\xb7\xd0\xb0\xd1\x82\xd0\xbe\xd0\xb2\xd0\xb0 NR \xd1\x81\xd0\xb0\xd0\xbc \xd0\xb8\xd0\xb7\xd0\xbc\xd0\xb5\xd1\x80\xd0\xb2\xd0\xb0 \xd1\x8f\xd1\x80\xd0\xba\xd0\xbe\xd1\x81\xd1\x82\xd1\x82\xd0\xb0 \xd1\x81 \xd0\xb2\xd0\xb3\xd1\x80\xd0\xb0\xd0\xb4\xd0\xb5\xd0\xbd\xd0\xb8\xd1\x8f \xd1\x81\xd0\xb8 \xd0\xb8\xd0\xb7\xd0\xbc\xd0\xb5\xd1\x80\xd0\xb2\xd0\xb0\xd1\x82\xd0\xb5\xd0\xbb."},
    {"%.0f%% of checked frames used the built-in meter",
     "%.0f%% \xd0\xbe\xd1\x82 \xd0\xbf\xd1\x80\xd0\xbe\xd0\xb2\xd0\xb5\xd1\x80\xd0\xb5\xd0\xbd\xd0\xb8\xd1\x82\xd0\xb5 \xd0\xba\xd0\xb0\xd0\xb4\xd1\x80\xd0\xb8 \xd0\xb8\xd0\xb7\xd0\xbf\xd0\xbe\xd0\xbb\xd0\xb7\xd0\xb2\xd0\xb0\xd1\x85\xd0\xb0 \xd0\xb2\xd0\xb3\xd1\x80\xd0\xb0\xd0\xb4\xd0\xb5\xd0\xbd\xd0\xb8\xd1\x8f \xd0\xb8\xd0\xb7\xd0\xbc\xd0\xb5\xd1\x80\xd0\xb2\xd0\xb0\xd1\x82\xd0\xb5\xd0\xbb"},
    {"NR couldn't check the game's exposure data",
     "NR \xd0\xbd\xd0\xb5 \xd1\x83\xd1\x81\xd0\xbf\xd1\x8f \xd0\xb4\xd0\xb0 \xd0\xbf\xd1\x80\xd0\xbe\xd0\xb2\xd0\xb5\xd1\x80\xd0\xb8 \xd0\xb4\xd0\xb0\xd0\xbd\xd0\xbd\xd0\xb8\xd1\x82\xd0\xb5 \xd0\xb7\xd0\xb0 \xd0\xb5\xd0\xba\xd1\x81\xd0\xbf\xd0\xbe\xd0\xb7\xd0\xb8\xd1\x86\xd0\xb8\xd1\x8f \xd0\xbd\xd0\xb0 \xd0\xb8\xd0\xb3\xd1\x80\xd0\xb0\xd1\x82\xd0\xb0"},
    {"NR checks a sample of frames to confirm the game's exposure value fits the image; on these frames the check could not be read, so a wrong value would go unnoticed.",
     "NR \xd0\xbf\xd1\x80\xd0\xbe\xd0\xb2\xd0\xb5\xd1\x80\xd1\x8f\xd0\xb2\xd0\xb0 \xd0\xb8\xd0\xb7\xd0\xb2\xd0\xb0\xd0\xb4\xd0\xba\xd0\xb0 \xd0\xbe\xd1\x82 \xd0\xba\xd0\xb0\xd0\xb4\xd1\x80\xd0\xb8, \xd0\xb7\xd0\xb0 \xd0\xb4\xd0\xb0 \xd0\xbf\xd0\xbe\xd1\x82\xd0\xb2\xd1\x8a\xd1\x80\xd0\xb4\xd0\xb8, \xd1\x87\xd0\xb5 \xd1\x81\xd1\x82\xd0\xbe\xd0\xb9\xd0\xbd\xd0\xbe\xd1\x81\xd1\x82\xd1\x82\xd0\xb0 \xd0\xbd\xd0\xb0 \xd0\xb5\xd0\xba\xd1\x81\xd0\xbf\xd0\xbe\xd0\xb7\xd0\xb8\xd1\x86\xd0\xb8\xd1\x8f\xd1\x82\xd0\xb0 \xd0\xbd\xd0\xb0 \xd0\xb8\xd0\xb3\xd1\x80\xd0\xb0\xd1\x82\xd0\xb0 \xd0\xbe\xd1\x82\xd0\xb3\xd0\xbe\xd0\xb2\xd0\xb0\xd1\x80\xd1\x8f \xd0\xbd\xd0\xb0 \xd0\xb8\xd0\xb7\xd0\xbe\xd0\xb1\xd1\x80\xd0\xb0\xd0\xb6\xd0\xb5\xd0\xbd\xd0\xb8\xd0\xb5\xd1\x82\xd0\xbe; \xd0\xb2 \xd1\x82\xd0\xb5\xd0\xb7\xd0\xb8 \xd0\xba\xd0\xb0\xd0\xb4\xd1\x80\xd0\xb8 \xd0\xbf\xd1\x80\xd0\xbe\xd0\xb2\xd0\xb5\xd1\x80\xd0\xba\xd0\xb0\xd1\x82\xd0\xb0 \xd0\xbd\xd0\xb5 \xd0\xbc\xd0\xbe\xd0\xb6\xd0\xb0 \xd0\xb4\xd0\xb0 \xd0\xb1\xd1\x8a\xd0\xb4\xd0\xb5 \xd0\xbf\xd1\x80\xd0\xbe\xd1\x87\xd0\xb5\xd1\x82\xd0\xb5\xd0\xbd\xd0\xb0, \xd1\x82\xd0\xb0\xd0\xba\xd0\xb0 \xd1\x87\xd0\xb5 \xd0\xb3\xd1\x80\xd0\xb5\xd1\x88\xd0\xbd\xd0\xb0 \xd1\x81\xd1\x82\xd0\xbe\xd0\xb9\xd0\xbd\xd0\xbe\xd1\x81\xd1\x82 \xd0\xb1\xd0\xb8 \xd0\xbe\xd1\x81\xd1\x82\xd0\xb0\xd0\xbd\xd0\xb0\xd0\xbb\xd0\xb0 \xd0\xbd\xd0\xb5\xd0\xb7\xd0\xb0\xd0\xb1\xd0\xb5\xd0\xbb\xd1\x8f\xd0\xb7\xd0\xb0\xd0\xbd\xd0\xb0."},
    {"%.0f%% of checks could not be read",
     "%.0f%% \xd0\xbe\xd1\x82 \xd0\xbf\xd1\x80\xd0\xbe\xd0\xb2\xd0\xb5\xd1\x80\xd0\xba\xd0\xb8\xd1\x82\xd0\xb5 \xd0\xbd\xd0\xb5 \xd0\xbc\xd0\xbe\xd0\xb6\xd0\xb0\xd1\x85\xd0\xb0 \xd0\xb4\xd0\xb0 \xd0\xb1\xd1\x8a\xd0\xb4\xd0\xb0\xd1\x82 \xd0\xbf\xd1\x80\xd0\xbe\xd1\x87\xd0\xb5\xd1\x82\xd0\xb5\xd0\xbd\xd0\xb8"},
    {"NR can't read the game's exposure texture",
     "NR \xd0\xbd\xd0\xb5 \xd0\xbc\xd0\xbe\xd0\xb6\xd0\xb5 \xd0\xb4\xd0\xb0 \xd0\xbf\xd1\x80\xd0\xbe\xd1\x87\xd0\xb5\xd1\x82\xd0\xb5 \xd1\x82\xd0\xb5\xd0\xba\xd1\x81\xd1\x82\xd1\x83\xd1\x80\xd0\xb0\xd1\x82\xd0\xb0 \xd0\xb7\xd0\xb0 \xd0\xb5\xd0\xba\xd1\x81\xd0\xbf\xd0\xbe\xd0\xb7\xd0\xb8\xd1\x86\xd0\xb8\xd1\x8f \xd0\xbd\xd0\xb0 \xd0\xb8\xd0\xb3\xd1\x80\xd0\xb0\xd1\x82\xd0\xb0"},
    {"The game hands DLSS an exposure texture in a format or shape NR cannot read, so NR measures the brightness itself with its built-in meter. Nothing to change on your side.",
     "\xd0\x98\xd0\xb3\xd1\x80\xd0\xb0\xd1\x82\xd0\xb0 \xd0\xbf\xd0\xbe\xd0\xb4\xd0\xb0\xd0\xb2\xd0\xb0 \xd0\xbd\xd0\xb0 DLSS \xd1\x82\xd0\xb5\xd0\xba\xd1\x81\xd1\x82\xd1\x83\xd1\x80\xd0\xb0 \xd0\xb7\xd0\xb0 \xd0\xb5\xd0\xba\xd1\x81\xd0\xbf\xd0\xbe\xd0\xb7\xd0\xb8\xd1\x86\xd0\xb8\xd1\x8f \xd0\xb2\xd1\x8a\xd0\xb2 \xd1\x84\xd0\xbe\xd1\x80\xd0\xbc\xd0\xb0\xd1\x82 \xd0\xb8\xd0\xbb\xd0\xb8 \xd1\x84\xd0\xbe\xd1\x80\xd0\xbc\xd0\xb0, \xd0\xba\xd0\xbe\xd0\xb8\xd1\x82\xd0\xbe NR \xd0\xbd\xd0\xb5 \xd0\xbc\xd0\xbe\xd0\xb6\xd0\xb5 \xd0\xb4\xd0\xb0 \xd0\xbf\xd1\x80\xd0\xbe\xd1\x87\xd0\xb5\xd1\x82\xd0\xb5, \xd0\xb7\xd0\xb0\xd1\x82\xd0\xbe\xd0\xb2\xd0\xb0 NR \xd1\x81\xd0\xb0\xd0\xbc \xd0\xb8\xd0\xb7\xd0\xbc\xd0\xb5\xd1\x80\xd0\xb2\xd0\xb0 \xd1\x8f\xd1\x80\xd0\xba\xd0\xbe\xd1\x81\xd1\x82\xd1\x82\xd0\xb0 \xd1\x81 \xd0\xb2\xd0\xb3\xd1\x80\xd0\xb0\xd0\xb4\xd0\xb5\xd0\xbd\xd0\xb8\xd1\x8f \xd1\x81\xd0\xb8 \xd0\xb8\xd0\xb7\xd0\xbc\xd0\xb5\xd1\x80\xd0\xb2\xd0\xb0\xd1\x82\xd0\xb5\xd0\xbb. \xd0\x9e\xd1\x82 \xd0\xb2\xd0\xb0\xd1\x88\xd0\xb0 \xd1\x81\xd1\x82\xd1\x80\xd0\xb0\xd0\xbd\xd0\xb0 \xd0\xbd\xd1\x8f\xd0\xbc\xd0\xb0 \xd0\xbd\xd0\xb8\xd1\x89\xd0\xbe \xd0\xb7\xd0\xb0 \xd0\xbf\xd1\x80\xd0\xbe\xd0\xbc\xd1\x8f\xd0\xbd\xd0\xb0."},
    {"The GPU is short on video memory",
     "\xd0\x9d\xd0\xb0 GPU \xd0\xbd\xd0\xb5 \xd0\xbc\xd1\x83 \xd0\xb4\xd0\xbe\xd1\x81\xd1\x82\xd0\xb8\xd0\xb3\xd0\xb0 \xd0\xb2\xd0\xb8\xd0\xb4\xd0\xb5\xd0\xbe\xd0\xbf\xd0\xb0\xd0\xbc\xd0\xb5\xd1\x82"},
    {"The game and NR together use more video memory than Windows grants the game, so Windows moves some of it to system memory. Expect stutter and a lower frame rate.",
     "\xd0\x98\xd0\xb3\xd1\x80\xd0\xb0\xd1\x82\xd0\xb0 \xd0\xb8 NR \xd0\xb7\xd0\xb0\xd0\xb5\xd0\xb4\xd0\xbd\xd0\xbe \xd0\xb8\xd0\xb7\xd0\xbf\xd0\xbe\xd0\xbb\xd0\xb7\xd0\xb2\xd0\xb0\xd1\x82 \xd0\xbf\xd0\xbe\xd0\xb2\xd0\xb5\xd1\x87\xd0\xb5 \xd0\xb2\xd0\xb8\xd0\xb4\xd0\xb5\xd0\xbe\xd0\xbf\xd0\xb0\xd0\xbc\xd0\xb5\xd1\x82, \xd0\xbe\xd1\x82\xd0\xba\xd0\xbe\xd0\xbb\xd0\xba\xd0\xbe\xd1\x82\xd0\xbe Windows \xd0\xbe\xd1\x82\xd0\xbf\xd1\x83\xd1\x81\xd0\xba\xd0\xb0 \xd0\xbd\xd0\xb0 \xd0\xb8\xd0\xb3\xd1\x80\xd0\xb0\xd1\x82\xd0\xb0, \xd0\xb7\xd0\xb0\xd1\x82\xd0\xbe\xd0\xb2\xd0\xb0 Windows \xd0\xbf\xd1\x80\xd0\xb5\xd0\xbc\xd0\xb5\xd1\x81\xd1\x82\xd0\xb2\xd0\xb0 \xd1\x87\xd0\xb0\xd1\x81\xd1\x82 \xd0\xbe\xd1\x82 \xd0\xbd\xd0\xb5\xd1\x8f \xd0\xb2 \xd1\x81\xd0\xb8\xd1\x81\xd1\x82\xd0\xb5\xd0\xbc\xd0\xbd\xd0\xb0\xd1\x82\xd0\xb0 \xd0\xbf\xd0\xb0\xd0\xbc\xd0\xb5\xd1\x82. \xd0\x9e\xd1\x87\xd0\xb0\xd0\xba\xd0\xb2\xd0\xb0\xd0\xb9\xd1\x82\xd0\xb5 \xd0\xbd\xd0\xb0\xd0\xba\xd1\x8a\xd1\x81\xd0\xb2\xd0\xb0\xd0\xbd\xd0\xb5 \xd0\xb8 \xd0\xbf\xd0\xbe-\xd0\xbd\xd0\xb8\xd1\x81\xd0\xba\xd0\xb0 \xd0\xba\xd0\xb0\xd0\xb4\xd1\x80\xd0\xbe\xd0\xb2\xd0\xb0 \xd1\x87\xd0\xb5\xd1\x81\xd1\x82\xd0\xbe\xd1\x82\xd0\xb0."},
    {"Lower Resolution scale or Stack passes in NR, or texture quality in the game.",
     "\xd0\x9d\xd0\xb0\xd0\xbc\xd0\xb0\xd0\xbb\xd0\xb5\xd1\x82\xd0\xb5 \xc2\xab\xd0\x9c\xd0\xb0\xd1\x89\xd0\xb0\xd0\xb1 \xd0\xbd\xd0\xb0 \xd1\x80\xd0\xb5\xd0\xb7\xd0\xbe\xd0\xbb\xd1\x8e\xd1\x86\xd0\xb8\xd1\x8f\xd1\x82\xd0\xb0\xc2\xbb \xd0\xb8\xd0\xbb\xd0\xb8 \xc2\xab\xd0\x91\xd1\x80\xd0\xbe\xd0\xb9 \xd0\xbf\xd1\x80\xd0\xb5\xd0\xbc\xd0\xb8\xd0\xbd\xd0\xb0\xd0\xb2\xd0\xb0\xd0\xbd\xd0\xb8\xd1\x8f\xc2\xbb \xd0\xb2 NR, \xd0\xb8\xd0\xbb\xd0\xb8 \xd0\xba\xd0\xb0\xd1\x87\xd0\xb5\xd1\x81\xd1\x82\xd0\xb2\xd0\xbe\xd1\x82\xd0\xbe \xd0\xbd\xd0\xb0 \xd1\x82\xd0\xb5\xd0\xba\xd1\x81\xd1\x82\xd1\x83\xd1\x80\xd0\xb8\xd1\x82\xd0\xb5 \xd0\xb2 \xd0\xb8\xd0\xb3\xd1\x80\xd0\xb0\xd1\x82\xd0\xb0."},
    {"%.0f%% of the video memory budget in use",
     "\xd0\x98\xd0\xb7\xd0\xbf\xd0\xbe\xd0\xbb\xd0\xb7\xd0\xb2\xd0\xb0\xd0\xbd\xd0\xb8 \xd1\x81\xd0\xb0 %.0f%% \xd0\xbe\xd1\x82 \xd0\xb1\xd1\x8e\xd0\xb4\xd0\xb6\xd0\xb5\xd1\x82\xd0\xb0 \xd0\xb7\xd0\xb0 \xd0\xb2\xd0\xb8\xd0\xb4\xd0\xb5\xd0\xbe\xd0\xbf\xd0\xb0\xd0\xbc\xd0\xb5\xd1\x82"},
    {"Some ReShade.ini values could not be used as written",
     "\xd0\x9d\xd1\x8f\xd0\xba\xd0\xbe\xd0\xb8 \xd1\x81\xd1\x82\xd0\xbe\xd0\xb9\xd0\xbd\xd0\xbe\xd1\x81\xd1\x82\xd0\xb8 \xd0\xb2 ReShade.ini \xd0\xbd\xd0\xb5 \xd0\xbc\xd0\xbe\xd0\xb6\xd0\xb0\xd1\x85\xd0\xb0 \xd0\xb4\xd0\xb0 \xd0\xb1\xd1\x8a\xd0\xb4\xd0\xb0\xd1\x82 \xd0\xb8\xd0\xb7\xd0\xbf\xd0\xbe\xd0\xbb\xd0\xb7\xd0\xb2\xd0\xb0\xd0\xbd\xd0\xb8 \xd1\x82\xd0\xb0\xd0\xba\xd0\xb0, \xd0\xba\xd0\xb0\xd0\xba\xd1\x82\xd0\xbe \xd1\x81\xd0\xb0 \xd0\xb7\xd0\xb0\xd0\xbf\xd0\xb8\xd1\x81\xd0\xb0\xd0\xbd\xd0\xb8"},
    {"NR used the value shown instead of these values in [RenoDX.DLSS5]:",
     "\xd0\x92\xd0\xbc\xd0\xb5\xd1\x81\xd1\x82\xd0\xbe \xd1\x82\xd0\xb5\xd0\xb7\xd0\xb8 \xd1\x81\xd1\x82\xd0\xbe\xd0\xb9\xd0\xbd\xd0\xbe\xd1\x81\xd1\x82\xd0\xb8 \xd0\xb2 [RenoDX.DLSS5] NR \xd0\xb8\xd0\xb7\xd0\xbf\xd0\xbe\xd0\xbb\xd0\xb7\xd0\xb2\xd0\xb0 \xd0\xbf\xd0\xbe\xd0\xba\xd0\xb0\xd0\xb7\xd0\xb0\xd0\xbd\xd0\xb0\xd1\x82\xd0\xb0 \xd1\x81\xd1\x82\xd0\xbe\xd0\xb9\xd0\xbd\xd0\xbe\xd1\x81\xd1\x82:"},
    {"Write each value as a plain number (a switch as 0 or 1) inside its range, or reset it in this panel, then restart the game.",
     "\xd0\x97\xd0\xb0\xd0\xbf\xd0\xb8\xd1\x88\xd0\xb5\xd1\x82\xd0\xb5 \xd0\xb2\xd1\x81\xd1\x8f\xd0\xba\xd0\xb0 \xd1\x81\xd1\x82\xd0\xbe\xd0\xb9\xd0\xbd\xd0\xbe\xd1\x81\xd1\x82 \xd0\xba\xd0\xb0\xd1\x82\xd0\xbe \xd0\xbe\xd0\xb1\xd0\xb8\xd0\xba\xd0\xbd\xd0\xbe\xd0\xb2\xd0\xb5\xd0\xbd\xd0\xbe \xd1\x87\xd0\xb8\xd1\x81\xd0\xbb\xd0\xbe (\xd0\xbf\xd1\x80\xd0\xb5\xd0\xb2\xd0\xba\xd0\xbb\xd1\x8e\xd1\x87\xd0\xb2\xd0\xb0\xd1\x82\xd0\xb5\xd0\xbb \xd0\xba\xd0\xb0\xd1\x82\xd0\xbe 0 \xd0\xb8\xd0\xbb\xd0\xb8 1) \xd0\xb2 \xd0\xb4\xd0\xbe\xd0\xbf\xd1\x83\xd1\x81\xd1\x82\xd0\xb8\xd0\xbc\xd0\xb8\xd1\x8f \xd1\x9d \xd0\xb4\xd0\xb8\xd0\xb0\xd0\xbf\xd0\xb0\xd0\xb7\xd0\xbe\xd0\xbd \xd0\xb8\xd0\xbb\xd0\xb8 \xd1\x8f \xd0\xbd\xd1\x83\xd0\xbb\xd0\xb8\xd1\x80\xd0\xb0\xd0\xb9\xd1\x82\xd0\xb5 \xd0\xb2 \xd1\x82\xd0\xbe\xd0\xb7\xd0\xb8 \xd0\xbf\xd0\xb0\xd0\xbd\xd0\xb5\xd0\xbb, \xd0\xbf\xd0\xbe\xd1\x81\xd0\xbb\xd0\xb5 \xd1\x80\xd0\xb5\xd1\x81\xd1\x82\xd0\xb0\xd1\x80\xd1\x82\xd0\xb8\xd1\x80\xd0\xb0\xd0\xb9\xd1\x82\xd0\xb5 \xd0\xb8\xd0\xb3\xd1\x80\xd0\xb0\xd1\x82\xd0\xb0."},
    {"%.0f value(s)",
     "%.0f \xd1\x81\xd1\x82\xd0\xbe\xd0\xb9\xd0\xbd\xd0\xbe\xd1\x81\xd1\x82(\xd0\xb8)"},
    {"This add-on is loaded twice",
     "\xd0\xa2\xd0\xb0\xd0\xb7\xd0\xb8 \xd0\xb4\xd0\xbe\xd0\xb1\xd0\xb0\xd0\xb2\xd0\xba\xd0\xb0 \xd0\xb5 \xd0\xb7\xd0\xb0\xd1\x80\xd0\xb5\xd0\xb4\xd0\xb5\xd0\xbd\xd0\xb0 \xd0\xb4\xd0\xb2\xd0\xb0 \xd0\xbf\xd1\x8a\xd1\x82\xd0\xb8"},
    {"Another copy of this add-on runs in the same game, so Neural Rendering can be applied twice on each frame: stronger halos and darker edges.",
     "\xd0\x92 \xd1\x81\xd1\x8a\xd1\x89\xd0\xb0\xd1\x82\xd0\xb0 \xd0\xb8\xd0\xb3\xd1\x80\xd0\xb0 \xd1\x80\xd0\xb0\xd0\xb1\xd0\xbe\xd1\x82\xd0\xb8 \xd0\xb4\xd1\x80\xd1\x83\xd0\xb3\xd0\xbe \xd0\xba\xd0\xbe\xd0\xbf\xd0\xb8\xd0\xb5 \xd0\xbd\xd0\xb0 \xd1\x82\xd0\xb0\xd0\xb7\xd0\xb8 \xd0\xb4\xd0\xbe\xd0\xb1\xd0\xb0\xd0\xb2\xd0\xba\xd0\xb0, \xd0\xb7\xd0\xb0\xd1\x82\xd0\xbe\xd0\xb2\xd0\xb0 Neural Rendering \xd0\xbc\xd0\xbe\xd0\xb6\xd0\xb5 \xd0\xb4\xd0\xb0 \xd1\x81\xd0\xb5 \xd0\xbf\xd1\x80\xd0\xb8\xd0\xbb\xd0\xbe\xd0\xb6\xd0\xb8 \xd0\xb4\xd0\xb2\xd0\xb0 \xd0\xbf\xd1\x8a\xd1\x82\xd0\xb8 \xd0\xbd\xd0\xb0 \xd0\xb2\xd1\x81\xd0\xb5\xd0\xba\xd0\xb8 \xd0\xba\xd0\xb0\xd0\xb4\xd1\x8a\xd1\x80: \xd0\xbf\xd0\xbe-\xd1\x81\xd0\xb8\xd0\xbb\xd0\xbd\xd0\xb8 \xd0\xbe\xd1\x80\xd0\xb5\xd0\xbe\xd0\xbb\xd0\xb8 \xd0\xb8 \xd0\xbf\xd0\xbe-\xd1\x82\xd1\x8a\xd0\xbc\xd0\xbd\xd0\xb8 \xd1\x80\xd1\x8a\xd0\xb1\xd0\xbe\xd0\xb2\xd0\xb5."},
    {"Keep one DLSS5 .addon64 file in the game's folder, remove the others, and restart the game.",
     "\xd0\x9e\xd1\x81\xd1\x82\xd0\xb0\xd0\xb2\xd0\xb5\xd1\x82\xd0\xb5 \xd0\xb5\xd0\xb4\xd0\xb8\xd0\xbd DLSS5 .addon64 \xd1\x84\xd0\xb0\xd0\xb9\xd0\xbb \xd0\xb2 \xd0\xbf\xd0\xb0\xd0\xbf\xd0\xba\xd0\xb0\xd1\x82\xd0\xb0 \xd0\xbd\xd0\xb0 \xd0\xb8\xd0\xb3\xd1\x80\xd0\xb0\xd1\x82\xd0\xb0, \xd0\xbf\xd1\x80\xd0\xb5\xd0\xbc\xd0\xb0\xd1\x85\xd0\xbd\xd0\xb5\xd1\x82\xd0\xb5 \xd0\xbe\xd1\x81\xd1\x82\xd0\xb0\xd0\xbd\xd0\xb0\xd0\xbb\xd0\xb8\xd1\x82\xd0\xb5 \xd0\xb8 \xd1\x80\xd0\xb5\xd1\x81\xd1\x82\xd0\xb0\xd1\x80\xd1\x82\xd0\xb8\xd1\x80\xd0\xb0\xd0\xb9\xd1\x82\xd0\xb5 \xd0\xb8\xd0\xb3\xd1\x80\xd0\xb0\xd1\x82\xd0\xb0."},
    {"%.0f other copy loaded",
     "\xd0\x97\xd0\xb0\xd1\x80\xd0\xb5\xd0\xb4\xd0\xb5\xd0\xbd\xd0\xb8 \xd0\xb4\xd1\x80\xd1\x83\xd0\xb3\xd0\xb8 \xd0\xba\xd0\xbe\xd0\xbf\xd0\xb8\xd1\x8f: %.0f"},
    {"Something failed inside the mod and was contained",
     "\xd0\x9d\xd0\xb5\xd1\x89\xd0\xbe \xd0\xb2 \xd0\xbc\xd0\xbe\xd0\xb4\xd0\xb0 \xd1\x81\xd0\xb5 \xd0\xbf\xd1\x80\xd0\xbe\xd0\xb2\xd0\xb0\xd0\xbb\xd0\xb8 \xd0\xb8 \xd0\xb1\xd0\xb5\xd1\x88\xd0\xb5 \xd0\xbe\xd0\xb2\xd0\xbb\xd0\xb0\xd0\xb4\xd1\x8f\xd0\xbd\xd0\xbe"},
    {"An error inside one of the mod's hooks was caught before it could reach the game. The frame it happened on may have kept the game's own image.",
     "\xd0\x93\xd1\x80\xd0\xb5\xd1\x88\xd0\xba\xd0\xb0 \xd0\xb2 \xd0\xb5\xd0\xb4\xd0\xbd\xd0\xb0 \xd0\xbe\xd1\x82 \xd0\xba\xd1\x83\xd0\xba\xd0\xb8\xd1\x82\xd0\xb5 \xd0\xbd\xd0\xb0 \xd0\xbc\xd0\xbe\xd0\xb4\xd0\xb0 \xd0\xb1\xd0\xb5\xd1\x88\xd0\xb5 \xd0\xbf\xd1\x80\xd0\xb8\xd1\x85\xd0\xb2\xd0\xb0\xd0\xbd\xd0\xb0\xd1\x82\xd0\xb0, \xd0\xbf\xd1\x80\xd0\xb5\xd0\xb4\xd0\xb8 \xd0\xb4\xd0\xb0 \xd0\xb4\xd0\xbe\xd1\x81\xd1\x82\xd0\xb8\xd0\xb3\xd0\xbd\xd0\xb5 \xd0\xb4\xd0\xbe \xd0\xb8\xd0\xb3\xd1\x80\xd0\xb0\xd1\x82\xd0\xb0. \xd0\x9a\xd0\xb0\xd0\xb4\xd1\x8a\xd1\x80\xd1\x8a\xd1\x82, \xd0\xb2 \xd0\xba\xd0\xbe\xd0\xb9\xd1\x82\xd0\xbe \xd1\x81\xd0\xb5 \xd1\x81\xd0\xbb\xd1\x83\xd1\x87\xd0\xb8, \xd0\xbc\xd0\xbe\xd0\xb6\xd0\xb5 \xd0\xb4\xd0\xb0 \xd0\xb5 \xd0\xb7\xd0\xb0\xd0\xbf\xd0\xb0\xd0\xb7\xd0\xb8\xd0\xbb \xd1\x81\xd0\xbe\xd0\xb1\xd1\x81\xd1\x82\xd0\xb2\xd0\xb5\xd0\xbd\xd0\xbe\xd1\x82\xd0\xbe \xd0\xb8\xd0\xb7\xd0\xbe\xd0\xb1\xd1\x80\xd0\xb0\xd0\xb6\xd0\xb5\xd0\xbd\xd0\xb8\xd0\xb5 \xd0\xbd\xd0\xb0 \xd0\xb8\xd0\xb3\xd1\x80\xd0\xb0\xd1\x82\xd0\xb0."},
    {"%.0f error(s) caught",
     "\xd0\x9f\xd1\x80\xd0\xb8\xd1\x85\xd0\xb2\xd0\xb0\xd0\xbd\xd0\xb0\xd1\x82\xd0\xb8 \xd0\xb3\xd1\x80\xd0\xb5\xd1\x88\xd0\xba\xd0\xb8: %.0f"},
    {"Some of the game's DLSS calls bypass NR",
     "\xd0\x9d\xd1\x8f\xd0\xba\xd0\xbe\xd0\xb8 DLSS \xd0\xb8\xd0\xb7\xd0\xb2\xd0\xb8\xd0\xba\xd0\xb2\xd0\xb0\xd0\xbd\xd0\xb8\xd1\x8f \xd0\xbd\xd0\xb0 \xd0\xb8\xd0\xb3\xd1\x80\xd0\xb0\xd1\x82\xd0\xb0 \xd0\xb7\xd0\xb0\xd0\xbe\xd0\xb1\xd0\xb8\xd0\xba\xd0\xb0\xd0\xbb\xd1\x8f\xd1\x82 NR"},
    {"NR could not attach to every copy of NVIDIA's DLSS library the game loaded (too many copies, or functions it could not hook), so DLSS calls through those copies run without NR.",
     "NR \xd0\xbd\xd0\xb5 \xd0\xbc\xd0\xbe\xd0\xb6\xd0\xb0 \xd0\xb4\xd0\xb0 \xd1\x81\xd0\xb5 \xd0\xb7\xd0\xb0\xd0\xba\xd0\xb0\xd1\x87\xd0\xb8 \xd0\xba\xd1\x8a\xd0\xbc \xd0\xb2\xd1\x81\xd1\x8f\xd0\xba\xd0\xbe \xd0\xba\xd0\xbe\xd0\xbf\xd0\xb8\xd0\xb5 \xd0\xbd\xd0\xb0 DLSS \xd0\xb1\xd0\xb8\xd0\xb1\xd0\xbb\xd0\xb8\xd0\xbe\xd1\x82\xd0\xb5\xd0\xba\xd0\xb0\xd1\x82\xd0\xb0 \xd0\xbd\xd0\xb0 NVIDIA, \xd0\xb7\xd0\xb0\xd1\x80\xd0\xb5\xd0\xb4\xd0\xb5\xd0\xbd\xd0\xbe \xd0\xbe\xd1\x82 \xd0\xb8\xd0\xb3\xd1\x80\xd0\xb0\xd1\x82\xd0\xb0 (\xd1\x82\xd0\xb2\xd1\x8a\xd1\x80\xd0\xb4\xd0\xb5 \xd0\xbc\xd0\xbd\xd0\xbe\xd0\xb3\xd0\xbe \xd0\xba\xd0\xbe\xd0\xbf\xd0\xb8\xd1\x8f \xd0\xb8\xd0\xbb\xd0\xb8 \xd1\x84\xd1\x83\xd0\xbd\xd0\xba\xd1\x86\xd0\xb8\xd0\xb8, \xd0\xbd\xd0\xb0 \xd0\xba\xd0\xbe\xd0\xb8\xd1\x82\xd0\xbe \xd0\xbd\xd0\xb5 \xd0\xbc\xd0\xbe\xd0\xb6\xd0\xb5 \xd0\xb4\xd0\xb0 \xd0\xbf\xd0\xbe\xd1\x81\xd1\x82\xd0\xb0\xd0\xb2\xd0\xb8 \xd0\xba\xd1\x83\xd0\xba\xd0\xb0), \xd0\xb7\xd0\xb0\xd1\x82\xd0\xbe\xd0\xb2\xd0\xb0 DLSS \xd0\xb8\xd0\xb7\xd0\xb2\xd0\xb8\xd0\xba\xd0\xb2\xd0\xb0\xd0\xbd\xd0\xb8\xd1\x8f\xd1\x82\xd0\xb0 \xd0\xbf\xd1\x80\xd0\xb5\xd0\xb7 \xd1\x82\xd0\xb5\xd0\xb7\xd0\xb8 \xd0\xba\xd0\xbe\xd0\xbf\xd0\xb8\xd1\x8f \xd0\xbc\xd0\xb8\xd0\xbd\xd0\xb0\xd0\xb2\xd0\xb0\xd1\x82 \xd0\xb1\xd0\xb5\xd0\xb7 NR."},
    {"%.0f library copies not fully hooked",
     "\xd0\x9d\xd0\xb5\xd0\xbf\xd1\x8a\xd0\xbb\xd0\xbd\xd0\xbe \xd0\xb7\xd0\xb0\xd0\xba\xd0\xb0\xd1\x87\xd0\xb5\xd0\xbd\xd0\xb8 \xd0\xba\xd0\xbe\xd0\xbf\xd0\xb8\xd1\x8f \xd0\xbd\xd0\xb0 \xd0\xb1\xd0\xb8\xd0\xb1\xd0\xbb\xd0\xb8\xd0\xbe\xd1\x82\xd0\xb5\xd0\xba\xd0\xb0\xd1\x82\xd0\xb0: %.0f"},
    {"NR can't hook this game's Streamline version",
     "NR \xd0\xbd\xd0\xb5 \xd0\xbc\xd0\xbe\xd0\xb6\xd0\xb5 \xd0\xb4\xd0\xb0 \xd1\x81\xd0\xb5 \xd0\xb7\xd0\xb0\xd0\xba\xd0\xb0\xd1\x87\xd0\xb8 \xd0\xba\xd1\x8a\xd0\xbc \xd0\xb2\xd0\xb5\xd1\x80\xd1\x81\xd0\xb8\xd1\x8f\xd1\x82\xd0\xb0 \xd0\xbd\xd0\xb0 Streamline \xd0\xb2 \xd1\x82\xd0\xb0\xd0\xb7\xd0\xb8 \xd0\xb8\xd0\xb3\xd1\x80\xd0\xb0"},
    {"The game loads NVIDIA Streamline, but not a version NR can attach to, so NR reaches the game's DLSS through NVIDIA's NGX library only. EnableHooks=1 does not change this.",
     "\xd0\x98\xd0\xb3\xd1\x80\xd0\xb0\xd1\x82\xd0\xb0 \xd0\xb7\xd0\xb0\xd1\x80\xd0\xb5\xd0\xb6\xd0\xb4\xd0\xb0 NVIDIA Streamline, \xd0\xbd\xd0\xbe \xd0\xb2\xd1\x8a\xd0\xb2 \xd0\xb2\xd0\xb5\xd1\x80\xd1\x81\xd0\xb8\xd1\x8f, \xd0\xba\xd1\x8a\xd0\xbc \xd0\xba\xd0\xbe\xd1\x8f\xd1\x82\xd0\xbe NR \xd0\xbd\xd0\xb5 \xd0\xbc\xd0\xbe\xd0\xb6\xd0\xb5 \xd0\xb4\xd0\xb0 \xd1\x81\xd0\xb5 \xd0\xb7\xd0\xb0\xd0\xba\xd0\xb0\xd1\x87\xd0\xb8, \xd0\xb7\xd0\xb0\xd1\x82\xd0\xbe\xd0\xb2\xd0\xb0 NR \xd0\xb4\xd0\xbe\xd1\x81\xd1\x82\xd0\xb8\xd0\xb3\xd0\xb0 \xd0\xb4\xd0\xbe DLSS \xd0\xbd\xd0\xb0 \xd0\xb8\xd0\xb3\xd1\x80\xd0\xb0\xd1\x82\xd0\xb0 \xd1\x81\xd0\xb0\xd0\xbc\xd0\xbe \xd0\xbf\xd1\x80\xd0\xb5\xd0\xb7 NGX \xd0\xb1\xd0\xb8\xd0\xb1\xd0\xbb\xd0\xb8\xd0\xbe\xd1\x82\xd0\xb5\xd0\xba\xd0\xb0\xd1\x82\xd0\xb0 \xd0\xbd\xd0\xb0 NVIDIA. EnableHooks=1 \xd0\xbd\xd0\xb5 \xd0\xbf\xd1\x80\xd0\xbe\xd0\xbc\xd0\xb5\xd0\xbd\xd1\x8f \xd1\x82\xd0\xbe\xd0\xb2\xd0\xb0."},
    {"%.0f Streamline module(s) not hooked",
     "\xd0\x9d\xd0\xb5\xd0\xb7\xd0\xb0\xd0\xba\xd0\xb0\xd1\x87\xd0\xb5\xd0\xbd\xd0\xb8 \xd0\xbc\xd0\xbe\xd0\xb4\xd1\x83\xd0\xbb\xd0\xb8 \xd0\xbd\xd0\xb0 Streamline: %.0f"},
    {"NR's overlay controls are paused",
     "\xd0\x9a\xd0\xbe\xd0\xbd\xd1\x82\xd1\x80\xd0\xbe\xd0\xbb\xd0\xb8\xd1\x82\xd0\xb5 \xd0\xbd\xd0\xb0 NR \xd0\xb2 \xd0\xbe\xd0\xb2\xd0\xb5\xd1\x80\xd0\xbb\xd0\xb5\xd1\x8f \xd1\x81\xd0\xb0 \xd0\xbd\xd0\xb0 \xd0\xbf\xd0\xb0\xd1\x83\xd0\xb7\xd0\xb0"},
    {"The game has a second window or swap chain open, so the status HUD, the overlay hotkeys and the window dock keep their current state until it closes.",
     "\xd0\x98\xd0\xb3\xd1\x80\xd0\xb0\xd1\x82\xd0\xb0 \xd0\xb8\xd0\xbc\xd0\xb0 \xd0\xbe\xd1\x82\xd0\xb2\xd0\xbe\xd1\x80\xd0\xb5\xd0\xbd \xd0\xb2\xd1\x82\xd0\xbe\xd1\x80\xd0\xb8 \xd0\xbf\xd1\x80\xd0\xbe\xd0\xb7\xd0\xbe\xd1\x80\xd0\xb5\xd1\x86 \xd0\xb8\xd0\xbb\xd0\xb8 swapchain, \xd0\xb7\xd0\xb0\xd1\x82\xd0\xbe\xd0\xb2\xd0\xb0 HUD \xd0\xb7\xd0\xb0 \xd1\x81\xd1\x8a\xd1\x81\xd1\x82\xd0\xbe\xd1\x8f\xd0\xbd\xd0\xb8\xd0\xb5\xd1\x82\xd0\xbe, \xd0\xba\xd0\xbb\xd0\xb0\xd0\xb2\xd0\xb8\xd1\x88\xd0\xb8\xd1\x82\xd0\xb5 \xd0\xbd\xd0\xb0 \xd0\xbe\xd0\xb2\xd0\xb5\xd1\x80\xd0\xbb\xd0\xb5\xd1\x8f \xd0\xb8 \xd0\xbf\xd1\x80\xd0\xb8\xd0\xba\xd0\xb0\xd1\x87\xd0\xb2\xd0\xb0\xd0\xbd\xd0\xb5\xd1\x82\xd0\xbe \xd0\xbd\xd0\xb0 \xd0\xbf\xd1\x80\xd0\xbe\xd0\xb7\xd0\xbe\xd1\x80\xd0\xb5\xd1\x86\xd0\xb0 \xd0\xb7\xd0\xb0\xd0\xbf\xd0\xb0\xd0\xb7\xd0\xb2\xd0\xb0\xd1\x82 \xd1\x82\xd0\xb5\xd0\xba\xd1\x83\xd1\x89\xd0\xbe\xd1\x82\xd0\xbe \xd1\x81\xd0\xb8 \xd1\x81\xd1\x8a\xd1\x81\xd1\x82\xd0\xbe\xd1\x8f\xd0\xbd\xd0\xb8\xd0\xb5, \xd0\xb4\xd0\xbe\xd0\xba\xd0\xb0\xd1\x82\xd0\xbe \xd1\x82\xd0\xbe\xd0\xb9 \xd0\xbd\xd0\xb5 \xd1\x81\xd0\xb5 \xd0\xb7\xd0\xb0\xd1\x82\xd0\xb2\xd0\xbe\xd1\x80\xd0\xb8."},
    {"%.0f frames with the controls paused",
     "\xd0\x9a\xd0\xb0\xd0\xb4\xd1\x80\xd0\xb8 \xd1\x81 \xd0\xba\xd0\xbe\xd0\xbd\xd1\x82\xd1\x80\xd0\xbe\xd0\xbb\xd0\xb8 \xd0\xbd\xd0\xb0 \xd0\xbf\xd0\xb0\xd1\x83\xd0\xb7\xd0\xb0: %.0f"},
    {"The stabilizer keeps restarting",
     "\xd0\xa1\xd1\x82\xd0\xb0\xd0\xb1\xd0\xb8\xd0\xbb\xd0\xb8\xd0\xb7\xd0\xb0\xd1\x82\xd0\xbe\xd1\x80\xd1\x8a\xd1\x82 \xd0\xbd\xd0\xb5\xd0\xbf\xd1\x80\xd0\xb5\xd0\xba\xd1\x8a\xd1\x81\xd0\xbd\xd0\xb0\xd1\x82\xd0\xbe \xd1\x81\xd0\xb5 \xd1\x80\xd0\xb5\xd1\x81\xd1\x82\xd0\xb0\xd1\x80\xd1\x82\xd0\xb8\xd1\x80\xd0\xb0"},
    {"Stabilize starts over whenever the game resets DLSS (a camera cut) or a frame takes very long. That happens often here, so Stabilize has little effect. Nothing to change on your side.",
     "\xc2\xab\xd0\xa1\xd1\x82\xd0\xb0\xd0\xb1\xd0\xb8\xd0\xbb\xd0\xb8\xd0\xb7\xd0\xb8\xd1\x80\xd0\xb0\xd0\xbd\xd0\xb5\xc2\xbb \xd0\xb7\xd0\xb0\xd0\xbf\xd0\xbe\xd1\x87\xd0\xb2\xd0\xb0 \xd0\xbe\xd1\x82\xd0\xbd\xd0\xb0\xd1\x87\xd0\xb0\xd0\xbb\xd0\xbe \xd0\xb2\xd1\x81\xd0\xb5\xd0\xba\xd0\xb8 \xd0\xbf\xd1\x8a\xd1\x82, \xd0\xba\xd0\xbe\xd0\xb3\xd0\xb0\xd1\x82\xd0\xbe \xd0\xb8\xd0\xb3\xd1\x80\xd0\xb0\xd1\x82\xd0\xb0 \xd0\xbd\xd1\x83\xd0\xbb\xd0\xb8\xd1\x80\xd0\xb0 DLSS (\xd1\x80\xd1\x8f\xd0\xb7\xd0\xba\xd0\xb0 \xd1\x81\xd0\xbc\xd1\x8f\xd0\xbd\xd0\xb0 \xd0\xbd\xd0\xb0 \xd0\xba\xd0\xb0\xd0\xbc\xd0\xb5\xd1\x80\xd0\xb0\xd1\x82\xd0\xb0) \xd0\xb8\xd0\xbb\xd0\xb8 \xd0\xba\xd0\xb0\xd0\xb4\xd1\x8a\xd1\x80 \xd0\xbe\xd1\x82\xd0\xbd\xd0\xb5\xd0\xbc\xd0\xb5 \xd0\xbc\xd0\xbd\xd0\xbe\xd0\xb3\xd0\xbe \xd0\xb2\xd1\x80\xd0\xb5\xd0\xbc\xd0\xb5. \xd0\xa2\xd1\x83\xd0\xba \xd1\x82\xd0\xbe\xd0\xb2\xd0\xb0 \xd1\x81\xd0\xb5 \xd1\x81\xd0\xbb\xd1\x83\xd1\x87\xd0\xb2\xd0\xb0 \xd1\x87\xd0\xb5\xd1\x81\xd1\x82\xd0\xbe, \xd0\xb7\xd0\xb0\xd1\x82\xd0\xbe\xd0\xb2\xd0\xb0 \xc2\xab\xd0\xa1\xd1\x82\xd0\xb0\xd0\xb1\xd0\xb8\xd0\xbb\xd0\xb8\xd0\xb7\xd0\xb8\xd1\x80\xd0\xb0\xd0\xbd\xd0\xb5\xc2\xbb \xd0\xb8\xd0\xbc\xd0\xb0 \xd1\x81\xd0\xbb\xd0\xb0\xd0\xb1 \xd0\xb5\xd1\x84\xd0\xb5\xd0\xba\xd1\x82. \xd0\x9e\xd1\x82 \xd0\xb2\xd0\xb0\xd1\x88\xd0\xb0 \xd1\x81\xd1\x82\xd1\x80\xd0\xb0\xd0\xbd\xd0\xb0 \xd0\xbd\xd1\x8f\xd0\xbc\xd0\xb0 \xd0\xbd\xd0\xb8\xd1\x89\xd0\xbe \xd0\xb7\xd0\xb0 \xd0\xbf\xd1\x80\xd0\xbe\xd0\xbc\xd1\x8f\xd0\xbd\xd0\xb0."},
    {"%.0f%% of stabilized frames restarted",
     "%.0f%% \xd0\xbe\xd1\x82 \xd1\x81\xd1\x82\xd0\xb0\xd0\xb1\xd0\xb8\xd0\xbb\xd0\xb8\xd0\xb7\xd0\xb8\xd1\x80\xd0\xb0\xd0\xbd\xd0\xb8\xd1\x82\xd0\xb5 \xd0\xba\xd0\xb0\xd0\xb4\xd1\x80\xd0\xb8 \xd0\xb7\xd0\xb0\xd0\xbf\xd0\xbe\xd1\x87\xd0\xbd\xd0\xb0\xd1\x85\xd0\xb0 \xd0\xbe\xd1\x82\xd0\xbd\xd0\xb0\xd1\x87\xd0\xb0\xd0\xbb\xd0\xbe"},
    {"NR is holding video memory until the game closes",
     "NR \xd0\xb7\xd0\xb0\xd0\xb4\xd1\x8a\xd1\x80\xd0\xb6\xd0\xb0 \xd0\xb2\xd0\xb8\xd0\xb4\xd0\xb5\xd0\xbe\xd0\xbf\xd0\xb0\xd0\xbc\xd0\xb5\xd1\x82 \xd0\xb4\xd0\xbe \xd0\xb7\xd0\xb0\xd1\x82\xd0\xb2\xd0\xb0\xd1\x80\xd1\x8f\xd0\xbd\xd0\xb5 \xd0\xbd\xd0\xb0 \xd0\xb8\xd0\xb3\xd1\x80\xd0\xb0\xd1\x82\xd0\xb0"},
    {"The GPU never confirmed it had finished with memory NR retired, so NR keeps that memory until the game exits rather than risk freeing it too early.",
     "GPU \xd1\x82\xd0\xb0\xd0\xba\xd0\xb0 \xd0\xb8 \xd0\xbd\xd0\xb5 \xd0\xbf\xd0\xbe\xd1\x82\xd0\xb2\xd1\x8a\xd1\x80\xd0\xb4\xd0\xb8, \xd1\x87\xd0\xb5 \xd0\xb5 \xd0\xbf\xd1\x80\xd0\xb8\xd0\xba\xd0\xbb\xd1\x8e\xd1\x87\xd0\xb8\xd0\xbb \xd1\x81 \xd0\xbf\xd0\xb0\xd0\xbc\xd0\xb5\xd1\x82\xd1\x82\xd0\xb0, \xd0\xba\xd0\xbe\xd1\x8f\xd1\x82\xd0\xbe NR \xd1\x81\xd0\xbf\xd1\x80\xd1\x8f \xd0\xb4\xd0\xb0 \xd0\xb8\xd0\xb7\xd0\xbf\xd0\xbe\xd0\xbb\xd0\xb7\xd0\xb2\xd0\xb0, \xd0\xb7\xd0\xb0\xd1\x82\xd0\xbe\xd0\xb2\xd0\xb0 NR \xd0\xb7\xd0\xb0\xd0\xb4\xd1\x8a\xd1\x80\xd0\xb6\xd0\xb0 \xd1\x82\xd0\xb0\xd0\xb7\xd0\xb8 \xd0\xbf\xd0\xb0\xd0\xbc\xd0\xb5\xd1\x82 \xd0\xb4\xd0\xbe \xd0\xb8\xd0\xb7\xd1\x85\xd0\xbe\xd0\xb4\xd0\xb0 \xd0\xbe\xd1\x82 \xd0\xb8\xd0\xb3\xd1\x80\xd0\xb0\xd1\x82\xd0\xb0, \xd0\xb2\xd0\xbc\xd0\xb5\xd1\x81\xd1\x82\xd0\xbe \xd0\xb4\xd0\xb0 \xd1\x80\xd0\xb8\xd1\x81\xd0\xba\xd1\x83\xd0\xb2\xd0\xb0 \xd0\xb4\xd0\xb0 \xd1\x8f \xd0\xbe\xd1\x81\xd0\xb2\xd0\xbe\xd0\xb1\xd0\xbe\xd0\xb4\xd0\xb8 \xd1\x82\xd0\xb2\xd1\x8a\xd1\x80\xd0\xb4\xd0\xb5 \xd1\x80\xd0\xb0\xd0\xbd\xd0\xbe."},
    {"%.0f MiB held",
     "\xd0\x97\xd0\xb0\xd0\xb4\xd1\x8a\xd1\x80\xd0\xb6\xd0\xb0\xd0\xbd\xd0\xb8 %.0f MiB"},
    {"Flicker or boiling",
     "\xd0\xa2\xd1\x80\xd0\xb5\xd0\xbf\xd1\x82\xd0\xb5\xd0\xbd\xd0\xb5 \xd0\xb8\xd0\xbb\xd0\xb8 \xd0\xba\xd0\xb8\xd0\xbf\xd0\xb5\xd0\xbd\xd0\xb5"},
    {"Wrong colours",
     "\xd0\x93\xd1\x80\xd0\xb5\xd1\x88\xd0\xbd\xd0\xb8 \xd1\x86\xd0\xb2\xd0\xb5\xd1\x82\xd0\xbe\xd0\xb2\xd0\xb5"},
    {"Crash or freeze",
     "\xd0\xa1\xd1\x80\xd0\xb8\xd0\xb2 \xd0\xb8\xd0\xbb\xd0\xb8 \xd0\xb7\xd0\xb0\xd0\xbc\xd1\x80\xd1\x8a\xd0\xb7\xd0\xb2\xd0\xb0\xd0\xbd\xd0\xb5"},
    {"Low fps",
     "\xd0\x9d\xd0\xb8\xd1\x81\xd1\x8a\xd0\xba fps"},
    {"NR not working",
     "NR \xd0\xbd\xd0\xb5 \xd1\x80\xd0\xb0\xd0\xb1\xd0\xbe\xd1\x82\xd0\xb8"},
    {"Something else",
     "\xd0\x9d\xd0\xb5\xd1\x89\xd0\xbe \xd0\xb4\xd1\x80\xd1\x83\xd0\xb3\xd0\xbe"},
    {"Support report",
     "\xd0\x9e\xd1\x82\xd1\x87\xd0\xb5\xd1\x82 \xd0\xb7\xd0\xb0 \xd0\xbf\xd0\xbe\xd0\xb4\xd0\xb4\xd1\x80\xd1\x8a\xd0\xb6\xd0\xba\xd0\xb0"},
    {"ReShade log",
     "\xd0\x9b\xd0\xbe\xd0\xb3 \xd0\xbd\xd0\xb0 ReShade"},
    {"ReShade settings (ReShade.ini)",
     "\xd0\x9d\xd0\xb0\xd1\x81\xd1\x82\xd1\x80\xd0\xbe\xd0\xb9\xd0\xba\xd0\xb8 \xd0\xbd\xd0\xb0 ReShade (ReShade.ini)"},
    {"Crash log (RenoDX-DLSS5)",
     "\xd0\x9b\xd0\xbe\xd0\xb3 \xd0\xbd\xd0\xb0 \xd1\x81\xd1\x80\xd0\xb8\xd0\xb2\xd0\xbe\xd0\xb2\xd0\xb5\xd1\x82\xd0\xb5 (RenoDX-DLSS5)"},
    {"Model output diagnostic",
     "\xd0\x94\xd0\xb8\xd0\xb0\xd0\xb3\xd0\xbd\xd0\xbe\xd1\x81\xd1\x82\xd0\xb8\xd0\xba\xd0\xb0 \xd0\xbd\xd0\xb0 \xd0\xb8\xd0\xb7\xd1\x85\xd0\xbe\xd0\xb4\xd0\xb0 \xd0\xbd\xd0\xb0 \xd0\xbc\xd0\xbe\xd0\xb4\xd0\xb5\xd0\xbb\xd0\xb0"},
    {"Screenshot, NR on",
     "\xd0\xa1\xd0\xbd\xd0\xb8\xd0\xbc\xd0\xba\xd0\xb0 \xd0\xbd\xd0\xb0 \xd0\xb5\xd0\xba\xd1\x80\xd0\xb0\xd0\xbd\xd0\xb0, NR \xd0\xb2\xd0\xba\xd0\xbb."},
    {"Model input diagnostic",
     "\xd0\x94\xd0\xb8\xd0\xb0\xd0\xb3\xd0\xbd\xd0\xbe\xd1\x81\xd1\x82\xd0\xb8\xd0\xba\xd0\xb0 \xd0\xbd\xd0\xb0 \xd0\xb2\xd1\x85\xd0\xbe\xd0\xb4\xd0\xb0 \xd0\xbd\xd0\xb0 \xd0\xbc\xd0\xbe\xd0\xb4\xd0\xb5\xd0\xbb\xd0\xb0"},
    {"Screenshot, NR off",
     "\xd0\xa1\xd0\xbd\xd0\xb8\xd0\xbc\xd0\xba\xd0\xb0 \xd0\xbd\xd0\xb0 \xd0\xb5\xd0\xba\xd1\x80\xd0\xb0\xd0\xbd\xd0\xb0, NR \xd0\xb8\xd0\xb7\xd0\xba\xd0\xbb."},
    {"Capture details",
     "\xd0\x9f\xd0\xbe\xd0\xb4\xd1\x80\xd0\xbe\xd0\xb1\xd0\xbd\xd0\xbe\xd1\x81\xd1\x82\xd0\xb8 \xd0\xb7\xd0\xb0 \xd1\x81\xd0\xbd\xd0\xb8\xd0\xbc\xd0\xba\xd0\xb0\xd1\x82\xd0\xb0"},
    {"Summary: version, status, settings, GPU and driver",
     "\xd0\x9e\xd0\xb1\xd0\xbe\xd0\xb1\xd1\x89\xd0\xb5\xd0\xbd\xd0\xb8\xd0\xb5: \xd0\xb2\xd0\xb5\xd1\x80\xd1\x81\xd0\xb8\xd1\x8f, \xd1\x81\xd1\x8a\xd1\x81\xd1\x82\xd0\xbe\xd1\x8f\xd0\xbd\xd0\xb8\xd0\xb5, \xd0\xbd\xd0\xb0\xd1\x81\xd1\x82\xd1\x80\xd0\xbe\xd0\xb9\xd0\xba\xd0\xb8, GPU \xd0\xb8 \xd0\xb4\xd1\x80\xd0\xb0\xd0\xb9\xd0\xb2\xd0\xb5\xd1\x80"},
    {"Capture taken.",
     "\xd0\xa1\xd0\xbd\xd0\xb8\xd0\xbc\xd0\xba\xd0\xb0\xd1\x82\xd0\xb0 \xd0\xb5 \xd0\xbd\xd0\xb0\xd0\xbf\xd1\x80\xd0\xb0\xd0\xb2\xd0\xb5\xd0\xbd\xd0\xb0."},
    {"No capture: this API or presentation path does not support an exact final-frame comparison yet.",
     "\xd0\x9d\xd1\x8f\xd0\xbc\xd0\xb0 \xd1\x81\xd0\xbd\xd0\xb8\xd0\xbc\xd0\xba\xd0\xb0: \xd1\x82\xd0\xbe\xd0\xb7\xd0\xb8 API \xd0\xb8\xd0\xbb\xd0\xb8 \xd0\xbf\xd1\x8a\xd1\x82 \xd0\xbd\xd0\xb0 \xd0\xb8\xd0\xb7\xd0\xb2\xd0\xb5\xd0\xb6\xd0\xb4\xd0\xb0\xd0\xbd\xd0\xb5 \xd0\xbe\xd1\x89\xd0\xb5 \xd0\xbd\xd0\xb5 \xd0\xbf\xd0\xbe\xd0\xb4\xd0\xb4\xd1\x8a\xd1\x80\xd0\xb6\xd0\xb0 \xd1\x82\xd0\xbe\xd1\x87\xd0\xbd\xd0\xbe \xd1\x81\xd1\x80\xd0\xb0\xd0\xb2\xd0\xbd\xd0\xb5\xd0\xbd\xd0\xb8\xd0\xb5 \xd0\xbd\xd0\xb0 \xd0\xba\xd1\x80\xd0\xb0\xd0\xb9\xd0\xbd\xd0\xb8\xd1\x8f \xd0\xba\xd0\xb0\xd0\xb4\xd1\x8a\xd1\x80."},
    {"No capture: model-buffer readback is unavailable on this path; use the game's screenshot function for the displayed image.",
     "\xd0\x9d\xd1\x8f\xd0\xbc\xd0\xb0 \xd1\x81\xd0\xbd\xd0\xb8\xd0\xbc\xd0\xba\xd0\xb0: \xd1\x87\xd0\xb5\xd1\x82\xd0\xb5\xd0\xbd\xd0\xb5\xd1\x82\xd0\xbe \xd0\xbd\xd0\xb0 \xd0\xb1\xd1\x83\xd1\x84\xd0\xb5\xd1\x80\xd0\xb8\xd1\x82\xd0\xb5 \xd0\xbd\xd0\xb0 \xd0\xbc\xd0\xbe\xd0\xb4\xd0\xb5\xd0\xbb\xd0\xb0 \xd0\xbd\xd0\xb5 \xd0\xb5 \xd0\xb4\xd0\xbe\xd1\x81\xd1\x82\xd1\x8a\xd0\xbf\xd0\xbd\xd0\xbe \xd0\xbf\xd0\xbe \xd1\x82\xd0\xbe\xd0\xb7\xd0\xb8 \xd0\xbf\xd1\x8a\xd1\x82; \xd0\xb7\xd0\xb0 \xd0\xbf\xd0\xbe\xd0\xba\xd0\xb0\xd0\xb7\xd0\xb0\xd0\xbd\xd0\xbe\xd1\x82\xd0\xbe \xd0\xb8\xd0\xb7\xd0\xbe\xd0\xb1\xd1\x80\xd0\xb0\xd0\xb6\xd0\xb5\xd0\xbd\xd0\xb8\xd0\xb5 \xd0\xb8\xd0\xb7\xd0\xbf\xd0\xbe\xd0\xbb\xd0\xb7\xd0\xb2\xd0\xb0\xd0\xb9\xd1\x82\xd0\xb5 \xd1\x84\xd1\x83\xd0\xbd\xd0\xba\xd1\x86\xd0\xb8\xd1\x8f\xd1\x82\xd0\xb0 \xd0\xb7\xd0\xb0 \xd1\x81\xd0\xbd\xd0\xb8\xd0\xbc\xd0\xba\xd0\xb8 \xd0\xbd\xd0\xb0 \xd0\xb8\xd0\xb3\xd1\x80\xd0\xb0\xd1\x82\xd0\xb0."},
    {"No capture: exact comparison unavailable with this frame-generation route; disable frame generation for the capture.",
     "\xd0\x9d\xd1\x8f\xd0\xbc\xd0\xb0 \xd1\x81\xd0\xbd\xd0\xb8\xd0\xbc\xd0\xba\xd0\xb0: \xd1\x82\xd0\xbe\xd1\x87\xd0\xbd\xd0\xbe \xd1\x81\xd1\x80\xd0\xb0\xd0\xb2\xd0\xbd\xd0\xb5\xd0\xbd\xd0\xb8\xd0\xb5 \xd0\xbd\xd0\xb5 \xd0\xb5 \xd0\xb4\xd0\xbe\xd1\x81\xd1\x82\xd1\x8a\xd0\xbf\xd0\xbd\xd0\xbe \xd1\x81 \xd1\x82\xd0\xbe\xd0\xb7\xd0\xb8 \xd0\xbf\xd1\x8a\xd1\x82 \xd0\xbd\xd0\xb0 \xd0\xb3\xd0\xb5\xd0\xbd\xd0\xb5\xd1\x80\xd0\xb8\xd1\x80\xd0\xb0\xd0\xbd\xd0\xb5 \xd0\xbd\xd0\xb0 \xd0\xba\xd0\xb0\xd0\xb4\xd1\x80\xd0\xb8; \xd0\xb8\xd0\xb7\xd0\xba\xd0\xbb\xd1\x8e\xd1\x87\xd0\xb5\xd1\x82\xd0\xb5 \xd0\xb3\xd0\xb5\xd0\xbd\xd0\xb5\xd1\x80\xd0\xb8\xd1\x80\xd0\xb0\xd0\xbd\xd0\xb5\xd1\x82\xd0\xbe \xd0\xbd\xd0\xb0 \xd0\xba\xd0\xb0\xd0\xb4\xd1\x80\xd0\xb8 \xd0\xb7\xd0\xb0 \xd1\x81\xd0\xbd\xd0\xb8\xd0\xbc\xd0\xba\xd0\xb0\xd1\x82\xd0\xb0."},
    {"No capture: enable NR before taking a comparison.",
     "\xd0\x9d\xd1\x8f\xd0\xbc\xd0\xb0 \xd1\x81\xd0\xbd\xd0\xb8\xd0\xbc\xd0\xba\xd0\xb0: \xd0\xb2\xd0\xba\xd0\xbb\xd1\x8e\xd1\x87\xd0\xb5\xd1\x82\xd0\xb5 NR \xd0\xbf\xd1\x80\xd0\xb5\xd0\xb4\xd0\xb8 \xd1\x81\xd1\x80\xd0\xb0\xd0\xb2\xd0\xbd\xd0\xb5\xd0\xbd\xd0\xb8\xd0\xb5."},
    {"No capture: another NR implementation owns this frame.",
     "\xd0\x9d\xd1\x8f\xd0\xbc\xd0\xb0 \xd1\x81\xd0\xbd\xd0\xb8\xd0\xbc\xd0\xba\xd0\xb0: \xd1\x82\xd0\xbe\xd0\xb7\xd0\xb8 \xd0\xba\xd0\xb0\xd0\xb4\xd1\x8a\xd1\x80 \xd1\x81\xd0\xb5 \xd0\xbe\xd0\xb1\xd1\x80\xd0\xb0\xd0\xb1\xd0\xbe\xd1\x82\xd0\xb2\xd0\xb0 \xd0\xbe\xd1\x82 \xd0\xb4\xd1\x80\xd1\x83\xd0\xb3\xd0\xb0 \xd1\x80\xd0\xb5\xd0\xb0\xd0\xbb\xd0\xb8\xd0\xb7\xd0\xb0\xd1\x86\xd0\xb8\xd1\x8f \xd0\xbd\xd0\xb0 NR."},
    {"No capture: the command list carrying its copies did not execute.",
     "\xd0\x9d\xd1\x8f\xd0\xbc\xd0\xb0 \xd1\x81\xd0\xbd\xd0\xb8\xd0\xbc\xd0\xba\xd0\xb0: \xd1\x81\xd0\xbf\xd0\xb8\xd1\x81\xd1\x8a\xd0\xba\xd1\x8a\xd1\x82 \xd1\x81 \xd0\xba\xd0\xbe\xd0\xbc\xd0\xb0\xd0\xbd\xd0\xb4\xd0\xb8 \xd1\x81 \xd0\xba\xd0\xbe\xd0\xbf\xd0\xb8\xd1\x8f\xd1\x82\xd0\xb0 \xd1\x9d \xd0\xbd\xd0\xb5 \xd1\x81\xd0\xb5 \xd0\xb8\xd0\xb7\xd0\xbf\xd1\x8a\xd0\xbb\xd0\xbd\xd0\xb8."},
    {"No capture: NR did not run a frame (NR off, a menu or a loading screen).",
     "\xd0\x9d\xd1\x8f\xd0\xbc\xd0\xb0 \xd1\x81\xd0\xbd\xd0\xb8\xd0\xbc\xd0\xba\xd0\xb0: NR \xd0\xbd\xd0\xb5 \xd0\xbe\xd0\xb1\xd1\x80\xd0\xb0\xd0\xb1\xd0\xbe\xd1\x82\xd0\xb8 \xd0\xbd\xd0\xb8\xd1\x82\xd0\xbe \xd0\xb5\xd0\xb4\xd0\xb8\xd0\xbd \xd0\xba\xd0\xb0\xd0\xb4\xd1\x8a\xd1\x80 (NR \xd0\xb8\xd0\xb7\xd0\xba\xd0\xbb., \xd0\xbc\xd0\xb5\xd0\xbd\xd1\x8e \xd0\xb8\xd0\xbb\xd0\xb8 \xd0\xb5\xd0\xba\xd1\x80\xd0\xb0\xd0\xbd \xd0\xb7\xd0\xb0 \xd0\xb7\xd0\xb0\xd1\x80\xd0\xb5\xd0\xb6\xd0\xb4\xd0\xb0\xd0\xbd\xd0\xb5)."},
    {"No capture: it did not finish in time.",
     "\xd0\x9d\xd1\x8f\xd0\xbc\xd0\xb0 \xd1\x81\xd0\xbd\xd0\xb8\xd0\xbc\xd0\xba\xd0\xb0: \xd0\xbd\xd0\xb5 \xd0\xb7\xd0\xb0\xd0\xb2\xd1\x8a\xd1\x80\xd1\x88\xd0\xb8 \xd0\xbd\xd0\xb0\xd0\xb2\xd1\x80\xd0\xb5\xd0\xbc\xd0\xb5."},
    {"No capture: the GPU did not confirm the copies in time.",
     "\xd0\x9d\xd1\x8f\xd0\xbc\xd0\xb0 \xd1\x81\xd0\xbd\xd0\xb8\xd0\xbc\xd0\xba\xd0\xb0: GPU \xd0\xbd\xd0\xb5 \xd0\xbf\xd0\xbe\xd1\x82\xd0\xb2\xd1\x8a\xd1\x80\xd0\xb4\xd0\xb8 \xd0\xba\xd0\xbe\xd0\xbf\xd0\xb8\xd1\x8f\xd1\x82\xd0\xb0 \xd0\xbd\xd0\xb0\xd0\xb2\xd1\x80\xd0\xb5\xd0\xbc\xd0\xb5."},
    {"No capture: the frame's NR pass did not complete.",
     "\xd0\x9d\xd1\x8f\xd0\xbc\xd0\xb0 \xd1\x81\xd0\xbd\xd0\xb8\xd0\xbc\xd0\xba\xd0\xb0: \xd0\xbf\xd1\x80\xd0\xb5\xd0\xbc\xd0\xb8\xd0\xbd\xd0\xb0\xd0\xb2\xd0\xb0\xd0\xbd\xd0\xb5\xd1\x82\xd0\xbe \xd0\xbd\xd0\xb0 NR \xd0\xb7\xd0\xb0 \xd0\xba\xd0\xb0\xd0\xb4\xd1\x8a\xd1\x80\xd0\xb0 \xd0\xbd\xd0\xb5 \xd0\xb7\xd0\xb0\xd0\xb2\xd1\x8a\xd1\x80\xd1\x88\xd0\xb8."},
    {"No capture: skipped.",
     "\xd0\x9d\xd1\x8f\xd0\xbc\xd0\xb0 \xd1\x81\xd0\xbd\xd0\xb8\xd0\xbc\xd0\xba\xd0\xb0: \xd0\xbf\xd1\x80\xd0\xbe\xd0\xbf\xd1\x83\xd1\x81\xd0\xbd\xd0\xb0\xd1\x82\xd0\xb0."},
    {"No capture: the files could not be written.",
     "\xd0\x9d\xd1\x8f\xd0\xbc\xd0\xb0 \xd1\x81\xd0\xbd\xd0\xb8\xd0\xbc\xd0\xba\xd0\xb0: \xd1\x84\xd0\xb0\xd0\xb9\xd0\xbb\xd0\xbe\xd0\xb2\xd0\xb5\xd1\x82\xd0\xb5 \xd0\xbd\xd0\xb5 \xd0\xbc\xd0\xbe\xd0\xb6\xd0\xb0\xd1\x85\xd0\xb0 \xd0\xb4\xd0\xb0 \xd0\xb1\xd1\x8a\xd0\xb4\xd0\xb0\xd1\x82 \xd0\xb7\xd0\xb0\xd0\xbf\xd0\xb8\xd1\x81\xd0\xb0\xd0\xbd\xd0\xb8."},
    {"Send a report about these issues",
     "\xd0\x98\xd0\xb7\xd0\xbf\xd1\x80\xd0\xb0\xd1\x82\xd0\xb8 \xd0\xbe\xd1\x82\xd1\x87\xd0\xb5\xd1\x82 \xd0\xb7\xd0\xb0 \xd1\x82\xd0\xb5\xd0\xb7\xd0\xb8 \xd0\xbf\xd1\x80\xd0\xbe\xd0\xb1\xd0\xbb\xd0\xb5\xd0\xbc\xd0\xb8"},
    {"I'm having issues...",
     "\xd0\x98\xd0\xbc\xd0\xb0\xd0\xbc \xd0\xbf\xd1\x80\xd0\xbe\xd0\xb1\xd0\xbb\xd0\xb5\xd0\xbc\xd0\xb8..."},
    {"Takes a capture (%s) and collects the logs into one zip. You review every file; it is uploaded only when you press Upload, and you get a link to send to the mod author.",
     "\xd0\x9f\xd1\x80\xd0\xb0\xd0\xb2\xd0\xb8 \xd1\x81\xd0\xbd\xd0\xb8\xd0\xbc\xd0\xba\xd0\xb0 (%s) \xd0\xb8 \xd1\x81\xd1\x8a\xd0\xb1\xd0\xb8\xd1\x80\xd0\xb0 \xd0\xbb\xd0\xbe\xd0\xb3\xd0\xbe\xd0\xb2\xd0\xb5\xd1\x82\xd0\xb5 \xd0\xb2 \xd0\xb5\xd0\xb4\xd0\xb8\xd0\xbd zip. \xd0\x9f\xd1\x80\xd0\xb5\xd0\xb3\xd0\xbb\xd0\xb5\xd0\xb6\xd0\xb4\xd0\xb0\xd1\x82\xd0\xb5 \xd0\xb2\xd1\x81\xd0\xb5\xd0\xba\xd0\xb8 \xd1\x84\xd0\xb0\xd0\xb9\xd0\xbb; \xd0\xba\xd0\xb0\xd1\x87\xd0\xb2\xd0\xb0 \xd1\x81\xd0\xb5 \xd1\x81\xd0\xb0\xd0\xbc\xd0\xbe \xd0\xba\xd0\xbe\xd0\xb3\xd0\xb0\xd1\x82\xd0\xbe \xd0\xbd\xd0\xb0\xd1\x82\xd0\xb8\xd1\x81\xd0\xbd\xd0\xb5\xd1\x82\xd0\xb5 \xc2\xab\xd0\x9a\xd0\xb0\xd1\x87\xd0\xb8\xc2\xbb, \xd0\xb8 \xd0\xbf\xd0\xbe\xd0\xbb\xd1\x83\xd1\x87\xd0\xb0\xd0\xb2\xd0\xb0\xd1\x82\xd0\xb5 \xd0\xb2\xd1\x80\xd1\x8a\xd0\xb7\xd0\xba\xd0\xb0, \xd0\xba\xd0\xbe\xd1\x8f\xd1\x82\xd0\xbe \xd0\xb4\xd0\xb0 \xd0\xb8\xd0\xb7\xd0\xbf\xd1\x80\xd0\xb0\xd1\x82\xd0\xb8\xd1\x82\xd0\xb5 \xd0\xbd\xd0\xb0 \xd0\xb0\xd0\xb2\xd1\x82\xd0\xbe\xd1\x80\xd0\xb0 \xd0\xbd\xd0\xb0 \xd0\xbc\xd0\xbe\xd0\xb4\xd0\xb0."},
    {"Report an issue",
     "\xd0\xa1\xd1\x8a\xd0\xbe\xd0\xb1\xd1\x89\xd0\xb8 \xd0\xb7\xd0\xb0 \xd0\xbf\xd1\x80\xd0\xbe\xd0\xb1\xd0\xbb\xd0\xb5\xd0\xbc"},
    {"Step 1 of 3: what went wrong?",
     "\xd0\xa1\xd1\x82\xd1\x8a\xd0\xbf\xd0\xba\xd0\xb0 1 \xd0\xbe\xd1\x82 3: \xd0\xba\xd0\xb0\xd0\xba\xd0\xb2\xd0\xbe \xd1\x81\xd0\xb5 \xd0\xbe\xd0\xb1\xd1\x8a\xd1\x80\xd0\xba\xd0\xb0?"},
    {"One line: what you saw, and where in the game (optional)",
     "\xd0\x95\xd0\xb4\xd0\xb8\xd0\xbd \xd1\x80\xd0\xb5\xd0\xb4: \xd0\xba\xd0\xb0\xd0\xba\xd0\xb2\xd0\xbe \xd0\xb2\xd0\xb8\xd0\xb4\xd1\x8f\xd1\x85\xd1\x82\xd0\xb5 \xd0\xb8 \xd0\xba\xd1\x8a\xd0\xb4\xd0\xb5 \xd0\xb2 \xd0\xb8\xd0\xb3\xd1\x80\xd0\xb0\xd1\x82\xd0\xb0 (\xd0\xbf\xd0\xbe \xd0\xb8\xd0\xb7\xd0\xb1\xd0\xbe\xd1\x80)"},
    {"Next, the addon takes a capture (%s) while the game keeps running and collects its logs. Nothing leaves your PC until you press Upload.",
     "\xd0\xa1\xd0\xbb\xd0\xb5\xd0\xb4 \xd1\x82\xd0\xbe\xd0\xb2\xd0\xb0 \xd0\xb4\xd0\xbe\xd0\xb1\xd0\xb0\xd0\xb2\xd0\xba\xd0\xb0\xd1\x82\xd0\xb0 \xd0\xbf\xd1\x80\xd0\xb0\xd0\xb2\xd0\xb8 \xd1\x81\xd0\xbd\xd0\xb8\xd0\xbc\xd0\xba\xd0\xb0 (%s), \xd0\xb4\xd0\xbe\xd0\xba\xd0\xb0\xd1\x82\xd0\xbe \xd0\xb8\xd0\xb3\xd1\x80\xd0\xb0\xd1\x82\xd0\xb0 \xd0\xbf\xd1\x80\xd0\xbe\xd0\xb4\xd1\x8a\xd0\xbb\xd0\xb6\xd0\xb0\xd0\xb2\xd0\xb0 \xd0\xb4\xd0\xb0 \xd1\x80\xd0\xb0\xd0\xb1\xd0\xbe\xd1\x82\xd0\xb8, \xd0\xb8 \xd1\x81\xd1\x8a\xd0\xb1\xd0\xb8\xd1\x80\xd0\xb0 \xd0\xbb\xd0\xbe\xd0\xb3\xd0\xbe\xd0\xb2\xd0\xb5\xd1\x82\xd0\xb5 \xd1\x81\xd0\xb8. \xd0\x9d\xd0\xb8\xd1\x89\xd0\xbe \xd0\xbd\xd0\xb5 \xd0\xbd\xd0\xb0\xd0\xbf\xd1\x83\xd1\x81\xd0\xba\xd0\xb0 \xd0\xba\xd0\xbe\xd0\xbc\xd0\xbf\xd1\x8e\xd1\x82\xd1\x8a\xd1\x80\xd0\xb0 \xd0\xb2\xd0\xb8, \xd0\xb4\xd0\xbe\xd0\xba\xd0\xb0\xd1\x82\xd0\xbe \xd0\xbd\xd0\xb5 \xd0\xbd\xd0\xb0\xd1\x82\xd0\xb8\xd1\x81\xd0\xbd\xd0\xb5\xd1\x82\xd0\xb5 \xc2\xab\xd0\x9a\xd0\xb0\xd1\x87\xd0\xb8\xc2\xbb."},
    {"Continue",
     "\xd0\x9f\xd1\x80\xd0\xbe\xd0\xb4\xd1\x8a\xd0\xbb\xd0\xb6\xd0\xb8"},
    {"Step 2 of 3: capturing",
     "\xd0\xa1\xd1\x82\xd1\x8a\xd0\xbf\xd0\xba\xd0\xb0 2 \xd0\xbe\xd1\x82 3: \xd0\xb7\xd0\xb0\xd1\x81\xd0\xbd\xd0\xb5\xd0\xbc\xd0\xb0\xd0\xbd\xd0\xb5"},
    {"Taking a capture (%s). Keep playing: a menu or loading screen has no NR frame to capture.",
     "\xd0\x9f\xd1\x80\xd0\xb0\xd0\xb2\xd0\xb8 \xd1\x81\xd0\xb5 \xd1\x81\xd0\xbd\xd0\xb8\xd0\xbc\xd0\xba\xd0\xb0 (%s). \xd0\x9f\xd1\x80\xd0\xbe\xd0\xb4\xd1\x8a\xd0\xbb\xd0\xb6\xd0\xb5\xd1\x82\xd0\xb5 \xd0\xb4\xd0\xb0 \xd0\xb8\xd0\xb3\xd1\x80\xd0\xb0\xd0\xb5\xd1\x82\xd0\xb5: \xd0\xb2 \xd0\xbc\xd0\xb5\xd0\xbd\xd1\x8e \xd0\xb8\xd0\xbb\xd0\xb8 \xd0\xb5\xd0\xba\xd1\x80\xd0\xb0\xd0\xbd \xd0\xb7\xd0\xb0 \xd0\xb7\xd0\xb0\xd1\x80\xd0\xb5\xd0\xb6\xd0\xb4\xd0\xb0\xd0\xbd\xd0\xb5 \xd0\xbd\xd1\x8f\xd0\xbc\xd0\xb0 NR \xd0\xba\xd0\xb0\xd0\xb4\xd1\x8a\xd1\x80 \xd0\xb7\xd0\xb0 \xd1\x81\xd0\xbd\xd0\xb8\xd0\xbc\xd0\xb0\xd0\xbd\xd0\xb5."},
    {"Continue without a capture",
     "\xd0\x9f\xd1\x80\xd0\xbe\xd0\xb4\xd1\x8a\xd0\xbb\xd0\xb6\xd0\xb8 \xd0\xb1\xd0\xb5\xd0\xb7 \xd1\x81\xd0\xbd\xd0\xb8\xd0\xbc\xd0\xba\xd0\xb0"},
    {"Collecting the logs...",
     "\xd0\xa1\xd1\x8a\xd0\xb1\xd0\xb8\xd1\x80\xd0\xb0\xd0\xbd\xd0\xb5 \xd0\xbd\xd0\xb0 \xd0\xbb\xd0\xbe\xd0\xb3\xd0\xbe\xd0\xb2\xd0\xb5\xd1\x82\xd0\xb5..."},
    {"Step 3 of 3: review what is sent",
     "\xd0\xa1\xd1\x82\xd1\x8a\xd0\xbf\xd0\xba\xd0\xb0 3 \xd0\xbe\xd1\x82 3: \xd0\xbf\xd1\x80\xd0\xb5\xd0\xb3\xd0\xbb\xd0\xb5\xd0\xb4\xd0\xb0\xd0\xb9\xd1\x82\xd0\xb5 \xd0\xba\xd0\xb0\xd0\xba\xd0\xb2\xd0\xbe \xd1\x81\xd0\xb5 \xd0\xb8\xd0\xb7\xd0\xbf\xd1\x80\xd0\xb0\xd1\x89\xd0\xb0"},
    {"Total: %s",
     "\xd0\x9e\xd0\xb1\xd1\x89\xd0\xbe: %s"},
    {"Upload sends the zip to %s. Anyone with the link can download it; it is deleted after %u hours.",
     "\xc2\xab\xd0\x9a\xd0\xb0\xd1\x87\xd0\xb8\xc2\xbb \xd0\xb8\xd0\xb7\xd0\xbf\xd1\x80\xd0\xb0\xd1\x89\xd0\xb0 zip \xd1\x84\xd0\xb0\xd0\xb9\xd0\xbb\xd0\xb0 \xd0\xba\xd1\x8a\xd0\xbc %s. \xd0\x92\xd1\x81\xd0\xb5\xd0\xba\xd0\xb8 \xd1\x81 \xd0\xb2\xd1\x80\xd1\x8a\xd0\xb7\xd0\xba\xd0\xb0\xd1\x82\xd0\xb0 \xd0\xbc\xd0\xbe\xd0\xb6\xd0\xb5 \xd0\xb4\xd0\xb0 \xd0\xb3\xd0\xbe \xd0\xb8\xd0\xb7\xd1\x82\xd0\xb5\xd0\xb3\xd0\xbb\xd0\xb8; \xd0\xb8\xd0\xb7\xd1\x82\xd1\x80\xd0\xb8\xd0\xb2\xd0\xb0 \xd1\x81\xd0\xb5 \xd1\x81\xd0\xbb\xd0\xb5\xd0\xb4 %u \xd1\x87\xd0\xb0\xd1\x81\xd0\xb0."},
    {"If it does not answer: %s, deleted after %u hours.",
     "\xd0\x90\xd0\xba\xd0\xbe \xd0\xbd\xd0\xb5 \xd0\xbe\xd1\x82\xd0\xb3\xd0\xbe\xd0\xb2\xd0\xbe\xd1\x80\xd0\xb8: %s, \xd0\xb8\xd0\xb7\xd1\x82\xd1\x80\xd0\xb8\xd0\xb2\xd0\xb0\xd0\xbd\xd0\xb5 \xd1\x81\xd0\xbb\xd0\xb5\xd0\xb4 %u \xd1\x87\xd0\xb0\xd1\x81\xd0\xb0."},
    {"Uploading is off (NRReportHost=none): the zip is saved on this PC.",
     "\xd0\x9a\xd0\xb0\xd1\x87\xd0\xb2\xd0\xb0\xd0\xbd\xd0\xb5\xd1\x82\xd0\xbe \xd0\xb5 \xd0\xb8\xd0\xb7\xd0\xba\xd0\xbb\xd1\x8e\xd1\x87\xd0\xb5\xd0\xbd\xd0\xbe (NRReportHost=none): zip \xd1\x84\xd0\xb0\xd0\xb9\xd0\xbb\xd1\x8a\xd1\x82 \xd1\x81\xd0\xb5 \xd0\xb7\xd0\xb0\xd0\xbf\xd0\xb0\xd0\xb7\xd0\xb2\xd0\xb0 \xd0\xbd\xd0\xb0 \xd1\x82\xd0\xbe\xd0\xb7\xd0\xb8 \xd0\xba\xd0\xbe\xd0\xbc\xd0\xbf\xd1\x8e\xd1\x82\xd1\x8a\xd1\x80."},
    {"Your Windows user name and profile folder are removed from every text file.",
     "\xd0\x92\xd0\xb0\xd1\x88\xd0\xb5\xd1\x82\xd0\xbe \xd0\xbf\xd0\xbe\xd1\x82\xd1\x80\xd0\xb5\xd0\xb1\xd0\xb8\xd1\x82\xd0\xb5\xd0\xbb\xd1\x81\xd0\xba\xd0\xbe \xd0\xb8\xd0\xbc\xd0\xb5 \xd0\xb2 Windows \xd0\xb8 \xd0\xbf\xd0\xb0\xd0\xbf\xd0\xba\xd0\xb0\xd1\x82\xd0\xb0 \xd0\xbd\xd0\xb0 \xd0\xbf\xd1\x80\xd0\xbe\xd1\x84\xd0\xb8\xd0\xbb\xd0\xb0 \xd1\x81\xd0\xb5 \xd0\xbf\xd1\x80\xd0\xb5\xd0\xbc\xd0\xb0\xd1\x85\xd0\xb2\xd0\xb0\xd1\x82 \xd0\xbe\xd1\x82 \xd0\xb2\xd1\x81\xd0\xb5\xd0\xba\xd0\xb8 \xd1\x82\xd0\xb5\xd0\xba\xd1\x81\xd1\x82\xd0\xbe\xd0\xb2 \xd1\x84\xd0\xb0\xd0\xb9\xd0\xbb."},
    {"Upload & copy link",
     "\xd0\x9a\xd0\xb0\xd1\x87\xd0\xb8 \xd0\xb8 \xd0\xba\xd0\xbe\xd0\xbf\xd0\xb8\xd1\x80\xd0\xb0\xd0\xb9 \xd0\xb2\xd1\x80\xd1\x8a\xd0\xb7\xd0\xba\xd0\xb0\xd1\x82\xd0\xb0"},
    {"Save zip only",
     "\xd0\xa1\xd0\xb0\xd0\xbc\xd0\xbe \xd0\xb7\xd0\xb0\xd0\xbf\xd0\xb0\xd0\xb7\xd0\xb8 zip"},
    {"Packing the zip...",
     "\xd0\x9f\xd0\xb0\xd0\xba\xd0\xb5\xd1\x82\xd0\xb8\xd1\x80\xd0\xb0\xd0\xbd\xd0\xb5 \xd0\xbd\xd0\xb0 zip..."},
    {"Uploading to %s...",
     "\xd0\x9a\xd0\xb0\xd1\x87\xd0\xb2\xd0\xb0\xd0\xbd\xd0\xb5 \xd0\xba\xd1\x8a\xd0\xbc %s..."},
    {"Link copied to the clipboard",
     "\xd0\x92\xd1\x80\xd1\x8a\xd0\xb7\xd0\xba\xd0\xb0\xd1\x82\xd0\xb0 \xd0\xb5 \xd0\xba\xd0\xbe\xd0\xbf\xd0\xb8\xd1\x80\xd0\xb0\xd0\xbd\xd0\xb0 \xd0\xb2 \xd0\xba\xd0\xbb\xd0\xb8\xd0\xbf\xd0\xb1\xd0\xbe\xd1\x80\xd0\xb4\xd0\xb0"},
    {"Paste this link to the mod author on Discord.",
     "\xd0\x98\xd0\xb7\xd0\xbf\xd1\x80\xd0\xb0\xd1\x82\xd0\xb5\xd1\x82\xd0\xb5 \xd1\x82\xd0\xb0\xd0\xb7\xd0\xb8 \xd0\xb2\xd1\x80\xd1\x8a\xd0\xb7\xd0\xba\xd0\xb0 \xd0\xbd\xd0\xb0 \xd0\xb0\xd0\xb2\xd1\x82\xd0\xbe\xd1\x80\xd0\xb0 \xd0\xbd\xd0\xb0 \xd0\xbc\xd0\xbe\xd0\xb4\xd0\xb0 \xd0\xb2 Discord."},
    {"Copy again",
     "\xd0\x9a\xd0\xbe\xd0\xbf\xd0\xb8\xd1\x80\xd0\xb0\xd0\xb9 \xd0\xbe\xd1\x82\xd0\xbd\xd0\xbe\xd0\xb2\xd0\xbe"},
    {"The upload failed: %s",
     "\xd0\x9a\xd0\xb0\xd1\x87\xd0\xb2\xd0\xb0\xd0\xbd\xd0\xb5\xd1\x82\xd0\xbe \xd0\xbd\xd0\xb5 \xd1\x83\xd1\x81\xd0\xbf\xd1\x8f: %s"},
    {"Saved: %s",
     "\xd0\x97\xd0\xb0\xd0\xbf\xd0\xb0\xd0\xb7\xd0\xb5\xd0\xbd\xd0\xbe: %s"},
    {"Send this file to the mod author on Discord; its folder opens with the button.",
     "\xd0\x98\xd0\xb7\xd0\xbf\xd1\x80\xd0\xb0\xd1\x82\xd0\xb5\xd1\x82\xd0\xb5 \xd1\x82\xd0\xbe\xd0\xb7\xd0\xb8 \xd1\x84\xd0\xb0\xd0\xb9\xd0\xbb \xd0\xbd\xd0\xb0 \xd0\xb0\xd0\xb2\xd1\x82\xd0\xbe\xd1\x80\xd0\xb0 \xd0\xbd\xd0\xb0 \xd0\xbc\xd0\xbe\xd0\xb4\xd0\xb0 \xd0\xb2 Discord; \xd0\xbf\xd0\xb0\xd0\xbf\xd0\xba\xd0\xb0\xd1\x82\xd0\xb0 \xd0\xbc\xd1\x83 \xd1\x81\xd0\xb5 \xd0\xbe\xd1\x82\xd0\xb2\xd0\xb0\xd1\x80\xd1\x8f \xd1\x81 \xd0\xb1\xd1\x83\xd1\x82\xd0\xbe\xd0\xbd\xd0\xb0."},
    {"Open folder",
     "\xd0\x9e\xd1\x82\xd0\xb2\xd0\xbe\xd1\x80\xd0\xb8 \xd0\xbf\xd0\xb0\xd0\xbf\xd0\xba\xd0\xb0\xd1\x82\xd0\xb0"},
    {"Close",
     "\xd0\x97\xd0\xb0\xd1\x82\xd0\xb2\xd0\xbe\xd1\x80\xd0\xb8"},
    {"waiting for GPU completion",
     "\xd0\xb8\xd0\xb7\xd1\x87\xd0\xb0\xd0\xba\xd0\xb2\xd0\xb0\xd0\xbd\xd0\xb5 GPU \xd0\xb4\xd0\xb0 \xd0\xb7\xd0\xb0\xd0\xb2\xd1\x8a\xd1\x80\xd1\x88\xd0\xb8"},
    {"armed, waiting for one final presentation frame",
     "\xd0\xb3\xd0\xbe\xd1\x82\xd0\xbe\xd0\xb2\xd0\xbe, \xd0\xb8\xd0\xb7\xd1\x87\xd0\xb0\xd0\xba\xd0\xb2\xd0\xb0\xd0\xbd\xd0\xb5 \xd0\xbd\xd0\xb0 \xd0\xb5\xd0\xb4\xd0\xb8\xd0\xbd \xd0\xba\xd1\x80\xd0\xb0\xd0\xb5\xd0\xbd \xd0\xba\xd0\xb0\xd0\xb4\xd1\x8a\xd1\x80 \xd0\xb7\xd0\xb0 \xd0\xb8\xd0\xb7\xd0\xb2\xd0\xb5\xd0\xb6\xd0\xb4\xd0\xb0\xd0\xbd\xd0\xb5"},
    {"armed, waiting for an evaluated model buffer pair",
     "\xd0\xb3\xd0\xbe\xd1\x82\xd0\xbe\xd0\xb2\xd0\xbe, \xd0\xb8\xd0\xb7\xd1\x87\xd0\xb0\xd0\xba\xd0\xb2\xd0\xb0\xd0\xbd\xd0\xb5 \xd0\xbd\xd0\xb0 \xd0\xb4\xd0\xb2\xd0\xbe\xd0\xb9\xd0\xba\xd0\xb0 \xd0\xbe\xd1\x86\xd0\xb5\xd0\xbd\xd0\xb5\xd0\xbd\xd0\xb8 \xd0\xb1\xd1\x83\xd1\x84\xd0\xb5\xd1\x80\xd0\xb8 \xd0\xbd\xd0\xb0 \xd0\xbc\xd0\xbe\xd0\xb4\xd0\xb5\xd0\xbb\xd0\xb0"},
    {"saved: model input/output diagnostic; not the displayed game frame",
     "\xd0\xb7\xd0\xb0\xd0\xbf\xd0\xb0\xd0\xb7\xd0\xb5\xd0\xbd\xd0\xbe: \xd0\xb4\xd0\xb8\xd0\xb0\xd0\xb3\xd0\xbd\xd0\xbe\xd1\x81\xd1\x82\xd0\xb8\xd0\xba\xd0\xb0 \xd0\xbd\xd0\xb0 \xd0\xb2\xd1\x85\xd0\xbe\xd0\xb4\xd0\xb0/\xd0\xb8\xd0\xb7\xd1\x85\xd0\xbe\xd0\xb4\xd0\xb0 \xd0\xbd\xd0\xb0 \xd0\xbc\xd0\xbe\xd0\xb4\xd0\xb5\xd0\xbb\xd0\xb0; \xd0\xbd\xd0\xb5 \xd0\xb5 \xd0\xbf\xd0\xbe\xd0\xba\xd0\xb0\xd0\xb7\xd0\xb0\xd0\xbd\xd0\xb8\xd1\x8f\xd1\x82 \xd0\xba\xd0\xb0\xd0\xb4\xd1\x8a\xd1\x80 \xd0\xbe\xd1\x82 \xd0\xb8\xd0\xb3\xd1\x80\xd0\xb0\xd1\x82\xd0\xb0"},
    {"saved: same frame before and after NR",
     "\xd0\xb7\xd0\xb0\xd0\xbf\xd0\xb0\xd0\xb7\xd0\xb5\xd0\xbd\xd0\xbe: \xd0\xb5\xd0\xb4\xd0\xb8\xd0\xbd \xd0\xb8 \xd1\x81\xd1\x8a\xd1\x89 \xd0\xba\xd0\xb0\xd0\xb4\xd1\x8a\xd1\x80 \xd0\xbf\xd1\x80\xd0\xb5\xd0\xb4\xd0\xb8 \xd0\xb8 \xd1\x81\xd0\xbb\xd0\xb5\xd0\xb4 NR"},
    {"unavailable on this presentation path",
     "\xd0\xbd\xd0\xb5\xd0\xb4\xd0\xbe\xd1\x81\xd1\x82\xd1\x8a\xd0\xbf\xd0\xbd\xd0\xbe \xd0\xbf\xd0\xbe \xd1\x82\xd0\xbe\xd0\xb7\xd0\xb8 \xd0\xbf\xd1\x8a\xd1\x82 \xd0\xbd\xd0\xb0 \xd0\xb8\xd0\xb7\xd0\xb2\xd0\xb5\xd0\xb6\xd0\xb4\xd0\xb0\xd0\xbd\xd0\xb5"},
    {"evaluated-buffer capture is unavailable on this API",
     "\xd1\x81\xd0\xbd\xd0\xb8\xd0\xbc\xd0\xba\xd0\xb0 \xd0\xbd\xd0\xb0 \xd0\xbe\xd1\x86\xd0\xb5\xd0\xbd\xd0\xb5\xd0\xbd\xd0\xb8\xd1\x82\xd0\xb5 \xd0\xb1\xd1\x83\xd1\x84\xd0\xb5\xd1\x80\xd0\xb8 \xd0\xbd\xd0\xb5 \xd0\xb5 \xd0\xb4\xd0\xbe\xd1\x81\xd1\x82\xd1\x8a\xd0\xbf\xd0\xbd\xd0\xb0 \xd0\xb2 \xd1\x82\xd0\xbe\xd0\xb7\xd0\xb8 API"},
    {"exact comparison unavailable with this frame-generation route; disable frame generation for the capture",
     "\xd1\x82\xd0\xbe\xd1\x87\xd0\xbd\xd0\xbe \xd1\x81\xd1\x80\xd0\xb0\xd0\xb2\xd0\xbd\xd0\xb5\xd0\xbd\xd0\xb8\xd0\xb5 \xd0\xbd\xd0\xb5 \xd0\xb5 \xd0\xb4\xd0\xbe\xd1\x81\xd1\x82\xd1\x8a\xd0\xbf\xd0\xbd\xd0\xbe \xd1\x81 \xd1\x82\xd0\xbe\xd0\xb7\xd0\xb8 \xd0\xbf\xd1\x8a\xd1\x82 \xd0\xbd\xd0\xb0 \xd0\xb3\xd0\xb5\xd0\xbd\xd0\xb5\xd1\x80\xd0\xb8\xd1\x80\xd0\xb0\xd0\xbd\xd0\xb5 \xd0\xbd\xd0\xb0 \xd0\xba\xd0\xb0\xd0\xb4\xd1\x80\xd0\xb8; \xd0\xb8\xd0\xb7\xd0\xba\xd0\xbb\xd1\x8e\xd1\x87\xd0\xb5\xd1\x82\xd0\xb5 \xd0\xb3\xd0\xb5\xd0\xbd\xd0\xb5\xd1\x80\xd0\xb8\xd1\x80\xd0\xb0\xd0\xbd\xd0\xb5\xd1\x82\xd0\xbe \xd0\xbd\xd0\xb0 \xd0\xba\xd0\xb0\xd0\xb4\xd1\x80\xd0\xb8 \xd0\xb7\xd0\xb0 \xd1\x81\xd0\xbd\xd0\xb8\xd0\xbc\xd0\xba\xd0\xb0\xd1\x82\xd0\xb0"},
    {"enable NR before taking a comparison",
     "\xd0\xb2\xd0\xba\xd0\xbb\xd1\x8e\xd1\x87\xd0\xb5\xd1\x82\xd0\xb5 NR \xd0\xbf\xd1\x80\xd0\xb5\xd0\xb4\xd0\xb8 \xd1\x81\xd1\x80\xd0\xb0\xd0\xb2\xd0\xbd\xd0\xb5\xd0\xbd\xd0\xb8\xd0\xb5"},
    {"unavailable: another NR implementation owns this frame",
     "\xd0\xbd\xd0\xb5\xd0\xb4\xd0\xbe\xd1\x81\xd1\x82\xd1\x8a\xd0\xbf\xd0\xbd\xd0\xbe: \xd1\x82\xd0\xbe\xd0\xb7\xd0\xb8 \xd0\xba\xd0\xb0\xd0\xb4\xd1\x8a\xd1\x80 \xd1\x81\xd0\xb5 \xd0\xbe\xd0\xb1\xd1\x80\xd0\xb0\xd0\xb1\xd0\xbe\xd1\x82\xd0\xb2\xd0\xb0 \xd0\xbe\xd1\x82 \xd0\xb4\xd1\x80\xd1\x83\xd0\xb3\xd0\xb0 \xd1\x80\xd0\xb5\xd0\xb0\xd0\xbb\xd0\xb8\xd0\xb7\xd0\xb0\xd1\x86\xd0\xb8\xd1\x8f \xd0\xbd\xd0\xb0 NR"},
    {"idle",
     "\xd0\xb2 \xd0\xbf\xd0\xbe\xd0\xba\xd0\xbe\xd0\xb9"},
    {"capture failed; see the log for its cause",
     "\xd1\x81\xd0\xbd\xd0\xb8\xd0\xbc\xd0\xba\xd0\xb0\xd1\x82\xd0\xb0 \xd0\xbd\xd0\xb5 \xd1\x83\xd1\x81\xd0\xbf\xd1\x8f; \xd0\xbf\xd1\x80\xd0\xb8\xd1\x87\xd0\xb8\xd0\xbd\xd0\xb0\xd1\x82\xd0\xb0 \xd0\xb5 \xd0\xb2 \xd0\xbb\xd0\xbe\xd0\xb3\xd0\xb0"},
};

}  // namespace renodx::addons::dlss5::ui::lang
