/*
 * Copyright (C) 2026
 * SPDX-License-Identifier: MIT
 */

// Japanese (ja): the panel's strings, English first.  Written by
// tools/i18n/ui_strings.py import; read it with `export ja`.  Machine
// translated for v7.0.0, pending a native speaker's review.

#pragma once

namespace renodx::addons::dlss5::ui::lang {

inline constexpr Translation kJa[] = {
    {"Neural Rendering",
     "Neural Rendering"},
    {"Strength",
     "\xe5\xbc\xb7\xe5\xba\xa6"},
    {"Hook point",
     "\xe9\x81\xa9\xe7\x94\xa8\xe4\xbd\x8d\xe7\xbd\xae"},
    {"Stack passes",
     "\xe3\x83\x91\xe3\x82\xb9\xe6\x95\xb0"},
    {"HDR mode",
     "HDR\xe3\x83\xa2\xe3\x83\xbc\xe3\x83\x89"},
    {"Paper white (nits)",
     "\xe3\x83\x9a\xe3\x83\xbc\xe3\x83\x91\xe3\x83\xbc\xe3\x83\x9b\xe3\x83\xaf\xe3\x82\xa4\xe3\x83\x88 (nits)"},
    {"Brighten speed",
     "\xe5\xa2\x97\xe5\x85\x89\xe9\x80\x9f\xe5\xba\xa6"},
    {"Darken speed",
     "\xe6\xb8\x9b\xe5\x85\x89\xe9\x80\x9f\xe5\xba\xa6"},
    {"Turns Neural Rendering on and off.  The key shown next to the switch does the same in game.",
     "Neural Rendering \xe3\x81\xae\xe3\x82\xaa\xe3\x83\xb3/\xe3\x82\xaa\xe3\x83\x95\xe3\x82\x92\xe5\x88\x87\xe3\x82\x8a\xe6\x9b\xbf\xe3\x81\x88\xe3\x81\xbe\xe3\x81\x99\xe3\x80\x82\xe3\x82\xb9\xe3\x82\xa4\xe3\x83\x83\xe3\x83\x81\xe3\x81\xae\xe6\xa8\xaa\xe3\x81\xab\xe8\xa1\xa8\xe7\xa4\xba\xe3\x81\x95\xe3\x82\x8c\xe3\x81\x9f\xe3\x82\xad\xe3\x83\xbc\xe3\x81\xa7\xe3\x82\x82\xe3\x82\xb2\xe3\x83\xbc\xe3\x83\xa0\xe4\xb8\xad\xe3\x81\xab\xe5\x90\x8c\xe3\x81\x98\xe6\x93\x8d\xe4\xbd\x9c\xe3\x81\x8c\xe3\x81\xa7\xe3\x81\x8d\xe3\x81\xbe\xe3\x81\x99\xe3\x80\x82"},
    {"How strongly Neural Rendering reworks the image: 0 leaves the game's image untouched, 1 is the default, 2 the strongest.  A change restarts NR's history for a moment.",
     "Neural Rendering \xe3\x81\x8c\xe7\x94\xbb\xe5\x83\x8f\xe3\x82\x92\xe3\x81\xa9\xe3\x82\x8c\xe3\x81\xa0\xe3\x81\x91\xe5\xbc\xb7\xe3\x81\x8f\xe4\xbd\x9c\xe3\x82\x8a\xe7\x9b\xb4\xe3\x81\x99\xe3\x81\x8b: 0 \xe3\x81\xaf\xe3\x82\xb2\xe3\x83\xbc\xe3\x83\xa0\xe3\x81\xae\xe7\x94\xbb\xe5\x83\x8f\xe3\x82\x92\xe3\x81\x9d\xe3\x81\xae\xe3\x81\xbe\xe3\x81\xbe\xe3\x80\x81" "1 \xe3\x81\xaf\xe6\x97\xa2\xe5\xae\x9a\xe3\x80\x81" "2 \xe3\x81\x8c\xe6\x9c\x80\xe3\x82\x82\xe5\xbc\xb7\xe3\x81\x84\xe8\xa8\xad\xe5\xae\x9a\xe3\x81\xa7\xe3\x81\x99\xe3\x80\x82\xe5\xa4\x89\xe6\x9b\xb4\xe3\x81\x99\xe3\x82\x8b\xe3\x81\xa8 NR \xe3\x81\xae\xe5\xb1\xa5\xe6\xad\xb4\xe3\x81\x8c\xe4\xb8\x80\xe7\x9e\xac\xe3\x83\xaa\xe3\x82\xbb\xe3\x83\x83\xe3\x83\x88\xe3\x81\x95\xe3\x82\x8c\xe3\x81\xbe\xe3\x81\x99\xe3\x80\x82"},
    {"Float-HDR games: how much of the dark lift the model adds near black is removed (Dark pedestal removal).  Other HDR games: how much of Neural Rendering's change reaches the image, from 0 (none) to 1 (all).",
     "\xe6\xb5\xae\xe5\x8b\x95\xe5\xb0\x8f\xe6\x95\xb0\xe7\x82\xb9 HDR \xe3\x81\xae\xe3\x82\xb2\xe3\x83\xbc\xe3\x83\xa0: \xe3\x83\xa2\xe3\x83\x87\xe3\x83\xab\xe3\x81\x8c\xe9\xbb\x92\xe4\xbb\x98\xe8\xbf\x91\xe3\x81\xab\xe5\x8a\xa0\xe3\x81\x88\xe3\x82\x8b\xe6\x9a\x97\xe9\x83\xa8\xe3\x81\xae\xe6\x8c\x81\xe3\x81\xa1\xe4\xb8\x8a\xe3\x81\x92\xe3\x82\x92\xe3\x81\xa9\xe3\x82\x8c\xe3\x81\xa0\xe3\x81\x91\xe5\x8f\x96\xe3\x82\x8a\xe9\x99\xa4\xe3\x81\x8f\xe3\x81\x8b (\xe6\x9a\x97\xe3\x81\x84\xe3\x83\x9a\xe3\x83\x87\xe3\x82\xb9\xe3\x82\xbf\xe3\x83\xab\xe3\x81\xae\xe9\x99\xa4\xe5\x8e\xbb)\xe3\x80\x82\xe3\x81\x9d\xe3\x81\xae\xe4\xbb\x96\xe3\x81\xae HDR \xe3\x82\xb2\xe3\x83\xbc\xe3\x83\xa0: Neural Rendering \xe3\x81\xae\xe5\xa4\x89\xe5\x8c\x96\xe3\x81\x8c\xe3\x81\xa9\xe3\x82\x8c\xe3\x81\xa0\xe3\x81\x91\xe7\x94\xbb\xe5\x83\x8f\xe3\x81\xab\xe5\xb1\x8a\xe3\x81\x8f\xe3\x81\x8b\xe3\x80\x81" "0 (\xe3\x81\xaa\xe3\x81\x97) \xe3\x81\x8b\xe3\x82\x89 1 (\xe3\x81\x99\xe3\x81\xb9\xe3\x81\xa6)\xe3\x80\x82"},
    {"Nothing to scale in this game: its HDR brightness is relative, so Dark pedestal removal (Auto) leaves the model's dark lift alone.  Set Dark pedestal removal to Always to use this slider.",
     "\xe3\x81\x93\xe3\x81\xae\xe3\x82\xb2\xe3\x83\xbc\xe3\x83\xa0\xe3\x81\xa7\xe3\x81\xaf\xe8\xaa\xbf\xe6\x95\xb4\xe5\xaf\xbe\xe8\xb1\xa1\xe3\x81\x8c\xe3\x81\x82\xe3\x82\x8a\xe3\x81\xbe\xe3\x81\x9b\xe3\x82\x93\xe3\x80\x82HDR \xe3\x81\xae\xe6\x98\x8e\xe3\x82\x8b\xe3\x81\x95\xe3\x81\x8c\xe7\x9b\xb8\xe5\xaf\xbe\xe5\x80\xa4\xe3\x81\xae\xe3\x81\x9f\xe3\x82\x81\xe3\x80\x81\xe6\x9a\x97\xe3\x81\x84\xe3\x83\x9a\xe3\x83\x87\xe3\x82\xb9\xe3\x82\xbf\xe3\x83\xab\xe3\x81\xae\xe9\x99\xa4\xe5\x8e\xbb (\xe8\x87\xaa\xe5\x8b\x95) \xe3\x81\xaf\xe3\x83\xa2\xe3\x83\x87\xe3\x83\xab\xe3\x81\xae\xe6\x9a\x97\xe9\x83\xa8\xe3\x81\xae\xe6\x8c\x81\xe3\x81\xa1\xe4\xb8\x8a\xe3\x81\x92\xe3\x82\x92\xe3\x81\x9d\xe3\x81\xae\xe3\x81\xbe\xe3\x81\xbe\xe3\x81\xab\xe3\x81\x97\xe3\x81\xbe\xe3\x81\x99\xe3\x80\x82\xe3\x81\x93\xe3\x81\xae\xe3\x82\xb9\xe3\x83\xa9\xe3\x82\xa4\xe3\x83\x80\xe3\x83\xbc\xe3\x82\x92\xe4\xbd\xbf\xe3\x81\x86\xe3\x81\xab\xe3\x81\xaf\xe6\x9a\x97\xe3\x81\x84\xe3\x83\x9a\xe3\x83\x87\xe3\x82\xb9\xe3\x82\xbf\xe3\x83\xab\xe3\x81\xae\xe9\x99\xa4\xe5\x8e\xbb\xe3\x82\x92\xe3\x80\x8c\xe5\xb8\xb8\xe3\x81\xab\xe3\x80\x8d\xe3\x81\xab\xe3\x81\x97\xe3\x81\xa6\xe3\x81\x8f\xe3\x81\xa0\xe3\x81\x95\xe3\x81\x84\xe3\x80\x82"},
    {"Nothing to scale here: the frame is SDR, so Neural Rendering's change reaches it in full.",
     "\xe3\x81\x93\xe3\x81\x93\xe3\x81\xa7\xe8\xaa\xbf\xe6\x95\xb4\xe3\x81\x99\xe3\x82\x8b\xe5\xaf\xbe\xe8\xb1\xa1\xe3\x81\xaf\xe3\x81\x82\xe3\x82\x8a\xe3\x81\xbe\xe3\x81\x9b\xe3\x82\x93\xe3\x80\x82\xe3\x83\x95\xe3\x83\xac\xe3\x83\xbc\xe3\x83\xa0\xe3\x81\x8c SDR \xe3\x81\xae\xe3\x81\x9f\xe3\x82\x81\xe3\x80\x81Neural Rendering \xe3\x81\xae\xe5\xa4\x89\xe5\x8c\x96\xe3\x81\xaf\xe3\x81\x99\xe3\x81\xb9\xe3\x81\xa6\xe5\x8f\x8d\xe6\x98\xa0\xe3\x81\x95\xe3\x82\x8c\xe3\x81\xbe\xe3\x81\x99\xe3\x80\x82"},
    {"On float-HDR games, how much of Neural Rendering's change reaches the image: 0 keeps the game's image, 1.00 shows all of it.",
     "\xe6\xb5\xae\xe5\x8b\x95\xe5\xb0\x8f\xe6\x95\xb0\xe7\x82\xb9 HDR \xe3\x81\xae\xe3\x82\xb2\xe3\x83\xbc\xe3\x83\xa0\xe3\x81\xa7\xe3\x80\x81Neural Rendering \xe3\x81\xae\xe5\xa4\x89\xe5\x8c\x96\xe3\x81\x8c\xe3\x81\xa9\xe3\x82\x8c\xe3\x81\xa0\xe3\x81\x91\xe7\x94\xbb\xe5\x83\x8f\xe3\x81\xab\xe5\xb1\x8a\xe3\x81\x8f\xe3\x81\x8b: 0 \xe3\x81\xaf\xe3\x82\xb2\xe3\x83\xbc\xe3\x83\xa0\xe3\x81\xae\xe7\x94\xbb\xe5\x83\x8f\xe3\x81\xae\xe3\x81\xbe\xe3\x81\xbe\xe3\x80\x81" "1.00 \xe3\x81\xa7\xe3\x81\x99\xe3\x81\xb9\xe3\x81\xa6\xe8\xa1\xa8\xe7\xa4\xba\xe3\x81\x97\xe3\x81\xbe\xe3\x81\x99\xe3\x80\x82"},
    {"How bright white surfaces glow, in nits (203 is the HDR reference).  PQ HDR games only; other HDR games use Scene white scale.",
     "\xe7\x99\xbd\xe3\x81\x84\xe9\x9d\xa2\xe3\x81\xae\xe6\x98\x8e\xe3\x82\x8b\xe3\x81\x95 (nits\xe3\x80\x81" "203 \xe3\x81\x8c HDR \xe3\x81\xae\xe5\x9f\xba\xe6\xba\x96\xe5\x80\xa4)\xe3\x80\x82PQ HDR \xe3\x81\xae\xe3\x82\xb2\xe3\x83\xbc\xe3\x83\xa0\xe5\xb0\x82\xe7\x94\xa8\xe3\x81\xa7\xe3\x81\x99\xe3\x80\x82\xe3\x81\x9d\xe3\x81\xae\xe4\xbb\x96\xe3\x81\xae HDR \xe3\x82\xb2\xe3\x83\xbc\xe3\x83\xa0\xe3\x81\xaf\xe3\x82\xb7\xe3\x83\xbc\xe3\x83\xb3\xe3\x83\x9b\xe3\x83\xaf\xe3\x82\xa4\xe3\x83\x88\xe3\x82\xb9\xe3\x82\xb1\xe3\x83\xbc\xe3\x83\xab\xe3\x82\x92\xe4\xbd\xbf\xe7\x94\xa8\xe3\x81\x97\xe3\x81\xbe\xe3\x81\x99\xe3\x80\x82"},
    {"The same for float-HDR and classic sources (2.5375 is 203-nit paper white).  PQ HDR games use Paper white and PQ calibration instead.",
     "float-HDR \xe3\x81\xa8\xe3\x82\xaf\xe3\x83\xa9\xe3\x82\xb7\xe3\x83\x83\xe3\x82\xaf\xe3\x81\xae\xe3\x82\xbd\xe3\x83\xbc\xe3\x82\xb9\xe7\x94\xa8\xe3\x81\xae\xe5\x90\x8c\xe3\x81\x98\xe8\xa8\xad\xe5\xae\x9a\xe3\x81\xa7\xe3\x81\x99 (2.5375 \xe3\x81\x8c 203 nits \xe3\x81\xae\xe3\x83\x9a\xe3\x83\xbc\xe3\x83\x91\xe3\x83\xbc\xe3\x83\x9b\xe3\x83\xaf\xe3\x82\xa4\xe3\x83\x88)\xe3\x80\x82PQ HDR \xe3\x81\xae\xe3\x82\xb2\xe3\x83\xbc\xe3\x83\xa0\xe3\x81\xa7\xe3\x81\xaf\xe4\xbb\xa3\xe3\x82\x8f\xe3\x82\x8a\xe3\x81\xab\xe3\x83\x9a\xe3\x83\xbc\xe3\x83\x91\xe3\x83\xbc\xe3\x83\x9b\xe3\x83\xaf\xe3\x82\xa4\xe3\x83\x88\xe3\x81\xa8 PQ\xe3\x82\xad\xe3\x83\xa3\xe3\x83\xaa\xe3\x83\x96\xe3\x83\xac\xe3\x83\xbc\xe3\x82\xb7\xe3\x83\xa7\xe3\x83\xb3\xe3\x82\x92\xe4\xbd\xbf\xe7\x94\xa8\xe3\x81\x97\xe3\x81\xbe\xe3\x81\x99\xe3\x80\x82"},
    {"Click, then press the new key; Esc cancels.",
     "\xe3\x82\xaf\xe3\x83\xaa\xe3\x83\x83\xe3\x82\xaf\xe3\x81\x97\xe3\x81\xa6\xe3\x81\x8b\xe3\x82\x89\xe6\x96\xb0\xe3\x81\x97\xe3\x81\x84\xe3\x82\xad\xe3\x83\xbc\xe3\x82\x92\xe6\x8a\xbc\xe3\x81\x97\xe3\x81\xa6\xe3\x81\x8f\xe3\x81\xa0\xe3\x81\x95\xe3\x81\x84\xe3\x80\x82" "Esc \xe3\x81\xa7\xe3\x82\xad\xe3\x83\xa3\xe3\x83\xb3\xe3\x82\xbb\xe3\x83\xab\xe3\x81\x97\xe3\x81\xbe\xe3\x81\x99\xe3\x80\x82"},
    {"none yet",
     "\xe3\x81\xbe\xe3\x81\xa0\xe3\x81\xaa\xe3\x81\x97"},
    {"Settings",
     "\xe8\xa8\xad\xe5\xae\x9a"},
    {"Defaults",
     "\xe3\x83\x87\xe3\x83\x95\xe3\x82\xa9\xe3\x83\xab\xe3\x83\x88"},
    {"Mine",
     "\xe3\x83\x9e\xe3\x82\xa4\xe8\xa8\xad\xe5\xae\x9a"},
    {"Compare in game: Defaults runs the built-in look (Strength, the Look section and stacking) while your own values wait; Mine brings them back.  Nothing is saved while Defaults is on.",
     "\xe3\x82\xb2\xe3\x83\xbc\xe3\x83\xa0\xe5\x86\x85\xe3\x81\xa7\xe6\xaf\x94\xe8\xbc\x83: \xe3\x83\x87\xe3\x83\x95\xe3\x82\xa9\xe3\x83\xab\xe3\x83\x88\xe3\x81\xaf\xe5\x86\x85\xe8\x94\xb5\xe3\x81\xae\xe3\x83\xab\xe3\x83\x83\xe3\x82\xaf (\xe5\xbc\xb7\xe5\xba\xa6\xe3\x80\x81\xe3\x83\xab\xe3\x83\x83\xe3\x82\xaf\xe3\x82\xbb\xe3\x82\xaf\xe3\x82\xb7\xe3\x83\xa7\xe3\x83\xb3\xe3\x80\x81\xe3\x82\xb9\xe3\x82\xbf\xe3\x83\x83\xe3\x82\xaf) \xe3\x81\xa7\xe5\x8b\x95\xe4\xbd\x9c\xe3\x81\x97\xe3\x80\x81\xe3\x81\x82\xe3\x81\xaa\xe3\x81\x9f\xe3\x81\xae\xe5\x80\xa4\xe3\x81\xaf\xe4\xbf\x9d\xe7\x95\x99\xe3\x81\x95\xe3\x82\x8c\xe3\x81\xbe\xe3\x81\x99\xe3\x80\x82\xe3\x83\x9e\xe3\x82\xa4\xe8\xa8\xad\xe5\xae\x9a\xe3\x81\xa7\xe5\x85\x83\xe3\x81\xab\xe6\x88\xbb\xe3\x82\x8a\xe3\x81\xbe\xe3\x81\x99\xe3\x80\x82\xe3\x83\x87\xe3\x83\x95\xe3\x82\xa9\xe3\x83\xab\xe3\x83\x88\xe3\x81\x8c\xe3\x82\xaa\xe3\x83\xb3\xe3\x81\xae\xe9\x96\x93\xe3\x81\xaf\xe4\xbd\x95\xe3\x82\x82\xe4\xbf\x9d\xe5\xad\x98\xe3\x81\x95\xe3\x82\x8c\xe3\x81\xbe\xe3\x81\x9b\xe3\x82\x93\xe3\x80\x82"},
    {"Showing the built-in look.  Your settings are kept; pick Mine to return.",
     "\xe5\x86\x85\xe8\x94\xb5\xe3\x81\xae\xe3\x83\xab\xe3\x83\x83\xe3\x82\xaf\xe3\x82\x92\xe8\xa1\xa8\xe7\xa4\xba\xe4\xb8\xad\xe3\x81\xa7\xe3\x81\x99\xe3\x80\x82\xe8\xa8\xad\xe5\xae\x9a\xe3\x81\xaf\xe4\xbf\x9d\xe6\x8c\x81\xe3\x81\x95\xe3\x82\x8c\xe3\x81\xa6\xe3\x81\x84\xe3\x81\xbe\xe3\x81\x99\xe3\x80\x82\xe6\x88\xbb\xe3\x82\x8b\xe3\x81\xab\xe3\x81\xaf\xe3\x83\x9e\xe3\x82\xa4\xe8\xa8\xad\xe5\xae\x9a\xe3\x82\x92\xe9\x81\xb8\xe3\x82\x93\xe3\x81\xa7\xe3\x81\x8f\xe3\x81\xa0\xe3\x81\x95\xe3\x81\x84\xe3\x80\x82"},
    {"Resolution",
     "\xe8\xa7\xa3\xe5\x83\x8f\xe5\xba\xa6"},
    {"LOOK",
     "\xe3\x83\xab\xe3\x83\x83\xe3\x82\xaf"},
    {"Reset look",
     "\xe3\x83\xab\xe3\x83\x83\xe3\x82\xaf\xe3\x82\x92\xe3\x83\xaa\xe3\x82\xbb\xe3\x83\x83\xe3\x83\x88"},
    {"Model \xc2\xb7 restarts NR history",
     "\xe3\x83\xa2\xe3\x83\x87\xe3\x83\xab \xc2\xb7 NR \xe5\xb1\xa5\xe6\xad\xb4\xe3\x82\x92\xe3\x83\xaa\xe3\x82\xb9\xe3\x82\xbf\xe3\x83\xbc\xe3\x83\x88"},
    {"Result \xc2\xb7 live, reshapes NR's output",
     "\xe7\xb5\x90\xe6\x9e\x9c \xc2\xb7 \xe3\x83\xaa\xe3\x82\xa2\xe3\x83\xab\xe3\x82\xbf\xe3\x82\xa4\xe3\x83\xa0\xe3\x81\xa7 NR \xe3\x81\xae\xe5\x87\xba\xe5\x8a\x9b\xe3\x82\x92\xe8\xaa\xbf\xe6\x95\xb4"},
    {"Limits and stability",
     "\xe5\x88\xb6\xe9\x99\x90\xe3\x81\xa8\xe5\xae\x89\xe5\xae\x9a\xe6\x80\xa7"},
    {"Limits and stability \xc2\xb7 changed",
     "\xe5\x88\xb6\xe9\x99\x90\xe3\x81\xa8\xe5\xae\x89\xe5\xae\x9a\xe6\x80\xa7 \xc2\xb7 \xe5\xa4\x89\xe6\x9b\xb4\xe3\x81\x82\xe3\x82\x8a"},
    {"Performance",
     "\xe3\x83\x91\xe3\x83\x95\xe3\x82\xa9\xe3\x83\xbc\xe3\x83\x9e\xe3\x83\xb3\xe3\x82\xb9"},
    {"stacking, resolution, upsampling",
     "\xe3\x82\xb9\xe3\x82\xbf\xe3\x83\x83\xe3\x82\xaf\xe3\x80\x81\xe8\xa7\xa3\xe5\x83\x8f\xe5\xba\xa6\xe3\x80\x81\xe3\x82\xa2\xe3\x83\x83\xe3\x83\x97\xe3\x82\xb5\xe3\x83\xb3\xe3\x83\x97\xe3\x83\xaa\xe3\x83\xb3\xe3\x82\xb0"},
    {"Reset performance",
     "\xe3\x83\x91\xe3\x83\x95\xe3\x82\xa9\xe3\x83\xbc\xe3\x83\x9e\xe3\x83\xb3\xe3\x82\xb9\xe3\x82\x92\xe3\x83\xaa\xe3\x82\xbb\xe3\x83\x83\xe3\x83\x88"},
    {"Hotkeys & screenshots",
     "\xe3\x83\x9b\xe3\x83\x83\xe3\x83\x88\xe3\x82\xad\xe3\x83\xbc\xe3\x81\xa8\xe3\x82\xb9\xe3\x82\xaf\xe3\x83\xaa\xe3\x83\xbc\xe3\x83\xb3\xe3\x82\xb7\xe3\x83\xa7\xe3\x83\x83\xe3\x83\x88"},
    {"%s toggle | %s screenshot",
     "%s \xe5\x88\x87\xe6\x9b\xbf | %s \xe3\x82\xb9\xe3\x82\xaf\xe3\x83\xaa\xe3\x83\xbc\xe3\x83\xb3\xe3\x82\xb7\xe3\x83\xa7\xe3\x83\x83\xe3\x83\x88"},
    {"Reset hotkeys",
     "\xe3\x83\x9b\xe3\x83\x83\xe3\x83\x88\xe3\x82\xad\xe3\x83\xbc\xe3\x82\x92\xe3\x83\xaa\xe3\x82\xbb\xe3\x83\x83\xe3\x83\x88"},
    {"Diagnostics",
     "\xe8\xa8\xba\xe6\x96\xad"},
    {"counters, support report",
     "\xe3\x82\xab\xe3\x82\xa6\xe3\x83\xb3\xe3\x82\xbf\xe3\x83\xbc\xe3\x80\x81\xe3\x82\xb5\xe3\x83\x9d\xe3\x83\xbc\xe3\x83\x88\xe3\x83\xac\xe3\x83\x9d\xe3\x83\xbc\xe3\x83\x88"},
    {"Reset diagnostics",
     "\xe8\xa8\xba\xe6\x96\xad\xe3\x82\x92\xe3\x83\xaa\xe3\x82\xbb\xe3\x83\x83\xe3\x83\x88"},
    {"Fixes",
     "\xe4\xbf\xae\xe6\xad\xa3"},
    {"only change if you know what you are doing",
     "\xe5\x86\x85\xe5\xae\xb9\xe3\x82\x92\xe7\x90\x86\xe8\xa7\xa3\xe3\x81\x97\xe3\x81\xa6\xe3\x81\x84\xe3\x82\x8b\xe5\xa0\xb4\xe5\x90\x88\xe3\x81\xae\xe3\x81\xbf\xe5\xa4\x89\xe6\x9b\xb4\xe3\x81\x97\xe3\x81\xa6\xe3\x81\x8f\xe3\x81\xa0\xe3\x81\x95\xe3\x81\x84"},
    {"Reset fixes",
     "\xe4\xbf\xae\xe6\xad\xa3\xe3\x82\x92\xe3\x83\xaa\xe3\x82\xbb\xe3\x83\x83\xe3\x83\x88"},
    {"These correct games that report their HDR or motion data wrongly.  The defaults are right for nearly every game, and a wrong value here breaks the image.  Reset fixes puts every one of them back.",
     "HDR \xe3\x82\x84\xe3\x83\xa2\xe3\x83\xbc\xe3\x82\xb7\xe3\x83\xa7\xe3\x83\xb3\xe3\x81\xae\xe3\x83\x87\xe3\x83\xbc\xe3\x82\xbf\xe3\x82\x92\xe8\xaa\xa4\xe3\x81\xa3\xe3\x81\xa6\xe5\xa0\xb1\xe5\x91\x8a\xe3\x81\x99\xe3\x82\x8b\xe3\x82\xb2\xe3\x83\xbc\xe3\x83\xa0\xe3\x82\x92\xe8\xa3\x9c\xe6\xad\xa3\xe3\x81\x97\xe3\x81\xbe\xe3\x81\x99\xe3\x80\x82\xe3\x81\xbb\xe3\x81\xbc\xe3\x81\x99\xe3\x81\xb9\xe3\x81\xa6\xe3\x81\xae\xe3\x82\xb2\xe3\x83\xbc\xe3\x83\xa0\xe3\x81\xa7\xe3\x83\x87\xe3\x83\x95\xe3\x82\xa9\xe3\x83\xab\xe3\x83\x88\xe3\x81\x8c\xe6\xad\xa3\xe3\x81\x97\xe3\x81\x8f\xe3\x80\x81\xe3\x81\x93\xe3\x81\x93\xe3\x81\xa7\xe8\xaa\xa4\xe3\x81\xa3\xe3\x81\x9f\xe5\x80\xa4\xe3\x82\x92\xe8\xa8\xad\xe5\xae\x9a\xe3\x81\x99\xe3\x82\x8b\xe3\x81\xa8\xe7\x94\xbb\xe5\x83\x8f\xe3\x81\x8c\xe5\xb4\xa9\xe3\x82\x8c\xe3\x81\xbe\xe3\x81\x99\xe3\x80\x82\xe3\x80\x8c\xe4\xbf\xae\xe6\xad\xa3\xe3\x82\x92\xe3\x83\xaa\xe3\x82\xbb\xe3\x83\x83\xe3\x83\x88\xe3\x80\x8d\xe3\x81\xa7\xe3\x81\x99\xe3\x81\xb9\xe3\x81\xa6\xe5\x85\x83\xe3\x81\xab\xe6\x88\xbb\xe3\x82\x8a\xe3\x81\xbe\xe3\x81\x99\xe3\x80\x82"},
    {"HDR",
     "HDR"},
    {"Depth and motion",
     "\xe6\xb7\xb1\xe5\xba\xa6\xe3\x81\xa8\xe3\x83\xa2\xe3\x83\xbc\xe3\x82\xb7\xe3\x83\xa7\xe3\x83\xb3"},
    {"HDR adaptation speed, in stops per second",
     "HDR \xe9\xa0\x86\xe5\xbf\x9c\xe9\x80\x9f\xe5\xba\xa6 (\xe6\xae\xb5/\xe7\xa7\x92)"},
    {"Restore all defaults",
     "\xe3\x81\x99\xe3\x81\xb9\xe3\x81\xa6\xe3\x83\x87\xe3\x83\x95\xe3\x82\xa9\xe3\x83\xab\xe3\x83\x88\xe3\x81\xab\xe6\x88\xbb\xe3\x81\x99"},
    {"Every setting for this game goes back to its default, hotkeys included.",
     "\xe3\x81\x93\xe3\x81\xae\xe3\x82\xb2\xe3\x83\xbc\xe3\x83\xa0\xe3\x81\xae\xe3\x81\x99\xe3\x81\xb9\xe3\x81\xa6\xe3\x81\xae\xe8\xa8\xad\xe5\xae\x9a\xe3\x81\x8c\xe3\x80\x81\xe3\x83\x9b\xe3\x83\x83\xe3\x83\x88\xe3\x82\xad\xe3\x83\xbc\xe3\x82\x82\xe5\x90\xab\xe3\x82\x81\xe3\x81\xa6\xe3\x83\x87\xe3\x83\x95\xe3\x82\xa9\xe3\x83\xab\xe3\x83\x88\xe3\x81\xab\xe6\x88\xbb\xe3\x82\x8a\xe3\x81\xbe\xe3\x81\x99\xe3\x80\x82"},
    {"Developer view",
     "\xe9\x96\x8b\xe7\x99\xba\xe8\x80\x85\xe3\x83\x93\xe3\x83\xa5\xe3\x83\xbc"},
    {"The classic flat layout: every control in one list, as before v7.",
     "\xe5\xbe\x93\xe6\x9d\xa5\xe3\x81\xae\xe3\x83\x95\xe3\x83\xa9\xe3\x83\x83\xe3\x83\x88\xe3\x81\xaa\xe3\x83\xac\xe3\x82\xa4\xe3\x82\xa2\xe3\x82\xa6\xe3\x83\x88: v7 \xe4\xbb\xa5\xe5\x89\x8d\xe3\x81\xae\xe3\x82\x88\xe3\x81\x86\xe3\x81\xab\xe3\x80\x81\xe3\x81\x99\xe3\x81\xb9\xe3\x81\xa6\xe3\x81\xae\xe9\xa0\x85\xe7\x9b\xae\xe3\x82\x92 1 \xe3\x81\xa4\xe3\x81\xae\xe3\x83\xaa\xe3\x82\xb9\xe3\x83\x88\xe3\x81\xab\xe8\xa1\xa8\xe7\xa4\xba\xe3\x81\x97\xe3\x81\xbe\xe3\x81\x99\xe3\x80\x82"},
    {"Language",
     "\xe8\xa8\x80\xe8\xaa\x9e"},
    {"Auto follows ReShade's own language (ReShade's Settings tab), which follows Windows unless you picked one there.  ReShade loads the font for its own language only, so a language written in another script can show as boxes: pick it in ReShade's settings too.",
     "\xe8\x87\xaa\xe5\x8b\x95\xe3\x81\xaf ReShade \xe8\x87\xaa\xe4\xbd\x93\xe3\x81\xae\xe8\xa8\x80\xe8\xaa\x9e (ReShade \xe3\x81\xae Settings \xe3\x82\xbf\xe3\x83\x96) \xe3\x81\xab\xe5\xbe\x93\xe3\x81\x84\xe3\x81\xbe\xe3\x81\x99\xe3\x80\x82\xe3\x81\x9d\xe3\x81\x93\xe3\x81\xa7\xe9\x81\xb8\xe6\x8a\x9e\xe3\x81\x97\xe3\x81\xa6\xe3\x81\x84\xe3\x81\xaa\xe3\x81\x84\xe5\xa0\xb4\xe5\x90\x88\xe3\x81\xaf Windows \xe3\x81\xae\xe8\xa8\x80\xe8\xaa\x9e\xe3\x81\xab\xe3\x81\xaa\xe3\x82\x8a\xe3\x81\xbe\xe3\x81\x99\xe3\x80\x82ReShade \xe3\x81\xaf\xe8\x87\xaa\xe8\xba\xab\xe3\x81\xae\xe8\xa8\x80\xe8\xaa\x9e\xe3\x81\xae\xe3\x83\x95\xe3\x82\xa9\xe3\x83\xb3\xe3\x83\x88\xe3\x81\x97\xe3\x81\x8b\xe8\xaa\xad\xe3\x81\xbf\xe8\xbe\xbc\xe3\x81\xbe\xe3\x81\xaa\xe3\x81\x84\xe3\x81\x9f\xe3\x82\x81\xe3\x80\x81\xe5\x88\xa5\xe3\x81\xae\xe6\x96\x87\xe5\xad\x97\xe4\xbd\x93\xe7\xb3\xbb\xe3\x81\xae\xe8\xa8\x80\xe8\xaa\x9e\xe3\x81\xaf\xe5\x9b\x9b\xe8\xa7\x92\xe3\x81\xa7\xe8\xa1\xa8\xe7\xa4\xba\xe3\x81\x95\xe3\x82\x8c\xe3\x82\x8b\xe3\x81\x93\xe3\x81\xa8\xe3\x81\x8c\xe3\x81\x82\xe3\x82\x8a\xe3\x81\xbe\xe3\x81\x99\xe3\x80\x82\xe3\x81\x9d\xe3\x81\xae\xe5\xa0\xb4\xe5\x90\x88\xe3\x81\xaf ReShade \xe3\x81\xae\xe8\xa8\xad\xe5\xae\x9a\xe3\x81\xa7\xe3\x82\x82\xe5\x90\x8c\xe3\x81\x98\xe8\xa8\x80\xe8\xaa\x9e\xe3\x82\x92\xe9\x81\xb8\xe3\x82\x93\xe3\x81\xa7\xe3\x81\x8f\xe3\x81\xa0\xe3\x81\x95\xe3\x81\x84\xe3\x80\x82"},
    {"Full",
     "\xe3\x83\x95\xe3\x83\xab"},
    {"Quality",
     "\xe3\x82\xaf\xe3\x82\xaa\xe3\x83\xaa\xe3\x83\x86\xe3\x82\xa3"},
    {"Balanced",
     "\xe3\x83\x90\xe3\x83\xa9\xe3\x83\xb3\xe3\x82\xb9"},
    {"Match game",
     "\xe3\x82\xb2\xe3\x83\xbc\xe3\x83\xa0\xe3\x81\xab\xe5\x90\x88\xe3\x82\x8f\xe3\x81\x9b\xe3\x82\x8b"},
    {"The resolution Neural Rendering works at.  Full is the sharpest; the lower presets cost less GPU time.  Match game follows the game's own render resolution.",
     "Neural Rendering \xe3\x81\x8c\xe5\x8b\x95\xe4\xbd\x9c\xe3\x81\x99\xe3\x82\x8b\xe8\xa7\xa3\xe5\x83\x8f\xe5\xba\xa6\xe3\x81\xa7\xe3\x81\x99\xe3\x80\x82\xe3\x83\x95\xe3\x83\xab\xe3\x81\x8c\xe6\x9c\x80\xe3\x82\x82\xe3\x82\xb7\xe3\x83\xa3\xe3\x83\xbc\xe3\x83\x97\xe3\x81\xa7\xe3\x80\x81\xe4\xbd\x8e\xe3\x81\x84\xe3\x83\x97\xe3\x83\xaa\xe3\x82\xbb\xe3\x83\x83\xe3\x83\x88\xe3\x81\xbb\xe3\x81\xa9 GPU \xe6\x99\x82\xe9\x96\x93\xe3\x81\xae\xe8\xb2\xa0\xe8\x8d\xb7\xe3\x81\x8c\xe8\xbb\xbd\xe3\x81\x8f\xe3\x81\xaa\xe3\x82\x8a\xe3\x81\xbe\xe3\x81\x99\xe3\x80\x82\xe3\x80\x8c\xe3\x82\xb2\xe3\x83\xbc\xe3\x83\xa0\xe3\x81\xab\xe5\x90\x88\xe3\x82\x8f\xe3\x81\x9b\xe3\x82\x8b\xe3\x80\x8d\xe3\x81\xaf\xe3\x82\xb2\xe3\x83\xbc\xe3\x83\xa0\xe8\x87\xaa\xe4\xbd\x93\xe3\x81\xae\xe3\x83\xac\xe3\x83\xb3\xe3\x83\x80\xe3\x83\xaa\xe3\x83\xb3\xe3\x82\xb0\xe8\xa7\xa3\xe5\x83\x8f\xe5\xba\xa6\xe3\x81\xab\xe5\xbe\x93\xe3\x81\x84\xe3\x81\xbe\xe3\x81\x99\xe3\x80\x82"},
    {"Custom (%.0f%%): set in Performance",
     "\xe3\x82\xab\xe3\x82\xb9\xe3\x82\xbf\xe3\x83\xa0 (%.0f%%): \xe3\x83\x91\xe3\x83\x95\xe3\x82\xa9\xe3\x83\xbc\xe3\x83\x9e\xe3\x83\xb3\xe3\x82\xb9\xe3\x81\xa7\xe8\xa8\xad\xe5\xae\x9a"},
    {"Estimated from NR's measured GPU time and the time between frames.  It holds while the GPU limits the frame rate; a game held back by the CPU or a frame cap gains less without NR.",
     "NR\xe3\x81\xae\xe8\xa8\x88\xe6\xb8\xac\xe3\x81\x97\xe3\x81\x9fGPU\xe6\x99\x82\xe9\x96\x93\xe3\x81\xa8\xe3\x83\x95\xe3\x83\xac\xe3\x83\xbc\xe3\x83\xa0\xe9\x96\x93\xe3\x81\xae\xe6\x99\x82\xe9\x96\x93\xe3\x81\x8b\xe3\x82\x89\xe6\x8e\xa8\xe5\xae\x9a\xe3\x81\x97\xe3\x81\xa6\xe3\x81\x84\xe3\x81\xbe\xe3\x81\x99\xe3\x80\x82GPU\xe3\x81\x8c\xe3\x83\x95\xe3\x83\xac\xe3\x83\xbc\xe3\x83\xa0\xe3\x83\xac\xe3\x83\xbc\xe3\x83\x88\xe3\x82\x92\xe5\x88\xb6\xe9\x99\x90\xe3\x81\x97\xe3\x81\xa6\xe3\x81\x84\xe3\x82\x8b\xe9\x96\x93\xe3\x81\xaf\xe6\x9c\x89\xe5\x8a\xb9\xe3\x81\xa7\xe3\x81\x99\xe3\x80\x82" "CPU\xe3\x82\x84\xe3\x83\x95\xe3\x83\xac\xe3\x83\xbc\xe3\x83\xa0\xe3\x83\xac\xe3\x83\xbc\xe3\x83\x88\xe4\xb8\x8a\xe9\x99\x90\xe3\x81\xa7\xe9\xa0\xad\xe6\x89\x93\xe3\x81\xa1\xe3\x81\xae\xe3\x82\xb2\xe3\x83\xbc\xe3\x83\xa0\xe3\x81\xa7\xe3\x81\xaf\xe3\x80\x81NR\xe3\x82\x92\xe3\x82\xaa\xe3\x83\x95\xe3\x81\xab\xe3\x81\x97\xe3\x81\xa6\xe3\x82\x82\xe4\xbc\xb8\xe3\x81\xb3\xe3\x81\xaf\xe5\xb0\x8f\xe3\x81\x95\xe3\x81\x8f\xe3\x81\xaa\xe3\x82\x8a\xe3\x81\xbe\xe3\x81\x99\xe3\x80\x82"},
    {"NR cost",
     "NR\xe3\x81\xae\xe3\x82\xb3\xe3\x82\xb9\xe3\x83\x88"},
    {"Faster:",
     "\xe9\xab\x98\xe9\x80\x9f\xe5\x8c\x96:"},
    {"Before upscaling ~%.1f ms",
     "\xe3\x82\xa2\xe3\x83\x83\xe3\x83\x97\xe3\x82\xb9\xe3\x82\xb1\xe3\x83\xbc\xe3\x83\xab\xe5\x89\x8d ~%.1f ms"},
    {"Resolution 50%% ~%.1f ms",
     "\xe8\xa7\xa3\xe5\x83\x8f\xe5\xba\xa6 50%% ~%.1f ms"},
    {"Both ~%.1f ms",
     "\xe4\xb8\xa1\xe6\x96\xb9 ~%.1f ms"},
    {"Runs NR on the game's image before DLSS upscales it (Hook point: Render), so NR works on fewer pixels.",
     "DLSS\xe3\x81\x8c\xe3\x82\xa2\xe3\x83\x83\xe3\x83\x97\xe3\x82\xb9\xe3\x82\xb1\xe3\x83\xbc\xe3\x83\xab\xe3\x81\x99\xe3\x82\x8b\xe5\x89\x8d\xe3\x81\xae\xe3\x82\xb2\xe3\x83\xbc\xe3\x83\xa0\xe7\x94\xbb\xe5\x83\x8f\xe3\x81\xa7NR\xe3\x82\x92\xe5\xae\x9f\xe8\xa1\x8c\xe3\x81\x97\xe3\x81\xbe\xe3\x81\x99\xef\xbc\x88\xe9\x81\xa9\xe7\x94\xa8\xe4\xbd\x8d\xe7\xbd\xae: \xe3\x83\xac\xe3\x83\xb3\xe3\x83\x80\xe3\x83\xbc\xef\xbc\x89\xe3\x80\x82NR\xe3\x81\x8c\xe5\x87\xa6\xe7\x90\x86\xe3\x81\x99\xe3\x82\x8b\xe3\x83\x94\xe3\x82\xaf\xe3\x82\xbb\xe3\x83\xab\xe3\x81\x8c\xe6\xb8\x9b\xe3\x82\x8a\xe3\x81\xbe\xe3\x81\x99\xe3\x80\x82"},
    {"Runs NR at half the output resolution per side (Resolution: Performance).  NR then steadies shimmering detail less than at Full.",
     "NR\xe3\x82\x92\xe5\x87\xba\xe5\x8a\x9b\xe8\xa7\xa3\xe5\x83\x8f\xe5\xba\xa6\xe3\x81\xae\xe7\xb8\xa6\xe6\xa8\xaa\xe3\x81\x9d\xe3\x82\x8c\xe3\x81\x9e\xe3\x82\x8c\xe5\x8d\x8a\xe5\x88\x86\xe3\x81\xa7\xe5\xae\x9f\xe8\xa1\x8c\xe3\x81\x97\xe3\x81\xbe\xe3\x81\x99\xef\xbc\x88\xe8\xa7\xa3\xe5\x83\x8f\xe5\xba\xa6: \xe3\x83\x91\xe3\x83\x95\xe3\x82\xa9\xe3\x83\xbc\xe3\x83\x9e\xe3\x83\xb3\xe3\x82\xb9\xef\xbc\x89\xe3\x80\x82\xe3\x81\x9d\xe3\x81\xae\xe5\xa0\xb4\xe5\x90\x88\xe3\x80\x81NR\xe3\x81\x8c\xe3\x81\xa1\xe3\x82\x89\xe3\x81\xa4\xe3\x81\x8f\xe7\xb4\xb0\xe9\x83\xa8\xe3\x82\x92\xe6\x8a\x91\xe3\x81\x88\xe3\x82\x8b\xe5\x8a\xb9\xe6\x9e\x9c\xe3\x81\xaf\xe3\x83\x95\xe3\x83\xab\xe3\x82\x88\xe3\x82\x8a\xe5\xbc\xb1\xe3\x81\x8f\xe3\x81\xaa\xe3\x82\x8a\xe3\x81\xbe\xe3\x81\x99\xe3\x80\x82"},
    {"Both of the above.",
     "\xe4\xb8\x8a\xe3\x81\xae" "2\xe3\x81\xa4\xe3\x81\xae\xe4\xb8\xa1\xe6\x96\xb9\xe3\x81\xa7\xe3\x81\x99\xe3\x80\x82"},
    {"Undo",
     "\xe5\x85\x83\xe3\x81\xab\xe6\x88\xbb\xe3\x81\x99"},
    {"Last frame",
     "\xe7\x9b\xb4\xe5\x89\x8d\xe3\x81\xae\xe3\x83\x95\xe3\x83\xac\xe3\x83\xbc\xe3\x83\xa0"},
    {"Frames this session",
     "\xe3\x81\x93\xe3\x81\xae\xe3\x82\xbb\xe3\x83\x83\xe3\x82\xb7\xe3\x83\xa7\xe3\x83\xb3\xe3\x81\xae\xe3\x83\x95\xe3\x83\xac\xe3\x83\xbc\xe3\x83\xa0"},
    {"Working resolution",
     "\xe5\x8b\x95\xe4\xbd\x9c\xe8\xa7\xa3\xe5\x83\x8f\xe5\xba\xa6"},
    {"Backend",
     "\xe3\x83\x90\xe3\x83\x83\xe3\x82\xaf\xe3\x82\xa8\xe3\x83\xb3\xe3\x83\x89"},
    {"Raw details",
     "\xe8\xa9\xb3\xe7\xb4\xb0\xe3\x83\x87\xe3\x83\xbc\xe3\x82\xbf"},
    {"Copy support report",
     "\xe3\x82\xb5\xe3\x83\x9d\xe3\x83\xbc\xe3\x83\x88\xe3\x83\xac\xe3\x83\x9d\xe3\x83\xbc\xe3\x83\x88\xe3\x82\x92\xe3\x82\xb3\xe3\x83\x94\xe3\x83\xbc"},
    {"Open log folder",
     "\xe3\x83\xad\xe3\x82\xb0\xe3\x83\x95\xe3\x82\xa9\xe3\x83\xab\xe3\x83\x80\xe3\x83\xbc\xe3\x82\x92\xe9\x96\x8b\xe3\x81\x8f"},
    {"Copied. Paste it into your report together with ReShade.log.",
     "\xe3\x82\xb3\xe3\x83\x94\xe3\x83\xbc\xe3\x81\x97\xe3\x81\xbe\xe3\x81\x97\xe3\x81\x9f\xe3\x80\x82ReShade.log \xe3\x81\xa8\xe4\xb8\x80\xe7\xb7\x92\xe3\x81\xab\xe3\x83\xac\xe3\x83\x9d\xe3\x83\xbc\xe3\x83\x88\xe3\x81\xab\xe8\xb2\xbc\xe3\x82\x8a\xe4\xbb\x98\xe3\x81\x91\xe3\x81\xa6\xe3\x81\x8f\xe3\x81\xa0\xe3\x81\x95\xe3\x81\x84\xe3\x80\x82"},
    {"Copies a short text with the version, the verdict, the card and the counters.  It holds the game's file name and no folder paths.",
     "\xe3\x83\x90\xe3\x83\xbc\xe3\x82\xb8\xe3\x83\xa7\xe3\x83\xb3\xe3\x80\x81\xe5\x88\xa4\xe5\xae\x9a\xe3\x80\x81\xe3\x82\xab\xe3\x83\xbc\xe3\x83\x89\xe3\x80\x81\xe3\x82\xab\xe3\x82\xa6\xe3\x83\xb3\xe3\x82\xbf\xe3\x83\xbc\xe3\x82\x92\xe5\x90\xab\xe3\x82\x80\xe7\x9f\xad\xe3\x81\x84\xe3\x83\x86\xe3\x82\xad\xe3\x82\xb9\xe3\x83\x88\xe3\x82\x92\xe3\x82\xb3\xe3\x83\x94\xe3\x83\xbc\xe3\x81\x97\xe3\x81\xbe\xe3\x81\x99\xe3\x80\x82\xe3\x82\xb2\xe3\x83\xbc\xe3\x83\xa0\xe3\x81\xae\xe3\x83\x95\xe3\x82\xa1\xe3\x82\xa4\xe3\x83\xab\xe5\x90\x8d\xe3\x81\xaf\xe5\x90\xab\xe3\x81\xbf\xe3\x81\xbe\xe3\x81\x99\xe3\x81\x8c\xe3\x80\x81\xe3\x83\x95\xe3\x82\xa9\xe3\x83\xab\xe3\x83\x80\xe3\x83\xbc\xe3\x81\xae\xe3\x83\x91\xe3\x82\xb9\xe3\x81\xaf\xe5\x90\xab\xe3\x81\xbf\xe3\x81\xbe\xe3\x81\x9b\xe3\x82\x93\xe3\x80\x82"},
    {"Skipped because",
     "\xe3\x82\xb9\xe3\x82\xad\xe3\x83\x83\xe3\x83\x97\xe3\x81\xae\xe7\x90\x86\xe7\x94\xb1"},
    {"Why Neural Rendering left frames alone this session, most frequent first, with the number of frames.  Each of those frames shows the game's own image.",
     "\xe3\x81\x93\xe3\x81\xae\xe3\x82\xbb\xe3\x83\x83\xe3\x82\xb7\xe3\x83\xa7\xe3\x83\xb3\xe3\x81\xa7 Neural Rendering \xe3\x81\x8c\xe3\x83\x95\xe3\x83\xac\xe3\x83\xbc\xe3\x83\xa0\xe3\x81\xab\xe6\x89\x8b\xe3\x82\x92\xe5\x8a\xa0\xe3\x81\x88\xe3\x81\xaa\xe3\x81\x8b\xe3\x81\xa3\xe3\x81\x9f\xe7\x90\x86\xe7\x94\xb1\xe3\x81\xa7\xe3\x81\x99\xe3\x80\x82\xe5\xa4\x9a\xe3\x81\x84\xe9\xa0\x86\xe3\x81\xab\xe3\x80\x81\xe3\x83\x95\xe3\x83\xac\xe3\x83\xbc\xe3\x83\xa0\xe6\x95\xb0\xe3\x81\xa8\xe3\x81\xa8\xe3\x82\x82\xe3\x81\xab\xe8\xa1\xa8\xe7\xa4\xba\xe3\x81\x97\xe3\x81\xbe\xe3\x81\x99\xe3\x80\x82\xe3\x81\x93\xe3\x82\x8c\xe3\x82\x89\xe3\x81\xae\xe3\x83\x95\xe3\x83\xac\xe3\x83\xbc\xe3\x83\xa0\xe3\x81\xa7\xe3\x81\xaf\xe3\x82\xb2\xe3\x83\xbc\xe3\x83\xa0\xe6\x9c\xac\xe6\x9d\xa5\xe3\x81\xae\xe7\x94\xbb\xe5\x83\x8f\xe3\x81\x8c\xe8\xa1\xa8\xe7\xa4\xba\xe3\x81\x95\xe3\x82\x8c\xe3\x81\xbe\xe3\x81\x99\xe3\x80\x82"},
    {"At the present",
     "\xe8\xa1\xa8\xe7\xa4\xba\xe6\x99\x82\xe3\x81\xae\xe7\x8a\xb6\xe6\x85\x8b"},
    {"What the Present hook point did this session.  A present without NR shows the game's image for that frame, which can read as a flicker.",
     "\xe3\x81\x93\xe3\x81\xae\xe3\x82\xbb\xe3\x83\x83\xe3\x82\xb7\xe3\x83\xa7\xe3\x83\xb3\xe3\x81\xa7\xe9\x81\xa9\xe7\x94\xa8\xe4\xbd\x8d\xe7\xbd\xae\xe3\x80\x8c\xe8\xa1\xa8\xe7\xa4\xba\xe6\x99\x82\xe3\x80\x8d\xe3\x81\x8c\xe8\xa1\x8c\xe3\x81\xa3\xe3\x81\x9f\xe3\x81\x93\xe3\x81\xa8\xe3\x81\xa7\xe3\x81\x99\xe3\x80\x82NR \xe3\x81\xaa\xe3\x81\x97\xe3\x81\xae\xe8\xa1\xa8\xe7\xa4\xba\xe3\x81\xa7\xe3\x81\xaf\xe3\x81\x9d\xe3\x81\xae\xe3\x83\x95\xe3\x83\xac\xe3\x83\xbc\xe3\x83\xa0\xe3\x81\xab\xe3\x82\xb2\xe3\x83\xbc\xe3\x83\xa0\xe3\x81\xae\xe7\x94\xbb\xe5\x83\x8f\xe3\x81\x8c\xe5\x87\xba\xe3\x82\x8b\xe3\x81\x9f\xe3\x82\x81\xe3\x80\x81\xe3\x81\xa1\xe3\x82\x89\xe3\x81\xa4\xe3\x81\x8d\xe3\x81\xab\xe8\xa6\x8b\xe3\x81\x88\xe3\x82\x8b\xe3\x81\x93\xe3\x81\xa8\xe3\x81\x8c\xe3\x81\x82\xe3\x82\x8a\xe3\x81\xbe\xe3\x81\x99\xe3\x80\x82"},
    {"Frame generation: %ux, NR on every present",
     "\xe3\x83\x95\xe3\x83\xac\xe3\x83\xbc\xe3\x83\xa0\xe7\x94\x9f\xe6\x88\x90: %ux\xe3\x80\x81NR \xe3\x81\xaf\xe3\x81\x99\xe3\x81\xb9\xe3\x81\xa6\xe3\x81\xae\xe8\xa1\xa8\xe7\xa4\xba\xe3\x81\xab\xe9\x81\xa9\xe7\x94\xa8"},
    {"Frame generation: %ux, NR on game frames only",
     "\xe3\x83\x95\xe3\x83\xac\xe3\x83\xbc\xe3\x83\xa0\xe7\x94\x9f\xe6\x88\x90: %ux\xe3\x80\x81NR \xe3\x81\xaf\xe3\x82\xb2\xe3\x83\xbc\xe3\x83\xa0\xe3\x81\xae\xe3\x83\x95\xe3\x83\xac\xe3\x83\xbc\xe3\x83\xa0\xe3\x81\xae\xe3\x81\xbf"},
    {"Frame generation: %ux, NR once per game frame, before frame generation",
     "\xe3\x83\x95\xe3\x83\xac\xe3\x83\xbc\xe3\x83\xa0\xe7\x94\x9f\xe6\x88\x90: %ux\xe3\x80\x81NR \xe3\x81\xaf\xe3\x82\xb2\xe3\x83\xbc\xe3\x83\xa0\xe3\x81\xae\xe3\x83\x95\xe3\x83\xac\xe3\x83\xbc\xe3\x83\xa0\xe3\x81\x94\xe3\x81\xa8\xe3\x81\xab 1 \xe5\x9b\x9e\xe3\x80\x81\xe3\x83\x95\xe3\x83\xac\xe3\x83\xbc\xe3\x83\xa0\xe7\x94\x9f\xe6\x88\x90\xe3\x81\xae\xe5\x89\x8d"},
    {"%llu presents reached the screen without NR between NR frames, which reads as flicker.  Most often: %s",
     "NR \xe3\x81\xae\xe3\x83\x95\xe3\x83\xac\xe3\x83\xbc\xe3\x83\xa0\xe3\x81\xae\xe9\x96\x93\xe3\x81\xab NR \xe3\x81\xaa\xe3\x81\x97\xe3\x81\xae\xe8\xa1\xa8\xe7\xa4\xba\xe3\x81\x8c %llu \xe5\x9b\x9e\xe7\x94\xbb\xe9\x9d\xa2\xe3\x81\xab\xe5\x87\xba\xe3\x81\xa6\xe3\x81\x8a\xe3\x82\x8a\xe3\x80\x81\xe3\x81\xa1\xe3\x82\x89\xe3\x81\xa4\xe3\x81\x8d\xe3\x81\xab\xe8\xa6\x8b\xe3\x81\x88\xe3\x81\xbe\xe3\x81\x99\xe3\x80\x82\xe6\x9c\x80\xe3\x82\x82\xe5\xa4\x9a\xe3\x81\x84\xe7\x90\x86\xe7\x94\xb1: %s"},
    {"%llu presents without NR between NR frames | %llu slot waits, %llu timed out | %llu history restarts | %llu frame generation on/off switches",
     "NR \xe3\x81\xae\xe3\x83\x95\xe3\x83\xac\xe3\x83\xbc\xe3\x83\xa0\xe9\x96\x93\xe3\x81\xa7 NR \xe3\x81\xaa\xe3\x81\x97\xe3\x81\xae\xe8\xa1\xa8\xe7\xa4\xba %llu \xe5\x9b\x9e | \xe3\x82\xb9\xe3\x83\xad\xe3\x83\x83\xe3\x83\x88\xe5\xbe\x85\xe3\x81\xa1 %llu \xe5\x9b\x9e\xe3\x80\x81\xe3\x82\xbf\xe3\x82\xa4\xe3\x83\xa0\xe3\x82\xa2\xe3\x82\xa6\xe3\x83\x88 %llu | \xe5\xb1\xa5\xe6\xad\xb4\xe3\x83\xaa\xe3\x82\xbb\xe3\x83\x83\xe3\x83\x88 %llu \xe5\x9b\x9e | \xe3\x83\x95\xe3\x83\xac\xe3\x83\xbc\xe3\x83\xa0\xe7\x94\x9f\xe6\x88\x90\xe3\x81\xae\xe3\x82\xaa\xe3\x83\xb3/\xe3\x82\xaa\xe3\x83\x95\xe5\x88\x87\xe3\x82\x8a\xe6\x9b\xbf\xe3\x81\x88 %llu \xe5\x9b\x9e"},
    {"No frame generation (%.1f presents per game frame)",
     "\xe3\x83\x95\xe3\x83\xac\xe3\x83\xbc\xe3\x83\xa0\xe7\x94\x9f\xe6\x88\x90\xe3\x81\xaa\xe3\x81\x97 (\xe3\x82\xb2\xe3\x83\xbc\xe3\x83\xa0" "1\xe3\x83\x95\xe3\x83\xac\xe3\x83\xbc\xe3\x83\xa0\xe3\x81\x82\xe3\x81\x9f\xe3\x82\x8a %.1f \xe5\x9b\x9e\xe3\x81\xae\xe8\xa1\xa8\xe7\xa4\xba)"},
    {"NR on %llu presents: %llu with the game's depth and motion, %llu neutral",
     "NR \xe3\x82\x92 %llu \xe5\x9b\x9e\xe3\x81\xae\xe8\xa1\xa8\xe7\xa4\xba\xe3\x81\xab\xe9\x81\xa9\xe7\x94\xa8: %llu \xe5\x9b\x9e\xe3\x81\xaf\xe3\x82\xb2\xe3\x83\xbc\xe3\x83\xa0\xe3\x81\xae\xe6\xb7\xb1\xe5\xba\xa6\xe3\x81\xa8\xe3\x83\xa2\xe3\x83\xbc\xe3\x82\xb7\xe3\x83\xa7\xe3\x83\xb3\xe3\x80\x81%llu \xe5\x9b\x9e\xe3\x81\xaf\xe3\x83\x8b\xe3\x83\xa5\xe3\x83\xbc\xe3\x83\x88\xe3\x83\xa9\xe3\x83\xab"},
    {"Without NR: %llu busy, %llu repeated game frames, %llu without depth and motion",
     "NR \xe3\x81\xaa\xe3\x81\x97: \xe3\x83\x93\xe3\x82\xb8\xe3\x83\xbc %llu\xe3\x80\x81\xe3\x82\xb2\xe3\x83\xbc\xe3\x83\xa0\xe3\x83\x95\xe3\x83\xac\xe3\x83\xbc\xe3\x83\xa0\xe3\x81\xae\xe7\xb9\xb0\xe3\x82\x8a\xe8\xbf\x94\xe3\x81\x97 %llu\xe3\x80\x81\xe6\xb7\xb1\xe5\xba\xa6\xe3\x81\xa8\xe3\x83\xa2\xe3\x83\xbc\xe3\x82\xb7\xe3\x83\xa7\xe3\x83\xb3\xe3\x81\xaa\xe3\x81\x97 %llu"},
    {"%llu presents took an older capture: the newest was still being written on another queue",
     "%llu \xe5\x9b\x9e\xe3\x81\xae\xe8\xa1\xa8\xe7\xa4\xba\xe3\x81\x8c\xe5\x8f\xa4\xe3\x81\x84\xe3\x82\xad\xe3\x83\xa3\xe3\x83\x97\xe3\x83\x81\xe3\x83\xa3\xe3\x82\x92\xe4\xbd\xbf\xe7\x94\xa8: \xe6\x9c\x80\xe6\x96\xb0\xe3\x81\xae\xe3\x82\x82\xe3\x81\xae\xe3\x81\xaf\xe5\x88\xa5\xe3\x81\xae\xe3\x82\xad\xe3\x83\xa5\xe3\x83\xbc\xe3\x81\xa7\xe3\x81\xbe\xe3\x81\xa0\xe6\x9b\xb8\xe3\x81\x8d\xe8\xbe\xbc\xe3\x81\xbf\xe4\xb8\xad\xe3\x81\xa7\xe3\x81\x97\xe3\x81\x9f"},
    {"This game upscales with Ray Reconstruction, so NR runs on its output (Upscaled).",
     "\xe3\x81\x93\xe3\x81\xae\xe3\x82\xb2\xe3\x83\xbc\xe3\x83\xa0\xe3\x81\xaf Ray Reconstruction \xe3\x81\xa7\xe3\x82\xa2\xe3\x83\x83\xe3\x83\x97\xe3\x82\xb9\xe3\x82\xb1\xe3\x83\xbc\xe3\x83\xab\xe3\x81\x99\xe3\x82\x8b\xe3\x81\x9f\xe3\x82\x81\xe3\x80\x81NR \xe3\x81\xaf\xe3\x81\x9d\xe3\x81\xae\xe5\x87\xba\xe5\x8a\x9b\xe3\x81\xab\xe9\x81\xa9\xe7\x94\xa8\xe3\x81\x95\xe3\x82\x8c\xe3\x81\xbe\xe3\x81\x99 (\xe3\x82\xa2\xe3\x83\x83\xe3\x83\x97\xe3\x82\xb9\xe3\x82\xb1\xe3\x83\xbc\xe3\x83\xab\xe5\xbe\x8c)\xe3\x80\x82"},
    {"This game's swapchain cannot be served at the present, so NR runs on the DLSS output (Upscaled).",
     "\xe3\x81\x93\xe3\x81\xae\xe3\x82\xb2\xe3\x83\xbc\xe3\x83\xa0\xe3\x81\xae\xe3\x82\xb9\xe3\x83\xaf\xe3\x83\x83\xe3\x83\x97\xe3\x83\x81\xe3\x82\xa7\xe3\x83\xbc\xe3\x83\xb3\xe3\x81\xaf\xe8\xa1\xa8\xe7\xa4\xba\xe6\x99\x82\xe3\x81\xab\xe5\x87\xa6\xe7\x90\x86\xe3\x81\xa7\xe3\x81\x8d\xe3\x81\xaa\xe3\x81\x84\xe3\x81\x9f\xe3\x82\x81\xe3\x80\x81NR \xe3\x81\xaf DLSS \xe3\x81\xae\xe5\x87\xba\xe5\x8a\x9b\xe3\x81\xab\xe9\x81\xa9\xe7\x94\xa8\xe3\x81\x95\xe3\x82\x8c\xe3\x81\xbe\xe3\x81\x99 (\xe3\x82\xa2\xe3\x83\x83\xe3\x83\x97\xe3\x82\xb9\xe3\x82\xb1\xe3\x83\xbc\xe3\x83\xab\xe5\xbe\x8c)\xe3\x80\x82"},
    {"In a Vulkan game NR does not run at the present yet; it runs on the DLSS output (Upscaled).",
     "Vulkan \xe3\x82\xb2\xe3\x83\xbc\xe3\x83\xa0\xe3\x81\xa7\xe3\x81\xaf NR \xe3\x81\xaf\xe3\x81\xbe\xe3\x81\xa0\xe8\xa1\xa8\xe7\xa4\xba\xe6\x99\x82\xe3\x81\xab\xe5\xae\x9f\xe8\xa1\x8c\xe3\x81\x95\xe3\x82\x8c\xe3\x81\xbe\xe3\x81\x9b\xe3\x82\x93\xe3\x80\x82" "DLSS \xe3\x81\xae\xe5\x87\xba\xe5\x8a\x9b\xe3\x81\xab\xe9\x81\xa9\xe7\x94\xa8\xe3\x81\x95\xe3\x82\x8c\xe3\x81\xbe\xe3\x81\x99 (\xe3\x82\xa2\xe3\x83\x83\xe3\x83\x97\xe3\x82\xb9\xe3\x82\xb1\xe3\x83\xbc\xe3\x83\xab\xe5\xbe\x8c)\xe3\x80\x82"},
    {"In this Direct3D 11 game Present needs DX11Source=native in ReShade.ini; NR runs on the DLSS output (Upscaled).",
     "\xe3\x81\x93\xe3\x81\xae Direct3D 11 \xe3\x81\xae\xe3\x82\xb2\xe3\x83\xbc\xe3\x83\xa0\xe3\x81\xa7\xe3\x81\xaf\xe3\x80\x81\xe8\xa1\xa8\xe7\xa4\xba\xe6\x99\x82\xe3\x81\xab\xe3\x81\xaf ReShade.ini \xe3\x81\xae DX11Source=native \xe3\x81\x8c\xe5\xbf\x85\xe8\xa6\x81\xe3\x81\xa7\xe3\x81\x99\xe3\x80\x82NR \xe3\x81\xaf DLSS \xe3\x81\xae\xe5\x87\xba\xe5\x8a\x9b\xe3\x81\xab\xe9\x81\xa9\xe7\x94\xa8\xe3\x81\x95\xe3\x82\x8c\xe3\x81\xbe\xe3\x81\x99 (\xe3\x82\xa2\xe3\x83\x83\xe3\x83\x97\xe3\x82\xb9\xe3\x82\xb1\xe3\x83\xbc\xe3\x83\xab\xe5\xbe\x8c)\xe3\x80\x82"},
    {"Frame generation is on: each extra pass adds a full NR pass to every game frame and can push the game out of its frame generation budget (fewer generated frames, or a hang).",
     "\xe3\x83\x95\xe3\x83\xac\xe3\x83\xbc\xe3\x83\xa0\xe7\x94\x9f\xe6\x88\x90\xe3\x81\x8c\xe3\x82\xaa\xe3\x83\xb3\xe3\x81\xa7\xe3\x81\x99: \xe3\x83\x91\xe3\x82\xb9\xe3\x82\x92" "1\xe3\x81\xa4\xe5\xa2\x97\xe3\x82\x84\xe3\x81\x99\xe3\x81\x94\xe3\x81\xa8\xe3\x81\xab\xe3\x82\xb2\xe3\x83\xbc\xe3\x83\xa0\xe3\x81\xae\xe5\x90\x84\xe3\x83\x95\xe3\x83\xac\xe3\x83\xbc\xe3\x83\xa0\xe3\x81\xab NR \xe3\x81\xae\xe3\x83\x91\xe3\x82\xb9\xe3\x81\x8c" "1\xe5\x9b\x9e\xe5\x88\x86\xe5\x8a\xa0\xe3\x82\x8f\xe3\x82\x8a\xe3\x80\x81\xe3\x83\x95\xe3\x83\xac\xe3\x83\xbc\xe3\x83\xa0\xe7\x94\x9f\xe6\x88\x90\xe3\x81\xae\xe4\xba\x88\xe7\xae\x97\xe3\x82\x92\xe8\xb6\x85\xe3\x81\x88\xe3\x82\x8b\xe3\x81\x93\xe3\x81\xa8\xe3\x81\x8c\xe3\x81\x82\xe3\x82\x8a\xe3\x81\xbe\xe3\x81\x99 (\xe7\x94\x9f\xe6\x88\x90\xe3\x83\x95\xe3\x83\xac\xe3\x83\xbc\xe3\x83\xa0\xe3\x81\xae\xe6\xb8\x9b\xe5\xb0\x91\xe3\x82\x84\xe3\x83\x8f\xe3\x83\xb3\xe3\x82\xb0)\xe3\x80\x82"},
    {"Details: the %s tab in ReShade's overlay.  %s turns Neural Rendering off.",
     "\xe8\xa9\xb3\xe7\xb4\xb0: ReShade \xe3\x82\xaa\xe3\x83\xbc\xe3\x83\x90\xe3\x83\xbc\xe3\x83\xac\xe3\x82\xa4\xe3\x81\xae %s \xe3\x82\xbf\xe3\x83\x96\xe3\x80\x82%s \xe3\x81\xa7 Neural Rendering \xe3\x82\x92\xe3\x82\xaa\xe3\x83\x95\xe3\x81\xab\xe3\x81\x97\xe3\x81\xbe\xe3\x81\x99\xe3\x80\x82"},
    {"and %u more",
     "\xe3\x81\xbb\xe3\x81\x8b %u \xe4\xbb\xb6"},
    {"Details and fixes: the %s tab in ReShade's overlay.",
     "\xe8\xa9\xb3\xe7\xb4\xb0\xe3\x81\xa8\xe5\xaf\xbe\xe5\x87\xa6\xe6\xb3\x95: ReShade \xe3\x82\xaa\xe3\x83\xbc\xe3\x83\x90\xe3\x83\xbc\xe3\x83\xac\xe3\x82\xa4\xe3\x81\xae %s \xe3\x82\xbf\xe3\x83\x96\xe3\x80\x82"},
    {"Issue notices",
     "\xe5\x95\x8f\xe9\xa1\x8c\xe3\x81\xae\xe9\x80\x9a\xe7\x9f\xa5"},
    {"Shows a note in the game's corner for a few seconds when an issue starts, and again every five minutes while it lasts.  The issues under the status card are listed either way.",
     "\xe5\x95\x8f\xe9\xa1\x8c\xe3\x81\x8c\xe7\x99\xba\xe7\x94\x9f\xe3\x81\x97\xe3\x81\x9f\xe3\x81\xa8\xe3\x81\x8d\xe3\x81\xab\xe3\x82\xb2\xe3\x83\xbc\xe3\x83\xa0\xe7\x94\xbb\xe9\x9d\xa2\xe3\x81\xae\xe9\x9a\x85\xe3\x81\xab\xe6\x95\xb0\xe7\xa7\x92\xe9\x96\x93\xe9\x80\x9a\xe7\x9f\xa5\xe3\x82\x92\xe8\xa1\xa8\xe7\xa4\xba\xe3\x81\x97\xe3\x80\x81\xe5\x95\x8f\xe9\xa1\x8c\xe3\x81\x8c\xe7\xb6\x9a\xe3\x81\x8f\xe9\x96\x93\xe3\x81\xaf 5 \xe5\x88\x86\xe3\x81\x94\xe3\x81\xa8\xe3\x81\xab\xe5\x86\x8d\xe8\xa1\xa8\xe7\xa4\xba\xe3\x81\x97\xe3\x81\xbe\xe3\x81\x99\xe3\x80\x82\xe3\x82\xb9\xe3\x83\x86\xe3\x83\xbc\xe3\x82\xbf\xe3\x82\xb9\xe3\x82\xab\xe3\x83\xbc\xe3\x83\x89\xe3\x81\xae\xe4\xb8\x8b\xe3\x81\xae\xe5\x95\x8f\xe9\xa1\x8c\xe4\xb8\x80\xe8\xa6\xa7\xe3\x81\xaf\xe3\x80\x81\xe3\x81\x93\xe3\x81\xae\xe8\xa8\xad\xe5\xae\x9a\xe3\x81\xab\xe9\x96\xa2\xe4\xbf\x82\xe3\x81\xaa\xe3\x81\x8f\xe8\xa1\xa8\xe7\xa4\xba\xe3\x81\x95\xe3\x82\x8c\xe3\x81\xbe\xe3\x81\x99\xe3\x80\x82"},
    {"Welcome to DLSS 5 Neural Rendering",
     "DLSS 5 Neural Rendering \xe3\x81\xb8\xe3\x82\x88\xe3\x81\x86\xe3\x81\x93\xe3\x81\x9d"},
    {"Neural Rendering is NVIDIA's DLSS enhancer.  It works on the image the game's own DLSS makes, so DLSS or DLAA has to be on in the game's settings.",
     "Neural Rendering \xe3\x81\xaf NVIDIA \xe3\x81\xae DLSS \xe3\x82\xa8\xe3\x83\xb3\xe3\x83\x8f\xe3\x83\xb3\xe3\x82\xb5\xe3\x83\xbc\xe3\x81\xa7\xe3\x81\x99\xe3\x80\x82\xe3\x82\xb2\xe3\x83\xbc\xe3\x83\xa0\xe8\x87\xaa\xe4\xbd\x93\xe3\x81\xae DLSS \xe3\x81\x8c\xe7\x94\x9f\xe6\x88\x90\xe3\x81\x97\xe3\x81\x9f\xe7\x94\xbb\xe5\x83\x8f\xe3\x81\xab\xe4\xbd\x9c\xe7\x94\xa8\xe3\x81\x99\xe3\x82\x8b\xe3\x81\x9f\xe3\x82\x81\xe3\x80\x81\xe3\x82\xb2\xe3\x83\xbc\xe3\x83\xa0\xe3\x81\xae\xe8\xa8\xad\xe5\xae\x9a\xe3\x81\xa7 DLSS \xe3\x81\xbe\xe3\x81\x9f\xe3\x81\xaf DLAA \xe3\x82\x92\xe3\x82\xaa\xe3\x83\xb3\xe3\x81\xab\xe3\x81\x99\xe3\x82\x8b\xe5\xbf\x85\xe8\xa6\x81\xe3\x81\x8c\xe3\x81\x82\xe3\x82\x8a\xe3\x81\xbe\xe3\x81\x99\xe3\x80\x82"},
    {"Neural Rendering is NVIDIA's DLSS enhancer.  At the Present hook point it works on the finished frame the game shows, so DLSS is not required: with DLSS or DLAA on it uses the game's depth and motion, without it neutral ones.",
     "Neural Rendering \xe3\x81\xaf NVIDIA \xe3\x81\xae DLSS \xe3\x82\xa8\xe3\x83\xb3\xe3\x83\x8f\xe3\x83\xb3\xe3\x82\xb5\xe3\x83\xbc\xe3\x81\xa7\xe3\x81\x99\xe3\x80\x82\xe9\x81\xa9\xe7\x94\xa8\xe4\xbd\x8d\xe7\xbd\xae\xe3\x80\x8c\xe8\xa1\xa8\xe7\xa4\xba\xe6\x99\x82\xe3\x80\x8d\xe3\x81\xa7\xe3\x81\xaf\xe3\x82\xb2\xe3\x83\xbc\xe3\x83\xa0\xe3\x81\x8c\xe8\xa1\xa8\xe7\xa4\xba\xe3\x81\x99\xe3\x82\x8b\xe5\xae\x8c\xe6\x88\x90\xe3\x83\x95\xe3\x83\xac\xe3\x83\xbc\xe3\x83\xa0\xe3\x81\xab\xe4\xbd\x9c\xe7\x94\xa8\xe3\x81\x99\xe3\x82\x8b\xe3\x81\x9f\xe3\x82\x81\xe3\x80\x81" "DLSS \xe3\x81\xaf\xe5\xbf\x85\xe9\xa0\x88\xe3\x81\xa7\xe3\x81\xaf\xe3\x81\x82\xe3\x82\x8a\xe3\x81\xbe\xe3\x81\x9b\xe3\x82\x93\xe3\x80\x82" "DLSS \xe3\x81\xbe\xe3\x81\x9f\xe3\x81\xaf DLAA \xe3\x81\x8c\xe3\x82\xaa\xe3\x83\xb3\xe3\x81\xaa\xe3\x82\x89\xe3\x82\xb2\xe3\x83\xbc\xe3\x83\xa0\xe3\x81\xae\xe6\xb7\xb1\xe5\xba\xa6\xe3\x81\xa8\xe3\x83\xa2\xe3\x83\xbc\xe3\x82\xb7\xe3\x83\xa7\xe3\x83\xb3\xe3\x82\x92\xe3\x80\x81\xe3\x82\xaa\xe3\x83\x95\xe3\x81\xaa\xe3\x82\x89\xe3\x83\x8b\xe3\x83\xa5\xe3\x83\xbc\xe3\x83\x88\xe3\x83\xa9\xe3\x83\xab\xe3\x81\xaa\xe5\x80\xa4\xe3\x82\x92\xe4\xbd\xbf\xe3\x81\x84\xe3\x81\xbe\xe3\x81\x99\xe3\x80\x82"},
    {"Neural Rendering is NVIDIA's DLSS enhancer.  At the Present hook point it works on the finished frame the game shows, and Depth and motion: Required needs DLSS or DLAA on in the game's settings.",
     "Neural Rendering \xe3\x81\xaf NVIDIA \xe3\x81\xae DLSS \xe3\x82\xa8\xe3\x83\xb3\xe3\x83\x8f\xe3\x83\xb3\xe3\x82\xb5\xe3\x83\xbc\xe3\x81\xa7\xe3\x81\x99\xe3\x80\x82\xe9\x81\xa9\xe7\x94\xa8\xe4\xbd\x8d\xe7\xbd\xae\xe3\x80\x8c\xe8\xa1\xa8\xe7\xa4\xba\xe6\x99\x82\xe3\x80\x8d\xe3\x81\xa7\xe3\x81\xaf\xe3\x82\xb2\xe3\x83\xbc\xe3\x83\xa0\xe3\x81\x8c\xe8\xa1\xa8\xe7\xa4\xba\xe3\x81\x99\xe3\x82\x8b\xe5\xae\x8c\xe6\x88\x90\xe3\x83\x95\xe3\x83\xac\xe3\x83\xbc\xe3\x83\xa0\xe3\x81\xab\xe4\xbd\x9c\xe7\x94\xa8\xe3\x81\x97\xe3\x80\x81\xe6\xb7\xb1\xe5\xba\xa6\xe3\x81\xa8\xe3\x83\xa2\xe3\x83\xbc\xe3\x82\xb7\xe3\x83\xa7\xe3\x83\xb3: \xe5\xbf\x85\xe9\xa0\x88 \xe3\x81\xa7\xe3\x81\xaf\xe3\x82\xb2\xe3\x83\xbc\xe3\x83\xa0\xe3\x81\xae\xe8\xa8\xad\xe5\xae\x9a\xe3\x81\xa7 DLSS \xe3\x81\xbe\xe3\x81\x9f\xe3\x81\xaf DLAA \xe3\x82\x92\xe3\x82\xaa\xe3\x83\xb3\xe3\x81\xab\xe3\x81\x99\xe3\x82\x8b\xe5\xbf\x85\xe8\xa6\x81\xe3\x81\x8c\xe3\x81\x82\xe3\x82\x8a\xe3\x81\xbe\xe3\x81\x99\xe3\x80\x82"},
    {"Neural Rendering is NVIDIA's DLSS enhancer.  At the Present hook point with Depth and motion: Never it works on the finished frame the game shows with neutral depth and motion, so DLSS is not needed.",
     "Neural Rendering \xe3\x81\xaf NVIDIA \xe3\x81\xae DLSS \xe3\x82\xa8\xe3\x83\xb3\xe3\x83\x8f\xe3\x83\xb3\xe3\x82\xb5\xe3\x83\xbc\xe3\x81\xa7\xe3\x81\x99\xe3\x80\x82\xe9\x81\xa9\xe7\x94\xa8\xe4\xbd\x8d\xe7\xbd\xae\xe3\x80\x8c\xe8\xa1\xa8\xe7\xa4\xba\xe6\x99\x82\xe3\x80\x8d\xe3\x81\xa7 \xe6\xb7\xb1\xe5\xba\xa6\xe3\x81\xa8\xe3\x83\xa2\xe3\x83\xbc\xe3\x82\xb7\xe3\x83\xa7\xe3\x83\xb3: \xe4\xbd\xbf\xe3\x82\x8f\xe3\x81\xaa\xe3\x81\x84 \xe3\x81\xae\xe5\xa0\xb4\xe5\x90\x88\xe3\x80\x81\xe3\x82\xb2\xe3\x83\xbc\xe3\x83\xa0\xe3\x81\x8c\xe8\xa1\xa8\xe7\xa4\xba\xe3\x81\x99\xe3\x82\x8b\xe5\xae\x8c\xe6\x88\x90\xe3\x83\x95\xe3\x83\xac\xe3\x83\xbc\xe3\x83\xa0\xe3\x81\xab\xe3\x83\x8b\xe3\x83\xa5\xe3\x83\xbc\xe3\x83\x88\xe3\x83\xa9\xe3\x83\xab\xe3\x81\xaa\xe6\xb7\xb1\xe5\xba\xa6\xe3\x81\xa8\xe3\x83\xa2\xe3\x83\xbc\xe3\x82\xb7\xe3\x83\xa7\xe3\x83\xb3\xe3\x81\xa7\xe4\xbd\x9c\xe7\x94\xa8\xe3\x81\x99\xe3\x82\x8b\xe3\x81\x9f\xe3\x82\x81\xe3\x80\x81" "DLSS \xe3\x81\xaf\xe4\xb8\x8d\xe8\xa6\x81\xe3\x81\xa7\xe3\x81\x99\xe3\x80\x82"},
    {"The card above says whether it is working.  When it is not, a note in the game's top-left corner says so, even with this overlay closed.",
     "\xe4\xb8\x8a\xe3\x81\xae\xe3\x82\xab\xe3\x83\xbc\xe3\x83\x89\xe3\x81\xa7\xe5\x8b\x95\xe4\xbd\x9c\xe3\x81\x97\xe3\x81\xa6\xe3\x81\x84\xe3\x82\x8b\xe3\x81\x8b\xe3\x81\xa9\xe3\x81\x86\xe3\x81\x8b\xe3\x82\x92\xe7\xa2\xba\xe8\xaa\x8d\xe3\x81\xa7\xe3\x81\x8d\xe3\x81\xbe\xe3\x81\x99\xe3\x80\x82\xe5\x8b\x95\xe4\xbd\x9c\xe3\x81\x97\xe3\x81\xa6\xe3\x81\x84\xe3\x81\xaa\xe3\x81\x84\xe5\xa0\xb4\xe5\x90\x88\xe3\x81\xaf\xe3\x80\x81\xe3\x81\x93\xe3\x81\xae\xe3\x82\xaa\xe3\x83\xbc\xe3\x83\x90\xe3\x83\xbc\xe3\x83\xac\xe3\x82\xa4\xe3\x82\x92\xe9\x96\x89\xe3\x81\x98\xe3\x81\xa6\xe3\x81\x84\xe3\x81\xa6\xe3\x82\x82\xe3\x82\xb2\xe3\x83\xbc\xe3\x83\xa0\xe7\x94\xbb\xe9\x9d\xa2\xe3\x81\xae\xe5\xb7\xa6\xe4\xb8\x8a\xe3\x81\xab\xe9\x80\x9a\xe7\x9f\xa5\xe3\x81\x8c\xe8\xa1\xa8\xe7\xa4\xba\xe3\x81\x95\xe3\x82\x8c\xe3\x81\xbe\xe3\x81\x99\xe3\x80\x82"},
    {"The switch below turns it on and off; in game, the key shown beside it does the same.",
     "\xe4\xb8\x8b\xe3\x81\xae\xe3\x82\xb9\xe3\x82\xa4\xe3\x83\x83\xe3\x83\x81\xe3\x81\xa7\xe3\x82\xaa\xe3\x83\xb3/\xe3\x82\xaa\xe3\x83\x95\xe3\x82\x92\xe5\x88\x87\xe3\x82\x8a\xe6\x9b\xbf\xe3\x81\x88\xe3\x81\xbe\xe3\x81\x99\xe3\x80\x82\xe3\x82\xb2\xe3\x83\xbc\xe3\x83\xa0\xe4\xb8\xad\xe3\x81\xaf\xe6\xa8\xaa\xe3\x81\xab\xe8\xa1\xa8\xe7\xa4\xba\xe3\x81\x95\xe3\x82\x8c\xe3\x81\x9f\xe3\x82\xad\xe3\x83\xbc\xe3\x81\xa7\xe3\x82\x82\xe5\x90\x8c\xe3\x81\x98\xe6\x93\x8d\xe4\xbd\x9c\xe3\x81\x8c\xe3\x81\xa7\xe3\x81\x8d\xe3\x81\xbe\xe3\x81\x99\xe3\x80\x82"},
    {"Strength and the Look section shape the image; a row you changed gets a reset arrow.",
     "\xe5\xbc\xb7\xe5\xba\xa6\xe3\x81\xa8\xe3\x83\xab\xe3\x83\x83\xe3\x82\xaf\xe3\x82\xbb\xe3\x82\xaf\xe3\x82\xb7\xe3\x83\xa7\xe3\x83\xb3\xe3\x81\xa7\xe7\x94\xbb\xe5\x83\x8f\xe3\x82\x92\xe8\xaa\xbf\xe6\x95\xb4\xe3\x81\x97\xe3\x81\xbe\xe3\x81\x99\xe3\x80\x82\xe5\xa4\x89\xe6\x9b\xb4\xe3\x81\x97\xe3\x81\x9f\xe8\xa1\x8c\xe3\x81\xab\xe3\x81\xaf\xe3\x83\xaa\xe3\x82\xbb\xe3\x83\x83\xe3\x83\x88\xe7\x9f\xa2\xe5\x8d\xb0\xe3\x81\x8c\xe8\xa1\xa8\xe7\xa4\xba\xe3\x81\x95\xe3\x82\x8c\xe3\x81\xbe\xe3\x81\x99\xe3\x80\x82"},
    {"DX11 game - NR waits for a D3D12 tool",
     "DX11 \xe3\x82\xb2\xe3\x83\xbc\xe3\x83\xa0 - NR \xe3\x81\xaf D3D12 \xe3\x83\x84\xe3\x83\xbc\xe3\x83\xab\xe3\x82\x92\xe5\xbe\x85\xe6\xa9\x9f\xe4\xb8\xad"},
    {"This session serves only a third-party tool's Direct3D 12 DLSS (DX11Source=foreign, or another project's Direct3D 11 bridge add-on is loaded), and none has run. Nothing is wrong.",
     "\xe3\x81\x93\xe3\x81\xae\xe3\x82\xbb\xe3\x83\x83\xe3\x82\xb7\xe3\x83\xa7\xe3\x83\xb3\xe3\x81\xaf\xe3\x82\xb5\xe3\x83\xbc\xe3\x83\x89\xe3\x83\x91\xe3\x83\xbc\xe3\x83\x86\xe3\x82\xa3\xe8\xa3\xbd\xe3\x83\x84\xe3\x83\xbc\xe3\x83\xab\xe3\x81\xae Direct3D 12 DLSS \xe3\x81\xae\xe3\x81\xbf\xe3\x81\xab\xe5\xaf\xbe\xe5\xbf\x9c\xe3\x81\x97\xe3\x81\xa6\xe3\x81\x84\xe3\x81\xbe\xe3\x81\x99 (DX11Source=foreign\xe3\x80\x81\xe3\x81\xbe\xe3\x81\x9f\xe3\x81\xaf\xe5\x88\xa5\xe3\x83\x97\xe3\x83\xad\xe3\x82\xb8\xe3\x82\xa7\xe3\x82\xaf\xe3\x83\x88\xe3\x81\xae Direct3D 11 \xe3\x83\x96\xe3\x83\xaa\xe3\x83\x83\xe3\x82\xb8\xe3\x82\xa2\xe3\x83\x89\xe3\x82\xaa\xe3\x83\xb3\xe3\x81\x8c\xe8\xaa\xad\xe3\x81\xbf\xe8\xbe\xbc\xe3\x81\xbe\xe3\x82\x8c\xe3\x81\xa6\xe3\x81\x84\xe3\x81\xbe\xe3\x81\x99)\xe3\x80\x82\xe3\x81\xbe\xe3\x81\xa0\xe3\x81\xa9\xe3\x82\x8c\xe3\x82\x82\xe5\xae\x9f\xe8\xa1\x8c\xe3\x81\x95\xe3\x82\x8c\xe3\x81\xa6\xe3\x81\x84\xe3\x81\xbe\xe3\x81\x9b\xe3\x82\x93\xe3\x80\x82\xe5\x95\x8f\xe9\xa1\x8c\xe3\x81\xaf\xe3\x81\x82\xe3\x82\x8a\xe3\x81\xbe\xe3\x81\x9b\xe3\x82\x93\xe3\x80\x82"},
    {"To serve the game's own DLSS, set DX11Source=native in [RenoDX.DLSS5] in ReShade.ini and restart the game.",
     "\xe3\x82\xb2\xe3\x83\xbc\xe3\x83\xa0\xe8\x87\xaa\xe4\xbd\x93\xe3\x81\xae DLSS \xe3\x81\xab\xe5\xaf\xbe\xe5\xbf\x9c\xe3\x81\x95\xe3\x81\x9b\xe3\x82\x8b\xe3\x81\xab\xe3\x81\xaf\xe3\x80\x81ReShade.ini \xe3\x81\xae [RenoDX.DLSS5] \xe3\x81\xa7 DX11Source=native \xe3\x82\x92\xe8\xa8\xad\xe5\xae\x9a\xe3\x81\x97\xe3\x80\x81\xe3\x82\xb2\xe3\x83\xbc\xe3\x83\xa0\xe3\x82\x92\xe5\x86\x8d\xe8\xb5\xb7\xe5\x8b\x95\xe3\x81\x97\xe3\x81\xa6\xe3\x81\x8f\xe3\x81\xa0\xe3\x81\x95\xe3\x81\x84\xe3\x80\x82"},
    {"NR runtime does not support this GPU",
     "NR \xe3\x83\xa9\xe3\x83\xb3\xe3\x82\xbf\xe3\x82\xa4\xe3\x83\xa0\xe3\x81\xaf\xe3\x81\x93\xe3\x81\xae GPU \xe3\x81\xab\xe5\xaf\xbe\xe5\xbf\x9c\xe3\x81\x97\xe3\x81\xa6\xe3\x81\x84\xe3\x81\xbe\xe3\x81\x9b\xe3\x82\x93"},
    {"This nvngx_dlssnr.dll is built for GeForce RTX 50-series (Blackwell) GPUs, and this GPU is an earlier generation. A driver update cannot change that.",
     "\xe3\x81\x93\xe3\x81\xae nvngx_dlssnr.dll \xe3\x81\xaf GeForce RTX 50 \xe3\x82\xb7\xe3\x83\xaa\xe3\x83\xbc\xe3\x82\xba (Blackwell) \xe3\x81\xae GPU \xe5\x90\x91\xe3\x81\x91\xe3\x81\xab\xe4\xbd\x9c\xe3\x82\x89\xe3\x82\x8c\xe3\x81\xa6\xe3\x81\x8a\xe3\x82\x8a\xe3\x80\x81\xe3\x81\x93\xe3\x81\xae GPU \xe3\x81\xaf\xe3\x81\x9d\xe3\x82\x8c\xe3\x82\x88\xe3\x82\x8a\xe5\x89\x8d\xe3\x81\xae\xe4\xb8\x96\xe4\xbb\xa3\xe3\x81\xa7\xe3\x81\x99\xe3\x80\x82\xe3\x83\x89\xe3\x83\xa9\xe3\x82\xa4\xe3\x83\x90\xe3\x83\xbc\xe3\x82\x92\xe6\x9b\xb4\xe6\x96\xb0\xe3\x81\x97\xe3\x81\xa6\xe3\x82\x82\xe5\xa4\x89\xe3\x82\x8f\xe3\x82\x8a\xe3\x81\xbe\xe3\x81\x9b\xe3\x82\x93\xe3\x80\x82"},
    {"Use an nvngx_dlssnr.dll build that supports this GPU, then restart the game.",
     "\xe3\x81\x93\xe3\x81\xae GPU \xe3\x81\xab\xe5\xaf\xbe\xe5\xbf\x9c\xe3\x81\x97\xe3\x81\x9f nvngx_dlssnr.dll \xe3\x81\xae\xe3\x83\x93\xe3\x83\xab\xe3\x83\x89\xe3\x82\x92\xe4\xbd\xbf\xe7\x94\xa8\xe3\x81\x97\xe3\x81\xa6\xe3\x81\x8b\xe3\x82\x89\xe3\x80\x81\xe3\x82\xb2\xe3\x83\xbc\xe3\x83\xa0\xe3\x82\x92\xe5\x86\x8d\xe8\xb5\xb7\xe5\x8b\x95\xe3\x81\x97\xe3\x81\xa6\xe3\x81\x8f\xe3\x81\xa0\xe3\x81\x95\xe3\x81\x84\xe3\x80\x82"},
    {"NR can't read this game's DLSS surfaces",
     "NR \xe3\x81\x8c\xe3\x81\x93\xe3\x81\xae\xe3\x82\xb2\xe3\x83\xbc\xe3\x83\xa0\xe3\x81\xae DLSS \xe3\x82\xb5\xe3\x83\xbc\xe3\x83\x95\xe3\x82\xa7\xe3\x82\xb9\xe3\x82\x92\xe8\xaa\xad\xe3\x81\xbf\xe5\x8f\x96\xe3\x82\x8c\xe3\x81\xbe\xe3\x81\x9b\xe3\x82\x93"},
    {"The game's DLSS output uses a format or multisampling that the Direct3D 11 bridge cannot share with Direct3D 12, so every frame keeps the game's own DLSS image.",
     "\xe3\x82\xb2\xe3\x83\xbc\xe3\x83\xa0\xe3\x81\xae DLSS \xe5\x87\xba\xe5\x8a\x9b\xe3\x81\x8c\xe3\x80\x81" "Direct3D 11 \xe3\x83\x96\xe3\x83\xaa\xe3\x83\x83\xe3\x82\xb8\xe3\x81\x8c Direct3D 12 \xe3\x81\xa8\xe5\x85\xb1\xe6\x9c\x89\xe3\x81\xa7\xe3\x81\x8d\xe3\x81\xaa\xe3\x81\x84\xe3\x83\x95\xe3\x82\xa9\xe3\x83\xbc\xe3\x83\x9e\xe3\x83\x83\xe3\x83\x88\xe3\x81\xbe\xe3\x81\x9f\xe3\x81\xaf\xe3\x83\x9e\xe3\x83\xab\xe3\x83\x81\xe3\x82\xb5\xe3\x83\xb3\xe3\x83\x97\xe3\x83\xaa\xe3\x83\xb3\xe3\x82\xb0\xe3\x82\x92\xe4\xbd\xbf\xe7\x94\xa8\xe3\x81\x97\xe3\x81\xa6\xe3\x81\x84\xe3\x82\x8b\xe3\x81\x9f\xe3\x82\x81\xe3\x80\x81\xe3\x81\x99\xe3\x81\xb9\xe3\x81\xa6\xe3\x81\xae\xe3\x83\x95\xe3\x83\xac\xe3\x83\xbc\xe3\x83\xa0\xe3\x81\xa7\xe3\x82\xb2\xe3\x83\xbc\xe3\x83\xa0\xe8\x87\xaa\xe4\xbd\x93\xe3\x81\xae DLSS \xe7\x94\xbb\xe5\x83\x8f\xe3\x81\x8c\xe3\x81\x9d\xe3\x81\xae\xe3\x81\xbe\xe3\x81\xbe\xe4\xbd\xbf\xe3\x82\x8f\xe3\x82\x8c\xe3\x81\xbe\xe3\x81\x99\xe3\x80\x82"},
    {"Copy the support report under Diagnostics and share it with ReShade.log; it names the surface format.",
     "\xe8\xa8\xba\xe6\x96\xad\xe3\x81\xae\xe3\x82\xb5\xe3\x83\x9d\xe3\x83\xbc\xe3\x83\x88\xe3\x83\xac\xe3\x83\x9d\xe3\x83\xbc\xe3\x83\x88\xe3\x82\x92\xe3\x82\xb3\xe3\x83\x94\xe3\x83\xbc\xe3\x81\x97\xe3\x80\x81ReShade.log \xe3\x81\xa8\xe4\xb8\x80\xe7\xb7\x92\xe3\x81\xab\xe5\x85\xb1\xe6\x9c\x89\xe3\x81\x97\xe3\x81\xa6\xe3\x81\x8f\xe3\x81\xa0\xe3\x81\x95\xe3\x81\x84\xe3\x80\x82\xe3\x82\xb5\xe3\x83\xbc\xe3\x83\x95\xe3\x82\xa7\xe3\x82\xb9\xe3\x81\xae\xe3\x83\x95\xe3\x82\xa9\xe3\x83\xbc\xe3\x83\x9e\xe3\x83\x83\xe3\x83\x88\xe3\x81\x8c\xe8\xa8\x98\xe8\xbc\x89\xe3\x81\x95\xe3\x82\x8c\xe3\x81\xa6\xe3\x81\x84\xe3\x81\xbe\xe3\x81\x99\xe3\x80\x82"},
    {"NR's Direct3D 11 bridge stopped",
     "NR \xe3\x81\xae Direct3D 11 \xe3\x83\x96\xe3\x83\xaa\xe3\x83\x83\xe3\x82\xb8\xe3\x81\x8c\xe5\x81\x9c\xe6\xad\xa2\xe3\x81\x97\xe3\x81\xbe\xe3\x81\x97\xe3\x81\x9f"},
    {"The private Direct3D 12 device NR runs on beside this game stalled or was removed, so NR stepped aside and the game keeps its own DLSS image.",
     "\xe3\x81\x93\xe3\x81\xae\xe3\x82\xb2\xe3\x83\xbc\xe3\x83\xa0\xe3\x81\xa8\xe4\xb8\xa6\xe8\xa1\x8c\xe3\x81\x97\xe3\x81\xa6 NR \xe3\x81\x8c\xe5\x8b\x95\xe4\xbd\x9c\xe3\x81\x99\xe3\x82\x8b\xe5\xb0\x82\xe7\x94\xa8\xe3\x81\xae Direct3D 12 \xe3\x83\x87\xe3\x83\x90\xe3\x82\xa4\xe3\x82\xb9\xe3\x81\x8c\xe5\x81\x9c\xe6\xad\xa2\xe3\x81\xbe\xe3\x81\x9f\xe3\x81\xaf\xe5\x89\x8a\xe9\x99\xa4\xe3\x81\x95\xe3\x82\x8c\xe3\x81\x9f\xe3\x81\x9f\xe3\x82\x81\xe3\x80\x81NR \xe3\x81\xaf\xe5\x87\xa6\xe7\x90\x86\xe3\x82\x92\xe4\xb8\xad\xe6\xad\xa2\xe3\x81\x97\xe3\x80\x81\xe3\x82\xb2\xe3\x83\xbc\xe3\x83\xa0\xe8\x87\xaa\xe4\xbd\x93\xe3\x81\xae DLSS \xe7\x94\xbb\xe5\x83\x8f\xe3\x81\x8c\xe4\xbd\xbf\xe3\x82\x8f\xe3\x82\x8c\xe3\x81\xa6\xe3\x81\x84\xe3\x81\xbe\xe3\x81\x99\xe3\x80\x82"},
    {"Restart the game.",
     "\xe3\x82\xb2\xe3\x83\xbc\xe3\x83\xa0\xe3\x82\x92\xe5\x86\x8d\xe8\xb5\xb7\xe5\x8b\x95\xe3\x81\x97\xe3\x81\xa6\xe3\x81\x8f\xe3\x81\xa0\xe3\x81\x95\xe3\x81\x84\xe3\x80\x82"},
    {"If it happens again, update the NVIDIA driver and share ReShade.log.",
     "\xe5\x86\x8d\xe7\x99\xba\xe3\x81\x99\xe3\x82\x8b\xe5\xa0\xb4\xe5\x90\x88\xe3\x81\xaf NVIDIA \xe3\x83\x89\xe3\x83\xa9\xe3\x82\xa4\xe3\x83\x90\xe3\x83\xbc\xe3\x82\x92\xe6\x9b\xb4\xe6\x96\xb0\xe3\x81\x97\xe3\x80\x81ReShade.log \xe3\x82\x92\xe5\x85\xb1\xe6\x9c\x89\xe3\x81\x97\xe3\x81\xa6\xe3\x81\x8f\xe3\x81\xa0\xe3\x81\x95\xe3\x81\x84\xe3\x80\x82"},
    {"NR could not start the Direct3D 11 bridge",
     "NR \xe3\x81\x8c Direct3D 11 \xe3\x83\x96\xe3\x83\xaa\xe3\x83\x83\xe3\x82\xb8\xe3\x82\x92\xe9\x96\x8b\xe5\xa7\x8b\xe3\x81\xa7\xe3\x81\x8d\xe3\x81\xbe\xe3\x81\x9b\xe3\x82\x93\xe3\x81\xa7\xe3\x81\x97\xe3\x81\x9f"},
    {"Neural Rendering runs on a private Direct3D 12 device beside this Direct3D 11 game, and that device did not start.",
     "Neural Rendering \xe3\x81\xaf\xe3\x81\x93\xe3\x81\xae Direct3D 11 \xe3\x82\xb2\xe3\x83\xbc\xe3\x83\xa0\xe3\x81\xa8\xe4\xb8\xa6\xe8\xa1\x8c\xe3\x81\x97\xe3\x81\xa6\xe5\xb0\x82\xe7\x94\xa8\xe3\x81\xae Direct3D 12 \xe3\x83\x87\xe3\x83\x90\xe3\x82\xa4\xe3\x82\xb9\xe4\xb8\x8a\xe3\x81\xa7\xe5\x8b\x95\xe4\xbd\x9c\xe3\x81\x97\xe3\x81\xbe\xe3\x81\x99\xe3\x81\x8c\xe3\x80\x81\xe3\x81\x9d\xe3\x81\xae\xe3\x83\x87\xe3\x83\x90\xe3\x82\xa4\xe3\x82\xb9\xe3\x81\x8c\xe8\xb5\xb7\xe5\x8b\x95\xe3\x81\x97\xe3\x81\xbe\xe3\x81\x9b\xe3\x82\x93\xe3\x81\xa7\xe3\x81\x97\xe3\x81\x9f\xe3\x80\x82"},
    {"Update the NVIDIA driver and restart the game.",
     "NVIDIA \xe3\x83\x89\xe3\x83\xa9\xe3\x82\xa4\xe3\x83\x90\xe3\x83\xbc\xe3\x82\x92\xe6\x9b\xb4\xe6\x96\xb0\xe3\x81\x97\xe3\x80\x81\xe3\x82\xb2\xe3\x83\xbc\xe3\x83\xa0\xe3\x82\x92\xe5\x86\x8d\xe8\xb5\xb7\xe5\x8b\x95\xe3\x81\x97\xe3\x81\xa6\xe3\x81\x8f\xe3\x81\xa0\xe3\x81\x95\xe3\x81\x84\xe3\x80\x82"},
    {"ReShade.log names the failing step ('D3D11 bridge could not start').",
     "\xe5\xa4\xb1\xe6\x95\x97\xe3\x81\x97\xe3\x81\x9f\xe3\x82\xb9\xe3\x83\x86\xe3\x83\x83\xe3\x83\x97\xe3\x81\xaf ReShade.log \xe3\x81\xab\xe8\xa8\x98\xe9\x8c\xb2\xe3\x81\x95\xe3\x82\x8c\xe3\x81\xa6\xe3\x81\x84\xe3\x81\xbe\xe3\x81\x99 ('D3D11 bridge could not start')\xe3\x80\x82"},
    {"NR is idle - DLSS has not started",
     "NR \xe3\x81\xaf\xe5\xbe\x85\xe6\xa9\x9f\xe4\xb8\xad - DLSS \xe3\x81\x8c\xe9\x96\x8b\xe5\xa7\x8b\xe3\x81\x95\xe3\x82\x8c\xe3\x81\xa6\xe3\x81\x84\xe3\x81\xbe\xe3\x81\x9b\xe3\x82\x93"},
    {"NVIDIA's DLSS is loaded, but the game has not started DLSS upscaling.",
     "NVIDIA DLSS \xe3\x81\xaf\xe8\xaa\xad\xe3\x81\xbf\xe8\xbe\xbc\xe3\x81\xbe\xe3\x82\x8c\xe3\x81\xa6\xe3\x81\x84\xe3\x81\xbe\xe3\x81\x99\xe3\x81\x8c\xe3\x80\x81\xe3\x82\xb2\xe3\x83\xbc\xe3\x83\xa0\xe3\x81\x8c DLSS \xe3\x82\xa2\xe3\x83\x83\xe3\x83\x97\xe3\x82\xb9\xe3\x82\xb1\xe3\x83\xbc\xe3\x83\xaa\xe3\x83\xb3\xe3\x82\xb0\xe3\x82\x92\xe9\x96\x8b\xe5\xa7\x8b\xe3\x81\x97\xe3\x81\xa6\xe3\x81\x84\xe3\x81\xbe\xe3\x81\x9b\xe3\x82\x93\xe3\x80\x82"},
    {"Turn on DLSS or DLAA in the game's graphics settings.",
     "\xe3\x82\xb2\xe3\x83\xbc\xe3\x83\xa0\xe3\x81\xae\xe3\x82\xb0\xe3\x83\xa9\xe3\x83\x95\xe3\x82\xa3\xe3\x83\x83\xe3\x82\xaf\xe8\xa8\xad\xe5\xae\x9a\xe3\x81\xa7 DLSS \xe3\x81\xbe\xe3\x81\x9f\xe3\x81\xaf DLAA \xe3\x82\x92\xe3\x82\xaa\xe3\x83\xb3\xe3\x81\xab\xe3\x81\x97\xe3\x81\xa6\xe3\x81\x8f\xe3\x81\xa0\xe3\x81\x95\xe3\x81\x84\xe3\x80\x82"},
    {"If DLSS is already on, set EnableHooks=1 in [RenoDX.DLSS5] in ReShade.ini and restart the game.",
     "DLSS \xe3\x81\x8c\xe3\x81\x99\xe3\x81\xa7\xe3\x81\xab\xe3\x82\xaa\xe3\x83\xb3\xe3\x81\xae\xe5\xa0\xb4\xe5\x90\x88\xe3\x81\xaf\xe3\x80\x81ReShade.ini \xe3\x81\xae [RenoDX.DLSS5] \xe3\x81\xa7 EnableHooks=1 \xe3\x82\x92\xe8\xa8\xad\xe5\xae\x9a\xe3\x81\x97\xe3\x80\x81\xe3\x82\xb2\xe3\x83\xbc\xe3\x83\xa0\xe3\x82\x92\xe5\x86\x8d\xe8\xb5\xb7\xe5\x8b\x95\xe3\x81\x97\xe3\x81\xa6\xe3\x81\x8f\xe3\x81\xa0\xe3\x81\x95\xe3\x81\x84\xe3\x80\x82"},
    {"NR is idle - DLSS is set up but not running",
     "NR \xe3\x81\xaf\xe5\xbe\x85\xe6\xa9\x9f\xe4\xb8\xad - DLSS \xe3\x81\xaf\xe6\xba\x96\xe5\x82\x99\xe6\xb8\x88\xe3\x81\xbf\xe3\x81\xa7\xe3\x81\x99\xe3\x81\x8c\xe5\xae\x9f\xe8\xa1\x8c\xe3\x81\x95\xe3\x82\x8c\xe3\x81\xa6\xe3\x81\x84\xe3\x81\xbe\xe3\x81\x9b\xe3\x82\x93"},
    {"The game created its DLSS upscaler but has not run it yet.",
     "\xe3\x82\xb2\xe3\x83\xbc\xe3\x83\xa0\xe3\x81\xaf DLSS \xe3\x82\xa2\xe3\x83\x83\xe3\x83\x97\xe3\x82\xb9\xe3\x82\xb1\xe3\x83\xbc\xe3\x83\xa9\xe3\x83\xbc\xe3\x82\x92\xe4\xbd\x9c\xe6\x88\x90\xe3\x81\x97\xe3\x81\xbe\xe3\x81\x97\xe3\x81\x9f\xe3\x81\x8c\xe3\x80\x81\xe3\x81\xbe\xe3\x81\xa0\xe5\xae\x9f\xe8\xa1\x8c\xe3\x81\x97\xe3\x81\xa6\xe3\x81\x84\xe3\x81\xbe\xe3\x81\x9b\xe3\x82\x93\xe3\x80\x82"},
    {"Load into gameplay with DLSS on; this card turns green when NR runs.",
     "DLSS \xe3\x82\x92\xe3\x82\xaa\xe3\x83\xb3\xe3\x81\xab\xe3\x81\x97\xe3\x81\xa6\xe3\x82\xb2\xe3\x83\xbc\xe3\x83\xa0\xe3\x83\x97\xe3\x83\xac\xe3\x82\xa4\xe3\x82\x92\xe9\x96\x8b\xe5\xa7\x8b\xe3\x81\x97\xe3\x81\xa6\xe3\x81\x8f\xe3\x81\xa0\xe3\x81\x95\xe3\x81\x84\xe3\x80\x82NR \xe3\x81\x8c\xe5\x8b\x95\xe4\xbd\x9c\xe3\x81\x99\xe3\x82\x8b\xe3\x81\xa8\xe3\x81\x93\xe3\x81\xae\xe3\x82\xab\xe3\x83\xbc\xe3\x83\x89\xe3\x81\x8c\xe7\xb7\x91\xe8\x89\xb2\xe3\x81\xab\xe3\x81\xaa\xe3\x82\x8a\xe3\x81\xbe\xe3\x81\x99\xe3\x80\x82"},
    {"NR can't reach this game's DLSS",
     "NR \xe3\x81\x8c\xe3\x81\x93\xe3\x81\xae\xe3\x82\xb2\xe3\x83\xbc\xe3\x83\xa0\xe3\x81\xae DLSS \xe3\x81\xab\xe3\x82\xa2\xe3\x82\xaf\xe3\x82\xbb\xe3\x82\xb9\xe3\x81\xa7\xe3\x81\x8d\xe3\x81\xbe\xe3\x81\x9b\xe3\x82\x93"},
    {"DLSS is running, but every call so far belonged to another DLSS feature or came through a path the addon cannot see.",
     "DLSS \xe3\x81\xaf\xe5\x8b\x95\xe4\xbd\x9c\xe3\x81\x97\xe3\x81\xa6\xe3\x81\x84\xe3\x81\xbe\xe3\x81\x99\xe3\x81\x8c\xe3\x80\x81\xe3\x81\x93\xe3\x82\x8c\xe3\x81\xbe\xe3\x81\xa7\xe3\x81\xae\xe5\x91\xbc\xe3\x81\xb3\xe5\x87\xba\xe3\x81\x97\xe3\x81\xaf\xe3\x81\x99\xe3\x81\xb9\xe3\x81\xa6\xe5\x88\xa5\xe3\x81\xae DLSS \xe6\xa9\x9f\xe8\x83\xbd\xe3\x81\xae\xe3\x82\x82\xe3\x81\xae\xe3\x81\x8b\xe3\x80\x81\xe3\x82\xa2\xe3\x83\x89\xe3\x82\xaa\xe3\x83\xb3\xe3\x81\x8b\xe3\x82\x89\xe8\xa6\x8b\xe3\x81\x88\xe3\x81\xaa\xe3\x81\x84\xe7\xb5\x8c\xe8\xb7\xaf\xe3\x82\x92\xe9\x80\x9a\xe3\x81\xa3\xe3\x81\xa6\xe3\x81\x84\xe3\x81\xbe\xe3\x81\x99\xe3\x80\x82"},
    {"If the game uses NVIDIA Streamline, set EnableHooks=1 in [RenoDX.DLSS5] in ReShade.ini and restart the game.",
     "\xe3\x82\xb2\xe3\x83\xbc\xe3\x83\xa0\xe3\x81\x8c NVIDIA Streamline \xe3\x82\x92\xe4\xbd\xbf\xe7\x94\xa8\xe3\x81\x97\xe3\x81\xa6\xe3\x81\x84\xe3\x82\x8b\xe5\xa0\xb4\xe5\x90\x88\xe3\x81\xaf\xe3\x80\x81ReShade.ini \xe3\x81\xae [RenoDX.DLSS5] \xe3\x81\xa7 EnableHooks=1 \xe3\x82\x92\xe8\xa8\xad\xe5\xae\x9a\xe3\x81\x97\xe3\x80\x81\xe3\x82\xb2\xe3\x83\xbc\xe3\x83\xa0\xe3\x82\x92\xe5\x86\x8d\xe8\xb5\xb7\xe5\x8b\x95\xe3\x81\x97\xe3\x81\xa6\xe3\x81\x8f\xe3\x81\xa0\xe3\x81\x95\xe3\x81\x84\xe3\x80\x82"},
    {"NR could not attach safely",
     "NR \xe3\x82\x92\xe5\xae\x89\xe5\x85\xa8\xe3\x81\xab\xe6\x8e\xa5\xe7\xb6\x9a\xe3\x81\xa7\xe3\x81\x8d\xe3\x81\xbe\xe3\x81\x9b\xe3\x82\x93\xe3\x81\xa7\xe3\x81\x97\xe3\x81\x9f"},
    {"The addon could not find the Direct3D 12 functions it needs to keep the game's state intact, so NR stays off rather than risk the image.",
     "\xe3\x82\xb2\xe3\x83\xbc\xe3\x83\xa0\xe3\x81\xae\xe7\x8a\xb6\xe6\x85\x8b\xe3\x82\x92\xe4\xbf\x9d\xe3\x81\xa4\xe3\x81\x9f\xe3\x82\x81\xe3\x81\xab\xe5\xbf\x85\xe8\xa6\x81\xe3\x81\xaa Direct3D 12 \xe3\x81\xae\xe9\x96\xa2\xe6\x95\xb0\xe3\x81\x8c\xe8\xa6\x8b\xe3\x81\xa4\xe3\x81\x8b\xe3\x82\x89\xe3\x81\xaa\xe3\x81\x8b\xe3\x81\xa3\xe3\x81\x9f\xe3\x81\x9f\xe3\x82\x81\xe3\x80\x81\xe7\x94\xbb\xe5\x83\x8f\xe3\x82\x92\xe6\x90\x8d\xe3\x81\xaa\xe3\x82\x8f\xe3\x81\xaa\xe3\x81\x84\xe3\x82\x88\xe3\x81\x86 NR \xe3\x81\xaf\xe3\x82\xaa\xe3\x83\x95\xe3\x81\xae\xe3\x81\xbe\xe3\x81\xbe\xe3\x81\xab\xe3\x81\xaa\xe3\x81\xa3\xe3\x81\xa6\xe3\x81\x84\xe3\x81\xbe\xe3\x81\x99\xe3\x80\x82"},
    {"Copy the support report under Diagnostics and share it with ReShade.log.",
     "\xe8\xa8\xba\xe6\x96\xad\xe3\x81\xae\xe3\x82\xb5\xe3\x83\x9d\xe3\x83\xbc\xe3\x83\x88\xe3\x83\xac\xe3\x83\x9d\xe3\x83\xbc\xe3\x83\x88\xe3\x82\x92\xe3\x82\xb3\xe3\x83\x94\xe3\x83\xbc\xe3\x81\x97\xe3\x80\x81ReShade.log \xe3\x81\xa8\xe4\xb8\x80\xe7\xb7\x92\xe3\x81\xab\xe5\x85\xb1\xe6\x9c\x89\xe3\x81\x97\xe3\x81\xa6\xe3\x81\x8f\xe3\x81\xa0\xe3\x81\x95\xe3\x81\x84\xe3\x80\x82"},
    {"NR runtime did not start",
     "NR \xe3\x83\xa9\xe3\x83\xb3\xe3\x82\xbf\xe3\x82\xa4\xe3\x83\xa0\xe3\x81\x8c\xe8\xb5\xb7\xe5\x8b\x95\xe3\x81\x97\xe3\x81\xbe\xe3\x81\x9b\xe3\x82\x93\xe3\x81\xa7\xe3\x81\x97\xe3\x81\x9f"},
    {"DLSS is running, but NVIDIA's Neural Rendering runtime did not start on this system.",
     "DLSS \xe3\x81\xaf\xe5\x8b\x95\xe4\xbd\x9c\xe3\x81\x97\xe3\x81\xa6\xe3\x81\x84\xe3\x81\xbe\xe3\x81\x99\xe3\x81\x8c\xe3\x80\x81\xe3\x81\x93\xe3\x81\xae\xe3\x82\xb7\xe3\x82\xb9\xe3\x83\x86\xe3\x83\xa0\xe3\x81\xa7 NVIDIA \xe3\x81\xae Neural Rendering \xe3\x83\xa9\xe3\x83\xb3\xe3\x82\xbf\xe3\x82\xa4\xe3\x83\xa0\xe3\x81\x8c\xe8\xb5\xb7\xe5\x8b\x95\xe3\x81\x97\xe3\x81\xbe\xe3\x81\x9b\xe3\x82\x93\xe3\x81\xa7\xe3\x81\x97\xe3\x81\x9f\xe3\x80\x82"},
    {"Diagnostics shows the runtime's last result; ReShade.log names the failing step.",
     "\xe8\xa8\xba\xe6\x96\xad\xe3\x81\xab\xe3\x83\xa9\xe3\x83\xb3\xe3\x82\xbf\xe3\x82\xa4\xe3\x83\xa0\xe3\x81\xae\xe6\x9c\x80\xe5\xbe\x8c\xe3\x81\xae\xe7\xb5\x90\xe6\x9e\x9c\xe3\x81\x8c\xe8\xa1\xa8\xe7\xa4\xba\xe3\x81\x95\xe3\x82\x8c\xe3\x81\xbe\xe3\x81\x99\xe3\x80\x82\xe5\xa4\xb1\xe6\x95\x97\xe3\x81\x97\xe3\x81\x9f\xe3\x82\xb9\xe3\x83\x86\xe3\x83\x83\xe3\x83\x97\xe3\x81\xaf ReShade.log \xe3\x81\xab\xe8\xa8\x98\xe9\x8c\xb2\xe3\x81\x95\xe3\x82\x8c\xe3\x81\xa6\xe3\x81\x84\xe3\x81\xbe\xe3\x81\x99\xe3\x80\x82"},
    {"NR is on but holding back",
     "NR \xe3\x81\xaf\xe3\x82\xaa\xe3\x83\xb3\xe3\x81\xa7\xe3\x81\x99\xe3\x81\x8c\xe4\xbf\x9d\xe7\x95\x99\xe4\xb8\xad\xe3\x81\xa7\xe3\x81\x99"},
    {"The game's GPU state could not be restored safely around NR, so every frame was skipped rather than risk the image. This usually clears by itself.",
     "NR \xe3\x81\xae\xe5\x89\x8d\xe5\xbe\x8c\xe3\x81\xa7\xe3\x82\xb2\xe3\x83\xbc\xe3\x83\xa0\xe3\x81\xae GPU \xe7\x8a\xb6\xe6\x85\x8b\xe3\x82\x92\xe5\xae\x89\xe5\x85\xa8\xe3\x81\xab\xe5\xbe\xa9\xe5\x85\x83\xe3\x81\xa7\xe3\x81\x8d\xe3\x81\xaa\xe3\x81\x8b\xe3\x81\xa3\xe3\x81\x9f\xe3\x81\x9f\xe3\x82\x81\xe3\x80\x81\xe7\x94\xbb\xe5\x83\x8f\xe3\x82\x92\xe6\x90\x8d\xe3\x81\xaa\xe3\x82\x8f\xe3\x81\xaa\xe3\x81\x84\xe3\x82\x88\xe3\x81\x86\xe3\x81\x99\xe3\x81\xb9\xe3\x81\xa6\xe3\x81\xae\xe3\x83\x95\xe3\x83\xac\xe3\x83\xbc\xe3\x83\xa0\xe3\x82\x92\xe3\x82\xb9\xe3\x82\xad\xe3\x83\x83\xe3\x83\x97\xe3\x81\x97\xe3\x81\xbe\xe3\x81\x97\xe3\x81\x9f\xe3\x80\x82\xe9\x80\x9a\xe5\xb8\xb8\xe3\x81\xaf\xe8\x87\xaa\xe7\x84\xb6\xe3\x81\xab\xe8\xa7\xa3\xe6\xb6\x88\xe3\x81\x95\xe3\x82\x8c\xe3\x81\xbe\xe3\x81\x99\xe3\x80\x82"},
    {"If it never clears, copy the support report under Diagnostics and share it with ReShade.log.",
     "\xe8\xa7\xa3\xe6\xb6\x88\xe3\x81\x95\xe3\x82\x8c\xe3\x81\xaa\xe3\x81\x84\xe5\xa0\xb4\xe5\x90\x88\xe3\x81\xaf\xe3\x80\x81\xe8\xa8\xba\xe6\x96\xad\xe3\x81\xae\xe3\x82\xb5\xe3\x83\x9d\xe3\x83\xbc\xe3\x83\x88\xe3\x83\xac\xe3\x83\x9d\xe3\x83\xbc\xe3\x83\x88\xe3\x82\x92\xe3\x82\xb3\xe3\x83\x94\xe3\x83\xbc\xe3\x81\x97\xe3\x80\x81ReShade.log \xe3\x81\xa8\xe4\xb8\x80\xe7\xb7\x92\xe3\x81\xab\xe5\x85\xb1\xe6\x9c\x89\xe3\x81\x97\xe3\x81\xa6\xe3\x81\x8f\xe3\x81\xa0\xe3\x81\x95\xe3\x81\x84\xe3\x80\x82"},
    {"NR is on but has not run yet",
     "NR \xe3\x81\xaf\xe3\x82\xaa\xe3\x83\xb3\xe3\x81\xa7\xe3\x81\x99\xe3\x81\x8c\xe3\x81\xbe\xe3\x81\xa0\xe5\xae\x9f\xe8\xa1\x8c\xe3\x81\x95\xe3\x82\x8c\xe3\x81\xa6\xe3\x81\x84\xe3\x81\xbe\xe3\x81\x9b\xe3\x82\x93"},
    {"DLSS is running and NR is on, but NR has not run on a frame yet.",
     "DLSS \xe3\x81\xaf\xe5\x8b\x95\xe4\xbd\x9c\xe4\xb8\xad\xe3\x81\xa7 NR \xe3\x82\x82\xe3\x82\xaa\xe3\x83\xb3\xe3\x81\xa7\xe3\x81\x99\xe3\x81\x8c\xe3\x80\x81NR \xe3\x81\xaf\xe3\x81\xbe\xe3\x81\xa0\xe3\x81\xa9\xe3\x81\xae\xe3\x83\x95\xe3\x83\xac\xe3\x83\xbc\xe3\x83\xa0\xe3\x81\xa7\xe3\x82\x82\xe5\xae\x9f\xe8\xa1\x8c\xe3\x81\x95\xe3\x82\x8c\xe3\x81\xa6\xe3\x81\x84\xe3\x81\xbe\xe3\x81\x9b\xe3\x82\x93\xe3\x80\x82"},
    {"Copy the support report under Diagnostics; ReShade.log's NR-VERDICT line names the stage and the reason.",
     "\xe8\xa8\xba\xe6\x96\xad\xe3\x81\xae\xe3\x82\xb5\xe3\x83\x9d\xe3\x83\xbc\xe3\x83\x88\xe3\x83\xac\xe3\x83\x9d\xe3\x83\xbc\xe3\x83\x88\xe3\x82\x92\xe3\x82\xb3\xe3\x83\x94\xe3\x83\xbc\xe3\x81\x97\xe3\x81\xa6\xe3\x81\x8f\xe3\x81\xa0\xe3\x81\x95\xe3\x81\x84\xe3\x80\x82ReShade.log \xe3\x81\xae NR-VERDICT \xe8\xa1\x8c\xe3\x81\xab\xe6\xae\xb5\xe9\x9a\x8e\xe3\x81\xa8\xe7\x90\x86\xe7\x94\xb1\xe3\x81\x8c\xe8\xa8\x98\xe8\xbc\x89\xe3\x81\x95\xe3\x82\x8c\xe3\x81\xa6\xe3\x81\x84\xe3\x81\xbe\xe3\x81\x99\xe3\x80\x82"},
    {"Running through a third-party tool's Direct3D 12 DLSS.",
     "\xe3\x82\xb5\xe3\x83\xbc\xe3\x83\x89\xe3\x83\x91\xe3\x83\xbc\xe3\x83\x86\xe3\x82\xa3\xe8\xa3\xbd\xe3\x83\x84\xe3\x83\xbc\xe3\x83\xab\xe3\x81\xae Direct3D 12 DLSS \xe7\xb5\x8c\xe7\x94\xb1\xe3\x81\xa7\xe5\x8b\x95\xe4\xbd\x9c\xe4\xb8\xad\xe3\x80\x82"},
    {"Running through the Direct3D 11 bridge.",
     "Direct3D 11 \xe3\x83\x96\xe3\x83\xaa\xe3\x83\x83\xe3\x82\xb8\xe7\xb5\x8c\xe7\x94\xb1\xe3\x81\xa7\xe5\x8b\x95\xe4\xbd\x9c\xe4\xb8\xad\xe3\x80\x82"},
    {"Disabled by setting",
     "\xe8\xa8\xad\xe5\xae\x9a\xe3\x81\xa7\xe7\x84\xa1\xe5\x8a\xb9\xe5\x8c\x96"},
    {"EnableHooks=0 in [RenoDX.DLSS5] (ReShade.ini) turns every hook off. Set EnableHooks=2 to use Neural Rendering.",
     "[RenoDX.DLSS5] (ReShade.ini) \xe3\x81\xae EnableHooks=0 \xe3\x81\xab\xe3\x82\x88\xe3\x82\x8a\xe3\x81\x99\xe3\x81\xb9\xe3\x81\xa6\xe3\x81\xae\xe3\x83\x95\xe3\x83\x83\xe3\x82\xaf\xe3\x81\x8c\xe3\x82\xaa\xe3\x83\x95\xe3\x81\xab\xe3\x81\xaa\xe3\x81\xa3\xe3\x81\xa6\xe3\x81\x84\xe3\x81\xbe\xe3\x81\x99\xe3\x80\x82Neural Rendering \xe3\x82\x92\xe4\xbd\xbf\xe3\x81\x86\xe3\x81\xab\xe3\x81\xaf EnableHooks=2 \xe3\x82\x92\xe8\xa8\xad\xe5\xae\x9a\xe3\x81\x97\xe3\x81\xa6\xe3\x81\x8f\xe3\x81\xa0\xe3\x81\x95\xe3\x81\x84\xe3\x80\x82"},
    {"DX11Source=off in [RenoDX.DLSS5] (ReShade.ini) keeps the addon inert in Direct3D 11 games. Remove the key to let Neural Rendering follow the game's DLSS again.",
     "[RenoDX.DLSS5] (ReShade.ini) \xe3\x81\xae DX11Source=off \xe3\x81\xab\xe3\x82\x88\xe3\x82\x8a\xe3\x80\x81" "Direct3D 11 \xe3\x81\xae\xe3\x82\xb2\xe3\x83\xbc\xe3\x83\xa0\xe3\x81\xa7\xe3\x81\xaf\xe3\x82\xa2\xe3\x83\x89\xe3\x82\xaa\xe3\x83\xb3\xe3\x81\x8c\xe5\x8b\x95\xe4\xbd\x9c\xe3\x81\x97\xe3\x81\xbe\xe3\x81\x9b\xe3\x82\x93\xe3\x80\x82Neural Rendering \xe3\x82\x92\xe5\x86\x8d\xe3\x81\xb3\xe3\x82\xb2\xe3\x83\xbc\xe3\x83\xa0\xe3\x81\xae DLSS \xe3\x81\xab\xe8\xbf\xbd\xe5\xbe\x93\xe3\x81\x95\xe3\x81\x9b\xe3\x82\x8b\xe3\x81\xab\xe3\x81\xaf\xe3\x80\x81\xe3\x81\x93\xe3\x81\xae\xe3\x82\xad\xe3\x83\xbc\xe3\x82\x92\xe5\x89\x8a\xe9\x99\xa4\xe3\x81\x97\xe3\x81\xa6\xe3\x81\x8f\xe3\x81\xa0\xe3\x81\x95\xe3\x81\x84\xe3\x80\x82"},
    {"Another Neural Rendering mod is running",
     "\xe5\x88\xa5\xe3\x81\xae Neural Rendering MOD \xe3\x81\x8c\xe5\x8b\x95\xe4\xbd\x9c\xe4\xb8\xad\xe3\x81\xa7\xe3\x81\x99"},
    {"Something else in this game already runs Neural Rendering, so this addon stands down instead of enhancing every frame twice.",
     "\xe3\x81\x93\xe3\x81\xae\xe3\x82\xb2\xe3\x83\xbc\xe3\x83\xa0\xe3\x81\xa7\xe3\x81\xaf\xe3\x81\x99\xe3\x81\xa7\xe3\x81\xab\xe5\x88\xa5\xe3\x81\xae\xe3\x82\x82\xe3\x81\xae\xe3\x81\x8c Neural Rendering \xe3\x82\x92\xe5\xae\x9f\xe8\xa1\x8c\xe3\x81\x97\xe3\x81\xa6\xe3\x81\x84\xe3\x82\x8b\xe3\x81\x9f\xe3\x82\x81\xe3\x80\x81\xe5\x90\x84\xe3\x83\x95\xe3\x83\xac\xe3\x83\xbc\xe3\x83\xa0\xe3\x82\x92\xe4\xba\x8c\xe9\x87\x8d\xe3\x81\xab\xe5\x87\xa6\xe7\x90\x86\xe3\x81\x97\xe3\x81\xaa\xe3\x81\x84\xe3\x82\x88\xe3\x81\x86\xe3\x80\x81\xe3\x81\x93\xe3\x81\xae\xe3\x82\xa2\xe3\x83\x89\xe3\x82\xaa\xe3\x83\xb3\xe3\x81\xaf\xe5\x81\x9c\xe6\xad\xa2\xe3\x81\x97\xe3\x81\xa6\xe3\x81\x84\xe3\x81\xbe\xe3\x81\x99\xe3\x80\x82"},
    {"To use this addon instead, remove the other mod and restart the game.",
     "\xe4\xbb\xa3\xe3\x82\x8f\xe3\x82\x8a\xe3\x81\xab\xe3\x81\x93\xe3\x81\xae\xe3\x82\xa2\xe3\x83\x89\xe3\x82\xaa\xe3\x83\xb3\xe3\x82\x92\xe4\xbd\xbf\xe3\x81\x86\xe3\x81\xab\xe3\x81\xaf\xe3\x80\x81\xe3\x82\x82\xe3\x81\x86\xe4\xb8\x80\xe6\x96\xb9\xe3\x81\xae MOD \xe3\x82\x92\xe5\x89\x8a\xe9\x99\xa4\xe3\x81\x97\xe3\x81\xa6\xe3\x82\xb2\xe3\x83\xbc\xe3\x83\xa0\xe3\x82\x92\xe5\x86\x8d\xe8\xb5\xb7\xe5\x8b\x95\xe3\x81\x97\xe3\x81\xa6\xe3\x81\x8f\xe3\x81\xa0\xe3\x81\x95\xe3\x81\x84\xe3\x80\x82"},
    {"To run both anyway, set ForeignNr=observe in [RenoDX.DLSS5] (ReShade.ini) and restart.",
     "\xe3\x81\x9d\xe3\x82\x8c\xe3\x81\xa7\xe3\x82\x82\xe4\xb8\xa1\xe6\x96\xb9\xe3\x82\x92\xe5\xae\x9f\xe8\xa1\x8c\xe3\x81\x99\xe3\x82\x8b\xe3\x81\xab\xe3\x81\xaf\xe3\x80\x81[RenoDX.DLSS5] (ReShade.ini) \xe3\x81\xa7 ForeignNr=observe \xe3\x82\x92\xe8\xa8\xad\xe5\xae\x9a\xe3\x81\x97\xe3\x81\xa6\xe5\x86\x8d\xe8\xb5\xb7\xe5\x8b\x95\xe3\x81\x97\xe3\x81\xa6\xe3\x81\x8f\xe3\x81\xa0\xe3\x81\x95\xe3\x81\x84\xe3\x80\x82"},
    {"Neural Rendering is off",
     "Neural Rendering \xe3\x81\xaf\xe3\x82\xaa\xe3\x83\x95\xe3\x81\xa7\xe3\x81\x99"},
    {"Turned off in settings or by the toggle hotkey.",
     "\xe8\xa8\xad\xe5\xae\x9a\xe3\x81\xbe\xe3\x81\x9f\xe3\x81\xaf\xe5\x88\x87\xe6\x9b\xbf\xe3\x83\x9b\xe3\x83\x83\xe3\x83\x88\xe3\x82\xad\xe3\x83\xbc\xe3\x81\xa7\xe3\x82\xaa\xe3\x83\x95\xe3\x81\xab\xe3\x81\x95\xe3\x82\x8c\xe3\x81\xbe\xe3\x81\x97\xe3\x81\x9f\xe3\x80\x82"},
    {"NR runtime not installed",
     "NR \xe3\x83\xa9\xe3\x83\xb3\xe3\x82\xbf\xe3\x82\xa4\xe3\x83\xa0\xe3\x81\x8c\xe3\x82\xa4\xe3\x83\xb3\xe3\x82\xb9\xe3\x83\x88\xe3\x83\xbc\xe3\x83\xab\xe3\x81\x95\xe3\x82\x8c\xe3\x81\xa6\xe3\x81\x84\xe3\x81\xbe\xe3\x81\x9b\xe3\x82\x93"},
    {"NVIDIA's signed nvngx_dlssnr.dll is not next to the addon or the game's executable.",
     "NVIDIA \xe3\x81\xae\xe7\xbd\xb2\xe5\x90\x8d\xe4\xbb\x98\xe3\x81\x8d nvngx_dlssnr.dll \xe3\x81\x8c\xe3\x82\xa2\xe3\x83\x89\xe3\x82\xaa\xe3\x83\xb3\xe3\x81\xbe\xe3\x81\x9f\xe3\x81\xaf\xe3\x82\xb2\xe3\x83\xbc\xe3\x83\xa0\xe3\x81\xae\xe5\xae\x9f\xe8\xa1\x8c\xe3\x83\x95\xe3\x82\xa1\xe3\x82\xa4\xe3\x83\xab\xe3\x81\xa8\xe5\x90\x8c\xe3\x81\x98\xe5\xa0\xb4\xe6\x89\x80\xe3\x81\xab\xe3\x81\x82\xe3\x82\x8a\xe3\x81\xbe\xe3\x81\x9b\xe3\x82\x93\xe3\x80\x82"},
    {"Place nvngx_dlssnr.dll in the game's folder, next to the addon.",
     "nvngx_dlssnr.dll \xe3\x82\x92\xe3\x82\xb2\xe3\x83\xbc\xe3\x83\xa0\xe3\x81\xae\xe3\x83\x95\xe3\x82\xa9\xe3\x83\xab\xe3\x83\x80\xe3\x83\xbc (\xe3\x82\xa2\xe3\x83\x89\xe3\x82\xaa\xe3\x83\xb3\xe3\x81\xa8\xe5\x90\x8c\xe3\x81\x98\xe5\xa0\xb4\xe6\x89\x80) \xe3\x81\xab\xe7\xbd\xae\xe3\x81\x84\xe3\x81\xa6\xe3\x81\x8f\xe3\x81\xa0\xe3\x81\x95\xe3\x81\x84\xe3\x80\x82"},
    {"NR runtime could not be used",
     "NR \xe3\x83\xa9\xe3\x83\xb3\xe3\x82\xbf\xe3\x82\xa4\xe3\x83\xa0\xe3\x82\x92\xe4\xbd\xbf\xe7\x94\xa8\xe3\x81\xa7\xe3\x81\x8d\xe3\x81\xbe\xe3\x81\x9b\xe3\x82\x93\xe3\x81\xa7\xe3\x81\x97\xe3\x81\x9f"},
    {"nvngx_dlssnr.dll was found but could not be loaded.",
     "nvngx_dlssnr.dll \xe3\x81\xaf\xe8\xa6\x8b\xe3\x81\xa4\xe3\x81\x8b\xe3\x82\x8a\xe3\x81\xbe\xe3\x81\x97\xe3\x81\x9f\xe3\x81\x8c\xe3\x80\x81\xe8\xaa\xad\xe3\x81\xbf\xe8\xbe\xbc\xe3\x82\x81\xe3\x81\xbe\xe3\x81\x9b\xe3\x82\x93\xe3\x81\xa7\xe3\x81\x97\xe3\x81\x9f\xe3\x80\x82"},
    {"Replace it with an official NVIDIA build of nvngx_dlssnr.dll.",
     "NVIDIA \xe5\x85\xac\xe5\xbc\x8f\xe3\x81\xae nvngx_dlssnr.dll \xe3\x81\xab\xe7\xbd\xae\xe3\x81\x8d\xe6\x8f\x9b\xe3\x81\x88\xe3\x81\xa6\xe3\x81\x8f\xe3\x81\xa0\xe3\x81\x95\xe3\x81\x84\xe3\x80\x82"},
    {"Update the NVIDIA driver, then restart the game.",
     "NVIDIA \xe3\x83\x89\xe3\x83\xa9\xe3\x82\xa4\xe3\x83\x90\xe3\x83\xbc\xe3\x82\x92\xe6\x9b\xb4\xe6\x96\xb0\xe3\x81\x97\xe3\x81\xa6\xe3\x81\x8b\xe3\x82\x89\xe3\x80\x81\xe3\x82\xb2\xe3\x83\xbc\xe3\x83\xa0\xe3\x82\x92\xe5\x86\x8d\xe8\xb5\xb7\xe5\x8b\x95\xe3\x81\x97\xe3\x81\xa6\xe3\x81\x8f\xe3\x81\xa0\xe3\x81\x95\xe3\x81\x84\xe3\x80\x82"},
    {"ReShade.log names the failing step.",
     "\xe5\xa4\xb1\xe6\x95\x97\xe3\x81\x97\xe3\x81\x9f\xe3\x82\xb9\xe3\x83\x86\xe3\x83\x83\xe3\x83\x97\xe3\x81\xaf ReShade.log \xe3\x81\xab\xe8\xa8\x98\xe9\x8c\xb2\xe3\x81\x95\xe3\x82\x8c\xe3\x81\xa6\xe3\x81\x84\xe3\x81\xbe\xe3\x81\x99\xe3\x80\x82"},
    {"NR is waiting for DLSS",
     "NR \xe3\x81\xaf DLSS \xe3\x82\x92\xe5\xbe\x85\xe6\xa9\x9f\xe4\xb8\xad\xe3\x81\xa7\xe3\x81\x99"},
    {"It resumes by itself when the game runs DLSS again - normal after a resolution or quality change.",
     "\xe3\x82\xb2\xe3\x83\xbc\xe3\x83\xa0\xe3\x81\x8c\xe5\x86\x8d\xe3\x81\xb3 DLSS \xe3\x82\x92\xe5\xae\x9f\xe8\xa1\x8c\xe3\x81\x99\xe3\x82\x8b\xe3\x81\xa8\xe8\x87\xaa\xe5\x8b\x95\xe7\x9a\x84\xe3\x81\xab\xe5\x86\x8d\xe9\x96\x8b\xe3\x81\x97\xe3\x81\xbe\xe3\x81\x99\xe3\x80\x82\xe8\xa7\xa3\xe5\x83\x8f\xe5\xba\xa6\xe3\x82\x84\xe5\x93\x81\xe8\xb3\xaa\xe3\x81\xae\xe5\xa4\x89\xe6\x9b\xb4\xe5\xbe\x8c\xe3\x81\xaf\xe9\x80\x9a\xe5\xb8\xb8\xe3\x81\xae\xe5\x8b\x95\xe4\xbd\x9c\xe3\x81\xa7\xe3\x81\x99\xe3\x80\x82"},
    {"Neural Rendering is active, with 1 issue",
     "Neural Rendering \xe3\x81\xaf\xe6\x9c\x89\xe5\x8a\xb9\xe3\x81\xa7\xe3\x81\x99 (\xe5\x95\x8f\xe9\xa1\x8c 1 \xe4\xbb\xb6)"},
    {"Neural Rendering is active, with %u issues",
     "Neural Rendering \xe3\x81\xaf\xe6\x9c\x89\xe5\x8a\xb9\xe3\x81\xa7\xe3\x81\x99 (\xe5\x95\x8f\xe9\xa1\x8c %u \xe4\xbb\xb6)"},
    {"NR is enhancing frames, but the issues listed below lower what it can do.",
     "NR \xe3\x81\xaf\xe3\x83\x95\xe3\x83\xac\xe3\x83\xbc\xe3\x83\xa0\xe3\x82\x92\xe5\xbc\xb7\xe5\x8c\x96\xe3\x81\x97\xe3\x81\xa6\xe3\x81\x84\xe3\x81\xbe\xe3\x81\x99\xe3\x81\x8c\xe3\x80\x81\xe4\xb8\x8b\xe3\x81\xab\xe6\x8c\x99\xe3\x81\x92\xe3\x81\x9f\xe5\x95\x8f\xe9\xa1\x8c\xe3\x81\xab\xe3\x82\x88\xe3\x81\xa3\xe3\x81\xa6\xe5\x8a\xb9\xe6\x9e\x9c\xe3\x81\x8c\xe5\x88\xb6\xe9\x99\x90\xe3\x81\x95\xe3\x82\x8c\xe3\x81\xa6\xe3\x81\x84\xe3\x81\xbe\xe3\x81\x99\xe3\x80\x82"},
    {"Each issue below names what to change.",
     "\xe4\xb8\x8b\xe3\x81\xae\xe5\x90\x84\xe5\x95\x8f\xe9\xa1\x8c\xe3\x81\xab\xe3\x80\x81\xe5\xa4\x89\xe6\x9b\xb4\xe3\x81\x99\xe3\x81\xb9\xe3\x81\x8d\xe7\x82\xb9\xe3\x81\x8c\xe8\xa8\x98\xe8\xbc\x89\xe3\x81\x95\xe3\x82\x8c\xe3\x81\xa6\xe3\x81\x84\xe3\x81\xbe\xe3\x81\x99\xe3\x80\x82"},
    {"Neural Rendering is active",
     "Neural Rendering \xe3\x81\xaf\xe6\x9c\x89\xe5\x8a\xb9\xe3\x81\xa7\xe3\x81\x99"},
    {"Enhancing the frame the game presents",
     "\xe3\x82\xb2\xe3\x83\xbc\xe3\x83\xa0\xe3\x81\x8c\xe8\xa1\xa8\xe7\xa4\xba\xe3\x81\x99\xe3\x82\x8b\xe3\x83\x95\xe3\x83\xac\xe3\x83\xbc\xe3\x83\xa0\xe3\x82\x92\xe5\xbc\xb7\xe5\x8c\x96\xe4\xb8\xad"},
    {"Enhancing the game's DLSS input before upscaling",
     "\xe3\x82\xa2\xe3\x83\x83\xe3\x83\x97\xe3\x82\xb9\xe3\x82\xb1\xe3\x83\xbc\xe3\x83\xab\xe5\x89\x8d\xe3\x81\xab\xe3\x82\xb2\xe3\x83\xbc\xe3\x83\xa0\xe3\x81\xae DLSS \xe5\x85\xa5\xe5\x8a\x9b\xe3\x82\x92\xe5\xbc\xb7\xe5\x8c\x96\xe4\xb8\xad"},
    {"Replacing the game's DLSS output",
     "\xe3\x82\xb2\xe3\x83\xbc\xe3\x83\xa0\xe3\x81\xae DLSS \xe5\x87\xba\xe5\x8a\x9b\xe3\x82\x92\xe7\xbd\xae\xe3\x81\x8d\xe6\x8f\x9b\xe3\x81\x88\xe4\xb8\xad"},
    {"Neural Rendering is partly active",
     "Neural Rendering \xe3\x81\xaf\xe4\xb8\x80\xe9\x83\xa8\xe6\x9c\x89\xe5\x8a\xb9\xe3\x81\xa7\xe3\x81\x99"},
    {"Open Diagnostics: 'Skipped because' names why the other frames were skipped.",
     "\xe8\xa8\xba\xe6\x96\xad\xe3\x82\x92\xe9\x96\x8b\xe3\x81\x84\xe3\x81\xa6\xe3\x81\x8f\xe3\x81\xa0\xe3\x81\x95\xe3\x81\x84: '\xe3\x82\xb9\xe3\x82\xad\xe3\x83\x83\xe3\x83\x97\xe3\x81\xae\xe7\x90\x86\xe7\x94\xb1' \xe3\x81\xab\xe4\xbb\x96\xe3\x81\xae\xe3\x83\x95\xe3\x83\xac\xe3\x83\xbc\xe3\x83\xa0\xe3\x81\x8c\xe3\x82\xb9\xe3\x82\xad\xe3\x83\x83\xe3\x83\x97\xe3\x81\x95\xe3\x82\x8c\xe3\x81\x9f\xe7\x90\x86\xe7\x94\xb1\xe3\x81\x8c\xe8\xa1\xa8\xe7\xa4\xba\xe3\x81\x95\xe3\x82\x8c\xe3\x81\xbe\xe3\x81\x99\xe3\x80\x82"},
    {"DLSS on an API NR does not serve",
     "NR \xe9\x9d\x9e\xe5\xaf\xbe\xe5\xbf\x9c\xe3\x81\xae API \xe3\x81\xa7 DLSS \xe3\x81\x8c\xe5\x8b\x95\xe4\xbd\x9c\xe4\xb8\xad"},
    {"This game runs DLSS without presenting through Direct3D 12, Direct3D 11, or Vulkan. The addon is loaded and safe; nothing is wrong.",
     "\xe3\x81\x93\xe3\x81\xae\xe3\x82\xb2\xe3\x83\xbc\xe3\x83\xa0\xe3\x81\xaf Direct3D 12\xe3\x80\x81" "Direct3D 11\xe3\x80\x81Vulkan \xe3\x81\xae\xe3\x81\x84\xe3\x81\x9a\xe3\x82\x8c\xe3\x81\xa7\xe3\x82\x82\xe8\xa1\xa8\xe7\xa4\xba\xe3\x82\x92\xe8\xa1\x8c\xe3\x82\x8f\xe3\x81\x9a\xe3\x81\xab DLSS \xe3\x82\x92\xe5\xae\x9f\xe8\xa1\x8c\xe3\x81\x97\xe3\x81\xa6\xe3\x81\x84\xe3\x81\xbe\xe3\x81\x99\xe3\x80\x82\xe3\x82\xa2\xe3\x83\x89\xe3\x82\xaa\xe3\x83\xb3\xe3\x81\xaf\xe8\xaa\xad\xe3\x81\xbf\xe8\xbe\xbc\xe3\x81\xbe\xe3\x82\x8c\xe3\x81\xa6\xe3\x81\x8a\xe3\x82\x8a\xe5\xae\x89\xe5\x85\xa8\xe3\x81\xa7\xe3\x81\x99\xe3\x80\x82\xe5\x95\x8f\xe9\xa1\x8c\xe3\x81\xaf\xe3\x81\x82\xe3\x82\x8a\xe3\x81\xbe\xe3\x81\x9b\xe3\x82\x93\xe3\x80\x82"},
    {"If the game offers DirectX 12 in its graphics settings, switch to it and restart the game.",
     "\xe3\x82\xb2\xe3\x83\xbc\xe3\x83\xa0\xe3\x81\xae\xe3\x82\xb0\xe3\x83\xa9\xe3\x83\x95\xe3\x82\xa3\xe3\x83\x83\xe3\x82\xaf\xe8\xa8\xad\xe5\xae\x9a\xe3\x81\xa7 DirectX 12 \xe3\x82\x92\xe9\x81\xb8\xe3\x81\xb9\xe3\x82\x8b\xe5\xa0\xb4\xe5\x90\x88\xe3\x81\xaf\xe3\x80\x81\xe5\x88\x87\xe3\x82\x8a\xe6\x9b\xbf\xe3\x81\x88\xe3\x81\xa6\xe3\x81\x8b\xe3\x82\x89\xe3\x82\xb2\xe3\x83\xbc\xe3\x83\xa0\xe3\x82\x92\xe5\x86\x8d\xe8\xb5\xb7\xe5\x8b\x95\xe3\x81\x97\xe3\x81\xa6\xe3\x81\x8f\xe3\x81\xa0\xe3\x81\x95\xe3\x81\x84\xe3\x80\x82"},
    {"NR is idle - only Frame Generation is on",
     "NR \xe3\x81\xaf\xe5\xbe\x85\xe6\xa9\x9f\xe4\xb8\xad - Frame Generation \xe3\x81\xae\xe3\x81\xbf\xe3\x82\xaa\xe3\x83\xb3"},
    {"Frame Generation is a different DLSS feature. Neural Rendering improves DLSS upscaling.",
     "Frame Generation \xe3\x81\xaf\xe5\x88\xa5\xe3\x81\xae DLSS \xe6\xa9\x9f\xe8\x83\xbd\xe3\x81\xa7\xe3\x81\x99\xe3\x80\x82Neural Rendering \xe3\x81\xaf DLSS \xe3\x82\xa2\xe3\x83\x83\xe3\x83\x97\xe3\x82\xb9\xe3\x82\xb1\xe3\x83\xbc\xe3\x83\xaa\xe3\x83\xb3\xe3\x82\xb0\xe3\x82\x92\xe5\x90\x91\xe4\xb8\x8a\xe3\x81\x95\xe3\x81\x9b\xe3\x81\xbe\xe3\x81\x99\xe3\x80\x82"},
    {"Turn on DLSS or DLAA upscaling in the game's graphics settings, not only Frame Generation.",
     "\xe3\x82\xb2\xe3\x83\xbc\xe3\x83\xa0\xe3\x81\xae\xe3\x82\xb0\xe3\x83\xa9\xe3\x83\x95\xe3\x82\xa3\xe3\x83\x83\xe3\x82\xaf\xe8\xa8\xad\xe5\xae\x9a\xe3\x81\xa7\xe3\x80\x81" "Frame Generation \xe3\x81\xa0\xe3\x81\x91\xe3\x81\xa7\xe3\x81\xaa\xe3\x81\x8f DLSS \xe3\x81\xbe\xe3\x81\x9f\xe3\x81\xaf DLAA \xe3\x81\xae\xe3\x82\xa2\xe3\x83\x83\xe3\x83\x97\xe3\x82\xb9\xe3\x82\xb1\xe3\x83\xbc\xe3\x83\xaa\xe3\x83\xb3\xe3\x82\xb0\xe3\x82\x82\xe3\x82\xaa\xe3\x83\xb3\xe3\x81\xab\xe3\x81\x97\xe3\x81\xa6\xe3\x81\x8f\xe3\x81\xa0\xe3\x81\x95\xe3\x81\x84\xe3\x80\x82"},
    {"This card turns green when it works.",
     "\xe5\x8b\x95\xe4\xbd\x9c\xe3\x81\x99\xe3\x82\x8b\xe3\x81\xa8\xe3\x81\x93\xe3\x81\xae\xe3\x82\xab\xe3\x83\xbc\xe3\x83\x89\xe3\x81\x8c\xe7\xb7\x91\xe8\x89\xb2\xe3\x81\xab\xe3\x81\xaa\xe3\x82\x8a\xe3\x81\xbe\xe3\x81\x99\xe3\x80\x82"},
    {"NR is idle - DLSS upscaling is off",
     "NR \xe3\x81\xaf\xe5\xbe\x85\xe6\xa9\x9f\xe4\xb8\xad - DLSS \xe3\x82\xa2\xe3\x83\x83\xe3\x83\x97\xe3\x82\xb9\xe3\x82\xb1\xe3\x83\xbc\xe3\x83\xaa\xe3\x83\xb3\xe3\x82\xb0\xe3\x81\x8c\xe3\x82\xaa\xe3\x83\x95"},
    {"Neural Rendering improves DLSS, so it needs DLSS on.",
     "Neural Rendering \xe3\x81\xaf DLSS \xe3\x82\x92\xe5\x90\x91\xe4\xb8\x8a\xe3\x81\x95\xe3\x81\x9b\xe3\x82\x8b\xe6\xa9\x9f\xe8\x83\xbd\xe3\x81\xae\xe3\x81\x9f\xe3\x82\x81\xe3\x80\x81" "DLSS \xe3\x82\x92\xe3\x82\xaa\xe3\x83\xb3\xe3\x81\xab\xe3\x81\x99\xe3\x82\x8b\xe5\xbf\x85\xe8\xa6\x81\xe3\x81\x8c\xe3\x81\x82\xe3\x82\x8a\xe3\x81\xbe\xe3\x81\x99\xe3\x80\x82"},
    {"Open the game's graphics settings.",
     "\xe3\x82\xb2\xe3\x83\xbc\xe3\x83\xa0\xe3\x81\xae\xe3\x82\xb0\xe3\x83\xa9\xe3\x83\x95\xe3\x82\xa3\xe3\x83\x83\xe3\x82\xaf\xe8\xa8\xad\xe5\xae\x9a\xe3\x82\x92\xe9\x96\x8b\xe3\x81\x84\xe3\x81\xa6\xe3\x81\x8f\xe3\x81\xa0\xe3\x81\x95\xe3\x81\x84\xe3\x80\x82"},
    {"Set DLSS or DLAA to any quality mode.",
     "DLSS \xe3\x81\xbe\xe3\x81\x9f\xe3\x81\xaf DLAA \xe3\x82\x92\xe4\xbb\xbb\xe6\x84\x8f\xe3\x81\xae\xe5\x93\x81\xe8\xb3\xaa\xe3\x83\xa2\xe3\x83\xbc\xe3\x83\x89\xe3\x81\xab\xe8\xa8\xad\xe5\xae\x9a\xe3\x81\x97\xe3\x81\xa6\xe3\x81\x8f\xe3\x81\xa0\xe3\x81\x95\xe3\x81\x84\xe3\x80\x82"},
    {"NR needs the Streamline setting",
     "NR \xe3\x81\xab\xe3\x81\xaf Streamline \xe8\xa8\xad\xe5\xae\x9a\xe3\x81\x8c\xe5\xbf\x85\xe8\xa6\x81\xe3\x81\xa7\xe3\x81\x99"},
    {"This game hands DLSS its inputs through NVIDIA Streamline, which the default hook mode cannot read.",
     "\xe3\x81\x93\xe3\x81\xae\xe3\x82\xb2\xe3\x83\xbc\xe3\x83\xa0\xe3\x81\xaf NVIDIA Streamline \xe7\xb5\x8c\xe7\x94\xb1\xe3\x81\xa7 DLSS \xe3\x81\xab\xe5\x85\xa5\xe5\x8a\x9b\xe3\x82\x92\xe6\xb8\xa1\xe3\x81\x97\xe3\x81\xa6\xe3\x81\x8a\xe3\x82\x8a\xe3\x80\x81\xe3\x83\x87\xe3\x83\x95\xe3\x82\xa9\xe3\x83\xab\xe3\x83\x88\xe3\x81\xae\xe3\x83\x95\xe3\x83\x83\xe3\x82\xaf\xe3\x83\xa2\xe3\x83\xbc\xe3\x83\x89\xe3\x81\xa7\xe3\x81\xaf\xe8\xaa\xad\xe3\x81\xbf\xe5\x8f\x96\xe3\x82\x8c\xe3\x81\xbe\xe3\x81\x9b\xe3\x82\x93\xe3\x80\x82"},
    {"This game runs DLSS entirely through NVIDIA Streamline, which the default hook mode cannot see.",
     "\xe3\x81\x93\xe3\x81\xae\xe3\x82\xb2\xe3\x83\xbc\xe3\x83\xa0\xe3\x81\xaf DLSS \xe3\x82\x92\xe5\xae\x8c\xe5\x85\xa8\xe3\x81\xab NVIDIA Streamline \xe7\xb5\x8c\xe7\x94\xb1\xe3\x81\xa7\xe5\xae\x9f\xe8\xa1\x8c\xe3\x81\x97\xe3\x81\xa6\xe3\x81\x8a\xe3\x82\x8a\xe3\x80\x81\xe3\x83\x87\xe3\x83\x95\xe3\x82\xa9\xe3\x83\xab\xe3\x83\x88\xe3\x81\xae\xe3\x83\x95\xe3\x83\x83\xe3\x82\xaf\xe3\x83\xa2\xe3\x83\xbc\xe3\x83\x89\xe3\x81\xa7\xe3\x81\xaf\xe6\xa4\x9c\xe5\x87\xba\xe3\x81\xa7\xe3\x81\x8d\xe3\x81\xbe\xe3\x81\x9b\xe3\x82\x93\xe3\x80\x82"},
    {"Set EnableHooks=1 in the [RenoDX.DLSS5] section of ReShade.ini.",
     "ReShade.ini \xe3\x81\xae [RenoDX.DLSS5] \xe3\x82\xbb\xe3\x82\xaf\xe3\x82\xb7\xe3\x83\xa7\xe3\x83\xb3\xe3\x81\xa7 EnableHooks=1 \xe3\x82\x92\xe8\xa8\xad\xe5\xae\x9a\xe3\x81\x97\xe3\x81\xa6\xe3\x81\x8f\xe3\x81\xa0\xe3\x81\x95\xe3\x81\x84\xe3\x80\x82"},
    {"Starting...",
     "\xe8\xb5\xb7\xe5\x8b\x95\xe4\xb8\xad..."},
    {"Waiting for the game to run DLSS.",
     "\xe3\x82\xb2\xe3\x83\xbc\xe3\x83\xa0\xe3\x81\x8c DLSS \xe3\x82\x92\xe5\xae\x9f\xe8\xa1\x8c\xe3\x81\x99\xe3\x82\x8b\xe3\x81\xae\xe3\x82\x92\xe5\xbe\x85\xe3\x81\xa3\xe3\x81\xa6\xe3\x81\x84\xe3\x81\xbe\xe3\x81\x99\xe3\x80\x82"},
    {"DLSS is running; Neural Rendering is getting ready.",
     "DLSS \xe3\x81\xaf\xe5\x8b\x95\xe4\xbd\x9c\xe4\xb8\xad\xe3\x81\xa7\xe3\x81\x99\xe3\x80\x82Neural Rendering \xe3\x82\x92\xe6\xba\x96\xe5\x82\x99\xe3\x81\x97\xe3\x81\xa6\xe3\x81\x84\xe3\x81\xbe\xe3\x81\x99\xe3\x80\x82"},
    {"This game isn't using DLSS",
     "\xe3\x81\x93\xe3\x81\xae\xe3\x82\xb2\xe3\x83\xbc\xe3\x83\xa0\xe3\x81\xaf DLSS \xe3\x82\x92\xe4\xbd\xbf\xe7\x94\xa8\xe3\x81\x97\xe3\x81\xa6\xe3\x81\x84\xe3\x81\xbe\xe3\x81\x9b\xe3\x82\x93"},
    {"No NVIDIA DLSS module has loaded, so Neural Rendering stays idle. Nothing is broken.",
     "NVIDIA DLSS \xe3\x83\xa2\xe3\x82\xb8\xe3\x83\xa5\xe3\x83\xbc\xe3\x83\xab\xe3\x81\x8c\xe8\xaa\xad\xe3\x81\xbf\xe8\xbe\xbc\xe3\x81\xbe\xe3\x82\x8c\xe3\x81\xa6\xe3\x81\x84\xe3\x81\xaa\xe3\x81\x84\xe3\x81\x9f\xe3\x82\x81\xe3\x80\x81Neural Rendering \xe3\x81\xaf\xe5\xbe\x85\xe6\xa9\x9f\xe3\x81\x97\xe3\x81\xa6\xe3\x81\x84\xe3\x81\xbe\xe3\x81\x99\xe3\x80\x82\xe5\x95\x8f\xe9\xa1\x8c\xe3\x81\xaf\xe3\x81\x82\xe3\x82\x8a\xe3\x81\xbe\xe3\x81\x9b\xe3\x82\x93\xe3\x80\x82"},
    {"%s%s%llu frames enhanced this session",
     "%s%s\xe3\x81\x93\xe3\x81\xae\xe3\x82\xbb\xe3\x83\x83\xe3\x82\xb7\xe3\x83\xa7\xe3\x83\xb3\xe3\x81\xa7 %llu \xe3\x83\x95\xe3\x83\xac\xe3\x83\xbc\xe3\x83\xa0\xe3\x82\x92\xe5\xbc\xb7\xe5\x8c\x96"},
    {"%s%sEnhancing %llu of %llu frames",
     "%s%s\xe5\xbc\xb7\xe5\x8c\x96\xe4\xb8\xad: %llu / %llu \xe3\x83\x95\xe3\x83\xac\xe3\x83\xbc\xe3\x83\xa0"},
    {"NR: %.1f ms of GPU time per frame",
     "NR: 1\xe3\x83\x95\xe3\x83\xac\xe3\x83\xbc\xe3\x83\xa0\xe3\x81\x82\xe3\x81\x9f\xe3\x82\x8aGPU\xe6\x99\x82\xe9\x96\x93 %.1f ms"},
    {"NR: %.1f ms of GPU time per frame (estimate: %.0f fps without NR, %.0f fps with it)",
     "NR: 1\xe3\x83\x95\xe3\x83\xac\xe3\x83\xbc\xe3\x83\xa0\xe3\x81\x82\xe3\x81\x9f\xe3\x82\x8aGPU\xe6\x99\x82\xe9\x96\x93 %.1f ms\xef\xbc\x88\xe6\x8e\xa8\xe5\xae\x9a: NR\xe3\x81\xaa\xe3\x81\x97 %.0f fps\xe3\x80\x81NR\xe3\x81\x82\xe3\x82\x8a %.0f fps\xef\xbc\x89"},
    {"Turn on",
     "\xe3\x82\xaa\xe3\x83\xb3\xe3\x81\xab\xe3\x81\x99\xe3\x82\x8b"},
    {"Open Diagnostics",
     "\xe8\xa8\xba\xe6\x96\xad\xe3\x82\x92\xe9\x96\x8b\xe3\x81\x8f"},
    {"Got it",
     "OK"},
    {"Reset to default (%s)",
     "\xe3\x83\x87\xe3\x83\x95\xe3\x82\xa9\xe3\x83\xab\xe3\x83\x88\xe3\x81\xab\xe3\x83\xaa\xe3\x82\xbb\xe3\x83\x83\xe3\x83\x88 (%s)"},
    {"Custom",
     "\xe3\x82\xab\xe3\x82\xb9\xe3\x82\xbf\xe3\x83\xa0"},
    {"The game's DLSS call lacked its output, depth or motion",
     "\xe3\x82\xb2\xe3\x83\xbc\xe3\x83\xa0\xe3\x81\xae DLSS \xe5\x91\xbc\xe3\x81\xb3\xe5\x87\xba\xe3\x81\x97\xe3\x81\xab\xe5\x87\xba\xe5\x8a\x9b\xe3\x80\x81\xe6\xb7\xb1\xe5\xba\xa6\xe3\x80\x81\xe3\x83\xa2\xe3\x83\xbc\xe3\x82\xb7\xe3\x83\xa7\xe3\x83\xb3\xe3\x81\xae\xe3\x81\x84\xe3\x81\x9a\xe3\x82\x8c\xe3\x81\x8b\xe3\x81\x8c\xe3\x81\x82\xe3\x82\x8a\xe3\x81\xbe\xe3\x81\x9b\xe3\x82\x93\xe3\x81\xa7\xe3\x81\x97\xe3\x81\x9f"},
    {"The game's DLSS output has a size or layout NR cannot use",
     "\xe3\x82\xb2\xe3\x83\xbc\xe3\x83\xa0\xe3\x81\xae DLSS \xe5\x87\xba\xe5\x8a\x9b\xe3\x81\xae\xe3\x82\xb5\xe3\x82\xa4\xe3\x82\xba\xe3\x81\xbe\xe3\x81\x9f\xe3\x81\xaf\xe3\x83\xac\xe3\x82\xa4\xe3\x82\xa2\xe3\x82\xa6\xe3\x83\x88\xe3\x82\x92 NR \xe3\x81\x8c\xe6\x89\xb1\xe3\x81\x88\xe3\x81\xbe\xe3\x81\x9b\xe3\x82\x93"},
    {"The game's image before upscaling has a size or layout NR cannot use",
     "\xe3\x82\xa2\xe3\x83\x83\xe3\x83\x97\xe3\x82\xb9\xe3\x82\xb1\xe3\x83\xbc\xe3\x83\xab\xe5\x89\x8d\xe3\x81\xae\xe3\x82\xb2\xe3\x83\xbc\xe3\x83\xa0\xe7\x94\xbb\xe5\x83\x8f\xe3\x81\xae\xe3\x82\xb5\xe3\x82\xa4\xe3\x82\xba\xe3\x81\xbe\xe3\x81\x9f\xe3\x81\xaf\xe3\x83\xac\xe3\x82\xa4\xe3\x82\xa2\xe3\x82\xa6\xe3\x83\x88\xe3\x82\x92 NR \xe3\x81\x8c\xe6\x89\xb1\xe3\x81\x88\xe3\x81\xbe\xe3\x81\x9b\xe3\x82\x93"},
    {"Streamline did not hand over every image NR needs",
     "Streamline \xe3\x81\x8c NR \xe3\x81\xab\xe5\xbf\x85\xe8\xa6\x81\xe3\x81\xaa\xe7\x94\xbb\xe5\x83\x8f\xe3\x82\x92\xe3\x81\x99\xe3\x81\xb9\xe3\x81\xa6\xe6\xb8\xa1\xe3\x81\x97\xe3\x81\xbe\xe3\x81\x9b\xe3\x82\x93\xe3\x81\xa7\xe3\x81\x97\xe3\x81\x9f"},
    {"Streamline's images were in a state NR cannot use",
     "Streamline \xe3\x81\xae\xe7\x94\xbb\xe5\x83\x8f\xe3\x81\x8c NR \xe3\x81\xae\xe4\xbd\xbf\xe3\x81\x88\xe3\x81\xaa\xe3\x81\x84\xe7\x8a\xb6\xe6\x85\x8b\xe3\x81\xa7\xe3\x81\x97\xe3\x81\x9f"},
    {"The NR runtime was not ready for Streamline",
     "NR \xe3\x83\xa9\xe3\x83\xb3\xe3\x82\xbf\xe3\x82\xa4\xe3\x83\xa0\xe3\x81\x8c Streamline \xe3\x81\xab\xe5\xaf\xbe\xe5\xbf\x9c\xe3\x81\x99\xe3\x82\x8b\xe6\xba\x96\xe5\x82\x99\xe3\x81\x8c\xe3\x81\xa7\xe3\x81\x8d\xe3\x81\xa6\xe3\x81\x84\xe3\x81\xbe\xe3\x81\x9b\xe3\x82\x93\xe3\x81\xa7\xe3\x81\x97\xe3\x81\x9f"},
    {"The frame was already enhanced (the game ran DLSS twice)",
     "\xe3\x83\x95\xe3\x83\xac\xe3\x83\xbc\xe3\x83\xa0\xe3\x81\xaf\xe3\x81\x99\xe3\x81\xa7\xe3\x81\xab\xe5\xbc\xb7\xe5\x8c\x96\xe6\xb8\x88\xe3\x81\xbf\xe3\x81\xa7\xe3\x81\x97\xe3\x81\x9f (\xe3\x82\xb2\xe3\x83\xbc\xe3\x83\xa0\xe3\x81\x8c DLSS \xe3\x82\x92 2 \xe5\x9b\x9e\xe5\x91\xbc\xe3\x81\xb3\xe5\x87\xba\xe3\x81\x97\xe3\x81\xbe\xe3\x81\x97\xe3\x81\x9f)"},
    {"The game's GPU state could not be restored safely",
     "\xe3\x82\xb2\xe3\x83\xbc\xe3\x83\xa0\xe3\x81\xae GPU \xe7\x8a\xb6\xe6\x85\x8b\xe3\x82\x92\xe5\xae\x89\xe5\x85\xa8\xe3\x81\xab\xe5\xbe\xa9\xe5\x85\x83\xe3\x81\xa7\xe3\x81\x8d\xe3\x81\xbe\xe3\x81\x9b\xe3\x82\x93\xe3\x81\xa7\xe3\x81\x97\xe3\x81\x9f"},
    {"NR could not set up its working images",
     "NR \xe3\x81\x8c\xe4\xbd\x9c\xe6\xa5\xad\xe7\x94\xa8\xe3\x81\xae\xe7\x94\xbb\xe5\x83\x8f\xe3\x82\x92\xe6\xba\x96\xe5\x82\x99\xe3\x81\xa7\xe3\x81\x8d\xe3\x81\xbe\xe3\x81\x9b\xe3\x82\x93\xe3\x81\xa7\xe3\x81\x97\xe3\x81\x9f"},
    {"Warm-up after a start or a settings change",
     "\xe8\xb5\xb7\xe5\x8b\x95\xe3\x81\xbe\xe3\x81\x9f\xe3\x81\xaf\xe8\xa8\xad\xe5\xae\x9a\xe5\xa4\x89\xe6\x9b\xb4\xe5\xbe\x8c\xe3\x81\xae\xe3\x82\xa6\xe3\x82\xa9\xe3\x83\xbc\xe3\x83\xa0\xe3\x82\xa2\xe3\x83\x83\xe3\x83\x97"},
    {"Strength is 0 in every pass",
     "\xe3\x81\x99\xe3\x81\xb9\xe3\x81\xa6\xe3\x81\xae\xe3\x83\x91\xe3\x82\xb9\xe3\x81\xa7\xe5\xbc\xb7\xe5\xba\xa6\xe3\x81\x8c 0 \xe3\x81\xa7\xe3\x81\x99"},
    {"Waiting to retry after a failure",
     "\xe5\xa4\xb1\xe6\x95\x97\xe5\xbe\x8c\xe3\x81\xae\xe5\x86\x8d\xe8\xa9\xa6\xe8\xa1\x8c\xe3\x82\x92\xe5\xbe\x85\xe3\x81\xa3\xe3\x81\xa6\xe3\x81\x84\xe3\x81\xbe\xe3\x81\x99"},
    {"The NR runtime is not available",
     "NR \xe3\x83\xa9\xe3\x83\xb3\xe3\x82\xbf\xe3\x82\xa4\xe3\x83\xa0\xe3\x81\x8c\xe5\x88\xa9\xe7\x94\xa8\xe3\x81\xa7\xe3\x81\x8d\xe3\x81\xbe\xe3\x81\x9b\xe3\x82\x93"},
    {"The Direct3D 11 bridge was not running",
     "Direct3D 11 \xe3\x83\x96\xe3\x83\xaa\xe3\x83\x83\xe3\x82\xb8\xe3\x81\x8c\xe5\x8b\x95\xe4\xbd\x9c\xe3\x81\x97\xe3\x81\xa6\xe3\x81\x84\xe3\x81\xbe\xe3\x81\x9b\xe3\x82\x93\xe3\x81\xa7\xe3\x81\x97\xe3\x81\x9f"},
    {"This frame's images cannot cross the Direct3D 11 bridge",
     "\xe3\x81\x93\xe3\x81\xae\xe3\x83\x95\xe3\x83\xac\xe3\x83\xbc\xe3\x83\xa0\xe3\x81\xae\xe7\x94\xbb\xe5\x83\x8f\xe3\x81\xaf Direct3D 11 \xe3\x83\x96\xe3\x83\xaa\xe3\x83\x83\xe3\x82\xb8\xe3\x82\x92\xe9\x80\x9a\xe9\x81\x8e\xe3\x81\xa7\xe3\x81\x8d\xe3\x81\xbe\xe3\x81\x9b\xe3\x82\x93"},
    {"The Direct3D 11 bridge was still busy on the GPU",
     "Direct3D 11 \xe3\x83\x96\xe3\x83\xaa\xe3\x83\x83\xe3\x82\xb8\xe3\x81\x8c GPU \xe4\xb8\x8a\xe3\x81\xa7\xe3\x81\xbe\xe3\x81\xa0\xe5\x87\xa6\xe7\x90\x86\xe4\xb8\xad\xe3\x81\xa7\xe3\x81\x97\xe3\x81\x9f"},
    {"A Direct3D 11 bridge frame stalled and was released",
     "Direct3D 11 \xe3\x83\x96\xe3\x83\xaa\xe3\x83\x83\xe3\x82\xb8\xe3\x81\xae\xe3\x83\x95\xe3\x83\xac\xe3\x83\xbc\xe3\x83\xa0\xe3\x81\x8c\xe5\x81\x9c\xe6\xad\xa2\xe3\x81\x97\xe3\x81\x9f\xe3\x81\x9f\xe3\x82\x81\xe8\xa7\xa3\xe6\x94\xbe\xe3\x81\x95\xe3\x82\x8c\xe3\x81\xbe\xe3\x81\x97\xe3\x81\x9f"},
    {"The Direct3D 11 bridge was lost",
     "Direct3D 11 \xe3\x83\x96\xe3\x83\xaa\xe3\x83\x83\xe3\x82\xb8\xe3\x81\x8c\xe5\xa4\xb1\xe3\x82\x8f\xe3\x82\x8c\xe3\x81\xbe\xe3\x81\x97\xe3\x81\x9f"},
    {"The game ran DLSS on a deferred Direct3D 11 context",
     "\xe3\x82\xb2\xe3\x83\xbc\xe3\x83\xa0\xe3\x81\x8c\xe9\x81\x85\xe5\xbb\xb6 Direct3D 11 \xe3\x82\xb3\xe3\x83\xb3\xe3\x83\x86\xe3\x82\xad\xe3\x82\xb9\xe3\x83\x88\xe3\x81\xa7 DLSS \xe3\x82\x92\xe5\x91\xbc\xe3\x81\xb3\xe5\x87\xba\xe3\x81\x97\xe3\x81\xbe\xe3\x81\x97\xe3\x81\x9f"},
    {"Waiting for a closed window's GPU work to finish",
     "\xe9\x96\x89\xe3\x81\x98\xe3\x81\x9f\xe3\x82\xa6\xe3\x82\xa3\xe3\x83\xb3\xe3\x83\x89\xe3\x82\xa6\xe3\x81\xae GPU \xe5\x87\xa6\xe7\x90\x86\xe3\x81\xae\xe5\xae\x8c\xe4\xba\x86\xe3\x82\x92\xe5\xbe\x85\xe3\x81\xa3\xe3\x81\xa6\xe3\x81\x84\xe3\x81\xbe\xe3\x81\x99"},
    {"Earlier presents or the game's DLSS work were still busy",
     "\xe4\xbb\xa5\xe5\x89\x8d\xe3\x81\xae\xe8\xa1\xa8\xe7\xa4\xba\xe3\x81\xbe\xe3\x81\x9f\xe3\x81\xaf\xe3\x82\xb2\xe3\x83\xbc\xe3\x83\xa0\xe3\x81\xae DLSS \xe5\x87\xa6\xe7\x90\x86\xe3\x81\x8c\xe3\x81\xbe\xe3\x81\xa0\xe7\xb5\x82\xe3\x82\x8f\xe3\x81\xa3\xe3\x81\xa6\xe3\x81\x84\xe3\x81\xbe\xe3\x81\x9b\xe3\x82\x93\xe3\x81\xa7\xe3\x81\x97\xe3\x81\x9f"},
    {"No depth and motion matched the present (Depth and motion: Required)",
     "\xe8\xa1\xa8\xe7\xa4\xba\xe3\x81\xab\xe5\x90\x88\xe3\x81\x86\xe6\xb7\xb1\xe5\xba\xa6\xe3\x81\xa8\xe3\x83\xa2\xe3\x83\xbc\xe3\x82\xb7\xe3\x83\xa7\xe3\x83\xb3\xe3\x81\x8c\xe3\x81\x82\xe3\x82\x8a\xe3\x81\xbe\xe3\x81\x9b\xe3\x82\x93\xe3\x81\xa7\xe3\x81\x97\xe3\x81\x9f (\xe6\xb7\xb1\xe5\xba\xa6\xe3\x81\xa8\xe3\x83\xa2\xe3\x83\xbc\xe3\x82\xb7\xe3\x83\xa7\xe3\x83\xb3: \xe5\xbf\x85\xe9\xa0\x88)"},
    {"NR is moving to another device and waits for its GPU work",
     "NR \xe3\x81\x8c\xe5\x88\xa5\xe3\x81\xae\xe3\x83\x87\xe3\x83\x90\xe3\x82\xa4\xe3\x82\xb9\xe3\x81\xab\xe7\xa7\xbb\xe8\xa1\x8c\xe4\xb8\xad\xe3\x81\xa7\xe3\x80\x81\xe3\x81\x9d\xe3\x81\xae GPU \xe5\x87\xa6\xe7\x90\x86\xe3\x82\x92\xe5\xbe\x85\xe3\x81\xa3\xe3\x81\xa6\xe3\x81\x84\xe3\x81\xbe\xe3\x81\x99"},
    {"The game switches between two views of its device",
     "\xe3\x82\xb2\xe3\x83\xbc\xe3\x83\xa0\xe3\x81\x8c\xe3\x83\x87\xe3\x83\x90\xe3\x82\xa4\xe3\x82\xb9\xe3\x81\xae 2 \xe3\x81\xa4\xe3\x81\xae\xe3\x83\x93\xe3\x83\xa5\xe3\x83\xbc\xe3\x82\x92\xe5\x88\x87\xe3\x82\x8a\xe6\x9b\xbf\xe3\x81\x88\xe3\x81\xa6\xe3\x81\x84\xe3\x81\xbe\xe3\x81\x99"},
    {"The game's DLSS call named no render size (EnableHooks=1 helps Streamline games)",
     "\xe3\x82\xb2\xe3\x83\xbc\xe3\x83\xa0\xe3\x81\xae DLSS \xe5\x91\xbc\xe3\x81\xb3\xe5\x87\xba\xe3\x81\x97\xe3\x81\xab\xe3\x83\xac\xe3\x83\xb3\xe3\x83\x80\xe3\x83\xbc\xe3\x82\xb5\xe3\x82\xa4\xe3\x82\xba\xe3\x81\x8c\xe3\x81\x82\xe3\x82\x8a\xe3\x81\xbe\xe3\x81\x9b\xe3\x82\x93\xe3\x81\xa7\xe3\x81\x97\xe3\x81\x9f (Streamline \xe3\x81\xae\xe3\x82\xb2\xe3\x83\xbc\xe3\x83\xa0\xe3\x81\xa7\xe3\x81\xaf EnableHooks=1 \xe3\x81\x8c\xe6\x9c\x89\xe5\x8a\xb9\xe3\x81\xa7\xe3\x81\x99)"},
    {"The game's Vulkan device lacks an extension NR needs",
     "\xe3\x82\xb2\xe3\x83\xbc\xe3\x83\xa0\xe3\x81\xae Vulkan \xe3\x83\x87\xe3\x83\x90\xe3\x82\xa4\xe3\x82\xb9\xe3\x81\xab NR \xe3\x81\x8c\xe5\xbf\x85\xe8\xa6\x81\xe3\x81\xa8\xe3\x81\x99\xe3\x82\x8b\xe6\x8b\xa1\xe5\xbc\xb5\xe6\xa9\x9f\xe8\x83\xbd\xe3\x81\x8c\xe3\x81\x82\xe3\x82\x8a\xe3\x81\xbe\xe3\x81\x9b\xe3\x82\x93"},
    {"NR has not seen the game's Vulkan DLSS start up",
     "NR \xe3\x81\xaf\xe3\x82\xb2\xe3\x83\xbc\xe3\x83\xa0\xe3\x81\xae Vulkan DLSS \xe3\x81\xae\xe8\xb5\xb7\xe5\x8b\x95\xe3\x82\x92\xe6\xa4\x9c\xe5\x87\xba\xe3\x81\x97\xe3\x81\xa6\xe3\x81\x84\xe3\x81\xbe\xe3\x81\x9b\xe3\x82\x93"},
    {"The game ran DLSS on a second Vulkan device",
     "\xe3\x82\xb2\xe3\x83\xbc\xe3\x83\xa0\xe3\x81\x8c 2 \xe5\x8f\xb0\xe7\x9b\xae\xe3\x81\xae Vulkan \xe3\x83\x87\xe3\x83\x90\xe3\x82\xa4\xe3\x82\xb9\xe3\x81\xa7 DLSS \xe3\x82\x92\xe5\xae\x9f\xe8\xa1\x8c\xe3\x81\x97\xe3\x81\xbe\xe3\x81\x97\xe3\x81\x9f"},
    {"on",
     "\xe3\x82\xaa\xe3\x83\xb3"},
    {"off",
     "\xe3\x82\xaa\xe3\x83\x95"},
    {"Default",
     "\xe3\x83\x87\xe3\x83\x95\xe3\x82\xa9\xe3\x83\xab\xe3\x83\x88"},
    {"Natural",
     "\xe3\x83\x8a\xe3\x83\x81\xe3\x83\xa5\xe3\x83\xa9\xe3\x83\xab"},
    {"Cinematic",
     "\xe3\x82\xb7\xe3\x83\x8d\xe3\x83\x9e\xe3\x83\x86\xe3\x82\xa3\xe3\x83\x83\xe3\x82\xaf"},
    {"Style",
     "\xe3\x82\xb9\xe3\x82\xbf\xe3\x82\xa4\xe3\x83\xab"},
    {"Default = the runtime's own choice; Natural and Cinematic force that look explicitly.",
     "\xe3\x83\x87\xe3\x83\x95\xe3\x82\xa9\xe3\x83\xab\xe3\x83\x88 = \xe3\x83\xa9\xe3\x83\xb3\xe3\x82\xbf\xe3\x82\xa4\xe3\x83\xa0\xe8\x87\xaa\xe8\xba\xab\xe3\x81\xae\xe9\x81\xb8\xe6\x8a\x9e\xe3\x80\x82\xe3\x83\x8a\xe3\x83\x81\xe3\x83\xa5\xe3\x83\xa9\xe3\x83\xab\xe3\x81\xa8\xe3\x82\xb7\xe3\x83\x8d\xe3\x83\x9e\xe3\x83\x86\xe3\x82\xa3\xe3\x83\x83\xe3\x82\xaf\xe3\x81\xaf\xe3\x81\x9d\xe3\x81\xae\xe3\x83\xab\xe3\x83\x83\xe3\x82\xaf\xe3\x82\x92\xe6\x98\x8e\xe7\xa4\xba\xe7\x9a\x84\xe3\x81\xab\xe5\xbc\xb7\xe5\x88\xb6\xe3\x81\x97\xe3\x81\xbe\xe3\x81\x99\xe3\x80\x82"},
    {"Local tone",
     "\xe3\x83\xad\xe3\x83\xbc\xe3\x82\xab\xe3\x83\xab\xe3\x83\x88\xe3\x83\xbc\xe3\x83\xb3"},
    {"How strongly the model reshapes brightness and contrast area by area; higher is a stronger change, 1 is the default.  A change restarts NR's history for a moment.",
     "\xe3\x83\xa2\xe3\x83\x87\xe3\x83\xab\xe3\x81\x8c\xe6\x98\x8e\xe3\x82\x8b\xe3\x81\x95\xe3\x81\xa8\xe3\x82\xb3\xe3\x83\xb3\xe3\x83\x88\xe3\x83\xa9\xe3\x82\xb9\xe3\x83\x88\xe3\x82\x92\xe9\xa0\x98\xe5\x9f\x9f\xe3\x81\x94\xe3\x81\xa8\xe3\x81\xab\xe3\x81\xa9\xe3\x82\x8c\xe3\x81\xa0\xe3\x81\x91\xe5\xbc\xb7\xe3\x81\x8f\xe4\xbd\x9c\xe3\x82\x8a\xe5\xa4\x89\xe3\x81\x88\xe3\x82\x8b\xe3\x81\x8b\xe3\x80\x82\xe9\xab\x98\xe3\x81\x84\xe3\x81\xbb\xe3\x81\xa9\xe5\xa4\x89\xe5\x8c\x96\xe3\x81\x8c\xe5\xbc\xb7\xe3\x81\x8f\xe3\x80\x81" "1 \xe3\x81\x8c\xe6\x97\xa2\xe5\xae\x9a\xe3\x81\xa7\xe3\x81\x99\xe3\x80\x82\xe5\xa4\x89\xe6\x9b\xb4\xe3\x81\x99\xe3\x82\x8b\xe3\x81\xa8 NR \xe3\x81\xae\xe5\xb1\xa5\xe6\xad\xb4\xe3\x81\x8c\xe4\xb8\x80\xe7\x9e\xac\xe3\x83\xaa\xe3\x82\xbb\xe3\x83\x83\xe3\x83\x88\xe3\x81\x95\xe3\x82\x8c\xe3\x81\xbe\xe3\x81\x99\xe3\x80\x82"},
    {"Structure",
     "\xe6\xa7\x8b\xe9\x80\xa0"},
    {"How strongly the model reworks fine structure and surface detail; higher is a stronger change, 1 is the default.  It changes what the model makes and restarts it; Fine detail under Limits and stability reshapes what it made, live.",
     "\xe3\x83\xa2\xe3\x83\x87\xe3\x83\xab\xe3\x81\x8c\xe7\xb4\xb0\xe3\x81\x8b\xe3\x81\xaa\xe6\xa7\x8b\xe9\x80\xa0\xe3\x81\xa8\xe8\xa1\xa8\xe9\x9d\xa2\xe3\x81\xae\xe3\x83\x87\xe3\x82\xa3\xe3\x83\x86\xe3\x83\xbc\xe3\x83\xab\xe3\x82\x92\xe3\x81\xa9\xe3\x82\x8c\xe3\x81\xa0\xe3\x81\x91\xe5\xbc\xb7\xe3\x81\x8f\xe4\xbd\x9c\xe3\x82\x8a\xe7\x9b\xb4\xe3\x81\x99\xe3\x81\x8b\xe3\x80\x82\xe9\xab\x98\xe3\x81\x84\xe3\x81\xbb\xe3\x81\xa9\xe5\xa4\x89\xe5\x8c\x96\xe3\x81\x8c\xe5\xbc\xb7\xe3\x81\x8f\xe3\x80\x81" "1 \xe3\x81\x8c\xe6\x97\xa2\xe5\xae\x9a\xe3\x81\xa7\xe3\x81\x99\xe3\x80\x82\xe3\x83\xa2\xe3\x83\x87\xe3\x83\xab\xe3\x81\x8c\xe7\x94\x9f\xe6\x88\x90\xe3\x81\x99\xe3\x82\x8b\xe5\x86\x85\xe5\xae\xb9\xe3\x82\x92\xe5\xa4\x89\xe3\x81\x88\xe3\x80\x81\xe3\x83\xa2\xe3\x83\x87\xe3\x83\xab\xe3\x82\x92\xe3\x83\xaa\xe3\x82\xbb\xe3\x83\x83\xe3\x83\x88\xe3\x81\x97\xe3\x81\xbe\xe3\x81\x99\xe3\x80\x82\xe5\x88\xb6\xe9\x99\x90\xe3\x81\xa8\xe5\xae\x89\xe5\xae\x9a\xe6\x80\xa7 \xe3\x81\xae \xe5\xbe\xae\xe7\xb4\xb0\xe3\x83\x87\xe3\x82\xa3\xe3\x83\x86\xe3\x83\xbc\xe3\x83\xab \xe3\x81\xaf\xe7\x94\x9f\xe6\x88\x90\xe7\xb5\x90\xe6\x9e\x9c\xe3\x82\x92\xe3\x83\xaa\xe3\x82\xa2\xe3\x83\xab\xe3\x82\xbf\xe3\x82\xa4\xe3\x83\xa0\xe3\x81\xa7\xe4\xbd\x9c\xe3\x82\x8a\xe5\xa4\x89\xe3\x81\x88\xe3\x81\xbe\xe3\x81\x99\xe3\x80\x82"},
    {"sent as 1.00: higher values are ignored",
     "1.00 \xe3\x81\xa8\xe3\x81\x97\xe3\x81\xa6\xe9\x80\x81\xe4\xbf\xa1\xef\xbc\x9a\xe3\x82\x88\xe3\x82\x8a\xe9\xab\x98\xe3\x81\x84\xe5\x80\xa4\xe3\x81\xaf\xe7\x84\xa1\xe8\xa6\x96\xe3\x81\x95\xe3\x82\x8c\xe3\x81\xbe\xe3\x81\x99"},
    {"Character / skin",
     "\xe3\x82\xad\xe3\x83\xa3\xe3\x83\xa9\xe3\x82\xaf\xe3\x82\xbf\xe3\x83\xbc / \xe8\x82\x8c"},
    {"How much the model reworks the skin of the people the Character mask finds: 0 is the least, 1 is stock.  Rough skin gains texture, smooth skin is evened out.",
     "\xe3\x82\xad\xe3\x83\xa3\xe3\x83\xa9\xe3\x82\xaf\xe3\x82\xbf\xe3\x83\xbc\xe3\x83\x9e\xe3\x82\xb9\xe3\x82\xaf\xe3\x81\x8c\xe8\xa6\x8b\xe3\x81\xa4\xe3\x81\x91\xe3\x81\x9f\xe4\xba\xba\xe7\x89\xa9\xe3\x81\xae\xe8\x82\x8c\xe3\x82\x92\xe3\x83\xa2\xe3\x83\x87\xe3\x83\xab\xe3\x81\x8c\xe3\x81\xa9\xe3\x82\x8c\xe3\x81\xa0\xe3\x81\x91\xe4\xbd\x9c\xe3\x82\x8a\xe7\x9b\xb4\xe3\x81\x99\xe3\x81\x8b: 0 \xe3\x81\x8c\xe6\x9c\x80\xe5\xb0\x8f\xe3\x80\x81" "1 \xe3\x81\x8c\xe3\x83\x87\xe3\x83\x95\xe3\x82\xa9\xe3\x83\xab\xe3\x83\x88\xe3\x81\xa7\xe3\x81\x99\xe3\x80\x82\xe7\xb2\x97\xe3\x81\x84\xe8\x82\x8c\xe3\x81\xab\xe3\x81\xaf\xe8\xb3\xaa\xe6\x84\x9f\xe3\x81\x8c\xe5\x8a\xa0\xe3\x82\x8f\xe3\x82\x8a\xe3\x80\x81\xe6\xbb\x91\xe3\x82\x89\xe3\x81\x8b\xe3\x81\xaa\xe8\x82\x8c\xe3\x81\xaf\xe5\x9d\x87\xe4\xb8\x80\xe3\x81\xab\xe3\x81\xaa\xe3\x82\x8a\xe3\x81\xbe\xe3\x81\x99\xe3\x80\x82"},
    {"Needs the Character mask: without it the model finds no skin and ignores this setting.",
     "\xe3\x82\xad\xe3\x83\xa3\xe3\x83\xa9\xe3\x82\xaf\xe3\x82\xbf\xe3\x83\xbc\xe3\x83\x9e\xe3\x82\xb9\xe3\x82\xaf\xe3\x81\x8c\xe5\xbf\x85\xe8\xa6\x81\xe3\x81\xa7\xe3\x81\x99: \xe3\x83\x9e\xe3\x82\xb9\xe3\x82\xaf\xe3\x81\x8c\xe3\x81\xaa\xe3\x81\x84\xe3\x81\xa8\xe3\x83\xa2\xe3\x83\x87\xe3\x83\xab\xe3\x81\xaf\xe8\x82\x8c\xe3\x82\x92\xe8\xa6\x8b\xe3\x81\xa4\xe3\x81\x91\xe3\x82\x89\xe3\x82\x8c\xe3\x81\x9a\xe3\x80\x81\xe3\x81\x93\xe3\x81\xae\xe8\xa8\xad\xe5\xae\x9a\xe3\x82\x92\xe7\x84\xa1\xe8\xa6\x96\xe3\x81\x97\xe3\x81\xbe\xe3\x81\x99\xe3\x80\x82"},
    {"%.2f (stock)",
     "%.2f (\xe3\x83\x87\xe3\x83\x95\xe3\x82\xa9\xe3\x83\xab\xe3\x83\x88)"},
    {"%.2f = Structure",
     "%.2f = \xe6\xa7\x8b\xe9\x80\xa0"},
    {"Character mask",
     "\xe3\x82\xad\xe3\x83\xa3\xe3\x83\xa9\xe3\x82\xaf\xe3\x82\xbf\xe3\x83\xbc\xe3\x83\x9e\xe3\x82\xb9\xe3\x82\xaf"},
    {"Lets the runtime find people, so Character / skin applies to their skin.  It also changes the rest of the picture slightly: brightness by about 2 percent on game frames.",
     "\xe3\x83\xa9\xe3\x83\xb3\xe3\x82\xbf\xe3\x82\xa4\xe3\x83\xa0\xe3\x81\xab\xe4\xba\xba\xe7\x89\xa9\xe3\x82\x92\xe8\xa6\x8b\xe3\x81\xa4\xe3\x81\x91\xe3\x81\x95\xe3\x81\x9b\xe3\x80\x81\xe3\x82\xad\xe3\x83\xa3\xe3\x83\xa9\xe3\x82\xaf\xe3\x82\xbf\xe3\x83\xbc / \xe8\x82\x8c\xe3\x82\x92\xe3\x81\x9d\xe3\x81\xae\xe8\x82\x8c\xe3\x81\xab\xe9\x81\xa9\xe7\x94\xa8\xe3\x81\x97\xe3\x81\xbe\xe3\x81\x99\xe3\x80\x82\xe7\x94\xbb\xe5\x83\x8f\xe3\x81\xae\xe4\xbb\x96\xe3\x81\xae\xe9\x83\xa8\xe5\x88\x86\xe3\x82\x82\xe3\x82\x8f\xe3\x81\x9a\xe3\x81\x8b\xe3\x81\xab\xe5\xa4\x89\xe3\x82\x8f\xe3\x82\x8a\xe3\x81\xbe\xe3\x81\x99: \xe3\x82\xb2\xe3\x83\xbc\xe3\x83\xa0\xe7\x94\xbb\xe9\x9d\xa2\xe3\x81\xa7\xe6\x98\x8e\xe3\x82\x8b\xe3\x81\x95\xe3\x81\x8c\xe7\xb4\x84 2 \xe3\x83\x91\xe3\x83\xbc\xe3\x82\xbb\xe3\x83\xb3\xe3\x83\x88\xe3\x80\x82"},
    {"Independent skin",
     "\xe8\x82\x8c\xe3\x82\x92\xe7\x8b\xac\xe7\xab\x8b\xe5\x88\xb6\xe5\xbe\xa1"},
    {"With the Character mask on, skin keeps its Character / skin setting when Structure changes, in every stack pass.  Structure is then sent at most 1, because above 1 the model ignores Character / skin; below 1 it still reaches faces through the model itself.  Off sends both as they are, as before rc11.",
     "\xe3\x82\xad\xe3\x83\xa3\xe3\x83\xa9\xe3\x82\xaf\xe3\x82\xbf\xe3\x83\xbc\xe3\x83\x9e\xe3\x82\xb9\xe3\x82\xaf\xe3\x81\x8c\xe3\x82\xaa\xe3\x83\xb3\xe3\x81\xae\xe3\x81\xa8\xe3\x81\x8d\xe3\x80\x81\xe6\xa7\x8b\xe9\x80\xa0\xe3\x82\x92\xe5\xa4\x89\xe3\x81\x88\xe3\x81\xa6\xe3\x82\x82\xe8\x82\x8c\xe3\x81\xaf\xe3\x82\xad\xe3\x83\xa3\xe3\x83\xa9\xe3\x82\xaf\xe3\x82\xbf\xe3\x83\xbc / \xe8\x82\x8c\xe3\x81\xae\xe8\xa8\xad\xe5\xae\x9a\xe3\x82\x92\xe4\xbf\x9d\xe3\x81\xa1\xe3\x81\xbe\xe3\x81\x99 (\xe3\x81\x99\xe3\x81\xb9\xe3\x81\xa6\xe3\x81\xae\xe3\x82\xb9\xe3\x82\xbf\xe3\x83\x83\xe3\x82\xaf\xe3\x83\x91\xe3\x82\xb9\xe3\x81\xa7)\xe3\x80\x82\xe3\x81\x93\xe3\x81\xae\xe3\x81\xa8\xe3\x81\x8d\xe6\xa7\x8b\xe9\x80\xa0\xe3\x81\xaf\xe6\x9c\x80\xe5\xa4\xa7 1 \xe3\x81\xa7\xe9\x80\x81\xe4\xbf\xa1\xe3\x81\x95\xe3\x82\x8c\xe3\x81\xbe\xe3\x81\x99\xe3\x80\x82" "1 \xe3\x82\x92\xe8\xb6\x85\xe3\x81\x88\xe3\x82\x8b\xe3\x81\xa8\xe3\x83\xa2\xe3\x83\x87\xe3\x83\xab\xe3\x81\x8c\xe3\x82\xad\xe3\x83\xa3\xe3\x83\xa9\xe3\x82\xaf\xe3\x82\xbf\xe3\x83\xbc / \xe8\x82\x8c\xe3\x82\x92\xe7\x84\xa1\xe8\xa6\x96\xe3\x81\x99\xe3\x82\x8b\xe3\x81\x9f\xe3\x82\x81\xe3\x81\xa7\xe3\x81\x99\xe3\x80\x82" "1 \xe6\x9c\xaa\xe6\xba\x80\xe3\x81\xa7\xe3\x81\xaf\xe3\x80\x81\xe3\x83\xa2\xe3\x83\x87\xe3\x83\xab\xe8\x87\xaa\xe4\xbd\x93\xe3\x82\x92\xe9\x80\x9a\xe3\x81\x98\xe3\x81\xa6\xe6\xa7\x8b\xe9\x80\xa0\xe3\x81\x8c\xe9\xa1\x94\xe3\x81\xab\xe3\x82\x82\xe5\xbd\xb1\xe9\x9f\xbf\xe3\x81\x97\xe3\x81\xbe\xe3\x81\x99\xe3\x80\x82\xe3\x82\xaa\xe3\x83\x95\xe3\x81\xa7\xe3\x81\xaf\xe4\xb8\xa1\xe6\x96\xb9\xe3\x82\x92\xe3\x81\x9d\xe3\x81\xae\xe3\x81\xbe\xe3\x81\xbe\xe9\x80\x81\xe4\xbf\xa1\xe3\x81\x97\xe3\x81\xbe\xe3\x81\x99 (rc11 \xe4\xbb\xa5\xe5\x89\x8d\xe3\x81\xa8\xe5\x90\x8c\xe3\x81\x98)\xe3\x80\x82"},
    {"UI correction",
     "UI \xe8\xa3\x9c\xe6\xad\xa3"},
    {"The NR runtime's UI correction.  Leave it off unless HUD elements look wrong with Neural Rendering on.",
     "NR \xe3\x83\xa9\xe3\x83\xb3\xe3\x82\xbf\xe3\x82\xa4\xe3\x83\xa0\xe3\x81\xae UI \xe8\xa3\x9c\xe6\xad\xa3\xe3\x81\xa7\xe3\x81\x99\xe3\x80\x82Neural Rendering \xe3\x82\x92\xe3\x82\xaa\xe3\x83\xb3\xe3\x81\xab\xe3\x81\x97\xe3\x81\xa6 HUD \xe8\xa6\x81\xe7\xb4\xa0\xe3\x81\x8c\xe3\x81\x8a\xe3\x81\x8b\xe3\x81\x97\xe3\x81\x8f\xe8\xa6\x8b\xe3\x81\x88\xe3\x82\x8b\xe5\xa0\xb4\xe5\x90\x88\xe4\xbb\xa5\xe5\xa4\x96\xe3\x81\xaf\xe3\x82\xaa\xe3\x83\x95\xe3\x81\xae\xe3\x81\xbe\xe3\x81\xbe\xe3\x81\xab\xe3\x81\x97\xe3\x81\xa6\xe3\x81\x8f\xe3\x81\xa0\xe3\x81\x95\xe3\x81\x84\xe3\x80\x82"},
    {"Preset #1",
     "\xe3\x83\x97\xe3\x83\xaa\xe3\x82\xbb\xe3\x83\x83\xe3\x83\x88 #1"},
    {"Preset #2",
     "\xe3\x83\x97\xe3\x83\xaa\xe3\x82\xbb\xe3\x83\x83\xe3\x83\x88 #2"},
    {"Preset #3",
     "\xe3\x83\x97\xe3\x83\xaa\xe3\x82\xbb\xe3\x83\x83\xe3\x83\x88 #3"},
    {"Preset",
     "\xe3\x83\x97\xe3\x83\xaa\xe3\x82\xbb\xe3\x83\x83\xe3\x83\x88"},
    {"Which of the NR runtime's model presets it uses; each gives a slightly different look.  Default lets the runtime choose.",
     "NR \xe3\x83\xa9\xe3\x83\xb3\xe3\x82\xbf\xe3\x82\xa4\xe3\x83\xa0\xe3\x81\xae\xe3\x81\xa9\xe3\x81\xae\xe3\x83\xa2\xe3\x83\x87\xe3\x83\xab\xe3\x83\x97\xe3\x83\xaa\xe3\x82\xbb\xe3\x83\x83\xe3\x83\x88\xe3\x82\x92\xe4\xbd\xbf\xe3\x81\x86\xe3\x81\x8b\xe3\x80\x82\xe3\x81\x9d\xe3\x82\x8c\xe3\x81\x9e\xe3\x82\x8c\xe5\xb0\x91\xe3\x81\x97\xe3\x81\x9a\xe3\x81\xa4\xe8\xa6\x8b\xe3\x81\x9f\xe7\x9b\xae\xe3\x81\x8c\xe7\x95\xb0\xe3\x81\xaa\xe3\x82\x8a\xe3\x81\xbe\xe3\x81\x99\xe3\x80\x82\xe3\x83\x87\xe3\x83\x95\xe3\x82\xa9\xe3\x83\xab\xe3\x83\x88\xe3\x81\xa7\xe3\x81\xaf\xe3\x83\xa9\xe3\x83\xb3\xe3\x82\xbf\xe3\x82\xa4\xe3\x83\xa0\xe3\x81\x8c\xe9\x81\xb8\xe3\x81\xb3\xe3\x81\xbe\xe3\x81\x99\xe3\x80\x82"},
    {"Inert while Adjust NR's look is off.",
     "\xe3\x80\x8cNR\xe3\x81\xae\xe8\xa6\x8b\xe3\x81\x9f\xe7\x9b\xae\xe3\x82\x92\xe8\xaa\xbf\xe6\x95\xb4\xe3\x80\x8d\xe3\x81\x8c\xe3\x82\xaa\xe3\x83\x95\xe3\x81\xae\xe9\x96\x93\xe3\x81\xaf\xe7\x84\xa1\xe5\x8a\xb9\xe3\x80\x82"},
    {"Auto (recommended)",
     "\xe8\x87\xaa\xe5\x8b\x95 (\xe6\x8e\xa8\xe5\xa5\xa8)"},
    {"Off",
     "\xe3\x82\xaa\xe3\x83\x95"},
    {"Always",
     "\xe5\xb8\xb8\xe3\x81\xab"},
    {"Detail stability",
     "\xe3\x83\x87\xe3\x82\xa3\xe3\x83\x86\xe3\x83\xbc\xe3\x83\xab\xe5\xae\x89\xe5\xae\x9a\xe5\x8c\x96"},
    {"Keeps fine detail from boiling.  The model redraws small detail such as foliage a little differently every frame, and in motion that shimmers and crawls.  This averages the model's change over a few frames, following the game's motion vectors.  Auto does it when Neural Rendering runs after the upscaler, the default; Always also before it.  Stabilize, when on, replaces it.",
     "\xe7\xb4\xb0\xe3\x81\x8b\xe3\x81\x84\xe3\x83\x87\xe3\x82\xa3\xe3\x83\x86\xe3\x83\xbc\xe3\x83\xab\xe3\x81\xae\xe3\x81\xa1\xe3\x82\x89\xe3\x81\xa4\xe3\x81\x8d (\xe3\x83\x9c\xe3\x82\xa4\xe3\x83\xaa\xe3\x83\xb3\xe3\x82\xb0) \xe3\x82\x92\xe9\x98\xb2\xe3\x81\x8e\xe3\x81\xbe\xe3\x81\x99\xe3\x80\x82\xe3\x83\xa2\xe3\x83\x87\xe3\x83\xab\xe3\x81\xaf\xe8\x8d\x89\xe6\x9c\xa8\xe3\x81\xaa\xe3\x81\xa9\xe3\x81\xae\xe7\xb4\xb0\xe3\x81\x8b\xe3\x81\x84\xe3\x83\x87\xe3\x82\xa3\xe3\x83\x86\xe3\x83\xbc\xe3\x83\xab\xe3\x82\x92\xe3\x83\x95\xe3\x83\xac\xe3\x83\xbc\xe3\x83\xa0\xe3\x81\x94\xe3\x81\xa8\xe3\x81\xab\xe5\xb0\x91\xe3\x81\x97\xe3\x81\x9a\xe3\x81\xa4\xe9\x81\x95\xe3\x81\x86\xe5\xbd\xa2\xe3\x81\xa7\xe6\x8f\x8f\xe3\x81\x8d\xe7\x9b\xb4\xe3\x81\x99\xe3\x81\x9f\xe3\x82\x81\xe3\x80\x81\xe5\x8b\x95\xe3\x81\x8d\xe3\x81\xae\xe4\xb8\xad\xe3\x81\xa7\xe3\x81\xa1\xe3\x82\x89\xe3\x81\xa4\xe3\x81\x84\xe3\x81\x9f\xe3\x82\x8a\xe3\x81\x86\xe3\x81\x94\xe3\x82\x81\xe3\x81\x84\xe3\x81\x9f\xe3\x82\x8a\xe3\x81\x97\xe3\x81\xbe\xe3\x81\x99\xe3\x80\x82\xe3\x81\x93\xe3\x81\xae\xe8\xa8\xad\xe5\xae\x9a\xe3\x81\xaf\xe3\x82\xb2\xe3\x83\xbc\xe3\x83\xa0\xe3\x81\xae\xe3\x83\xa2\xe3\x83\xbc\xe3\x82\xb7\xe3\x83\xa7\xe3\x83\xb3\xe3\x83\x99\xe3\x82\xaf\xe3\x83\x88\xe3\x83\xab\xe3\x81\xab\xe6\xb2\xbf\xe3\x81\xa3\xe3\x81\xa6\xe3\x80\x81\xe3\x83\xa2\xe3\x83\x87\xe3\x83\xab\xe3\x81\xae\xe5\xa4\x89\xe5\x8c\x96\xe3\x82\x92\xe6\x95\xb0\xe3\x83\x95\xe3\x83\xac\xe3\x83\xbc\xe3\x83\xa0\xe3\x81\xab\xe3\x82\x8f\xe3\x81\x9f\xe3\x81\xa3\xe3\x81\xa6\xe5\xb9\xb3\xe5\x9d\x87\xe5\x8c\x96\xe3\x81\x97\xe3\x81\xbe\xe3\x81\x99\xe3\x80\x82\xe8\x87\xaa\xe5\x8b\x95\xe3\x81\xaf Neural Rendering \xe3\x81\x8c\xe3\x82\xa2\xe3\x83\x83\xe3\x83\x97\xe3\x82\xb9\xe3\x82\xb1\xe3\x83\xbc\xe3\x83\xaa\xe3\x83\xb3\xe3\x82\xb0\xe3\x81\xae\xe5\xbe\x8c\xe3\x81\xa7\xe5\x8b\x95\xe4\xbd\x9c\xe3\x81\x99\xe3\x82\x8b\xe3\x81\xa8\xe3\x81\x8d (\xe6\x97\xa2\xe5\xae\x9a) \xe3\x81\xab\xe8\xa1\x8c\xe3\x81\x84\xe3\x80\x81\xe5\xb8\xb8\xe3\x81\xab\xe3\x81\xaf\xe5\x89\x8d\xe3\x81\xa7\xe3\x82\x82\xe8\xa1\x8c\xe3\x81\x84\xe3\x81\xbe\xe3\x81\x99\xe3\x80\x82\xe5\xae\x89\xe5\xae\x9a\xe5\x8c\x96\xe3\x82\x92\xe3\x82\xaa\xe3\x83\xb3\xe3\x81\xab\xe3\x81\x99\xe3\x82\x8b\xe3\x81\xa8\xe3\x80\x81\xe3\x81\x93\xe3\x81\xa1\xe3\x82\x89\xe3\x81\xab\xe4\xbb\xa3\xe3\x82\x8f\xe3\x81\xa3\xe3\x81\xa6\xe3\x81\x9d\xe3\x82\x8c\xe3\x81\x8c\xe4\xbd\xbf\xe3\x82\x8f\xe3\x82\x8c\xe3\x81\xbe\xe3\x81\x99\xe3\x80\x82"},
    {"Adjust NR's look",
     "NR\xe3\x81\xae\xe8\xa6\x8b\xe3\x81\x9f\xe7\x9b\xae\xe3\x82\x92\xe8\xaa\xbf\xe6\x95\xb4"},
    {"Reshapes what Neural Rendering returned, live: how far it brightens, darkens and recolours, by tonal range and by scale.  Off leaves its output exactly as it is.",
     "Neural Rendering \xe3\x81\xae\xe7\xb5\x90\xe6\x9e\x9c\xe3\x82\x92\xe3\x83\xaa\xe3\x82\xa2\xe3\x83\xab\xe3\x82\xbf\xe3\x82\xa4\xe3\x83\xa0\xe3\x81\xa7\xe8\xaa\xbf\xe6\x95\xb4\xe3\x81\x97\xe3\x81\xbe\xe3\x81\x99: \xe6\x98\x8e\xe3\x82\x8b\xe3\x81\x8f\xe3\x81\x99\xe3\x82\x8b\xe9\x87\x8f\xe3\x80\x81\xe6\x9a\x97\xe3\x81\x8f\xe3\x81\x99\xe3\x82\x8b\xe9\x87\x8f\xe3\x80\x81\xe8\x89\xb2\xe3\x81\xae\xe5\xa4\x89\xe5\x8c\x96\xe3\x82\x92\xe3\x80\x81\xe9\x9a\x8e\xe8\xaa\xbf\xe7\xaf\x84\xe5\x9b\xb2\xe3\x81\xa8\xe3\x82\xb9\xe3\x82\xb1\xe3\x83\xbc\xe3\x83\xab\xe3\x81\x94\xe3\x81\xa8\xe3\x81\xab\xe8\xa8\xad\xe5\xae\x9a\xe3\x81\x97\xe3\x81\xbe\xe3\x81\x99\xe3\x80\x82\xe3\x82\xaa\xe3\x83\x95\xe3\x81\xa7\xe3\x81\xaf\xe5\x87\xba\xe5\x8a\x9b\xe3\x82\x92\xe3\x81\x9d\xe3\x81\xae\xe3\x81\xbe\xe3\x81\xbe\xe4\xbd\xbf\xe3\x81\x84\xe3\x81\xbe\xe3\x81\x99\xe3\x80\x82"},
    {"unavailable this session: ReShade.log says why",
     "\xe3\x81\x93\xe3\x81\xae\xe3\x82\xbb\xe3\x83\x83\xe3\x82\xb7\xe3\x83\xa7\xe3\x83\xb3\xe3\x81\xa7\xe3\x81\xaf\xe4\xbd\xbf\xe7\x94\xa8\xe4\xb8\x8d\xe5\x8f\xaf: \xe7\x90\x86\xe7\x94\xb1\xe3\x81\xaf ReShade.log \xe3\x82\x92\xe5\x8f\x82\xe7\x85\xa7"},
    {"Edit strength",
     "\xe7\xb7\xa8\xe9\x9b\x86\xe5\xbc\xb7\xe5\xba\xa6"},
    {"Scales the whole change Neural Rendering made, in stops: 0 takes it away, 1 keeps it, 2 doubles it.  Strength steers the model; this reshapes its result.",
     "Neural Rendering \xe3\x81\xab\xe3\x82\x88\xe3\x82\x8b\xe5\xa4\x89\xe5\x8c\x96\xe5\x85\xa8\xe4\xbd\x93\xe3\x82\x92\xe6\xae\xb5\xe5\x8d\x98\xe4\xbd\x8d\xe3\x81\xa7\xe8\xaa\xbf\xe6\x95\xb4\xe3\x81\x97\xe3\x81\xbe\xe3\x81\x99: 0 \xe3\x81\xa7\xe9\x99\xa4\xe5\x8e\xbb\xe3\x80\x81" "1 \xe3\x81\xa7\xe3\x81\x9d\xe3\x81\xae\xe3\x81\xbe\xe3\x81\xbe\xe3\x80\x81" "2 \xe3\x81\xa7 2 \xe5\x80\x8d\xe3\x80\x82\xe5\xbc\xb7\xe5\xba\xa6\xe3\x81\xaf\xe3\x83\xa2\xe3\x83\x87\xe3\x83\xab\xe3\x82\x92\xe5\x88\xb6\xe5\xbe\xa1\xe3\x81\x97\xe3\x80\x81\xe3\x81\x93\xe3\x82\x8c\xe3\x81\xaf\xe3\x81\x9d\xe3\x81\xae\xe7\xb5\x90\xe6\x9e\x9c\xe3\x82\x92\xe8\xaa\xbf\xe6\x95\xb4\xe3\x81\x97\xe3\x81\xbe\xe3\x81\x99\xe3\x80\x82"},
    {"Brightening",
     "\xe6\x98\x8e\xe3\x82\x8b\xe3\x81\x95\xe3\x81\xae\xe5\xa2\x97\xe5\x8a\xa0"},
    {"How much of the model's brightening is kept: 0 drops it, 2 doubles it.",
     "\xe3\x83\xa2\xe3\x83\x87\xe3\x83\xab\xe3\x81\xab\xe3\x82\x88\xe3\x82\x8b\xe6\x98\x8e\xe3\x82\x8b\xe3\x81\x95\xe3\x81\xae\xe5\xa2\x97\xe5\x8a\xa0\xe3\x82\x92\xe3\x81\xa9\xe3\x82\x8c\xe3\x81\xa0\xe3\x81\x91\xe6\xae\x8b\xe3\x81\x99\xe3\x81\x8b: 0 \xe3\x81\xa7\xe9\x99\xa4\xe5\x8e\xbb\xe3\x80\x81" "2 \xe3\x81\xa7 2 \xe5\x80\x8d\xe3\x80\x82"},
    {"Darkening",
     "\xe6\x98\x8e\xe3\x82\x8b\xe3\x81\x95\xe3\x81\xae\xe6\xb8\x9b\xe5\xb0\x91"},
    {"How much of the model's darkening is kept, the dark halos it can leave around bright objects included.",
     "\xe3\x83\xa2\xe3\x83\x87\xe3\x83\xab\xe3\x81\xab\xe3\x82\x88\xe3\x82\x8b\xe6\x98\x8e\xe3\x82\x8b\xe3\x81\x95\xe3\x81\xae\xe6\xb8\x9b\xe5\xb0\x91\xe3\x82\x92\xe3\x81\xa9\xe3\x82\x8c\xe3\x81\xa0\xe3\x81\x91\xe6\xae\x8b\xe3\x81\x99\xe3\x81\x8b\xe3\x80\x82\xe6\x98\x8e\xe3\x82\x8b\xe3\x81\x84\xe7\x89\xa9\xe4\xbd\x93\xe3\x81\xae\xe5\x91\xa8\xe5\x9b\xb2\xe3\x81\xab\xe7\x94\x9f\xe3\x81\x98\xe3\x82\x8b\xe6\x9a\x97\xe3\x81\x84\xe3\x83\x8f\xe3\x83\xad\xe3\x83\xbc\xe3\x82\x82\xe5\x90\xab\xe3\x81\xbf\xe3\x81\xbe\xe3\x81\x99\xe3\x80\x82"},
    {"Colour",
     "\xe8\x89\xb2"},
    {"How far the model moves colours toward or away from grey: 0 keeps the game's saturation, 2 doubles the change.",
     "\xe3\x83\xa2\xe3\x83\x87\xe3\x83\xab\xe3\x81\x8c\xe8\x89\xb2\xe3\x82\x92\xe3\x82\xb0\xe3\x83\xac\xe3\x83\xbc\xe3\x81\xab\xe8\xbf\x91\xe3\x81\xa5\xe3\x81\x91\xe3\x82\x8b/\xe9\x81\xa0\xe3\x81\x96\xe3\x81\x91\xe3\x82\x8b\xe5\xba\xa6\xe5\x90\x88\xe3\x81\x84: 0 \xe3\x81\xa7\xe3\x82\xb2\xe3\x83\xbc\xe3\x83\xa0\xe3\x81\xae\xe5\xbd\xa9\xe5\xba\xa6\xe3\x82\x92\xe7\xb6\xad\xe6\x8c\x81\xe3\x80\x81" "2 \xe3\x81\xa7\xe5\xa4\x89\xe5\x8c\x96\xe3\x82\x92 2 \xe5\x80\x8d\xe3\x81\xab\xe3\x81\x97\xe3\x81\xbe\xe3\x81\x99\xe3\x80\x82"},
    {"Hue shift",
     "\xe8\x89\xb2\xe7\x9b\xb8\xe3\x82\xb7\xe3\x83\x95\xe3\x83\x88"},
    {"How far the model turns hues (its tint): 0 keeps the game's hues.",
     "\xe3\x83\xa2\xe3\x83\x87\xe3\x83\xab\xe3\x81\x8c\xe8\x89\xb2\xe7\x9b\xb8\xe3\x82\x92\xe5\x9b\x9e\xe8\xbb\xa2\xe3\x81\x95\xe3\x81\x9b\xe3\x82\x8b\xe5\xba\xa6\xe5\x90\x88\xe3\x81\x84 (\xe8\x89\xb2\xe3\x81\x8b\xe3\x81\xb6\xe3\x82\x8a): 0 \xe3\x81\xa7\xe3\x82\xb2\xe3\x83\xbc\xe3\x83\xa0\xe3\x81\xae\xe8\x89\xb2\xe7\x9b\xb8\xe3\x82\x92\xe7\xb6\xad\xe6\x8c\x81\xe3\x81\x97\xe3\x81\xbe\xe3\x81\x99\xe3\x80\x82"},
    {"Shadows",
     "\xe3\x82\xb7\xe3\x83\xa3\xe3\x83\x89\xe3\x82\xa6"},
    {"Scales the change where the game's image is dark.",
     "\xe3\x82\xb2\xe3\x83\xbc\xe3\x83\xa0\xe7\x94\xbb\xe5\x83\x8f\xe3\x81\xae\xe6\x9a\x97\xe3\x81\x84\xe9\x83\xa8\xe5\x88\x86\xe3\x81\xae\xe5\xa4\x89\xe5\x8c\x96\xe3\x82\x92\xe8\xaa\xbf\xe6\x95\xb4\xe3\x81\x97\xe3\x81\xbe\xe3\x81\x99\xe3\x80\x82"},
    {"Midtones",
     "\xe4\xb8\xad\xe9\x96\x93\xe8\xaa\xbf"},
    {"Scales the change in the game's midtones.",
     "\xe3\x82\xb2\xe3\x83\xbc\xe3\x83\xa0\xe7\x94\xbb\xe5\x83\x8f\xe3\x81\xae\xe4\xb8\xad\xe9\x96\x93\xe8\xaa\xbf\xe3\x81\xae\xe5\xa4\x89\xe5\x8c\x96\xe3\x82\x92\xe8\xaa\xbf\xe6\x95\xb4\xe3\x81\x97\xe3\x81\xbe\xe3\x81\x99\xe3\x80\x82"},
    {"Highlights",
     "\xe3\x83\x8f\xe3\x82\xa4\xe3\x83\xa9\xe3\x82\xa4\xe3\x83\x88"},
    {"Scales the change where the game's image is bright.",
     "\xe3\x82\xb2\xe3\x83\xbc\xe3\x83\xa0\xe7\x94\xbb\xe5\x83\x8f\xe3\x81\xae\xe6\x98\x8e\xe3\x82\x8b\xe3\x81\x84\xe9\x83\xa8\xe5\x88\x86\xe3\x81\xae\xe5\xa4\x89\xe5\x8c\x96\xe3\x82\x92\xe8\xaa\xbf\xe6\x95\xb4\xe3\x81\x97\xe3\x81\xbe\xe3\x81\x99\xe3\x80\x82"},
    {"Max brightening",
     "\xe6\x9c\x80\xe5\xa4\xa7\xe5\xa2\x97\xe5\x85\x89"},
    {"%.2f stops",
     "%.2f \xe6\xae\xb5"},
    {"A soft ceiling on how far the model may brighten a pixel; 0 is no ceiling.",
     "\xe3\x83\xa2\xe3\x83\x87\xe3\x83\xab\xe3\x81\x8c\xe3\x83\x94\xe3\x82\xaf\xe3\x82\xbb\xe3\x83\xab\xe3\x82\x92\xe6\x98\x8e\xe3\x82\x8b\xe3\x81\x8f\xe3\x81\xa7\xe3\x81\x8d\xe3\x82\x8b\xe9\x87\x8f\xe3\x81\xae\xe3\x82\xbd\xe3\x83\x95\xe3\x83\x88\xe3\x81\xaa\xe4\xb8\x8a\xe9\x99\x90\xe3\x81\xa7\xe3\x81\x99\xe3\x80\x82" "0 \xe3\x81\xa7\xe4\xb8\x8a\xe9\x99\x90\xe3\x81\xaa\xe3\x81\x97\xe3\x80\x82"},
    {"Max darkening",
     "\xe6\x9c\x80\xe5\xa4\xa7\xe6\xb8\x9b\xe5\x85\x89"},
    {"A soft floor on how far the model may darken a pixel; 0 is no floor.",
     "\xe3\x83\xa2\xe3\x83\x87\xe3\x83\xab\xe3\x81\x8c\xe3\x83\x94\xe3\x82\xaf\xe3\x82\xbb\xe3\x83\xab\xe3\x82\x92\xe6\x9a\x97\xe3\x81\x8f\xe3\x81\xa7\xe3\x81\x8d\xe3\x82\x8b\xe9\x87\x8f\xe3\x81\xae\xe3\x82\xbd\xe3\x83\x95\xe3\x83\x88\xe3\x81\xaa\xe4\xb8\x8b\xe9\x99\x90\xe3\x81\xa7\xe3\x81\x99\xe3\x80\x82" "0 \xe3\x81\xa7\xe4\xb8\x8b\xe9\x99\x90\xe3\x81\xaa\xe3\x81\x97\xe3\x80\x82"},
    {"Max colour change",
     "\xe6\x9c\x80\xe5\xa4\xa7\xe8\x89\xb2\xe5\xa4\x89\xe5\x8c\x96"},
    {"A soft limit on how far the model may move a colour; 0 is no limit.",
     "\xe3\x83\xa2\xe3\x83\x87\xe3\x83\xab\xe3\x81\x8c\xe8\x89\xb2\xe3\x82\x92\xe5\xa4\x89\xe5\x8c\x96\xe3\x81\x95\xe3\x81\x9b\xe3\x82\x89\xe3\x82\x8c\xe3\x82\x8b\xe9\x87\x8f\xe3\x81\xae\xe3\x82\xbd\xe3\x83\x95\xe3\x83\x88\xe3\x81\xaa\xe5\x88\xb6\xe9\x99\x90\xe3\x81\xa7\xe3\x81\x99\xe3\x80\x82" "0 \xe3\x81\xa7\xe5\x88\xb6\xe9\x99\x90\xe3\x81\xaa\xe3\x81\x97\xe3\x80\x82"},
    {"Large-scale tone",
     "\xe5\xba\x83\xe5\x9f\x9f\xe3\x83\x88\xe3\x83\xbc\xe3\x83\xb3"},
    {"Scales the model's broad lighting change; Fine detail scales the small-scale one.",
     "\xe3\x83\xa2\xe3\x83\x87\xe3\x83\xab\xe3\x81\xab\xe3\x82\x88\xe3\x82\x8b\xe5\xba\x83\xe5\x9f\x9f\xe3\x81\xae\xe3\x83\xa9\xe3\x82\xa4\xe3\x83\x86\xe3\x82\xa3\xe3\x83\xb3\xe3\x82\xb0\xe5\xa4\x89\xe5\x8c\x96\xe3\x82\x92\xe8\xaa\xbf\xe6\x95\xb4\xe3\x81\x97\xe3\x81\xbe\xe3\x81\x99\xe3\x80\x82\xe5\xbe\xae\xe7\xb4\xb0\xe3\x83\x87\xe3\x82\xa3\xe3\x83\x86\xe3\x83\xbc\xe3\x83\xab\xe3\x81\xaf\xe5\xb0\x8f\xe3\x82\xb9\xe3\x82\xb1\xe3\x83\xbc\xe3\x83\xab\xe3\x81\xae\xe5\xa4\x89\xe5\x8c\x96\xe3\x82\x92\xe8\xaa\xbf\xe6\x95\xb4\xe3\x81\x97\xe3\x81\xbe\xe3\x81\x99\xe3\x80\x82"},
    {"Fine detail",
     "\xe5\xbe\xae\xe7\xb4\xb0\xe3\x83\x87\xe3\x82\xa3\xe3\x83\x86\xe3\x83\xbc\xe3\x83\xab"},
    {"Scales the model's small-scale change, live.  Structure changes what the model makes and restarts it; this reshapes what it made.",
     "\xe3\x83\xa2\xe3\x83\x87\xe3\x83\xab\xe3\x81\xab\xe3\x82\x88\xe3\x82\x8b\xe5\xb0\x8f\xe3\x82\xb9\xe3\x82\xb1\xe3\x83\xbc\xe3\x83\xab\xe3\x81\xae\xe5\xa4\x89\xe5\x8c\x96\xe3\x82\x92\xe3\x83\xaa\xe3\x82\xa2\xe3\x83\xab\xe3\x82\xbf\xe3\x82\xa4\xe3\x83\xa0\xe3\x81\xa7\xe8\xaa\xbf\xe6\x95\xb4\xe3\x81\x97\xe3\x81\xbe\xe3\x81\x99\xe3\x80\x82\xe6\xa7\x8b\xe9\x80\xa0\xe3\x81\xaf\xe3\x83\xa2\xe3\x83\x87\xe3\x83\xab\xe3\x81\x8c\xe7\x94\x9f\xe6\x88\x90\xe3\x81\x99\xe3\x82\x8b\xe5\x86\x85\xe5\xae\xb9\xe3\x82\x92\xe5\xa4\x89\xe3\x81\x88\xe3\x81\xa6\xe3\x83\xaa\xe3\x82\xb9\xe3\x82\xbf\xe3\x83\xbc\xe3\x83\x88\xe3\x81\x97\xe3\x80\x81\xe3\x81\x93\xe3\x82\x8c\xe3\x81\xaf\xe7\x94\x9f\xe6\x88\x90\xe7\xb5\x90\xe6\x9e\x9c\xe3\x82\x92\xe8\xaa\xbf\xe6\x95\xb4\xe3\x81\x97\xe3\x81\xbe\xe3\x81\x99\xe3\x80\x82"},
    {"Detail radius",
     "\xe3\x83\x87\xe3\x82\xa3\xe3\x83\x86\xe3\x83\xbc\xe3\x83\xab\xe5\x8d\x8a\xe5\xbe\x84"},
    {"Where broad ends and fine begins, as a share of the image height.",
     "\xe5\xba\x83\xe5\x9f\x9f\xe3\x81\xa8\xe5\xbe\xae\xe7\xb4\xb0\xe3\x81\xae\xe5\xa2\x83\xe7\x95\x8c\xe3\x81\xa7\xe3\x81\x99 (\xe7\x94\xbb\xe5\x83\x8f\xe3\x81\xae\xe9\xab\x98\xe3\x81\x95\xe3\x81\xab\xe5\xaf\xbe\xe3\x81\x99\xe3\x82\x8b\xe5\x89\xb2\xe5\x90\x88)\xe3\x80\x82"},
    {"Halo suppression",
     "\xe3\x83\x8f\xe3\x83\xad\xe3\x83\xbc\xe6\x8a\x91\xe5\x88\xb6"},
    {"Reduces the dark halos Neural Rendering can leave next to bright objects.  Darkening spread evenly over a surface, and a shadow beside a dark object, are left alone.  A larger Detail radius reaches wider halos.",
     "Neural Rendering \xe3\x81\x8c\xe6\x98\x8e\xe3\x82\x8b\xe3\x81\x84\xe7\x89\xa9\xe4\xbd\x93\xe3\x81\xae\xe6\xa8\xaa\xe3\x81\xab\xe6\xae\x8b\xe3\x81\x99\xe6\x9a\x97\xe3\x81\x84\xe3\x83\x8f\xe3\x83\xad\xe3\x83\xbc\xe3\x82\x92\xe8\xbb\xbd\xe6\xb8\x9b\xe3\x81\x97\xe3\x81\xbe\xe3\x81\x99\xe3\x80\x82\xe9\x9d\xa2\xe5\x85\xa8\xe4\xbd\x93\xe3\x81\xab\xe5\x9d\x87\xe4\xb8\x80\xe3\x81\xab\xe5\xba\x83\xe3\x81\x8c\xe3\x82\x8b\xe6\xb8\x9b\xe5\x85\x89\xe3\x82\x84\xe3\x80\x81\xe6\x9a\x97\xe3\x81\x84\xe7\x89\xa9\xe4\xbd\x93\xe3\x81\xae\xe6\xa8\xaa\xe3\x81\xae\xe5\xbd\xb1\xe3\x81\xaf\xe3\x81\x9d\xe3\x81\xae\xe3\x81\xbe\xe3\x81\xbe\xe6\xae\x8b\xe3\x81\x97\xe3\x81\xbe\xe3\x81\x99\xe3\x80\x82\xe3\x83\x87\xe3\x82\xa3\xe3\x83\x86\xe3\x83\xbc\xe3\x83\xab\xe5\x8d\x8a\xe5\xbe\x84\xe3\x82\x92\xe5\xa4\xa7\xe3\x81\x8d\xe3\x81\x8f\xe3\x81\x99\xe3\x82\x8b\xe3\x81\xa8\xe3\x80\x81\xe3\x82\x88\xe3\x82\x8a\xe5\xba\x83\xe3\x81\x84\xe3\x83\x8f\xe3\x83\xad\xe3\x83\xbc\xe3\x81\xab\xe5\xb1\x8a\xe3\x81\x8d\xe3\x81\xbe\xe3\x81\x99\xe3\x80\x82"},
    {"Halo next to dark objects",
     "\xe6\x9a\x97\xe3\x81\x84\xe7\x89\xa9\xe4\xbd\x93\xe3\x81\xae\xe6\xa8\xaa\xe3\x81\xae\xe3\x83\x8f\xe3\x83\xad\xe3\x83\xbc"},
    {"Reduces the soft dark skirt Neural Rendering can leave on the brighter side of dark objects, which deepens once per extra stacked pass.  A darkening the scene means, beside something brighter, is left alone.",
     "Neural Rendering \xe3\x81\x8c\xe6\x9a\x97\xe3\x81\x84\xe7\x89\xa9\xe4\xbd\x93\xe3\x81\xae\xe6\x98\x8e\xe3\x82\x8b\xe3\x81\x84\xe5\x81\xb4\xe3\x81\xab\xe6\xae\x8b\xe3\x81\x99\xe3\x81\x93\xe3\x81\xa8\xe3\x81\x8c\xe3\x81\x82\xe3\x82\x8b\xe6\x9f\x94\xe3\x82\x89\xe3\x81\x8b\xe3\x81\x84\xe6\x9a\x97\xe3\x81\x84\xe7\xb8\x81\xe3\x82\x92\xe8\xbb\xbd\xe6\xb8\x9b\xe3\x81\x97\xe3\x81\xbe\xe3\x81\x99\xe3\x80\x82\xe3\x81\x93\xe3\x82\x8c\xe3\x81\xaf\xe3\x83\x91\xe3\x82\xb9\xe3\x82\x92 1 \xe5\x9b\x9e\xe9\x87\x8d\xe3\x81\xad\xe3\x82\x8b\xe3\x81\x94\xe3\x81\xa8\xe3\x81\xab\xe6\xb7\xb1\xe3\x81\x8f\xe3\x81\xaa\xe3\x82\x8a\xe3\x81\xbe\xe3\x81\x99\xe3\x80\x82\xe3\x82\x88\xe3\x82\x8a\xe6\x98\x8e\xe3\x82\x8b\xe3\x81\x84\xe3\x82\x82\xe3\x81\xae\xe3\x81\xae\xe6\xa8\xaa\xe3\x81\xab\xe3\x81\x82\xe3\x82\x8b\xe3\x80\x81\xe3\x82\xb7\xe3\x83\xbc\xe3\x83\xb3\xe3\x81\x8c\xe6\x84\x8f\xe5\x9b\xb3\xe3\x81\x97\xe3\x81\x9f\xe6\xb8\x9b\xe5\x85\x89\xe3\x81\xaf\xe3\x81\x9d\xe3\x81\xae\xe3\x81\xbe\xe3\x81\xbe\xe6\xae\x8b\xe3\x81\x97\xe3\x81\xbe\xe3\x81\x99\xe3\x80\x82"},
    {"Static",
     "\xe9\x9d\x99\xe6\xad\xa2"},
    {"Motion",
     "\xe3\x83\xa2\xe3\x83\xbc\xe3\x82\xb7\xe3\x83\xa7\xe3\x83\xb3"},
    {"Stabilize",
     "\xe5\xae\x89\xe5\xae\x9a\xe5\x8c\x96"},
    {"Smooths the model's broad change over time.  Static suits still views; Motion follows the game's motion vectors.  Either adds a little lag to lighting changes.",
     "\xe3\x83\xa2\xe3\x83\x87\xe3\x83\xab\xe3\x81\xab\xe3\x82\x88\xe3\x82\x8b\xe5\xba\x83\xe5\x9f\x9f\xe3\x81\xae\xe5\xa4\x89\xe5\x8c\x96\xe3\x82\x92\xe6\x99\x82\xe9\x96\x93\xe6\x96\xb9\xe5\x90\x91\xe3\x81\xab\xe5\xb9\xb3\xe6\xbb\x91\xe5\x8c\x96\xe3\x81\x97\xe3\x81\xbe\xe3\x81\x99\xe3\x80\x82\xe9\x9d\x99\xe6\xad\xa2\xe3\x81\xaf\xe5\x8b\x95\xe3\x81\x8d\xe3\x81\xae\xe5\xb0\x91\xe3\x81\xaa\xe3\x81\x84\xe5\xa0\xb4\xe9\x9d\xa2\xe5\x90\x91\xe3\x81\x91\xe3\x80\x81\xe3\x83\xa2\xe3\x83\xbc\xe3\x82\xb7\xe3\x83\xa7\xe3\x83\xb3\xe3\x81\xaf\xe3\x82\xb2\xe3\x83\xbc\xe3\x83\xa0\xe3\x81\xae\xe3\x83\xa2\xe3\x83\xbc\xe3\x82\xb7\xe3\x83\xa7\xe3\x83\xb3\xe3\x83\x99\xe3\x82\xaf\xe3\x83\x88\xe3\x83\xab\xe3\x81\xab\xe8\xbf\xbd\xe5\xbe\x93\xe3\x81\x97\xe3\x81\xbe\xe3\x81\x99\xe3\x80\x82\xe3\x81\xa9\xe3\x81\xa1\xe3\x82\x89\xe3\x82\x82\xe3\x83\xa9\xe3\x82\xa4\xe3\x83\x86\xe3\x82\xa3\xe3\x83\xb3\xe3\x82\xb0\xe3\x81\xae\xe5\xa4\x89\xe5\x8c\x96\xe3\x81\xab\xe3\x82\x8f\xe3\x81\x9a\xe3\x81\x8b\xe3\x81\xaa\xe9\x81\x85\xe3\x82\x8c\xe3\x81\x8c\xe7\x94\x9f\xe3\x81\x98\xe3\x81\xbe\xe3\x81\x99\xe3\x80\x82"},
    {"Stabilize time",
     "\xe5\xae\x89\xe5\xae\x9a\xe5\x8c\x96\xe6\x99\x82\xe9\x96\x93"},
    {"%.0f ms",
     "%.0f ms"},
    {"How long the smoothing remembers: longer is steadier and slower to follow a lighting change.",
     "\xe5\xb9\xb3\xe6\xbb\x91\xe5\x8c\x96\xe3\x81\x8c\xe4\xbf\x9d\xe6\x8c\x81\xe3\x81\x99\xe3\x82\x8b\xe6\x99\x82\xe9\x96\x93\xe3\x81\xa7\xe3\x81\x99\xe3\x80\x82\xe9\x95\xb7\xe3\x81\x84\xe3\x81\xbb\xe3\x81\xa9\xe5\xae\x89\xe5\xae\x9a\xe3\x81\x97\xe3\x81\xbe\xe3\x81\x99\xe3\x81\x8c\xe3\x80\x81\xe3\x83\xa9\xe3\x82\xa4\xe3\x83\x86\xe3\x82\xa3\xe3\x83\xb3\xe3\x82\xb0\xe3\x81\xae\xe5\xa4\x89\xe5\x8c\x96\xe3\x81\xb8\xe3\x81\xae\xe8\xbf\xbd\xe5\xbe\x93\xe3\x81\x8c\xe9\x81\x85\xe3\x81\x8f\xe3\x81\xaa\xe3\x82\x8a\xe3\x81\xbe\xe3\x81\x99\xe3\x80\x82"},
    {"Stabilize detail",
     "\xe3\x83\x87\xe3\x82\xa3\xe3\x83\x86\xe3\x83\xbc\xe3\x83\xab\xe3\x82\x82\xe5\xae\x89\xe5\xae\x9a\xe5\x8c\x96"},
    {"Smooths the small-scale change too, not only the broad one.",
     "\xe5\xba\x83\xe5\x9f\x9f\xe3\x81\xae\xe5\xa4\x89\xe5\x8c\x96\xe3\x81\xa0\xe3\x81\x91\xe3\x81\xa7\xe3\x81\xaa\xe3\x81\x8f\xe3\x80\x81\xe5\xb0\x8f\xe3\x82\xb9\xe3\x82\xb1\xe3\x83\xbc\xe3\x83\xab\xe3\x81\xae\xe5\xa4\x89\xe5\x8c\x96\xe3\x82\x82\xe5\xb9\xb3\xe6\xbb\x91\xe5\x8c\x96\xe3\x81\x97\xe3\x81\xbe\xe3\x81\x99\xe3\x80\x82"},
    {"Upscaled",
     "\xe3\x82\xa2\xe3\x83\x83\xe3\x83\x97\xe3\x82\xb9\xe3\x82\xb1\xe3\x83\xbc\xe3\x83\xab\xe5\xbe\x8c"},
    {"Render",
     "\xe3\x83\xac\xe3\x83\xb3\xe3\x83\x80\xe3\x83\xbc"},
    {"Present",
     "\xe8\xa1\xa8\xe7\xa4\xba\xe6\x99\x82"},
    {"Where Neural Rendering runs.  Upscaled: on the game's DLSS output.  Render: on the game's image before DLSS upscales it, against the game's own depth and motion (Ray Reconstruction keeps Upscaled: its input is still noisy).  Present: on the finished frame the game presents, after its own post-processing and HUD, before ReShade's effects.",
     "Neural Rendering \xe3\x82\x92\xe5\xae\x9f\xe8\xa1\x8c\xe3\x81\x99\xe3\x82\x8b\xe4\xbd\x8d\xe7\xbd\xae\xe3\x81\xa7\xe3\x81\x99\xe3\x80\x82\xe3\x82\xa2\xe3\x83\x83\xe3\x83\x97\xe3\x82\xb9\xe3\x82\xb1\xe3\x83\xbc\xe3\x83\xab\xe5\xbe\x8c: \xe3\x82\xb2\xe3\x83\xbc\xe3\x83\xa0\xe3\x81\xae DLSS \xe5\x87\xba\xe5\x8a\x9b\xe3\x81\xab\xe9\x81\xa9\xe7\x94\xa8\xe3\x80\x82\xe3\x83\xac\xe3\x83\xb3\xe3\x83\x80\xe3\x83\xbc: DLSS \xe3\x81\x8c\xe3\x82\xa2\xe3\x83\x83\xe3\x83\x97\xe3\x82\xb9\xe3\x82\xb1\xe3\x83\xbc\xe3\x83\xab\xe3\x81\x99\xe3\x82\x8b\xe5\x89\x8d\xe3\x81\xae\xe3\x82\xb2\xe3\x83\xbc\xe3\x83\xa0\xe7\x94\xbb\xe5\x83\x8f\xe3\x81\xab\xe3\x80\x81\xe3\x82\xb2\xe3\x83\xbc\xe3\x83\xa0\xe8\x87\xaa\xe8\xba\xab\xe3\x81\xae\xe6\xb7\xb1\xe5\xba\xa6\xe3\x81\xa8\xe3\x83\xa2\xe3\x83\xbc\xe3\x82\xb7\xe3\x83\xa7\xe3\x83\xb3\xe3\x81\xa7\xe9\x81\xa9\xe7\x94\xa8 (Ray Reconstruction \xe3\x81\xaf\xe3\x82\xa2\xe3\x83\x83\xe3\x83\x97\xe3\x82\xb9\xe3\x82\xb1\xe3\x83\xbc\xe3\x83\xab\xe5\xbe\x8c\xe3\x81\xae\xe3\x81\xbe\xe3\x81\xbe: \xe5\x85\xa5\xe5\x8a\x9b\xe3\x81\xab\xe3\x81\xbe\xe3\x81\xa0\xe3\x83\x8e\xe3\x82\xa4\xe3\x82\xba\xe3\x81\x8c\xe3\x81\x82\xe3\x82\x8b\xe3\x81\x9f\xe3\x82\x81)\xe3\x80\x82\xe8\xa1\xa8\xe7\xa4\xba\xe6\x99\x82: \xe3\x82\xb2\xe3\x83\xbc\xe3\x83\xa0\xe3\x81\x8c\xe8\xa1\xa8\xe7\xa4\xba\xe3\x81\x99\xe3\x82\x8b\xe5\xae\x8c\xe6\x88\x90\xe3\x83\x95\xe3\x83\xac\xe3\x83\xbc\xe3\x83\xa0\xe3\x81\xab\xe3\x80\x81\xe3\x82\xb2\xe3\x83\xbc\xe3\x83\xa0\xe8\x87\xaa\xe8\xba\xab\xe3\x81\xae\xe3\x83\x9d\xe3\x82\xb9\xe3\x83\x88\xe3\x83\x97\xe3\x83\xad\xe3\x82\xbb\xe3\x82\xb9\xe3\x81\xa8 HUD \xe3\x81\xae\xe5\xbe\x8c\xe3\x80\x81ReShade \xe3\x81\xae\xe3\x82\xa8\xe3\x83\x95\xe3\x82\xa7\xe3\x82\xaf\xe3\x83\x88\xe3\x81\xae\xe5\x89\x8d\xe3\x81\xab\xe9\x81\xa9\xe7\x94\xa8\xe3\x80\x82"},
    {"Optional",
     "\xe4\xbb\xbb\xe6\x84\x8f"},
    {"Required",
     "\xe5\xbf\x85\xe9\xa0\x88"},
    {"Never",
     "\xe4\xbd\xbf\xe3\x82\x8f\xe3\x81\xaa\xe3\x81\x84"},
    {"Depth and motion for the Present hook point.  Optional: the game's DLSS depth and motion when they match the frame, neutral ones otherwise.  Required: no NR without them.  Never: always neutral, for games without DLSS.",
     "\xe8\xa1\xa8\xe7\xa4\xba\xe6\x99\x82\xe3\x81\xae\xe9\x81\xa9\xe7\x94\xa8\xe4\xbd\x8d\xe7\xbd\xae\xe3\x81\xa7\xe4\xbd\xbf\xe3\x81\x86\xe6\xb7\xb1\xe5\xba\xa6\xe3\x81\xa8\xe3\x83\xa2\xe3\x83\xbc\xe3\x82\xb7\xe3\x83\xa7\xe3\x83\xb3\xe3\x81\xa7\xe3\x81\x99\xe3\x80\x82\xe4\xbb\xbb\xe6\x84\x8f: \xe3\x83\x95\xe3\x83\xac\xe3\x83\xbc\xe3\x83\xa0\xe3\x81\xab\xe5\x90\x88\xe3\x81\x86\xe3\x81\xa8\xe3\x81\x8d\xe3\x81\xaf\xe3\x82\xb2\xe3\x83\xbc\xe3\x83\xa0\xe3\x81\xae DLSS \xe3\x81\xae\xe6\xb7\xb1\xe5\xba\xa6\xe3\x81\xa8\xe3\x83\xa2\xe3\x83\xbc\xe3\x82\xb7\xe3\x83\xa7\xe3\x83\xb3\xe3\x80\x81\xe5\x90\x88\xe3\x82\x8f\xe3\x81\xaa\xe3\x81\x84\xe3\x81\xa8\xe3\x81\x8d\xe3\x81\xaf\xe4\xb8\xad\xe7\xab\x8b\xe5\x80\xa4\xe3\x80\x82\xe5\xbf\x85\xe9\xa0\x88: \xe3\x81\x9d\xe3\x82\x8c\xe3\x81\x8c\xe3\x81\xaa\xe3\x81\x91\xe3\x82\x8c\xe3\x81\xb0 NR \xe3\x81\xaa\xe3\x81\x97\xe3\x80\x82\xe4\xbd\xbf\xe3\x82\x8f\xe3\x81\xaa\xe3\x81\x84: \xe5\xb8\xb8\xe3\x81\xab\xe4\xb8\xad\xe7\xab\x8b\xe5\x80\xa4 (DLSS \xe3\x81\xae\xe3\x81\xaa\xe3\x81\x84\xe3\x82\xb2\xe3\x83\xbc\xe3\x83\xa0\xe5\x90\x91\xe3\x81\x91)\xe3\x80\x82"},
    {"Auto",
     "\xe8\x87\xaa\xe5\x8b\x95"},
    {"SDR",
     "SDR"},
    {"HDR10",
     "HDR10"},
    {"scRGB",
     "scRGB"},
    {"Frame encoding",
     "\xe3\x83\x95\xe3\x83\xac\xe3\x83\xbc\xe3\x83\xa0\xe3\x81\xae\xe3\x82\xa8\xe3\x83\xb3\xe3\x82\xb3\xe3\x83\xbc\xe3\x83\x89"},
    {"What the presented frame holds.  Auto reads the swapchain's colour space; override it only for a game that declares it wrongly.",
     "\xe8\xa1\xa8\xe7\xa4\xba\xe3\x81\x95\xe3\x82\x8c\xe3\x82\x8b\xe3\x83\x95\xe3\x83\xac\xe3\x83\xbc\xe3\x83\xa0\xe3\x81\xae\xe5\x86\x85\xe5\xae\xb9\xe3\x81\xa7\xe3\x81\x99\xe3\x80\x82\xe8\x87\xaa\xe5\x8b\x95\xe3\x81\xaf\xe3\x82\xb9\xe3\x83\xaf\xe3\x83\x83\xe3\x83\x97\xe3\x83\x81\xe3\x82\xa7\xe3\x83\xbc\xe3\x83\xb3\xe3\x81\xae\xe8\x89\xb2\xe7\xa9\xba\xe9\x96\x93\xe3\x82\x92\xe8\xaa\xad\xe3\x81\xbf\xe5\x8f\x96\xe3\x82\x8a\xe3\x81\xbe\xe3\x81\x99\xe3\x80\x82\xe8\x89\xb2\xe7\xa9\xba\xe9\x96\x93\xe3\x82\x92\xe8\xaa\xa4\xe3\x81\xa3\xe3\x81\xa6\xe5\xae\xa3\xe8\xa8\x80\xe3\x81\x99\xe3\x82\x8b\xe3\x82\xb2\xe3\x83\xbc\xe3\x83\xa0\xe3\x81\xa7\xe3\x81\xae\xe3\x81\xbf\xe5\xa4\x89\xe6\x9b\xb4\xe3\x81\x97\xe3\x81\xa6\xe3\x81\x8f\xe3\x81\xa0\xe3\x81\x95\xe3\x81\x84\xe3\x80\x82"},
    {"HDR paper white",
     "HDR \xe3\x83\x9a\xe3\x83\xbc\xe3\x83\x91\xe3\x83\xbc\xe3\x83\x9b\xe3\x83\xaf\xe3\x82\xa4\xe3\x83\x88"},
    {"Where diffuse white sits in an HDR frame, in nits.  0 follows a loaded RenoDX HDR mod's game brightness, otherwise the SDR content brightness set in Windows.",
     "HDR \xe3\x83\x95\xe3\x83\xac\xe3\x83\xbc\xe3\x83\xa0\xe3\x81\xa7\xe3\x81\xae\xe6\x8b\xa1\xe6\x95\xa3\xe7\x99\xbd\xe3\x81\xae\xe4\xbd\x8d\xe7\xbd\xae (nits) \xe3\x81\xa7\xe3\x81\x99\xe3\x80\x82" "0 \xe3\x81\xaf\xe8\xaa\xad\xe3\x81\xbf\xe8\xbe\xbc\xe3\x81\xbe\xe3\x82\x8c\xe3\x81\x9f RenoDX HDR MOD \xe3\x81\xae\xe3\x82\xb2\xe3\x83\xbc\xe3\x83\xa0\xe8\xbc\x9d\xe5\xba\xa6\xe3\x81\xab\xe5\xbe\x93\xe3\x81\x84\xe3\x80\x81\xe3\x81\xaa\xe3\x81\x84\xe5\xa0\xb4\xe5\x90\x88\xe3\x81\xaf Windows \xe3\x81\xa7\xe8\xa8\xad\xe5\xae\x9a\xe3\x81\x97\xe3\x81\x9f SDR \xe3\x82\xb3\xe3\x83\xb3\xe3\x83\x86\xe3\x83\xb3\xe3\x83\x84\xe3\x81\xae\xe6\x98\x8e\xe3\x82\x8b\xe3\x81\x95\xe3\x81\xab\xe5\xbe\x93\xe3\x81\x84\xe3\x81\xbe\xe3\x81\x99\xe3\x80\x82"},
    {"Keep the HUD",
     "HUD \xe3\x82\x92\xe4\xbf\x9d\xe6\x8c\x81"},
    {"Asks the model to leave the game's HUD as it is: at the present, the frame already carries it.",
     "\xe3\x82\xb2\xe3\x83\xbc\xe3\x83\xa0\xe3\x81\xae HUD \xe3\x82\x92\xe3\x81\x9d\xe3\x81\xae\xe3\x81\xbe\xe3\x81\xbe\xe6\xae\x8b\xe3\x81\x99\xe3\x82\x88\xe3\x81\x86\xe3\x83\xa2\xe3\x83\x87\xe3\x83\xab\xe3\x81\xab\xe6\x8c\x87\xe7\xa4\xba\xe3\x81\x97\xe3\x81\xbe\xe3\x81\x99\xe3\x80\x82\xe8\xa1\xa8\xe7\xa4\xba\xe6\x99\x82\xe7\x82\xb9\xe3\x81\xae\xe3\x83\x95\xe3\x83\xac\xe3\x83\xbc\xe3\x83\xa0\xe3\x81\xab\xe3\x81\xaf\xe3\x81\x99\xe3\x81\xa7\xe3\x81\xab HUD \xe3\x81\x8c\xe5\x90\xab\xe3\x81\xbe\xe3\x82\x8c\xe3\x81\xa6\xe3\x81\x84\xe3\x81\xbe\xe3\x81\x99\xe3\x80\x82"},
    {"Every frame",
     "\xe5\x85\xa8\xe3\x83\x95\xe3\x83\xac\xe3\x83\xbc\xe3\x83\xa0"},
    {"Game frames",
     "\xe3\x82\xb2\xe3\x83\xbc\xe3\x83\xa0\xe3\x81\xae\xe3\x83\x95\xe3\x83\xac\xe3\x83\xbc\xe3\x83\xa0"},
    {"Generated frames",
     "\xe7\x94\x9f\xe6\x88\x90\xe3\x83\x95\xe3\x83\xac\xe3\x83\xbc\xe3\x83\xa0"},
    {"With frame generation: Neural Rendering on every presented frame, or only on the first one of each game frame (less GPU time, but the generated frames are shown without it, which can read as a flicker).",
     "\xe3\x83\x95\xe3\x83\xac\xe3\x83\xbc\xe3\x83\xa0\xe7\x94\x9f\xe6\x88\x90\xe4\xbd\xbf\xe7\x94\xa8\xe6\x99\x82: \xe8\xa1\xa8\xe7\xa4\xba\xe3\x81\x95\xe3\x82\x8c\xe3\x82\x8b\xe3\x81\x99\xe3\x81\xb9\xe3\x81\xa6\xe3\x81\xae\xe3\x83\x95\xe3\x83\xac\xe3\x83\xbc\xe3\x83\xa0\xe3\x81\xab Neural Rendering \xe3\x82\x92\xe9\x81\xa9\xe7\x94\xa8\xe3\x81\x99\xe3\x82\x8b\xe3\x81\x8b\xe3\x80\x81\xe5\x90\x84\xe3\x82\xb2\xe3\x83\xbc\xe3\x83\xa0\xe3\x83\x95\xe3\x83\xac\xe3\x83\xbc\xe3\x83\xa0\xe3\x81\xae\xe6\x9c\x80\xe5\x88\x9d\xe3\x81\xae 1 \xe6\x9e\x9a\xe3\x81\xa0\xe3\x81\x91\xe3\x81\xab\xe9\x81\xa9\xe7\x94\xa8\xe3\x81\x97\xe3\x81\xbe\xe3\x81\x99 (GPU \xe6\x99\x82\xe9\x96\x93\xe3\x81\xaf\xe6\xb8\x9b\xe3\x82\x8a\xe3\x81\xbe\xe3\x81\x99\xe3\x81\x8c\xe3\x80\x81\xe7\x94\x9f\xe6\x88\x90\xe3\x83\x95\xe3\x83\xac\xe3\x83\xbc\xe3\x83\xa0\xe3\x81\xaf\xe9\x81\xa9\xe7\x94\xa8\xe3\x81\xaa\xe3\x81\x97\xe3\x81\xa7\xe8\xa1\xa8\xe7\xa4\xba\xe3\x81\x95\xe3\x82\x8c\xe3\x82\x8b\xe3\x81\x9f\xe3\x82\x81\xe3\x80\x81\xe3\x81\xa1\xe3\x82\x89\xe3\x81\xa4\xe3\x81\x8d\xe3\x81\xab\xe8\xa6\x8b\xe3\x81\x88\xe3\x82\x8b\xe3\x81\x93\xe3\x81\xa8\xe3\x81\x8c\xe3\x81\x82\xe3\x82\x8a\xe3\x81\xbe\xe3\x81\x99)\xe3\x80\x82"},
    {"Stable timing",
     "\xe5\xae\x89\xe5\xae\x9a\xe3\x82\xbf\xe3\x82\xa4\xe3\x83\x9f\xe3\x83\xb3\xe3\x82\xb0"},
    {"Legacy timing",
     "\xe5\xbe\x93\xe6\x9d\xa5\xe3\x82\xbf\xe3\x82\xa4\xe3\x83\x9f\xe3\x83\xb3\xe3\x82\xb0"},
    {"Frame generation detection",
     "\xe3\x83\x95\xe3\x83\xac\xe3\x83\xbc\xe3\x83\xa0\xe7\x94\x9f\xe6\x88\x90\xe3\x81\xae\xe6\xa4\x9c\xe5\x87\xba"},
    {"Auto uses the game's declared frame generation multiplier when available. Otherwise it measures a stable cadence, keeping the motion scale through hitches. Stable timing ignores declarations. Legacy timing restores the earlier detection rule for compatibility.",
     "\xe8\x87\xaa\xe5\x8b\x95\xe3\x81\xaf\xe3\x80\x81\xe3\x82\xb2\xe3\x83\xbc\xe3\x83\xa0\xe3\x81\x8c\xe5\xae\xa3\xe8\xa8\x80\xe3\x81\x97\xe3\x81\x9f\xe3\x83\x95\xe3\x83\xac\xe3\x83\xbc\xe3\x83\xa0\xe7\x94\x9f\xe6\x88\x90\xe5\x80\x8d\xe7\x8e\x87\xe3\x81\x8c\xe3\x81\x82\xe3\x82\x8c\xe3\x81\xb0\xe3\x81\x9d\xe3\x82\x8c\xe3\x82\x92\xe4\xbd\xbf\xe3\x81\x84\xe3\x81\xbe\xe3\x81\x99\xe3\x80\x82\xe3\x81\xaa\xe3\x81\x91\xe3\x82\x8c\xe3\x81\xb0\xe5\xae\x89\xe5\xae\x9a\xe3\x81\x97\xe3\x81\x9f\xe3\x83\xaa\xe3\x82\xba\xe3\x83\xa0\xe3\x82\x92\xe6\xb8\xac\xe5\xae\x9a\xe3\x81\x97\xe3\x80\x81\xe3\x82\xab\xe3\x82\xaf\xe3\x81\xa4\xe3\x81\x8d\xe3\x81\xae\xe9\x96\x93\xe3\x82\x82\xe5\x8b\x95\xe3\x81\x8d\xe3\x81\xae\xe3\x82\xb9\xe3\x82\xb1\xe3\x83\xbc\xe3\x83\xab\xe3\x82\x92\xe4\xbf\x9d\xe3\x81\xa1\xe3\x81\xbe\xe3\x81\x99\xe3\x80\x82\xe5\xae\x89\xe5\xae\x9a\xe3\x82\xbf\xe3\x82\xa4\xe3\x83\x9f\xe3\x83\xb3\xe3\x82\xb0\xe3\x81\xaf\xe5\xae\xa3\xe8\xa8\x80\xe3\x82\x92\xe7\x84\xa1\xe8\xa6\x96\xe3\x81\x97\xe3\x81\xbe\xe3\x81\x99\xe3\x80\x82\xe5\xbe\x93\xe6\x9d\xa5\xe3\x82\xbf\xe3\x82\xa4\xe3\x83\x9f\xe3\x83\xb3\xe3\x82\xb0\xe3\x81\xaf\xe4\xba\x92\xe6\x8f\x9b\xe6\x80\xa7\xe3\x81\xae\xe3\x81\x9f\xe3\x82\x81\xe4\xbb\xa5\xe5\x89\x8d\xe3\x81\xae\xe6\xa4\x9c\xe5\x87\xba\xe8\xa6\x8f\xe5\x89\x87\xe3\x81\xab\xe6\x88\xbb\xe3\x81\x97\xe3\x81\xbe\xe3\x81\x99\xe3\x80\x82"},
    {"Runs Neural Rendering again on its own result: a stronger effect, and each extra pass costs the GPU time of one more pass.  Every pass keeps its own history (Chained history, under Fixes).",
     "Neural Rendering \xe3\x82\x92\xe8\x87\xaa\xe8\xba\xab\xe3\x81\xae\xe7\xb5\x90\xe6\x9e\x9c\xe3\x81\xab\xe3\x82\x82\xe3\x81\x86\xe4\xb8\x80\xe5\xba\xa6\xe9\x81\xa9\xe7\x94\xa8\xe3\x81\x97\xe3\x81\xbe\xe3\x81\x99\xe3\x80\x82\xe5\x8a\xb9\xe6\x9e\x9c\xe3\x81\xaf\xe5\xbc\xb7\xe3\x81\x8f\xe3\x81\xaa\xe3\x82\x8a\xe3\x80\x81\xe3\x83\x91\xe3\x82\xb9\xe3\x82\x92 1 \xe3\x81\xa4\xe8\xbf\xbd\xe5\x8a\xa0\xe3\x81\x99\xe3\x82\x8b\xe3\x81\x94\xe3\x81\xa8\xe3\x81\xab\xe3\x83\x91\xe3\x82\xb9 1 \xe5\x9b\x9e\xe5\x88\x86\xe3\x81\xae GPU \xe6\x99\x82\xe9\x96\x93\xe3\x81\x8c\xe3\x81\x8b\xe3\x81\x8b\xe3\x82\x8a\xe3\x81\xbe\xe3\x81\x99\xe3\x80\x82\xe5\x90\x84\xe3\x83\x91\xe3\x82\xb9\xe3\x81\xaf\xe7\x8b\xac\xe8\x87\xaa\xe3\x81\xae\xe5\xb1\xa5\xe6\xad\xb4\xe3\x82\x92\xe4\xbf\x9d\xe6\x8c\x81\xe3\x81\x97\xe3\x81\xbe\xe3\x81\x99\xef\xbc\x88\xe3\x80\x8c\xe4\xbf\xae\xe6\xad\xa3\xe3\x80\x8d\xe3\x81\xae\xe9\x80\xa3\xe9\x8e\x96\xe5\xb1\xa5\xe6\xad\xb4\xef\xbc\x89\xe3\x80\x82"},
    {"Pass %u",
     "\xe3\x83\x91\xe3\x82\xb9 %u"},
    {"HDR transfer",
     "HDR \xe8\xbb\xa2\xe9\x80\x81"},
    {"Color",
     "\xe3\x82\xab\xe3\x83\xa9\xe3\x83\xbc"},
    {"Same as pass 1",
     "\xe3\x83\x91\xe3\x82\xb9 1 \xe3\x81\xa8\xe5\x90\x8c\xe3\x81\x98"},
    {"This pass steers the model with pass 1's Look settings.  Off gives it its own, below.",
     "\xe3\x81\x93\xe3\x81\xae\xe3\x83\x91\xe3\x82\xb9\xe3\x81\xaf\xe3\x83\x91\xe3\x82\xb9 1 \xe3\x81\xae\xe3\x83\xab\xe3\x83\x83\xe3\x82\xaf\xe8\xa8\xad\xe5\xae\x9a\xe3\x81\xa7\xe3\x83\xa2\xe3\x83\x87\xe3\x83\xab\xe3\x82\x92\xe5\x88\xb6\xe5\xbe\xa1\xe3\x81\x97\xe3\x81\xbe\xe3\x81\x99\xe3\x80\x82\xe3\x82\xaa\xe3\x83\x95\xe3\x81\xab\xe3\x81\x99\xe3\x82\x8b\xe3\x81\xa8\xe3\x80\x81\xe4\xb8\x8b\xe3\x81\xa7\xe5\x80\x8b\xe5\x88\xa5\xe3\x81\xab\xe8\xa8\xad\xe5\xae\x9a\xe3\x81\xa7\xe3\x81\x8d\xe3\x81\xbe\xe3\x81\x99\xe3\x80\x82"},
    {"The working resolution as a share of the full one.  Lower costs less GPU time.",
     "\xe3\x83\x95\xe3\x83\xab\xe8\xa7\xa3\xe5\x83\x8f\xe5\xba\xa6\xe3\x81\xab\xe5\xaf\xbe\xe3\x81\x99\xe3\x82\x8b\xe5\x8b\x95\xe4\xbd\x9c\xe8\xa7\xa3\xe5\x83\x8f\xe5\xba\xa6\xe3\x81\xae\xe5\x89\xb2\xe5\x90\x88\xe3\x81\xa7\xe3\x81\x99\xe3\x80\x82\xe4\xbd\x8e\xe3\x81\x84\xe3\x81\xbb\xe3\x81\xa9 GPU \xe6\x99\x82\xe9\x96\x93\xe3\x81\xae\xe8\xb2\xa0\xe8\x8d\xb7\xe3\x81\x8c\xe8\xbb\xbd\xe3\x81\x8f\xe3\x81\xaa\xe3\x82\x8a\xe3\x81\xbe\xe3\x81\x99\xe3\x80\x82"},
    {"Resolution scale",
     "\xe8\xa7\xa3\xe5\x83\x8f\xe5\xba\xa6\xe3\x82\xb9\xe3\x82\xb1\xe3\x83\xbc\xe3\x83\xab"},
    {"follows the game (Match game)",
     "\xe3\x82\xb2\xe3\x83\xbc\xe3\x83\xa0\xe3\x81\xab\xe8\xbf\xbd\xe5\xbe\x93 (\xe3\x82\xb2\xe3\x83\xbc\xe3\x83\xa0\xe3\x81\xab\xe5\x90\x88\xe3\x82\x8f\xe3\x81\x9b\xe3\x82\x8b)"},
    {"Edge-aware",
     "\xe3\x82\xa8\xe3\x83\x83\xe3\x82\xb8\xe8\x80\x83\xe6\x85\xae"},
    {"Classic",
     "\xe3\x82\xaf\xe3\x83\xa9\xe3\x82\xb7\xe3\x83\x83\xe3\x82\xaf"},
    {"Edge-aware (area input)",
     "\xe3\x82\xa8\xe3\x83\x83\xe3\x82\xb8\xe8\x80\x83\xe6\x85\xae (\xe9\x9d\xa2\xe7\xa9\x8d\xe5\x85\xa5\xe5\x8a\x9b)"},
    {"Upsampling",
     "\xe3\x82\xa2\xe3\x83\x83\xe3\x83\x97\xe3\x82\xb5\xe3\x83\xb3\xe3\x83\x97\xe3\x83\xaa\xe3\x83\xb3\xe3\x82\xb0"},
    {"How Neural Rendering's change reaches the screen when it works below the output resolution, including Match game (no effect when it works at the output resolution).  Auto and Edge-aware keep the change on the edges it belongs to and the full-resolution detail under it, and sample the nearest SDR pixel for NR.  Edge-aware (area input) averages SDR pixels before NR; this can change NR's look.  Classic shows NR's own lower-resolution pixels, which look blocky.",
     "\xe5\x87\xba\xe5\x8a\x9b\xe8\xa7\xa3\xe5\x83\x8f\xe5\xba\xa6\xe3\x82\x88\xe3\x82\x8a\xe4\xbd\x8e\xe3\x81\x84\xe8\xa7\xa3\xe5\x83\x8f\xe5\xba\xa6\xe3\x81\xa7\xe5\x8b\x95\xe4\xbd\x9c\xe3\x81\x99\xe3\x82\x8b\xe3\x81\xa8\xe3\x81\x8d (\xe3\x82\xb2\xe3\x83\xbc\xe3\x83\xa0\xe3\x81\xab\xe5\x90\x88\xe3\x82\x8f\xe3\x81\x9b\xe3\x82\x8b \xe3\x82\x92\xe5\x90\xab\xe3\x82\x80)\xe3\x80\x81Neural Rendering \xe3\x81\xae\xe5\xa4\x89\xe5\x8c\x96\xe3\x82\x92\xe3\x81\xa9\xe3\x81\xae\xe3\x82\x88\xe3\x81\x86\xe3\x81\xab\xe7\x94\xbb\xe9\x9d\xa2\xe3\x81\xb8\xe5\x8f\x8d\xe6\x98\xa0\xe3\x81\x99\xe3\x82\x8b\xe3\x81\x8b (\xe5\x87\xba\xe5\x8a\x9b\xe8\xa7\xa3\xe5\x83\x8f\xe5\xba\xa6\xe3\x81\xa7\xe5\x8b\x95\xe4\xbd\x9c\xe3\x81\x99\xe3\x82\x8b\xe3\x81\xa8\xe3\x81\x8d\xe3\x81\xaf\xe5\x8a\xb9\xe6\x9e\x9c\xe3\x81\xaa\xe3\x81\x97)\xe3\x80\x82\xe8\x87\xaa\xe5\x8b\x95\xe3\x81\xa8\xe3\x82\xa8\xe3\x83\x83\xe3\x82\xb8\xe8\x80\x83\xe6\x85\xae\xe3\x81\xaf\xe5\xa4\x89\xe5\x8c\x96\xe3\x82\x92\xe6\x9c\xac\xe6\x9d\xa5\xe3\x81\xae\xe3\x82\xa8\xe3\x83\x83\xe3\x82\xb8\xe4\xb8\x8a\xe3\x81\xab\xe4\xbf\x9d\xe3\x81\xa1\xe3\x80\x81\xe3\x81\x9d\xe3\x81\xae\xe4\xb8\x8b\xe3\x81\xae\xe3\x83\x95\xe3\x83\xab\xe8\xa7\xa3\xe5\x83\x8f\xe5\xba\xa6\xe3\x81\xae\xe3\x83\x87\xe3\x82\xa3\xe3\x83\x86\xe3\x83\xbc\xe3\x83\xab\xe3\x82\x82\xe4\xbf\x9d\xe3\x81\xa1\xe3\x80\x81NR \xe3\x81\xab\xe3\x81\xaf\xe6\x9c\x80\xe3\x82\x82\xe8\xbf\x91\xe3\x81\x84 SDR \xe3\x83\x94\xe3\x82\xaf\xe3\x82\xbb\xe3\x83\xab\xe3\x82\x92\xe6\xb8\xa1\xe3\x81\x97\xe3\x81\xbe\xe3\x81\x99\xe3\x80\x82\xe3\x82\xa8\xe3\x83\x83\xe3\x82\xb8\xe8\x80\x83\xe6\x85\xae (\xe9\x9d\xa2\xe7\xa9\x8d\xe5\x85\xa5\xe5\x8a\x9b) \xe3\x81\xaf NR \xe3\x81\xae\xe5\x89\x8d\xe3\x81\xab SDR \xe3\x83\x94\xe3\x82\xaf\xe3\x82\xbb\xe3\x83\xab\xe3\x82\x92\xe5\xb9\xb3\xe5\x9d\x87\xe3\x81\x99\xe3\x82\x8b\xe3\x81\x9f\xe3\x82\x81\xe3\x80\x81NR \xe3\x81\xae\xe3\x83\xab\xe3\x83\x83\xe3\x82\xaf\xe3\x81\x8c\xe5\xa4\x89\xe3\x82\x8f\xe3\x82\x8b\xe5\xa0\xb4\xe5\x90\x88\xe3\x81\x8c\xe3\x81\x82\xe3\x82\x8a\xe3\x81\xbe\xe3\x81\x99\xe3\x80\x82\xe3\x82\xaf\xe3\x83\xa9\xe3\x82\xb7\xe3\x83\x83\xe3\x82\xaf\xe3\x81\xaf NR \xe8\x87\xaa\xe8\xba\xab\xe3\x81\xae\xe4\xbd\x8e\xe8\xa7\xa3\xe5\x83\x8f\xe5\xba\xa6\xe3\x83\x94\xe3\x82\xaf\xe3\x82\xbb\xe3\x83\xab\xe3\x82\x92\xe8\xa1\xa8\xe7\xa4\xba\xe3\x81\x99\xe3\x82\x8b\xe3\x81\x9f\xe3\x82\x81\xe3\x80\x81\xe3\x83\x96\xe3\x83\xad\xe3\x83\x83\xe3\x82\xaf\xe7\x8a\xb6\xe3\x81\xab\xe8\xa6\x8b\xe3\x81\x88\xe3\x81\xbe\xe3\x81\x99\xe3\x80\x82"},
    {"Working at",
     "\xe5\x8b\x95\xe4\xbd\x9c\xe8\xa7\xa3\xe5\x83\x8f\xe5\xba\xa6"},
    {"Classic (manual)",
     "\xe3\x82\xaf\xe3\x83\xa9\xe3\x82\xb7\xe3\x83\x83\xe3\x82\xaf (\xe6\x89\x8b\xe5\x8b\x95)"},
    {"Anchored (manual)",
     "\xe3\x82\xa2\xe3\x83\xb3\xe3\x82\xab\xe3\x83\xbc (\xe6\x89\x8b\xe5\x8b\x95)"},
    {"Display (fixed)",
     "\xe3\x83\x87\xe3\x82\xa3\xe3\x82\xb9\xe3\x83\x97\xe3\x83\xac\xe3\x82\xa4 (\xe5\x9b\xba\xe5\xae\x9a)"},
    {"How the game's HDR image is prepared for Neural Rendering and brought back.  Auto is right for nearly every game.",
     "\xe3\x82\xb2\xe3\x83\xbc\xe3\x83\xa0\xe3\x81\xae HDR \xe7\x94\xbb\xe5\x83\x8f\xe3\x82\x92 Neural Rendering \xe7\x94\xa8\xe3\x81\xab\xe5\xa4\x89\xe6\x8f\x9b\xe3\x81\x97\xe3\x80\x81\xe5\x85\x83\xe3\x81\xab\xe6\x88\xbb\xe3\x81\x99\xe6\x96\xb9\xe6\xb3\x95\xe3\x81\xa7\xe3\x81\x99\xe3\x80\x82\xe3\x81\xbb\xe3\x81\xbc\xe3\x81\x99\xe3\x81\xb9\xe3\x81\xa6\xe3\x81\xae\xe3\x82\xb2\xe3\x83\xbc\xe3\x83\xa0\xe3\x81\xa7\xe8\x87\xaa\xe5\x8b\x95\xe3\x81\x8c\xe9\x81\xa9\xe5\x88\x87\xe3\x81\xa7\xe3\x81\x99\xe3\x80\x82"},
    {"Scaling now",
     "\xe7\x8f\xbe\xe5\x9c\xa8\xe3\x81\xae\xe3\x82\xb9\xe3\x82\xb1\xe3\x83\xbc\xe3\x83\xaa\xe3\x83\xb3\xe3\x82\xb0"},
    {"fixed, %.0f nits per unit",
     "\xe5\x9b\xba\xe5\xae\x9a\xe3\x80\x81" "1 \xe5\x8d\x98\xe4\xbd\x8d\xe3\x81\x82\xe3\x81\x9f\xe3\x82\x8a %.0f nits"},
    {"off (raw candidate)",
     "\xe3\x82\xaa\xe3\x83\x95 (\xe7\x94\x9f\xe3\x81\xae\xe5\x80\x99\xe8\xa3\x9c\xe5\x80\xa4)"},
    {"slew",
     "\xe3\x82\xb9\xe3\x83\xab\xe3\x83\xbc"},
    {"stable",
     "\xe5\xae\x89\xe5\xae\x9a"},
    {"GPU autoscale, governor %s",
     "GPU \xe8\x87\xaa\xe5\x8b\x95\xe3\x82\xb9\xe3\x82\xb1\xe3\x83\xbc\xe3\x83\xab\xe3\x80\x81\xe3\x82\xac\xe3\x83\x90\xe3\x83\x8a\xe3\x83\xbc %s"},
    {"Proxy anchor (nits)",
     "\xe3\x83\x97\xe3\x83\xad\xe3\x82\xad\xe3\x82\xb7\xe3\x82\xa2\xe3\x83\xb3\xe3\x82\xab\xe3\x83\xbc (nits)"},
    {"Used only for calibrated absolute HDR. Relative HDR uses the current frame's GPU-derived scale.",
     "\xe3\x82\xad\xe3\x83\xa3\xe3\x83\xaa\xe3\x83\x96\xe3\x83\xac\xe3\x83\xbc\xe3\x82\xb7\xe3\x83\xa7\xe3\x83\xb3\xe6\xb8\x88\xe3\x81\xbf\xe3\x81\xae\xe7\xb5\xb6\xe5\xaf\xbe HDR \xe3\x81\xa7\xe3\x81\xae\xe3\x81\xbf\xe4\xbd\xbf\xe7\x94\xa8\xe3\x81\x97\xe3\x81\xbe\xe3\x81\x99\xe3\x80\x82\xe7\x9b\xb8\xe5\xaf\xbe HDR \xe3\x81\xaf\xe7\x8f\xbe\xe5\x9c\xa8\xe3\x81\xae\xe3\x83\x95\xe3\x83\xac\xe3\x83\xbc\xe3\x83\xa0\xe3\x81\x8b\xe3\x82\x89 GPU \xe3\x81\xa7\xe6\xb1\x82\xe3\x82\x81\xe3\x81\x9f\xe3\x82\xb9\xe3\x82\xb1\xe3\x83\xbc\xe3\x83\xab\xe3\x82\x92\xe4\xbd\xbf\xe7\x94\xa8\xe3\x81\x97\xe3\x81\xbe\xe3\x81\x99\xe3\x80\x82"},
    {"Source interpretation",
     "\xe3\x82\xbd\xe3\x83\xbc\xe3\x82\xb9\xe3\x81\xae\xe8\xa7\xa3\xe9\x87\x88"},
    {"Auto (format evidence)",
     "\xe8\x87\xaa\xe5\x8b\x95 (\xe3\x83\x95\xe3\x82\xa9\xe3\x83\xbc\xe3\x83\x9e\xe3\x83\x83\xe3\x83\x88\xe3\x81\x8b\xe3\x82\x89\xe5\x88\xa4\xe5\xae\x9a)"},
    {"SDR / relative",
     "SDR / \xe7\x9b\xb8\xe5\xaf\xbe"},
    {"Linear",
     "\xe3\x83\xaa\xe3\x83\x8b\xe3\x82\xa2"},
    {"PQ / 10,000 nits",
     "PQ / 10,000 nits"},
    {"Encoding",
     "\xe3\x82\xa8\xe3\x83\xb3\xe3\x82\xb3\xe3\x83\xbc\xe3\x83\x89"},
    {"What the game's image is.  Auto reads it from the image format; override only an engine that declares its format wrongly.",
     "\xe3\x82\xb2\xe3\x83\xbc\xe3\x83\xa0\xe7\x94\xbb\xe5\x83\x8f\xe3\x81\xae\xe7\xa8\xae\xe9\xa1\x9e\xe3\x81\xa7\xe3\x81\x99\xe3\x80\x82\xe8\x87\xaa\xe5\x8b\x95\xe3\x81\xaf\xe7\x94\xbb\xe5\x83\x8f\xe3\x83\x95\xe3\x82\xa9\xe3\x83\xbc\xe3\x83\x9e\xe3\x83\x83\xe3\x83\x88\xe3\x81\x8b\xe3\x82\x89\xe5\x88\xa4\xe5\xae\x9a\xe3\x81\x97\xe3\x81\xbe\xe3\x81\x99\xe3\x80\x82\xe3\x83\x95\xe3\x82\xa9\xe3\x83\xbc\xe3\x83\x9e\xe3\x83\x83\xe3\x83\x88\xe3\x82\x92\xe8\xaa\xa4\xe3\x81\xa3\xe3\x81\xa6\xe5\xae\xa3\xe8\xa8\x80\xe3\x81\x99\xe3\x82\x8b\xe3\x82\xa8\xe3\x83\xb3\xe3\x82\xb8\xe3\x83\xb3\xe3\x81\xae\xe5\xa0\xb4\xe5\x90\x88\xe3\x81\xae\xe3\x81\xbf\xe5\xa4\x89\xe6\x9b\xb4\xe3\x81\x97\xe3\x81\xa6\xe3\x81\x8f\xe3\x81\xa0\xe3\x81\x95\xe3\x81\x84\xe3\x80\x82"},
    {"Linear unit (nits)",
     "\xe3\x83\xaa\xe3\x83\x8b\xe3\x82\xa2\xe5\x8d\x98\xe4\xbd\x8d (nits)"},
    {"Nits per 1.0 of a linear source: 0 keeps it relative (GPU autoscale); a positive value marks it calibrated/absolute.",
     "\xe3\x83\xaa\xe3\x83\x8b\xe3\x82\xa2\xe3\x82\xbd\xe3\x83\xbc\xe3\x82\xb9\xe3\x81\xae 1.0 \xe3\x81\x82\xe3\x81\x9f\xe3\x82\x8a\xe3\x81\xae nits: 0 \xe3\x81\xa7\xe7\x9b\xb8\xe5\xaf\xbe\xe3\x81\xae\xe3\x81\xbe\xe3\x81\xbe (GPU \xe8\x87\xaa\xe5\x8b\x95\xe3\x82\xb9\xe3\x82\xb1\xe3\x83\xbc\xe3\x83\xab)\xe3\x80\x81\xe6\xad\xa3\xe3\x81\xae\xe5\x80\xa4\xe3\x81\xa7\xe3\x82\xad\xe3\x83\xa3\xe3\x83\xaa\xe3\x83\x96\xe3\x83\xac\xe3\x83\xbc\xe3\x82\xb7\xe3\x83\xa7\xe3\x83\xb3\xe6\xb8\x88\xe3\x81\xbf/\xe7\xb5\xb6\xe5\xaf\xbe\xe3\x81\xa8\xe3\x81\x97\xe3\x81\xa6\xe6\x89\xb1\xe3\x81\x84\xe3\x81\xbe\xe3\x81\x99\xe3\x80\x82"},
    {"BT.709",
     "BT.709"},
    {"BT.2020",
     "BT.2020"},
    {"AP1 (ACEScg)",
     "AP1 (ACEScg)"},
    {"Primaries",
     "\xe5\x8e\x9f\xe8\x89\xb2"},
    {"Advisory label only - the neural model works in wide gamut and no conversion is applied.",
     "\xe5\x8f\x82\xe8\x80\x83\xe7\x94\xa8\xe3\x81\xae\xe3\x83\xa9\xe3\x83\x99\xe3\x83\xab\xe3\x81\xae\xe3\x81\xbf\xe3\x81\xa7\xe3\x81\x99 - \xe3\x83\x8b\xe3\x83\xa5\xe3\x83\xbc\xe3\x83\xa9\xe3\x83\xab\xe3\x83\xa2\xe3\x83\x87\xe3\x83\xab\xe3\x81\xaf\xe5\xba\x83\xe8\x89\xb2\xe5\x9f\x9f\xe3\x81\xa7\xe5\x8b\x95\xe4\xbd\x9c\xe3\x81\x97\xe3\x80\x81\xe5\xa4\x89\xe6\x8f\x9b\xe3\x81\xaf\xe9\x81\xa9\xe7\x94\xa8\xe3\x81\x95\xe3\x82\x8c\xe3\x81\xbe\xe3\x81\x9b\xe3\x82\x93\xe3\x80\x82"},
    {"PQ calibration",
     "PQ\xe3\x82\xad\xe3\x83\xa3\xe3\x83\xaa\xe3\x83\x96\xe3\x83\xac\xe3\x83\xbc\xe3\x82\xb7\xe3\x83\xa7\xe3\x83\xb3"},
    {"Extra scene-linear gain for PQ sources (classic and Auto over absolute units).  1 = the 203-nit BT.2408 reference; the pre-v6 default was 2.5375 and migrated configs keep it.",
     "PQ \xe3\x82\xbd\xe3\x83\xbc\xe3\x82\xb9\xe7\x94\xa8\xe3\x81\xae\xe8\xbf\xbd\xe5\x8a\xa0\xe3\x81\xae\xe3\x82\xb7\xe3\x83\xbc\xe3\x83\xb3\xe3\x83\xaa\xe3\x83\x8b\xe3\x82\xa2\xe3\x82\xb2\xe3\x82\xa4\xe3\x83\xb3 (\xe3\x82\xaf\xe3\x83\xa9\xe3\x82\xb7\xe3\x83\x83\xe3\x82\xaf\xe3\x80\x81\xe3\x81\x8a\xe3\x82\x88\xe3\x81\xb3\xe7\xb5\xb6\xe5\xaf\xbe\xe5\x8d\x98\xe4\xbd\x8d\xe3\x81\xa7\xe3\x81\xae\xe8\x87\xaa\xe5\x8b\x95)\xe3\x80\x82" "1 = 203 nits \xe3\x81\xae BT.2408 \xe5\x9f\xba\xe6\xba\x96\xe3\x80\x82v6 \xe3\x82\x88\xe3\x82\x8a\xe5\x89\x8d\xe3\x81\xae\xe3\x83\x87\xe3\x83\x95\xe3\x82\xa9\xe3\x83\xab\xe3\x83\x88\xe3\x81\xaf 2.5375 \xe3\x81\xa7\xe3\x80\x81\xe7\xa7\xbb\xe8\xa1\x8c\xe3\x81\x95\xe3\x82\x8c\xe3\x81\x9f\xe8\xa8\xad\xe5\xae\x9a\xe3\x81\xa7\xe3\x81\xaf\xe3\x81\x9d\xe3\x81\xae\xe5\x80\xa4\xe3\x81\x8c\xe7\xb6\xad\xe6\x8c\x81\xe3\x81\x95\xe3\x82\x8c\xe3\x81\xbe\xe3\x81\x99\xe3\x80\x82"},
    {"Scene white scale",
     "\xe3\x82\xb7\xe3\x83\xbc\xe3\x83\xb3\xe3\x83\x9b\xe3\x83\xaf\xe3\x82\xa4\xe3\x83\x88\xe3\x82\xb9\xe3\x82\xb1\xe3\x83\xbc\xe3\x83\xab"},
    {"Smooth Auto",
     "\xe3\x81\xaa\xe3\x82\x81\xe3\x82\x89\xe3\x81\x8b\xe8\x87\xaa\xe5\x8b\x95"},
    {"Dark pedestal removal",
     "\xe6\x9a\x97\xe3\x81\x84\xe3\x83\x9a\xe3\x83\x87\xe3\x82\xb9\xe3\x82\xbf\xe3\x83\xab\xe3\x81\xae\xe9\x99\xa4\xe5\x8e\xbb"},
    {"Float-HDR games: whether the dark lift the model adds in near-black areas is removed; HDR transfer sets how much.  Auto skips the removal where the game's brightness is relative (Kingdom Come Deliverance II, Alan Wake 2, GTA V): there it reads shadow noise as a lift and darkens shadows block by block, which flickers.  Always removes it in every HDR game, as releases up to rc7 did.  Smooth Auto keeps Auto's source policy and gradually fades restoration at the edge of the near-black range, avoiding an abrupt boundary.",
     "float-HDR \xe3\x81\xae\xe3\x82\xb2\xe3\x83\xbc\xe3\x83\xa0: \xe3\x83\xa2\xe3\x83\x87\xe3\x83\xab\xe3\x81\x8c\xe3\x81\xbb\xe3\x81\xbc\xe9\xbb\x92\xe3\x81\xae\xe9\xa0\x98\xe5\x9f\x9f\xe3\x81\xab\xe5\x8a\xa0\xe3\x81\x88\xe3\x82\x8b\xe6\x9a\x97\xe9\x83\xa8\xe3\x81\xae\xe6\x8c\x81\xe3\x81\xa1\xe4\xb8\x8a\xe3\x81\x92\xe3\x82\x92\xe9\x99\xa4\xe5\x8e\xbb\xe3\x81\x99\xe3\x82\x8b\xe3\x81\x8b\xe3\x81\xa9\xe3\x81\x86\xe3\x81\x8b\xe3\x80\x82\xe9\x87\x8f\xe3\x81\xaf HDR \xe8\xbb\xa2\xe9\x80\x81\xe3\x81\xa7\xe6\xb1\xba\xe3\x81\xbe\xe3\x82\x8a\xe3\x81\xbe\xe3\x81\x99\xe3\x80\x82\xe8\x87\xaa\xe5\x8b\x95\xe3\x81\xaf\xe3\x80\x81\xe3\x82\xb2\xe3\x83\xbc\xe3\x83\xa0\xe3\x81\xae\xe6\x98\x8e\xe3\x82\x8b\xe3\x81\x95\xe3\x81\x8c\xe7\x9b\xb8\xe5\xaf\xbe\xe5\x80\xa4\xe3\x81\xae\xe5\xa0\xb4\xe5\x90\x88 (Kingdom Come Deliverance II, Alan Wake 2, GTA V) \xe3\x81\xab\xe9\x99\xa4\xe5\x8e\xbb\xe3\x82\x92\xe7\x9c\x81\xe3\x81\x8d\xe3\x81\xbe\xe3\x81\x99\xe3\x80\x82\xe3\x81\x9d\xe3\x81\x93\xe3\x81\xa7\xe3\x81\xaf\xe5\xbd\xb1\xe3\x81\xae\xe3\x83\x8e\xe3\x82\xa4\xe3\x82\xba\xe3\x82\x92\xe6\x8c\x81\xe3\x81\xa1\xe4\xb8\x8a\xe3\x81\x92\xe3\x81\xa8\xe8\xaa\xa4\xe8\xaa\x8d\xe3\x81\x97\xe3\x81\xa6\xe3\x83\x96\xe3\x83\xad\xe3\x83\x83\xe3\x82\xaf\xe5\x8d\x98\xe4\xbd\x8d\xe3\x81\xa7\xe5\xbd\xb1\xe3\x82\x92\xe6\x9a\x97\xe3\x81\x8f\xe3\x81\x97\xe3\x80\x81\xe3\x81\xa1\xe3\x82\x89\xe3\x81\xa4\xe3\x81\x8d\xe3\x81\xae\xe5\x8e\x9f\xe5\x9b\xa0\xe3\x81\xab\xe3\x81\xaa\xe3\x82\x8a\xe3\x81\xbe\xe3\x81\x99\xe3\x80\x82\xe5\xb8\xb8\xe3\x81\xab\xe3\x81\xaf rc7 \xe3\x81\xbe\xe3\x81\xa7\xe3\x81\xae\xe3\x83\xaa\xe3\x83\xaa\xe3\x83\xbc\xe3\x82\xb9\xe3\x81\xa8\xe5\x90\x8c\xe6\xa7\x98\xe3\x80\x81\xe3\x81\x99\xe3\x81\xb9\xe3\x81\xa6\xe3\x81\xae HDR \xe3\x82\xb2\xe3\x83\xbc\xe3\x83\xa0\xe3\x81\xa7\xe9\x99\xa4\xe5\x8e\xbb\xe3\x81\x97\xe3\x81\xbe\xe3\x81\x99\xe3\x80\x82\xe3\x81\xaa\xe3\x82\x81\xe3\x82\x89\xe3\x81\x8b\xe8\x87\xaa\xe5\x8b\x95\xe3\x81\xaf\xe8\x87\xaa\xe5\x8b\x95\xe3\x81\xae\xe3\x82\xbd\xe3\x83\xbc\xe3\x82\xb9\xe6\x96\xb9\xe9\x87\x9d\xe3\x82\x92\xe4\xbf\x9d\xe3\x81\xa1\xe3\x80\x81\xe3\x81\xbb\xe3\x81\xbc\xe9\xbb\x92\xe3\x81\xae\xe7\xaf\x84\xe5\x9b\xb2\xe3\x81\xae\xe5\xa2\x83\xe7\x9b\xae\xe3\x81\xa7\xe5\xbe\xa9\xe5\x85\x83\xe3\x82\x92\xe5\xbe\x90\xe3\x80\x85\xe3\x81\xab\xe5\xbc\xb1\xe3\x82\x81\xe3\x81\xa6\xe3\x80\x81\xe6\x80\xa5\xe3\x81\xaa\xe5\xa2\x83\xe7\x95\x8c\xe3\x82\x92\xe9\x81\xbf\xe3\x81\x91\xe3\x81\xbe\xe3\x81\x99\xe3\x80\x82"},
    {"Chroma clamp",
     "\xe3\x82\xaf\xe3\x83\xad\xe3\x83\x9e\xe5\x88\xb6\xe9\x99\x90"},
    {"Bound of the chroma part of the neural transfer, in stops either side of the luma gain.  1.00 keeps the validated default; the luma gain itself stays bounded to +/-2 stops.",
     "\xe3\x83\x8b\xe3\x83\xa5\xe3\x83\xbc\xe3\x83\xa9\xe3\x83\xab\xe8\xbb\xa2\xe9\x80\x81\xe3\x81\xae\xe3\x82\xaf\xe3\x83\xad\xe3\x83\x9e\xe6\x88\x90\xe5\x88\x86\xe3\x81\xae\xe7\xaf\x84\xe5\x9b\xb2 (\xe8\xbc\x9d\xe5\xba\xa6\xe3\x82\xb2\xe3\x82\xa4\xe3\x83\xb3\xe3\x82\x92\xe4\xb8\xad\xe5\xbf\x83\xe3\x81\xa8\xe3\x81\x97\xe3\x81\x9f\xe5\x89\x8d\xe5\xbe\x8c\xe3\x81\xae\xe6\xae\xb5\xe6\x95\xb0)\xe3\x80\x82" "1.00 \xe3\x81\xa7\xe6\xa4\x9c\xe8\xa8\xbc\xe6\xb8\x88\xe3\x81\xbf\xe3\x81\xae\xe3\x83\x87\xe3\x83\x95\xe3\x82\xa9\xe3\x83\xab\xe3\x83\x88\xe3\x82\x92\xe7\xb6\xad\xe6\x8c\x81\xe3\x81\x97\xe3\x81\xbe\xe3\x81\x99\xe3\x80\x82\xe8\xbc\x9d\xe5\xba\xa6\xe3\x82\xb2\xe3\x82\xa4\xe3\x83\xb3\xe8\x87\xaa\xe4\xbd\x93\xe3\x81\xaf +/-2 \xe6\xae\xb5\xe3\x81\xab\xe5\x88\xb6\xe9\x99\x90\xe3\x81\x95\xe3\x82\x8c\xe3\x81\xbe\xe3\x81\x99\xe3\x80\x82"},
    {"Bounded ratio",
     "\xe5\x88\xb6\xe9\x99\x90\xe4\xbb\x98\xe3\x81\x8d\xe6\xaf\x94\xe7\x8e\x87"},
    {"Consistent (curve-aware)",
     "\xe4\xb8\x80\xe8\xb2\xab (\xe3\x82\xab\xe3\x83\xbc\xe3\x83\x96\xe8\x80\x83\xe6\x85\xae)"},
    {"Neural transfer",
     "\xe3\x83\x8b\xe3\x83\xa5\xe3\x83\xbc\xe3\x83\xa9\xe3\x83\xab\xe8\xbb\xa2\xe9\x80\x81"},
    {"How the model's edit is carried back to HDR on the Display codec.  Bounded ratio applies the proxy-domain change as-is, which under-transfers brightness edits where the proxy curve bends.  Consistent also undoes the curve's gain change, damped where the curve is too flat to invert.  The model sees the same input either way.",
     "\xe3\x83\x87\xe3\x82\xa3\xe3\x82\xb9\xe3\x83\x97\xe3\x83\xac\xe3\x82\xa4\xe3\x82\xb3\xe3\x83\xbc\xe3\x83\x87\xe3\x83\x83\xe3\x82\xaf\xe3\x81\xa7\xe3\x83\xa2\xe3\x83\x87\xe3\x83\xab\xe3\x81\xae\xe7\xb7\xa8\xe9\x9b\x86\xe3\x82\x92 HDR \xe3\x81\xab\xe6\x88\xbb\xe3\x81\x99\xe6\x96\xb9\xe6\xb3\x95\xe3\x81\xa7\xe3\x81\x99\xe3\x80\x82\xe5\x88\xb6\xe9\x99\x90\xe4\xbb\x98\xe3\x81\x8d\xe6\xaf\x94\xe7\x8e\x87\xe3\x81\xaf\xe3\x83\x97\xe3\x83\xad\xe3\x82\xad\xe3\x82\xb7\xe9\xa0\x98\xe5\x9f\x9f\xe3\x81\xae\xe5\xa4\x89\xe5\x8c\x96\xe3\x82\x92\xe3\x81\x9d\xe3\x81\xae\xe3\x81\xbe\xe3\x81\xbe\xe9\x81\xa9\xe7\x94\xa8\xe3\x81\x99\xe3\x82\x8b\xe3\x81\x9f\xe3\x82\x81\xe3\x80\x81\xe3\x83\x97\xe3\x83\xad\xe3\x82\xad\xe3\x82\xb7\xe3\x82\xab\xe3\x83\xbc\xe3\x83\x96\xe3\x81\x8c\xe6\x9b\xb2\xe3\x81\x8c\xe3\x82\x8b\xe9\x83\xa8\xe5\x88\x86\xe3\x81\xa7\xe3\x81\xaf\xe6\x98\x8e\xe3\x82\x8b\xe3\x81\x95\xe3\x81\xae\xe7\xb7\xa8\xe9\x9b\x86\xe3\x81\x8c\xe4\xb8\x8d\xe8\xb6\xb3\xe3\x81\x97\xe3\x81\xbe\xe3\x81\x99\xe3\x80\x82\xe4\xb8\x80\xe8\xb2\xab\xe3\x81\xaf\xe3\x82\xab\xe3\x83\xbc\xe3\x83\x96\xe3\x81\xae\xe3\x82\xb2\xe3\x82\xa4\xe3\x83\xb3\xe5\xa4\x89\xe5\x8c\x96\xe3\x82\x82\xe6\x89\x93\xe3\x81\xa1\xe6\xb6\x88\xe3\x81\x97\xe3\x80\x81\xe3\x82\xab\xe3\x83\xbc\xe3\x83\x96\xe3\x81\x8c\xe5\xb9\xb3\xe5\x9d\xa6\xe3\x81\x99\xe3\x81\x8e\xe3\x81\xa6\xe9\x80\x86\xe5\xa4\x89\xe6\x8f\x9b\xe3\x81\xa7\xe3\x81\x8d\xe3\x81\xaa\xe3\x81\x84\xe9\x83\xa8\xe5\x88\x86\xe3\x81\xa7\xe3\x81\xaf\xe6\xb8\x9b\xe8\xa1\xb0\xe3\x81\x95\xe3\x81\x9b\xe3\x81\xbe\xe3\x81\x99\xe3\x80\x82\xe3\x81\xa9\xe3\x81\xa1\xe3\x82\x89\xe3\x81\xa7\xe3\x82\x82\xe3\x83\xa2\xe3\x83\x87\xe3\x83\xab\xe3\x81\xb8\xe3\x81\xae\xe5\x85\xa5\xe5\x8a\x9b\xe3\x81\xaf\xe5\x90\x8c\xe3\x81\x98\xe3\x81\xa7\xe3\x81\x99\xe3\x80\x82"},
    {"Style highlight guard (stops)",
     "\xe3\x82\xb9\xe3\x82\xbf\xe3\x82\xa4\xe3\x83\xab\xe3\x81\xae\xe3\x83\x8f\xe3\x82\xa4\xe3\x83\xa9\xe3\x82\xa4\xe3\x83\x88\xe4\xbf\x9d\xe8\xad\xb7 (\xe6\xae\xb5)"},
    {"Bounds how much the Natural and Cinematic styles may darken bright highlights (up to half a stop, which can read as 'no neural rendering there').  0.00 is the previous math; 2.00 disables the bound.  Mid-tones and shadows are untouched.",
     "\xe3\x83\x8a\xe3\x83\x81\xe3\x83\xa5\xe3\x83\xa9\xe3\x83\xab\xe3\x81\xa8\xe3\x82\xb7\xe3\x83\x8d\xe3\x83\x9e\xe3\x83\x86\xe3\x82\xa3\xe3\x83\x83\xe3\x82\xaf\xe3\x81\xae\xe3\x82\xb9\xe3\x82\xbf\xe3\x82\xa4\xe3\x83\xab\xe3\x81\x8c\xe6\x98\x8e\xe3\x82\x8b\xe3\x81\x84\xe3\x83\x8f\xe3\x82\xa4\xe3\x83\xa9\xe3\x82\xa4\xe3\x83\x88\xe3\x82\x92\xe6\x9a\x97\xe3\x81\x8f\xe3\x81\xa7\xe3\x81\x8d\xe3\x82\x8b\xe9\x87\x8f\xe3\x82\x92\xe5\x88\xb6\xe9\x99\x90\xe3\x81\x97\xe3\x81\xbe\xe3\x81\x99 (\xe6\x9c\x80\xe5\xa4\xa7\xe5\x8d\x8a\xe6\xae\xb5\xe3\x80\x82'\xe3\x81\x9d\xe3\x81\x93\xe3\x81\xa0\xe3\x81\x91 neural rendering \xe3\x81\x8c\xe5\x8a\xb9\xe3\x81\x84\xe3\x81\xa6\xe3\x81\x84\xe3\x81\xaa\xe3\x81\x84' \xe3\x82\x88\xe3\x81\x86\xe3\x81\xab\xe8\xa6\x8b\xe3\x81\x88\xe3\x82\x8b\xe3\x81\x93\xe3\x81\xa8\xe3\x81\x8c\xe3\x81\x82\xe3\x82\x8a\xe3\x81\xbe\xe3\x81\x99)\xe3\x80\x82  0.00 \xe3\x81\xaf\xe5\xbe\x93\xe6\x9d\xa5\xe3\x81\xae\xe8\xa8\x88\xe7\xae\x97\xe3\x80\x81" "2.00 \xe3\x81\xa7\xe5\x88\xb6\xe9\x99\x90\xe3\x82\x92\xe7\x84\xa1\xe5\x8a\xb9\xe3\x81\xab\xe3\x81\x97\xe3\x81\xbe\xe3\x81\x99\xe3\x80\x82\xe4\xb8\xad\xe9\x96\x93\xe8\xaa\xbf\xe3\x81\xa8\xe3\x82\xb7\xe3\x83\xa3\xe3\x83\x89\xe3\x82\xa6\xe3\x81\xaf\xe5\xa4\x89\xe3\x82\x8f\xe3\x82\x8a\xe3\x81\xbe\xe3\x81\x9b\xe3\x82\x93\xe3\x80\x82"},
    {"Near-black colour guard",
     "\xe9\xbb\x92\xe4\xbb\x98\xe8\xbf\x91\xe3\x81\xae\xe8\x89\xb2\xe4\xbf\x9d\xe8\xad\xb7"},
    {"Divisor-codec HDR (Classic, and PQ or other absolute sources in Auto): where the model returns a near-black value under a bright original, keep the original's colour at the new brightness instead of amplifying the model's noise into green or grey specks.  Off is the previous math.",
     "\xe9\x99\xa4\xe6\x95\xb0\xe3\x82\xb3\xe3\x83\xbc\xe3\x83\x87\xe3\x83\x83\xe3\x82\xaf\xe3\x81\xae HDR (\xe3\x82\xaf\xe3\x83\xa9\xe3\x82\xb7\xe3\x83\x83\xe3\x82\xaf\xe3\x80\x81\xe3\x81\x8a\xe3\x82\x88\xe3\x81\xb3\xe8\x87\xaa\xe5\x8b\x95\xe3\x81\xa7\xe3\x81\xae PQ \xe3\x82\x84\xe3\x81\x9d\xe3\x81\xae\xe4\xbb\x96\xe3\x81\xae\xe7\xb5\xb6\xe5\xaf\xbe\xe3\x82\xbd\xe3\x83\xbc\xe3\x82\xb9): \xe5\x85\x83\xe3\x81\x8c\xe6\x98\x8e\xe3\x82\x8b\xe3\x81\x84\xe3\x81\xae\xe3\x81\xab\xe3\x83\xa2\xe3\x83\x87\xe3\x83\xab\xe3\x81\x8c\xe9\xbb\x92\xe3\x81\xab\xe8\xbf\x91\xe3\x81\x84\xe5\x80\xa4\xe3\x82\x92\xe8\xbf\x94\xe3\x81\x97\xe3\x81\x9f\xe5\xa0\xb4\xe6\x89\x80\xe3\x81\xa7\xe3\x81\xaf\xe3\x80\x81\xe3\x83\xa2\xe3\x83\x87\xe3\x83\xab\xe3\x81\xae\xe3\x83\x8e\xe3\x82\xa4\xe3\x82\xba\xe3\x82\x92\xe7\xb7\x91\xe3\x82\x84\xe7\x81\xb0\xe8\x89\xb2\xe3\x81\xae\xe6\x96\x91\xe7\x82\xb9\xe3\x81\xab\xe5\xa2\x97\xe5\xb9\x85\xe3\x81\x9b\xe3\x81\x9a\xe3\x80\x81\xe5\x85\x83\xe3\x81\xae\xe8\x89\xb2\xe3\x82\x92\xe6\x96\xb0\xe3\x81\x97\xe3\x81\x84\xe6\x98\x8e\xe3\x82\x8b\xe3\x81\x95\xe3\x81\xa7\xe7\xb6\xad\xe6\x8c\x81\xe3\x81\x97\xe3\x81\xbe\xe3\x81\x99\xe3\x80\x82\xe3\x82\xaa\xe3\x83\x95\xe3\x81\xaf\xe4\xbb\xa5\xe5\x89\x8d\xe3\x81\xae\xe8\xa8\x88\xe7\xae\x97\xe3\x81\xa7\xe3\x81\x99\xe3\x80\x82"},
    {"v1 (frame meter)",
     "v1 (\xe3\x83\x95\xe3\x83\xac\xe3\x83\xbc\xe3\x83\xa0\xe6\xb8\xac\xe5\x85\x89)"},
    {"v2 (game exposure)",
     "v2 (\xe3\x82\xb2\xe3\x83\xbc\xe3\x83\xa0\xe3\x81\xae\xe9\x9c\xb2\xe5\x87\xba)"},
    {"Brightness source",
     "\xe6\x98\x8e\xe3\x82\x8b\xe3\x81\x95\xe3\x81\xae\xe3\x82\xbd\xe3\x83\xbc\xe3\x82\xb9"},
    {"Where the brightness NR is fed at comes from on relative HDR sources.  v2 follows the game's own exposure (its DLSS exposure texture, or a pre-exposed buffer as it is), so NR's input holds still while the game's eye adaptation swings.  v1 meters each frame's content and adapts at its own rates, which can pulse slowly against the game's adaptation.  Auto uses v2 when the game provides an exposure texture and v1 otherwise: a pre-exposed buffer fed as it is lets a bright scene overload NR's input, and NR boils.  Calibrated/absolute sources ignore this.",
     "\xe7\x9b\xb8\xe5\xaf\xbe HDR \xe3\x82\xbd\xe3\x83\xbc\xe3\x82\xb9\xe3\x81\xa7\xe3\x80\x81NR \xe3\x81\xab\xe6\xb8\xa1\xe3\x81\x99\xe6\x98\x8e\xe3\x82\x8b\xe3\x81\x95\xe3\x82\x92\xe3\x81\xa9\xe3\x81\x93\xe3\x81\x8b\xe3\x82\x89\xe5\xbe\x97\xe3\x82\x8b\xe3\x81\x8b\xe3\x82\x92\xe6\x8c\x87\xe5\xae\x9a\xe3\x81\x97\xe3\x81\xbe\xe3\x81\x99\xe3\x80\x82v2 \xe3\x81\xaf\xe3\x82\xb2\xe3\x83\xbc\xe3\x83\xa0\xe8\x87\xaa\xe4\xbd\x93\xe3\x81\xae\xe9\x9c\xb2\xe5\x87\xba (DLSS \xe3\x81\xae\xe9\x9c\xb2\xe5\x87\xba\xe3\x83\x86\xe3\x82\xaf\xe3\x82\xb9\xe3\x83\x81\xe3\x83\xa3\xe3\x80\x81\xe3\x81\xbe\xe3\x81\x9f\xe3\x81\xaf\xe3\x83\x97\xe3\x83\xaa\xe3\x82\xa8\xe3\x82\xaf\xe3\x82\xb9\xe3\x83\x9d\xe3\x83\xbc\xe3\x82\xba\xe6\xb8\x88\xe3\x81\xbf\xe3\x83\x90\xe3\x83\x83\xe3\x83\x95\xe3\x82\xa1\xe3\x82\x92\xe3\x81\x9d\xe3\x81\xae\xe3\x81\xbe\xe3\x81\xbe) \xe3\x81\xab\xe5\xbe\x93\xe3\x81\x86\xe3\x81\x9f\xe3\x82\x81\xe3\x80\x81\xe3\x82\xb2\xe3\x83\xbc\xe3\x83\xa0\xe3\x81\xae\xe6\x98\x8e\xe9\xa0\x86\xe5\xbf\x9c\xe3\x81\x8c\xe5\xa4\x89\xe5\x8c\x96\xe3\x81\x97\xe3\x81\xa6\xe3\x82\x82 NR \xe3\x81\xae\xe5\x85\xa5\xe5\x8a\x9b\xe3\x81\xaf\xe5\xae\x89\xe5\xae\x9a\xe3\x81\x97\xe3\x81\xbe\xe3\x81\x99\xe3\x80\x82v1 \xe3\x81\xaf\xe5\x90\x84\xe3\x83\x95\xe3\x83\xac\xe3\x83\xbc\xe3\x83\xa0\xe3\x81\xae\xe5\x86\x85\xe5\xae\xb9\xe3\x82\x92\xe6\xb8\xac\xe5\x85\x89\xe3\x81\x97\xe3\x81\xa6\xe7\x8b\xac\xe8\x87\xaa\xe3\x81\xae\xe9\x80\x9f\xe5\xba\xa6\xe3\x81\xa7\xe9\xa0\x86\xe5\xbf\x9c\xe3\x81\x99\xe3\x82\x8b\xe3\x81\x9f\xe3\x82\x81\xe3\x80\x81\xe3\x82\xb2\xe3\x83\xbc\xe3\x83\xa0\xe3\x81\xae\xe9\xa0\x86\xe5\xbf\x9c\xe3\x81\xab\xe5\xaf\xbe\xe3\x81\x97\xe3\x81\xa6\xe3\x82\x86\xe3\x81\xa3\xe3\x81\x8f\xe3\x82\x8a\xe8\x84\x88\xe5\x8b\x95\xe3\x81\x99\xe3\x82\x8b\xe3\x81\x93\xe3\x81\xa8\xe3\x81\x8c\xe3\x81\x82\xe3\x82\x8a\xe3\x81\xbe\xe3\x81\x99\xe3\x80\x82\xe8\x87\xaa\xe5\x8b\x95\xe3\x81\xaf\xe3\x80\x81\xe3\x82\xb2\xe3\x83\xbc\xe3\x83\xa0\xe3\x81\x8c\xe9\x9c\xb2\xe5\x87\xba\xe3\x83\x86\xe3\x82\xaf\xe3\x82\xb9\xe3\x83\x81\xe3\x83\xa3\xe3\x82\x92\xe6\x8f\x90\xe4\xbe\x9b\xe3\x81\x99\xe3\x82\x8b\xe5\xa0\xb4\xe5\x90\x88\xe3\x81\xaf v2\xe3\x80\x81\xe3\x81\x9d\xe3\x82\x8c\xe4\xbb\xa5\xe5\xa4\x96\xe3\x81\xaf v1 \xe3\x82\x92\xe4\xbd\xbf\xe7\x94\xa8\xe3\x81\x97\xe3\x81\xbe\xe3\x81\x99\xe3\x80\x82\xe3\x83\x97\xe3\x83\xaa\xe3\x82\xa8\xe3\x82\xaf\xe3\x82\xb9\xe3\x83\x9d\xe3\x83\xbc\xe3\x82\xba\xe6\xb8\x88\xe3\x81\xbf\xe3\x83\x90\xe3\x83\x83\xe3\x83\x95\xe3\x82\xa1\xe3\x82\x92\xe3\x81\x9d\xe3\x81\xae\xe3\x81\xbe\xe3\x81\xbe\xe6\xb8\xa1\xe3\x81\x99\xe3\x81\xa8\xe3\x80\x81\xe6\x98\x8e\xe3\x82\x8b\xe3\x81\x84\xe3\x82\xb7\xe3\x83\xbc\xe3\x83\xb3\xe3\x81\xa7 NR \xe3\x81\xae\xe5\x85\xa5\xe5\x8a\x9b\xe3\x81\x8c\xe9\x81\x8e\xe8\xb2\xa0\xe8\x8d\xb7\xe3\x81\xab\xe3\x81\xaa\xe3\x82\x8a\xe3\x80\x81NR \xe3\x81\x8c\xe3\x81\x96\xe3\x82\x8f\xe3\x81\xa4\xe3\x81\x8d\xe3\x81\xbe\xe3\x81\x99\xe3\x80\x82\xe3\x82\xad\xe3\x83\xa3\xe3\x83\xaa\xe3\x83\x96\xe3\x83\xac\xe3\x83\xbc\xe3\x82\xb7\xe3\x83\xa7\xe3\x83\xb3\xe6\xb8\x88\xe3\x81\xbf/\xe7\xb5\xb6\xe5\xaf\xbe\xe3\x82\xbd\xe3\x83\xbc\xe3\x82\xb9\xe3\x81\xa7\xe3\x81\xaf\xe3\x81\x93\xe3\x81\xae\xe8\xa8\xad\xe5\xae\x9a\xe3\x81\xaf\xe7\x84\xa1\xe8\xa6\x96\xe3\x81\x95\xe3\x82\x8c\xe3\x81\xbe\xe3\x81\x99\xe3\x80\x82"},
    {"Off (raw per-frame)",
     "\xe3\x82\xaa\xe3\x83\x95 (\xe3\x83\x95\xe3\x83\xac\xe3\x83\xbc\xe3\x83\xa0\xe3\x81\x94\xe3\x81\xa8\xe3\x81\xae\xe7\x94\x9f\xe3\x81\xae\xe5\x80\xa4)"},
    {"Slew (v6.1.2)",
     "\xe3\x82\xb9\xe3\x83\xab\xe3\x83\xbc (v6.1.2)"},
    {"Stable (recommended)",
     "\xe5\xae\x89\xe5\xae\x9a (\xe6\x8e\xa8\xe5\xa5\xa8)"},
    {"Normalization",
     "\xe6\xad\xa3\xe8\xa6\x8f\xe5\x8c\x96"},
    {"How the same-frame autoscale candidate becomes the applied divisor.  Stable uses a continuous estimate, settles at fixed rates per second (fast when brightening toward clipping, slow when relaxing) and holds still inside a small band, so neither a flickering scene statistic nor a settings edit can pump the image.  Slew is the v6.1.2 per-frame limit; Off applies the raw candidate (v6.1.0).  Calibrated/absolute sources ignore all.",
     "\xe5\x90\x8c\xe4\xb8\x80\xe3\x83\x95\xe3\x83\xac\xe3\x83\xbc\xe3\x83\xa0\xe3\x81\xae\xe8\x87\xaa\xe5\x8b\x95\xe3\x82\xb9\xe3\x82\xb1\xe3\x83\xbc\xe3\x83\xab\xe5\x80\x99\xe8\xa3\x9c\xe5\x80\xa4\xe3\x82\x92\xe3\x80\x81\xe9\x81\xa9\xe7\x94\xa8\xe3\x81\x99\xe3\x82\x8b\xe9\x99\xa4\xe6\x95\xb0\xe3\x81\xab\xe3\x81\x99\xe3\x82\x8b\xe6\x96\xb9\xe6\xb3\x95\xe3\x81\xa7\xe3\x81\x99\xe3\x80\x82\xe5\xae\x89\xe5\xae\x9a\xe3\x81\xaf\xe9\x80\xa3\xe7\xb6\x9a\xe7\x9a\x84\xe3\x81\xaa\xe6\x8e\xa8\xe5\xae\x9a\xe3\x82\x92\xe4\xbd\xbf\xe3\x81\x84\xe3\x80\x81\xe6\xaf\x8e\xe7\xa7\x92\xe4\xb8\x80\xe5\xae\x9a\xe3\x81\xae\xe9\x80\x9f\xe5\xba\xa6\xe3\x81\xa7\xe5\x8f\x8e\xe6\x9d\x9f\xe3\x81\x97 (\xe3\x82\xaf\xe3\x83\xaa\xe3\x83\x83\xe3\x83\x94\xe3\x83\xb3\xe3\x82\xb0\xe3\x81\xab\xe5\x90\x91\xe3\x81\x8b\xe3\x81\xa3\xe3\x81\xa6\xe6\x98\x8e\xe3\x82\x8b\xe3\x81\x8f\xe3\x81\xaa\xe3\x82\x8b\xe3\x81\xa8\xe3\x81\x8d\xe3\x81\xaf\xe9\x80\x9f\xe3\x81\x8f\xe3\x80\x81\xe7\xb7\xa9\xe3\x82\x80\xe3\x81\xa8\xe3\x81\x8d\xe3\x81\xaf\xe9\x81\x85\xe3\x81\x8f)\xe3\x80\x81\xe5\xb0\x8f\xe3\x81\x95\xe3\x81\xaa\xe7\xaf\x84\xe5\x9b\xb2\xe5\x86\x85\xe3\x81\xa7\xe3\x81\xaf\xe5\x80\xa4\xe3\x82\x92\xe5\x9b\xba\xe5\xae\x9a\xe3\x81\x97\xe3\x81\xbe\xe3\x81\x99\xe3\x80\x82\xe3\x81\x93\xe3\x82\x8c\xe3\x81\xab\xe3\x82\x88\xe3\x82\x8a\xe3\x80\x81\xe3\x81\xa1\xe3\x82\x89\xe3\x81\xa4\xe3\x81\x8f\xe3\x82\xb7\xe3\x83\xbc\xe3\x83\xb3\xe3\x81\xae\xe7\xb5\xb1\xe8\xa8\x88\xe5\x80\xa4\xe3\x82\x84\xe8\xa8\xad\xe5\xae\x9a\xe3\x81\xae\xe5\xa4\x89\xe6\x9b\xb4\xe3\x81\xa7\xe7\x94\xbb\xe5\x83\x8f\xe3\x81\x8c\xe8\x84\x88\xe5\x8b\x95\xe3\x81\x97\xe3\x81\xbe\xe3\x81\x9b\xe3\x82\x93\xe3\x80\x82\xe3\x82\xb9\xe3\x83\xab\xe3\x83\xbc\xe3\x81\xaf v6.1.2 \xe3\x81\xae\xe3\x83\x95\xe3\x83\xac\xe3\x83\xbc\xe3\x83\xa0\xe3\x81\x94\xe3\x81\xa8\xe3\x81\xae\xe5\x88\xb6\xe9\x99\x90\xe3\x80\x81\xe3\x82\xaa\xe3\x83\x95\xe3\x81\xaf\xe7\x94\x9f\xe3\x81\xae\xe5\x80\x99\xe8\xa3\x9c\xe5\x80\xa4\xe3\x82\x92\xe9\x81\xa9\xe7\x94\xa8\xe3\x81\x97\xe3\x81\xbe\xe3\x81\x99 (v6.1.0)\xe3\x80\x82\xe3\x82\xad\xe3\x83\xa3\xe3\x83\xaa\xe3\x83\x96\xe3\x83\xac\xe3\x83\xbc\xe3\x82\xb7\xe3\x83\xa7\xe3\x83\xb3\xe6\xb8\x88\xe3\x81\xbf/\xe7\xb5\xb6\xe5\xaf\xbe\xe3\x82\xbd\xe3\x83\xbc\xe3\x82\xb9\xe3\x81\xa7\xe3\x81\xaf\xe3\x81\x99\xe3\x81\xb9\xe3\x81\xa6\xe7\x84\xa1\xe8\xa6\x96\xe3\x81\x95\xe3\x82\x8c\xe3\x81\xbe\xe3\x81\x99\xe3\x80\x82"},
    {"How fast the divisor may rise when the frame gets brighter (toward the proxy's clipping shoulder).",
     "\xe3\x83\x95\xe3\x83\xac\xe3\x83\xbc\xe3\x83\xa0\xe3\x81\x8c\xe6\x98\x8e\xe3\x82\x8b\xe3\x81\x8f\xe3\x81\xaa\xe3\x81\xa3\xe3\x81\x9f\xe3\x81\xa8\xe3\x81\x8d\xe3\x81\xab\xe9\x99\xa4\xe6\x95\xb0\xe3\x81\x8c\xe4\xb8\x8a\xe3\x81\x8c\xe3\x82\x8b\xe9\x80\x9f\xe3\x81\x95\xe3\x81\xae\xe4\xb8\x8a\xe9\x99\x90\xe3\x81\xa7\xe3\x81\x99 (\xe3\x83\x97\xe3\x83\xad\xe3\x82\xad\xe3\x82\xb7\xe3\x81\xae\xe3\x82\xaf\xe3\x83\xaa\xe3\x83\x83\xe3\x83\x94\xe3\x83\xb3\xe3\x82\xb0\xe3\x82\xb7\xe3\x83\xa7\xe3\x83\xab\xe3\x83\x80\xe3\x83\xbc\xe6\x96\xb9\xe5\x90\x91)\xe3\x80\x82"},
    {"How fast the divisor may relax when the frame gets darker.  Slow by design: a darker proxy is harmless, a pumping one is not.",
     "\xe3\x83\x95\xe3\x83\xac\xe3\x83\xbc\xe3\x83\xa0\xe3\x81\x8c\xe6\x9a\x97\xe3\x81\x8f\xe3\x81\xaa\xe3\x81\xa3\xe3\x81\x9f\xe3\x81\xa8\xe3\x81\x8d\xe3\x81\xab\xe9\x99\xa4\xe6\x95\xb0\xe3\x81\x8c\xe7\xb7\xa9\xe3\x82\x80\xe9\x80\x9f\xe3\x81\x95\xe3\x81\xae\xe4\xb8\x8a\xe9\x99\x90\xe3\x81\xa7\xe3\x81\x99\xe3\x80\x82\xe6\x84\x8f\xe5\x9b\xb3\xe7\x9a\x84\xe3\x81\xab\xe9\x81\x85\xe3\x81\x8f\xe3\x81\x97\xe3\x81\xa6\xe3\x81\x84\xe3\x81\xbe\xe3\x81\x99: \xe6\x9a\x97\xe3\x82\x81\xe3\x81\xae\xe3\x83\x97\xe3\x83\xad\xe3\x82\xad\xe3\x82\xb7\xe3\x81\xaf\xe7\x84\xa1\xe5\xae\xb3\xe3\x81\xa7\xe3\x81\x99\xe3\x81\x8c\xe3\x80\x81\xe8\x84\x88\xe5\x8b\x95\xe3\x81\x99\xe3\x82\x8b\xe3\x83\x97\xe3\x83\xad\xe3\x82\xad\xe3\x82\xb7\xe3\x81\xaf\xe6\x9c\x89\xe5\xae\xb3\xe3\x81\xa7\xe3\x81\x99\xe3\x80\x82"},
    {"Hold through black, re-prime on cuts",
     "\xe9\xbb\x92\xe3\x83\x95\xe3\x83\xac\xe3\x83\xbc\xe3\x83\xa0\xe3\x81\xa7\xe4\xbf\x9d\xe6\x8c\x81\xe3\x80\x81\xe3\x82\xb7\xe3\x83\xbc\xe3\x83\xb3\xe3\x81\xae\xe5\x88\x87\xe3\x82\x8a\xe6\x9b\xbf\xe3\x81\x88\xe3\x81\xa7\xe5\x86\x8d\xe5\x88\x9d\xe6\x9c\x9f\xe5\x8c\x96"},
    {"Stable only.  A black frame (a loading screen, the end of a fade) keeps the current scale instead of relaxing toward it, so the scene after it does not come back overloading NR's input, and the game's own scene-cut signal re-primes the scale.  Off is the previous behaviour.",
     "\xe5\xae\x89\xe5\xae\x9a\xe3\x81\xa7\xe3\x81\xae\xe3\x81\xbf\xe6\x9c\x89\xe5\x8a\xb9\xe3\x81\xa7\xe3\x81\x99\xe3\x80\x82\xe9\xbb\x92\xe3\x83\x95\xe3\x83\xac\xe3\x83\xbc\xe3\x83\xa0 (\xe3\x83\xad\xe3\x83\xbc\xe3\x83\x89\xe7\x94\xbb\xe9\x9d\xa2\xe3\x80\x81\xe3\x83\x95\xe3\x82\xa7\xe3\x83\xbc\xe3\x83\x89\xe3\x81\xae\xe7\xb5\x82\xe3\x82\x8f\xe3\x82\x8a) \xe3\x81\xa7\xe3\x81\xaf\xe3\x80\x81\xe3\x82\xb9\xe3\x82\xb1\xe3\x83\xbc\xe3\x83\xab\xe3\x82\x92\xe9\xbb\x92\xe3\x81\xab\xe5\x90\x91\xe3\x81\x8b\xe3\x81\xa3\xe3\x81\xa6\xe7\xb7\xa9\xe3\x82\x81\xe3\x81\x9a\xe3\x81\xab\xe7\x8f\xbe\xe5\x9c\xa8\xe3\x81\xae\xe5\x80\xa4\xe3\x82\x92\xe4\xbf\x9d\xe6\x8c\x81\xe3\x81\x97\xe3\x81\xbe\xe3\x81\x99\xe3\x80\x82\xe3\x81\x93\xe3\x82\x8c\xe3\x81\xab\xe3\x82\x88\xe3\x82\x8a\xe3\x80\x81\xe3\x81\x9d\xe3\x81\xae\xe5\xbe\x8c\xe3\x81\xae\xe3\x82\xb7\xe3\x83\xbc\xe3\x83\xb3\xe3\x81\x8c NR \xe3\x81\xae\xe5\x85\xa5\xe5\x8a\x9b\xe3\x82\x92\xe9\x81\x8e\xe8\xb2\xa0\xe8\x8d\xb7\xe3\x81\xab\xe3\x81\x97\xe3\x81\x9f\xe7\x8a\xb6\xe6\x85\x8b\xe3\x81\xa7\xe6\x88\xbb\xe3\x82\x8b\xe3\x81\x93\xe3\x81\xa8\xe3\x81\x8c\xe3\x81\xaa\xe3\x81\x8f\xe3\x80\x81\xe3\x82\xb2\xe3\x83\xbc\xe3\x83\xa0\xe8\x87\xaa\xe8\xba\xab\xe3\x81\xae\xe3\x82\xb7\xe3\x83\xbc\xe3\x83\xb3\xe5\x88\x87\xe3\x82\x8a\xe6\x9b\xbf\xe3\x81\x88\xe4\xbf\xa1\xe5\x8f\xb7\xe3\x81\xa7\xe3\x82\xb9\xe3\x82\xb1\xe3\x83\xbc\xe3\x83\xab\xe3\x82\x92\xe5\x86\x8d\xe5\x88\x9d\xe6\x9c\x9f\xe5\x8c\x96\xe3\x81\x97\xe3\x81\xbe\xe3\x81\x99\xe3\x80\x82\xe3\x82\xaa\xe3\x83\x95\xe3\x81\xaf\xe4\xbb\xa5\xe5\x89\x8d\xe3\x81\xae\xe5\x8b\x95\xe4\xbd\x9c\xe3\x81\xa7\xe3\x81\x99\xe3\x80\x82"},
    {"Slew (stops/frame)",
     "\xe3\x82\xb9\xe3\x83\xab\xe3\x83\xbc (\xe6\xae\xb5/\xe3\x83\x95\xe3\x83\xac\xe3\x83\xbc\xe3\x83\xa0)"},
    {"Largest step the committed divisor may take in one frame.  0.020 is ~1.2 stops/s at 60 Hz: faster than engine eye adaptation, far slower than the frame-to-frame oscillation it damps.  Scene cuts, config changes and feature rebuilds snap instead of slewing, so raising this only affects tracking lag.  0 behaves as Off.",
     "\xe7\xa2\xba\xe5\xae\x9a\xe3\x81\x97\xe3\x81\x9f\xe9\x99\xa4\xe6\x95\xb0\xe3\x81\x8c 1 \xe3\x83\x95\xe3\x83\xac\xe3\x83\xbc\xe3\x83\xa0\xe3\x81\xa7\xe5\xa4\x89\xe5\x8c\x96\xe3\x81\xa7\xe3\x81\x8d\xe3\x82\x8b\xe6\x9c\x80\xe5\xa4\xa7\xe9\x87\x8f\xe3\x81\xa7\xe3\x81\x99\xe3\x80\x82" "0.020 \xe3\x81\xaf 60 Hz \xe3\x81\xa7\xe7\xb4\x84 1.2 \xe6\xae\xb5/\xe7\xa7\x92: \xe3\x82\xa8\xe3\x83\xb3\xe3\x82\xb8\xe3\x83\xb3\xe3\x81\xae\xe6\x98\x8e\xe9\xa0\x86\xe5\xbf\x9c\xe3\x82\x88\xe3\x82\x8a\xe9\x80\x9f\xe3\x81\x8f\xe3\x80\x81\xe6\x8a\x91\xe5\x88\xb6\xe5\xaf\xbe\xe8\xb1\xa1\xe3\x81\xae\xe3\x83\x95\xe3\x83\xac\xe3\x83\xbc\xe3\x83\xa0\xe9\x96\x93\xe3\x81\xae\xe6\x8c\xaf\xe5\x8b\x95\xe3\x82\x88\xe3\x82\x8a\xe3\x81\xaf\xe3\x82\x8b\xe3\x81\x8b\xe3\x81\xab\xe9\x81\x85\xe3\x81\x84\xe5\x80\xa4\xe3\x81\xa7\xe3\x81\x99\xe3\x80\x82\xe3\x82\xb7\xe3\x83\xbc\xe3\x83\xb3\xe3\x81\xae\xe5\x88\x87\xe3\x82\x8a\xe6\x9b\xbf\xe3\x81\x88\xe3\x80\x81\xe8\xa8\xad\xe5\xae\x9a\xe5\xa4\x89\xe6\x9b\xb4\xe3\x80\x81\xe6\xa9\x9f\xe8\x83\xbd\xe3\x81\xae\xe5\x86\x8d\xe6\xa7\x8b\xe7\xaf\x89\xe3\x81\xa7\xe3\x81\xaf\xe6\xae\xb5\xe9\x9a\x8e\xe7\x9a\x84\xe3\x81\xab\xe5\xa4\x89\xe5\x8c\x96\xe3\x81\x9b\xe3\x81\x9a\xe5\x8d\xb3\xe5\xba\xa7\xe3\x81\xab\xe5\x88\x87\xe3\x82\x8a\xe6\x9b\xbf\xe3\x82\x8f\xe3\x82\x8b\xe3\x81\x9f\xe3\x82\x81\xe3\x80\x81\xe3\x81\x93\xe3\x81\xae\xe5\x80\xa4\xe3\x82\x92\xe4\xb8\x8a\xe3\x81\x92\xe3\x81\xa6\xe3\x82\x82\xe8\xbf\xbd\xe5\xbe\x93\xe3\x81\xae\xe9\x81\x85\xe3\x82\x8c\xe3\x81\xab\xe3\x81\x97\xe3\x81\x8b\xe5\xbd\xb1\xe9\x9f\xbf\xe3\x81\x97\xe3\x81\xbe\xe3\x81\x9b\xe3\x82\x93\xe3\x80\x82" "0 \xe3\x81\xaf\xe3\x82\xaa\xe3\x83\x95\xe3\x81\xa8\xe5\x90\x8c\xe3\x81\x98\xe5\x8b\x95\xe4\xbd\x9c\xe3\x81\xa7\xe3\x81\x99\xe3\x80\x82"},
    {"Use game NGX flag",
     "\xe3\x82\xb2\xe3\x83\xbc\xe3\x83\xa0\xe3\x81\xae NGX \xe3\x83\x95\xe3\x83\xa9\xe3\x82\xb0"},
    {"Force normal depth",
     "\xe9\x80\x9a\xe5\xb8\xb8\xe6\xb7\xb1\xe5\xba\xa6\xe3\x82\x92\xe5\xbc\xb7\xe5\x88\xb6"},
    {"Force inverted depth",
     "\xe5\x8f\x8d\xe8\xbb\xa2\xe6\xb7\xb1\xe5\xba\xa6\xe3\x82\x92\xe5\xbc\xb7\xe5\x88\xb6"},
    {"Depth",
     "\xe6\xb7\xb1\xe5\xba\xa6"},
    {"Which way the game's depth runs.  The game's own NGX flag is right unless the game declares it wrongly.",
     "\xe3\x82\xb2\xe3\x83\xbc\xe3\x83\xa0\xe3\x81\xae\xe6\xb7\xb1\xe5\xba\xa6\xe3\x81\xae\xe5\x90\x91\xe3\x81\x8d\xe3\x81\xa7\xe3\x81\x99\xe3\x80\x82\xe3\x82\xb2\xe3\x83\xbc\xe3\x83\xa0\xe3\x81\x8c\xe8\xaa\xa4\xe3\x81\xa3\xe3\x81\xa6\xe5\xae\xa3\xe8\xa8\x80\xe3\x81\x97\xe3\x81\xa6\xe3\x81\x84\xe3\x81\xaa\xe3\x81\x84\xe9\x99\x90\xe3\x82\x8a\xe3\x80\x81\xe3\x82\xb2\xe3\x83\xbc\xe3\x83\xa0\xe8\x87\xaa\xe4\xbd\x93\xe3\x81\xae NGX \xe3\x83\x95\xe3\x83\xa9\xe3\x82\xb0\xe3\x81\x8c\xe6\xad\xa3\xe3\x81\x97\xe3\x81\x84\xe5\x80\xa4\xe3\x81\xa7\xe3\x81\x99\xe3\x80\x82"},
    {"Scales the game's motion vectors before the model sees them.  1.000 is right unless the game reports them at another scale; a negative value flips an axis.",
     "\xe3\x83\xa2\xe3\x83\x87\xe3\x83\xab\xe3\x81\xab\xe6\xb8\xa1\xe3\x81\x99\xe5\x89\x8d\xe3\x81\xab\xe3\x82\xb2\xe3\x83\xbc\xe3\x83\xa0\xe3\x81\xae\xe3\x83\xa2\xe3\x83\xbc\xe3\x82\xb7\xe3\x83\xa7\xe3\x83\xb3\xe3\x83\x99\xe3\x82\xaf\xe3\x83\x88\xe3\x83\xab\xe3\x82\x92\xe3\x82\xb9\xe3\x82\xb1\xe3\x83\xbc\xe3\x83\xaa\xe3\x83\xb3\xe3\x82\xb0\xe3\x81\x97\xe3\x81\xbe\xe3\x81\x99\xe3\x80\x82\xe3\x82\xb2\xe3\x83\xbc\xe3\x83\xa0\xe3\x81\x8c\xe5\x88\xa5\xe3\x81\xae\xe3\x82\xb9\xe3\x82\xb1\xe3\x83\xbc\xe3\x83\xab\xe3\x81\xa7\xe5\xa0\xb1\xe5\x91\x8a\xe3\x81\x97\xe3\x81\xaa\xe3\x81\x84\xe9\x99\x90\xe3\x82\x8a 1.000 \xe3\x81\x8c\xe6\xad\xa3\xe3\x81\x97\xe3\x81\x84\xe5\x80\xa4\xe3\x81\xa7\xe3\x81\x99\xe3\x80\x82\xe8\xb2\xa0\xe3\x81\xae\xe5\x80\xa4\xe3\x81\xa7\xe8\xbb\xb8\xe3\x82\x92\xe5\x8f\x8d\xe8\xbb\xa2\xe3\x81\x97\xe3\x81\xbe\xe3\x81\x99\xe3\x80\x82"},
    {"Motion scale X",
     "\xe3\x83\xa2\xe3\x83\xbc\xe3\x82\xb7\xe3\x83\xa7\xe3\x83\xb3\xe3\x82\xb9\xe3\x82\xb1\xe3\x83\xbc\xe3\x83\xab X"},
    {"Motion scale Y",
     "\xe3\x83\xa2\xe3\x83\xbc\xe3\x82\xb7\xe3\x83\xa7\xe3\x83\xb3\xe3\x82\xb9\xe3\x82\xb1\xe3\x83\xbc\xe3\x83\xab Y"},
    {"Chained history",
     "\xe9\x80\xa3\xe9\x8e\x96\xe5\xb1\xa5\xe6\xad\xb4"},
    {"ON (default): every stacked pass keeps its own temporal history (reset only on scene cuts/contract changes).  OFF: legacy diagnostic mode - passes 2+ are stateless (Reset every frame).  NVIDIA documents Reset-per-frame as a flicker/aliasing risk; only turn chained OFF to A/B a suspected ghosting compounding.",
     "\xe3\x82\xaa\xe3\x83\xb3 (\xe3\x83\x87\xe3\x83\x95\xe3\x82\xa9\xe3\x83\xab\xe3\x83\x88): \xe3\x82\xb9\xe3\x82\xbf\xe3\x83\x83\xe3\x82\xaf\xe3\x81\x95\xe3\x82\x8c\xe3\x81\x9f\xe5\x90\x84\xe3\x83\x91\xe3\x82\xb9\xe3\x81\x8c\xe7\x8b\xac\xe8\x87\xaa\xe3\x81\xae\xe6\x99\x82\xe9\x96\x93\xe6\x96\xb9\xe5\x90\x91\xe3\x81\xae\xe5\xb1\xa5\xe6\xad\xb4\xe3\x82\x92\xe4\xbf\x9d\xe6\x8c\x81\xe3\x81\x97\xe3\x81\xbe\xe3\x81\x99 (\xe3\x82\xb7\xe3\x83\xbc\xe3\x83\xb3\xe3\x81\xae\xe5\x88\x87\xe3\x82\x8a\xe6\x9b\xbf\xe3\x81\x88/\xe6\x9d\xa1\xe4\xbb\xb6\xe5\xa4\x89\xe6\x9b\xb4\xe6\x99\x82\xe3\x81\xae\xe3\x81\xbf\xe3\x83\xaa\xe3\x82\xbb\xe3\x83\x83\xe3\x83\x88)\xe3\x80\x82\xe3\x82\xaa\xe3\x83\x95: \xe5\xbe\x93\xe6\x9d\xa5\xe3\x81\xae\xe8\xa8\xba\xe6\x96\xad\xe3\x83\xa2\xe3\x83\xbc\xe3\x83\x89 - 2 \xe3\x83\x91\xe3\x82\xb9\xe7\x9b\xae\xe4\xbb\xa5\xe9\x99\x8d\xe3\x81\xaf\xe3\x82\xb9\xe3\x83\x86\xe3\x83\xbc\xe3\x83\x88\xe3\x83\xac\xe3\x82\xb9\xe3\x81\xa7\xe3\x81\x99 (\xe6\xaf\x8e\xe3\x83\x95\xe3\x83\xac\xe3\x83\xbc\xe3\x83\xa0 Reset)\xe3\x80\x82NVIDIA \xe3\x81\xaf\xe6\xaf\x8e\xe3\x83\x95\xe3\x83\xac\xe3\x83\xbc\xe3\x83\xa0\xe3\x81\xae Reset \xe3\x82\x92\xe3\x81\xa1\xe3\x82\x89\xe3\x81\xa4\xe3\x81\x8d/\xe3\x82\xa8\xe3\x82\xa4\xe3\x83\xaa\xe3\x82\xa2\xe3\x82\xb7\xe3\x83\xb3\xe3\x82\xb0\xe3\x81\xae\xe3\x83\xaa\xe3\x82\xb9\xe3\x82\xaf\xe3\x81\xa8\xe3\x81\x97\xe3\x81\xa6\xe3\x81\x84\xe3\x81\xbe\xe3\x81\x99\xe3\x80\x82\xe3\x82\xb4\xe3\x83\xbc\xe3\x82\xb9\xe3\x83\x88\xe3\x81\xae\xe7\xb4\xaf\xe7\xa9\x8d\xe3\x81\x8c\xe7\x96\x91\xe3\x82\x8f\xe3\x82\x8c\xe3\x82\x8b\xe5\xa0\xb4\xe5\x90\x88\xe3\x81\xae A/B \xe6\xaf\x94\xe8\xbc\x83\xe3\x81\xae\xe3\x81\xa8\xe3\x81\x8d\xe3\x81\xa0\xe3\x81\x91\xe9\x80\xa3\xe9\x8e\x96\xe3\x82\x92\xe3\x82\xaa\xe3\x83\x95\xe3\x81\xab\xe3\x81\x97\xe3\x81\xa6\xe3\x81\x8f\xe3\x81\xa0\xe3\x81\x95\xe3\x81\x84\xe3\x80\x82"},
    {"Restore",
     "\xe5\xbe\xa9\xe5\x85\x83"},
    {"Cancel",
     "\xe3\x82\xad\xe3\x83\xa3\xe3\x83\xb3\xe3\x82\xbb\xe3\x83\xab"},
    {"Press a key (Esc cancels)",
     "\xe3\x82\xad\xe3\x83\xbc\xe3\x82\x92\xe6\x8a\xbc\xe3\x81\x97\xe3\x81\xa6\xe3\x81\x8f\xe3\x81\xa0\xe3\x81\x95\xe3\x81\x84 (Esc \xe3\x81\xa7\xe3\x82\xad\xe3\x83\xa3\xe3\x83\xb3\xe3\x82\xbb\xe3\x83\xab)"},
    {"Toggle NR",
     "NR \xe5\x88\x87\xe6\x9b\xbf"},
    {"Screenshot",
     "\xe3\x82\xb9\xe3\x82\xaf\xe3\x83\xaa\xe3\x83\xbc\xe3\x83\xb3\xe3\x82\xb7\xe3\x83\xa7\xe3\x83\x83\xe3\x83\x88"},
    {"Final presentation",
     "\xe6\x9c\x80\xe7\xb5\x82\xe8\xa1\xa8\xe7\xa4\xba"},
    {"Evaluated model buffers",
     "\xe8\xa9\x95\xe4\xbe\xa1\xe6\xb8\x88\xe3\x81\xbf\xe3\x83\xa2\xe3\x83\x87\xe3\x83\xab\xe3\x83\x90\xe3\x83\x83\xe3\x83\x95\xe3\x82\xa1"},
    {"Capture source",
     "\xe6\x92\xae\xe5\xbd\xb1\xe3\x82\xbd\xe3\x83\xbc\xe3\x82\xb9"},
    {"Auto captures the final frame, or model buffers when a separate helper window is explicitly identified. Model diagnostics preserve the selected hook and show the last evaluated pass before look, transfer, game tone mapping and UI.",
     "\xe8\x87\xaa\xe5\x8b\x95\xe3\x81\xaf\xe6\x9c\x80\xe7\xb5\x82\xe3\x83\x95\xe3\x83\xac\xe3\x83\xbc\xe3\x83\xa0\xe3\x82\x92\xe6\x92\xae\xe5\xbd\xb1\xe3\x81\x97\xe3\x81\xbe\xe3\x81\x99\xe3\x80\x82\xe5\x88\xa5\xe3\x81\xae\xe3\x83\x98\xe3\x83\xab\xe3\x83\x91\xe3\x83\xbc\xe3\x82\xa6\xe3\x82\xa3\xe3\x83\xb3\xe3\x83\x89\xe3\x82\xa6\xe3\x81\x8c\xe6\x98\x8e\xe7\xa4\xba\xe7\x9a\x84\xe3\x81\xab\xe8\xad\x98\xe5\x88\xa5\xe3\x81\x95\xe3\x82\x8c\xe3\x81\x9f\xe5\xa0\xb4\xe5\x90\x88\xe3\x81\xaf\xe3\x83\xa2\xe3\x83\x87\xe3\x83\xab\xe3\x83\x90\xe3\x83\x83\xe3\x83\x95\xe3\x82\xa1\xe3\x82\x92\xe6\x92\xae\xe5\xbd\xb1\xe3\x81\x97\xe3\x81\xbe\xe3\x81\x99\xe3\x80\x82\xe3\x83\xa2\xe3\x83\x87\xe3\x83\xab\xe8\xa8\xba\xe6\x96\xad\xe3\x81\xaf\xe9\x81\xb8\xe6\x8a\x9e\xe4\xb8\xad\xe3\x81\xae\xe9\x81\xa9\xe7\x94\xa8\xe4\xbd\x8d\xe7\xbd\xae\xe3\x82\x92\xe7\xb6\xad\xe6\x8c\x81\xe3\x81\x97\xe3\x80\x81\xe3\x83\xab\xe3\x83\x83\xe3\x82\xaf\xe3\x80\x81\xe8\xbb\xa2\xe9\x80\x81\xe3\x80\x81\xe3\x82\xb2\xe3\x83\xbc\xe3\x83\xa0\xe3\x81\xae\xe3\x83\x88\xe3\x83\xbc\xe3\x83\xb3\xe3\x83\x9e\xe3\x83\x83\xe3\x83\x94\xe3\x83\xb3\xe3\x82\xb0\xe3\x80\x81UI \xe3\x81\xae\xe5\x89\x8d\xe3\x81\xae\xe3\x80\x81\xe6\x9c\x80\xe5\xbe\x8c\xe3\x81\xab\xe8\xa9\x95\xe4\xbe\xa1\xe3\x81\x95\xe3\x82\x8c\xe3\x81\x9f\xe3\x83\x91\xe3\x82\xb9\xe3\x82\x92\xe8\xa1\xa8\xe7\xa4\xba\xe3\x81\x97\xe3\x81\xbe\xe3\x81\x99\xe3\x80\x82"},
    {"PNG",
     "PNG"},
    {"JPEG",
     "JPEG"},
    {"PNG + JPEG",
     "PNG + JPEG"},
    {"File format",
     "\xe3\x83\x95\xe3\x82\xa1\xe3\x82\xa4\xe3\x83\xab\xe5\xbd\xa2\xe5\xbc\x8f"},
    {"PNG is lossless and large (HDR PNGs exceed Discord's 10 MB limit). JPEG is sized for sharing on Discord at full resolution; in HDR it stays HDR.",
     "PNG \xe3\x81\xaf\xe5\x8f\xaf\xe9\x80\x86\xe5\x9c\xa7\xe7\xb8\xae\xe3\x81\xa7\xe5\xa4\xa7\xe3\x81\x8d\xe3\x81\x8f\xe3\x81\xaa\xe3\x82\x8a\xe3\x81\xbe\xe3\x81\x99 (HDR PNG \xe3\x81\xaf Discord \xe3\x81\xae 10 MB \xe5\x88\xb6\xe9\x99\x90\xe3\x82\x92\xe8\xb6\x85\xe3\x81\x88\xe3\x81\xbe\xe3\x81\x99)\xe3\x80\x82JPEG \xe3\x81\xaf Discord \xe3\x81\xa7\xe3\x83\x95\xe3\x83\xab\xe8\xa7\xa3\xe5\x83\x8f\xe5\xba\xa6\xe3\x81\xae\xe3\x81\xbe\xe3\x81\xbe\xe5\x85\xb1\xe6\x9c\x89\xe3\x81\xa7\xe3\x81\x8d\xe3\x82\x8b\xe3\x82\xb5\xe3\x82\xa4\xe3\x82\xba\xe3\x81\xab\xe3\x81\xaa\xe3\x82\x8a\xe3\x80\x81HDR \xe3\x81\xa7\xe3\x81\xaf HDR \xe3\x81\xae\xe3\x81\xbe\xe3\x81\xbe\xe3\x81\xa7\xe3\x81\x99\xe3\x80\x82"},
    {"Pair",
     "\xe3\x83\x9a\xe3\x82\xa2"},
    {"Pair + side by side",
     "\xe3\x83\x9a\xe3\x82\xa2 + \xe6\xa8\xaa\xe4\xb8\xa6\xe3\x81\xb9"},
    {"Comparison layout",
     "\xe6\xaf\x94\xe8\xbc\x83\xe3\x83\xac\xe3\x82\xa4\xe3\x82\xa2\xe3\x82\xa6\xe3\x83\x88"},
    {"Side by side adds one file showing NR off (left) and NR on (right), for a single upload.",
     "\xe6\xa8\xaa\xe4\xb8\xa6\xe3\x81\xb9\xe3\x81\xaf\xe3\x80\x81NR \xe3\x82\xaa\xe3\x83\x95 (\xe5\xb7\xa6) \xe3\x81\xa8 NR \xe3\x82\xaa\xe3\x83\xb3 (\xe5\x8f\xb3) \xe3\x82\x92\xe4\xb8\xa6\xe3\x81\xb9\xe3\x81\x9f\xe3\x83\x95\xe3\x82\xa1\xe3\x82\xa4\xe3\x83\xab\xe3\x82\x92 1 \xe3\x81\xa4\xe8\xbf\xbd\xe5\x8a\xa0\xe3\x81\x97\xe3\x80\x81\xe4\xb8\x80\xe5\xba\xa6\xe3\x81\xa7\xe3\x82\xa2\xe3\x83\x83\xe3\x83\x97\xe3\x83\xad\xe3\x83\xbc\xe3\x83\x89\xe3\x81\xa7\xe3\x81\x8d\xe3\x81\xbe\xe3\x81\x99\xe3\x80\x82"},
    {"JPEG quality",
     "JPEG \xe5\x93\x81\xe8\xb3\xaa"},
    {"95 is visually lossless. If a file is over the size limit, the quality steps down (not below 85); the image is never scaled down.",
     "95 \xe3\x81\xaf\xe8\xa6\x8b\xe3\x81\x9f\xe7\x9b\xae\xe4\xb8\x8a\xe5\x8a\xa3\xe5\x8c\x96\xe3\x81\x8c\xe3\x81\x82\xe3\x82\x8a\xe3\x81\xbe\xe3\x81\x9b\xe3\x82\x93\xe3\x80\x82\xe3\x83\x95\xe3\x82\xa1\xe3\x82\xa4\xe3\x83\xab\xe3\x81\x8c\xe3\x82\xb5\xe3\x82\xa4\xe3\x82\xba\xe5\x88\xb6\xe9\x99\x90\xe3\x82\x92\xe8\xb6\x85\xe3\x81\x88\xe3\x82\x8b\xe3\x81\xa8\xe5\x93\x81\xe8\xb3\xaa\xe3\x82\x92\xe6\xae\xb5\xe9\x9a\x8e\xe7\x9a\x84\xe3\x81\xab\xe4\xb8\x8b\xe3\x81\x92\xe3\x81\xbe\xe3\x81\x99 (85 \xe6\x9c\xaa\xe6\xba\x80\xe3\x81\xab\xe3\x81\xaf\xe3\x81\x97\xe3\x81\xbe\xe3\x81\x9b\xe3\x82\x93)\xe3\x80\x82\xe7\x94\xbb\xe5\x83\x8f\xe3\x81\xaf\xe7\xb8\xae\xe5\xb0\x8f\xe3\x81\x97\xe3\x81\xbe\xe3\x81\x9b\xe3\x82\x93\xe3\x80\x82"},
    {"JPEG size limit (MB)",
     "JPEG \xe3\x82\xb5\xe3\x82\xa4\xe3\x82\xba\xe5\x88\xb6\xe9\x99\x90 (MB)"},
    {"10 is Discord's upload limit without Nitro. 0 turns the limit off.",
     "10 \xe3\x81\xaf Nitro \xe3\x81\xaa\xe3\x81\x97\xe3\x81\xae Discord \xe3\x81\xae\xe3\x82\xa2\xe3\x83\x83\xe3\x83\x97\xe3\x83\xad\xe3\x83\xbc\xe3\x83\x89\xe5\x88\xb6\xe9\x99\x90\xe3\x81\xa7\xe3\x81\x99\xe3\x80\x82" "0 \xe3\x81\xa7\xe5\x88\xb6\xe9\x99\x90\xe3\x82\x92\xe7\x84\xa1\xe5\x8a\xb9\xe3\x81\xab\xe3\x81\x97\xe3\x81\xbe\xe3\x81\x99\xe3\x80\x82"},
    {"Capture",
     "\xe6\x92\xae\xe5\xbd\xb1"},
    {"Take a screenshot now",
     "\xe4\xbb\x8a\xe3\x81\x99\xe3\x81\x90\xe3\x82\xb9\xe3\x82\xaf\xe3\x83\xaa\xe3\x83\xbc\xe3\x83\xb3\xe3\x82\xb7\xe3\x83\xa7\xe3\x83\x83\xe3\x83\x88\xe3\x82\x92\xe6\x92\xae\xe3\x82\x8b"},
    {"Screenshot status",
     "\xe3\x82\xb9\xe3\x82\xaf\xe3\x83\xaa\xe3\x83\xbc\xe3\x83\xb3\xe3\x82\xb7\xe3\x83\xa7\xe3\x83\x83\xe3\x83\x88\xe3\x81\xae\xe7\x8a\xb6\xe6\x85\x8b"},
    {"Captures model input/output previews from the last evaluated pass. These exclude look, transfer, game tone mapping and UI; they are not the displayed game frame.",
     "\xe6\x9c\x80\xe5\xbe\x8c\xe3\x81\xab\xe8\xa9\x95\xe4\xbe\xa1\xe3\x81\x95\xe3\x82\x8c\xe3\x81\x9f\xe3\x83\x91\xe3\x82\xb9\xe3\x81\x8b\xe3\x82\x89\xe3\x83\xa2\xe3\x83\x87\xe3\x83\xab\xe3\x81\xae\xe5\x85\xa5\xe5\x8a\x9b/\xe5\x87\xba\xe5\x8a\x9b\xe3\x83\x97\xe3\x83\xac\xe3\x83\x93\xe3\x83\xa5\xe3\x83\xbc\xe3\x82\x92\xe6\x92\xae\xe5\xbd\xb1\xe3\x81\x97\xe3\x81\xbe\xe3\x81\x99\xe3\x80\x82\xe3\x83\xab\xe3\x83\x83\xe3\x82\xaf\xe3\x80\x81\xe8\xbb\xa2\xe9\x80\x81\xe3\x80\x81\xe3\x82\xb2\xe3\x83\xbc\xe3\x83\xa0\xe3\x81\xae\xe3\x83\x88\xe3\x83\xbc\xe3\x83\xb3\xe3\x83\x9e\xe3\x83\x83\xe3\x83\x94\xe3\x83\xb3\xe3\x82\xb0\xe3\x80\x81UI \xe3\x81\xaf\xe5\x90\xab\xe3\x81\xbe\xe3\x82\x8c\xe3\x81\x9a\xe3\x80\x81\xe8\xa1\xa8\xe7\xa4\xba\xe3\x81\x95\xe3\x82\x8c\xe3\x82\x8b\xe3\x82\xb2\xe3\x83\xbc\xe3\x83\xa0\xe3\x83\x95\xe3\x83\xac\xe3\x83\xbc\xe3\x83\xa0\xe3\x81\xa7\xe3\x81\xaf\xe3\x81\x82\xe3\x82\x8a\xe3\x81\xbe\xe3\x81\x9b\xe3\x82\x93\xe3\x80\x82"},
    {"Captures the same final game frame before and after NR at On Present. HDR stays HDR. Your hook setting is restored automatically.",
     "\xe8\xa1\xa8\xe7\xa4\xba\xe6\x99\x82\xe3\x81\xae\xe9\x81\xa9\xe7\x94\xa8\xe4\xbd\x8d\xe7\xbd\xae\xe3\x81\xa7\xe3\x80\x81\xe5\x90\x8c\xe3\x81\x98\xe6\x9c\x80\xe7\xb5\x82\xe3\x82\xb2\xe3\x83\xbc\xe3\x83\xa0\xe3\x83\x95\xe3\x83\xac\xe3\x83\xbc\xe3\x83\xa0\xe3\x82\x92 NR \xe3\x81\xae\xe5\x89\x8d\xe5\xbe\x8c\xe3\x81\xa7\xe6\x92\xae\xe5\xbd\xb1\xe3\x81\x97\xe3\x81\xbe\xe3\x81\x99\xe3\x80\x82HDR \xe3\x81\xaf HDR \xe3\x81\xae\xe3\x81\xbe\xe3\x81\xbe\xe3\x81\xa7\xe3\x81\x99\xe3\x80\x82\xe9\x81\xa9\xe7\x94\xa8\xe4\xbd\x8d\xe7\xbd\xae\xe3\x81\xae\xe8\xa8\xad\xe5\xae\x9a\xe3\x81\xaf\xe8\x87\xaa\xe5\x8b\x95\xe7\x9a\x84\xe3\x81\xab\xe5\x85\x83\xe3\x81\xab\xe6\x88\xbb\xe3\x82\x8a\xe3\x81\xbe\xe3\x81\x99\xe3\x80\x82"},
    {"Model input/output previews; exclude look, transfer, game tone mapping and UI. Not a displayed NR-off/on comparison.",
     "\xe3\x83\xa2\xe3\x83\x87\xe3\x83\xab\xe3\x81\xae\xe5\x85\xa5\xe5\x8a\x9b/\xe5\x87\xba\xe5\x8a\x9b\xe3\x83\x97\xe3\x83\xac\xe3\x83\x93\xe3\x83\xa5\xe3\x83\xbc\xe3\x80\x82\xe3\x83\xab\xe3\x83\x83\xe3\x82\xaf\xe3\x80\x81\xe8\xbb\xa2\xe9\x80\x81\xe3\x80\x81\xe3\x82\xb2\xe3\x83\xbc\xe3\x83\xa0\xe3\x81\xae\xe3\x83\x88\xe3\x83\xbc\xe3\x83\xb3\xe3\x83\x9e\xe3\x83\x83\xe3\x83\x94\xe3\x83\xb3\xe3\x82\xb0\xe3\x80\x81UI \xe3\x81\xaf\xe5\x90\xab\xe3\x81\xbf\xe3\x81\xbe\xe3\x81\x9b\xe3\x82\x93\xe3\x80\x82\xe8\xa1\xa8\xe7\xa4\xba\xe4\xb8\x8a\xe3\x81\xae NR \xe3\x82\xaa\xe3\x83\x95/\xe3\x82\xaa\xe3\x83\xb3\xe3\x81\xae\xe6\xaf\x94\xe8\xbc\x83\xe3\x81\xa7\xe3\x81\xaf\xe3\x81\x82\xe3\x82\x8a\xe3\x81\xbe\xe3\x81\x9b\xe3\x82\x93\xe3\x80\x82"},
    {"ok | %.1f ms GPU",
     "OK | %.1f ms GPU"},
    {"ok",
     "OK"},
    {"failed (0x%08X)",
     "\xe5\xa4\xb1\xe6\x95\x97 (0x%08X)"},
    {"%llu enhanced | %llu bypassed",
     "%llu \xe5\xbc\xb7\xe5\x8c\x96 | %llu \xe3\x82\xb9\xe3\x82\xad\xe3\x83\x83\xe3\x83\x97"},
    {"NGX core",
     "NGX \xe3\x82\xb3\xe3\x82\xa2"},
    {"signed runtime",
     "\xe7\xbd\xb2\xe5\x90\x8d\xe4\xbb\x98\xe3\x81\x8d\xe3\x83\xa9\xe3\x83\xb3\xe3\x82\xbf\xe3\x82\xa4\xe3\x83\xa0"},
    {"Direct3D 11 bridge, before upscaling",
     "Direct3D 11 \xe3\x83\x96\xe3\x83\xaa\xe3\x83\x83\xe3\x82\xb8\xe3\x80\x81\xe3\x82\xa2\xe3\x83\x83\xe3\x83\x97\xe3\x82\xb9\xe3\x82\xb1\xe3\x83\xbc\xe3\x83\xab\xe5\x89\x8d"},
    {"Direct3D 11 bridge, after upscaling",
     "Direct3D 11 \xe3\x83\x96\xe3\x83\xaa\xe3\x83\x83\xe3\x82\xb8\xe3\x80\x81\xe3\x82\xa2\xe3\x83\x83\xe3\x83\x97\xe3\x82\xb9\xe3\x82\xb1\xe3\x83\xbc\xe3\x83\xab\xe5\xbe\x8c"},
    {"Direct3D 12, before upscaling",
     "Direct3D 12\xe3\x80\x81\xe3\x82\xa2\xe3\x83\x83\xe3\x83\x97\xe3\x82\xb9\xe3\x82\xb1\xe3\x83\xbc\xe3\x83\xab\xe5\x89\x8d"},
    {"Direct3D 12, after upscaling",
     "Direct3D 12\xe3\x80\x81\xe3\x82\xa2\xe3\x83\x83\xe3\x83\x97\xe3\x82\xb9\xe3\x82\xb1\xe3\x83\xbc\xe3\x83\xab\xe5\xbe\x8c"},
    {"Direct3D 12, from a DX11 bridge tool",
     "Direct3D 12\xe3\x80\x81" "DX11 \xe3\x83\x96\xe3\x83\xaa\xe3\x83\x83\xe3\x82\xb8\xe3\x83\x84\xe3\x83\xbc\xe3\x83\xab\xe7\xb5\x8c\xe7\x94\xb1"},
    {"Direct3D 11 bridge, at the present",
     "Direct3D 11 \xe3\x83\x96\xe3\x83\xaa\xe3\x83\x83\xe3\x82\xb8\xe3\x80\x81\xe8\xa1\xa8\xe7\xa4\xba\xe6\x99\x82"},
    {"Direct3D 12, at the present",
     "Direct3D 12\xe3\x80\x81\xe8\xa1\xa8\xe7\xa4\xba\xe6\x99\x82"},
    {"not running",
     "\xe5\x81\x9c\xe6\xad\xa2\xe4\xb8\xad"},
    {"Streamline hooks are on (EnableHooks=1). If the game crashes at boot, set EnableHooks=2: NGX-only still covers Streamline's DLSS calls.",
     "Streamline \xe3\x83\x95\xe3\x83\x83\xe3\x82\xaf\xe3\x81\x8c\xe3\x82\xaa\xe3\x83\xb3\xe3\x81\xa7\xe3\x81\x99 (EnableHooks=1)\xe3\x80\x82\xe3\x82\xb2\xe3\x83\xbc\xe3\x83\xa0\xe3\x81\x8c\xe8\xb5\xb7\xe5\x8b\x95\xe6\x99\x82\xe3\x81\xab\xe3\x82\xaf\xe3\x83\xa9\xe3\x83\x83\xe3\x82\xb7\xe3\x83\xa5\xe3\x81\x99\xe3\x82\x8b\xe5\xa0\xb4\xe5\x90\x88\xe3\x81\xaf EnableHooks=2 \xe3\x82\x92\xe8\xa8\xad\xe5\xae\x9a\xe3\x81\x97\xe3\x81\xa6\xe3\x81\x8f\xe3\x81\xa0\xe3\x81\x95\xe3\x81\x84\xe3\x80\x82NGX \xe3\x81\xae\xe3\x81\xbf\xe3\x81\xae\xe3\x83\xa2\xe3\x83\xbc\xe3\x83\x89\xe3\x81\xa7\xe3\x82\x82 Streamline \xe3\x81\xae DLSS \xe5\x91\xbc\xe3\x81\xb3\xe5\x87\xba\xe3\x81\x97\xe3\x81\xab\xe5\xaf\xbe\xe5\xbf\x9c\xe3\x81\x97\xe3\x81\xbe\xe3\x81\x99\xe3\x80\x82"},
    {"You can fix this",
     "\xe8\x87\xaa\xe5\x88\x86\xe3\x81\xa7\xe8\xa7\xa3\xe6\xb1\xba\xe3\x81\xa7\xe3\x81\x8d\xe3\x81\xbe\xe3\x81\x99"},
    {"A limit of this game",
     "\xe3\x81\x93\xe3\x81\xae\xe3\x82\xb2\xe3\x83\xbc\xe3\x83\xa0\xe3\x81\xae\xe5\x88\xb6\xe9\x99\x90"},
    {"A defect in this mod",
     "\xe3\x81\x93\xe3\x81\xae MOD \xe3\x81\xae\xe4\xb8\x8d\xe5\x85\xb7\xe5\x90\x88"},
    {"This is a defect in the mod, not in your setup: please send ReShade.log.",
     "\xe3\x81\x93\xe3\x82\x8c\xe3\x81\xaf MOD \xe3\x81\xae\xe4\xb8\x8d\xe5\x85\xb7\xe5\x90\x88\xe3\x81\xa7\xe3\x80\x81\xe3\x81\x8a\xe4\xbd\xbf\xe3\x81\x84\xe3\x81\xae\xe7\x92\xb0\xe5\xa2\x83\xe3\x81\xae\xe5\x95\x8f\xe9\xa1\x8c\xe3\x81\xa7\xe3\x81\xaf\xe3\x81\x82\xe3\x82\x8a\xe3\x81\xbe\xe3\x81\x9b\xe3\x82\x93\xe3\x80\x82ReShade.log \xe3\x82\x92\xe9\x80\x81\xe3\x81\xa3\xe3\x81\xa6\xe3\x81\x8f\xe3\x81\xa0\xe3\x81\x95\xe3\x81\x84\xe3\x80\x82"},
    {"The game's DLSS is not passing motion vectors",
     "\xe3\x82\xb2\xe3\x83\xbc\xe3\x83\xa0\xe3\x81\xae DLSS \xe3\x81\x8c\xe3\x83\xa2\xe3\x83\xbc\xe3\x82\xb7\xe3\x83\xa7\xe3\x83\xb3\xe3\x83\x99\xe3\x82\xaf\xe3\x83\x88\xe3\x83\xab\xe3\x82\x92\xe6\xb8\xa1\xe3\x81\x97\xe3\x81\xa6\xe3\x81\x84\xe3\x81\xbe\xe3\x81\x9b\xe3\x82\x93"},
    {"NR follows motion through the motion vectors the game hands DLSS. On these frames the game's DLSS call carried none, so NR skipped them and they keep the game's own DLSS image.",
     "NR \xe3\x81\xaf\xe3\x80\x81\xe3\x82\xb2\xe3\x83\xbc\xe3\x83\xa0\xe3\x81\x8c DLSS \xe3\x81\xab\xe6\xb8\xa1\xe3\x81\x99\xe3\x83\xa2\xe3\x83\xbc\xe3\x82\xb7\xe3\x83\xa7\xe3\x83\xb3\xe3\x83\x99\xe3\x82\xaf\xe3\x83\x88\xe3\x83\xab\xe3\x81\xa7\xe5\x8b\x95\xe3\x81\x8d\xe3\x82\x92\xe8\xbf\xbd\xe8\xb7\xa1\xe3\x81\x97\xe3\x81\xbe\xe3\x81\x99\xe3\x80\x82\xe3\x81\x93\xe3\x82\x8c\xe3\x82\x89\xe3\x81\xae\xe3\x83\x95\xe3\x83\xac\xe3\x83\xbc\xe3\x83\xa0\xe3\x81\xa7\xe3\x81\xaf\xe3\x82\xb2\xe3\x83\xbc\xe3\x83\xa0\xe3\x81\xae DLSS \xe5\x91\xbc\xe3\x81\xb3\xe5\x87\xba\xe3\x81\x97\xe3\x81\xab\xe3\x83\xa2\xe3\x83\xbc\xe3\x82\xb7\xe3\x83\xa7\xe3\x83\xb3\xe3\x83\x99\xe3\x82\xaf\xe3\x83\x88\xe3\x83\xab\xe3\x81\x8c\xe5\x90\xab\xe3\x81\xbe\xe3\x82\x8c\xe3\x81\xa6\xe3\x81\x84\xe3\x81\xaa\xe3\x81\x8b\xe3\x81\xa3\xe3\x81\x9f\xe3\x81\x9f\xe3\x82\x81\xe3\x80\x81NR \xe3\x81\xaf\xe3\x82\xb9\xe3\x82\xad\xe3\x83\x83\xe3\x83\x97\xe3\x81\x97\xe3\x80\x81\xe3\x82\xb2\xe3\x83\xbc\xe3\x83\xa0\xe8\x87\xaa\xe4\xbd\x93\xe3\x81\xae DLSS \xe7\x94\xbb\xe5\x83\x8f\xe3\x81\x8c\xe3\x81\x9d\xe3\x81\xae\xe3\x81\xbe\xe3\x81\xbe\xe4\xbd\xbf\xe3\x82\x8f\xe3\x82\x8c\xe3\x81\xbe\xe3\x81\x99\xe3\x80\x82"},
    {"If EnableHooks=1 is already set, the game hands DLSS its motion vectors in a way NR cannot read: please send ReShade.log.",
     "EnableHooks=1 \xe3\x81\x8c\xe3\x81\x99\xe3\x81\xa7\xe3\x81\xab\xe8\xa8\xad\xe5\xae\x9a\xe3\x81\x95\xe3\x82\x8c\xe3\x81\xa6\xe3\x81\x84\xe3\x82\x8b\xe5\xa0\xb4\xe5\x90\x88\xe3\x80\x81\xe3\x82\xb2\xe3\x83\xbc\xe3\x83\xa0\xe3\x81\xaf NR \xe3\x81\x8c\xe8\xaa\xad\xe3\x81\xbf\xe5\x8f\x96\xe3\x82\x8c\xe3\x81\xaa\xe3\x81\x84\xe6\x96\xb9\xe6\xb3\x95\xe3\x81\xa7 DLSS \xe3\x81\xab\xe3\x83\xa2\xe3\x83\xbc\xe3\x82\xb7\xe3\x83\xa7\xe3\x83\xb3\xe3\x83\x99\xe3\x82\xaf\xe3\x83\x88\xe3\x83\xab\xe3\x82\x92\xe6\xb8\xa1\xe3\x81\x97\xe3\x81\xa6\xe3\x81\x84\xe3\x81\xbe\xe3\x81\x99\xe3\x80\x82ReShade.log \xe3\x82\x92\xe9\x80\x81\xe3\x81\xa3\xe3\x81\xa6\xe3\x81\x8f\xe3\x81\xa0\xe3\x81\x95\xe3\x81\x84\xe3\x80\x82"},
    {"%.0f%% of DLSS frames had no motion vectors",
     "DLSS \xe3\x83\x95\xe3\x83\xac\xe3\x83\xbc\xe3\x83\xa0\xe3\x81\xae %.0f%% \xe3\x81\xab\xe3\x83\xa2\xe3\x83\xbc\xe3\x82\xb7\xe3\x83\xa7\xe3\x83\xb3\xe3\x83\x99\xe3\x82\xaf\xe3\x83\x88\xe3\x83\xab\xe3\x81\x8c\xe3\x81\x82\xe3\x82\x8a\xe3\x81\xbe\xe3\x81\x9b\xe3\x82\x93\xe3\x81\xa7\xe3\x81\x97\xe3\x81\x9f"},
    {"The motion stabilizer is running without motion vectors",
     "\xe3\x83\xa2\xe3\x83\xbc\xe3\x82\xb7\xe3\x83\xa7\xe3\x83\xb3\xe5\xae\x89\xe5\xae\x9a\xe5\x8c\x96\xe3\x81\x8c\xe3\x83\xa2\xe3\x83\xbc\xe3\x82\xb7\xe3\x83\xa7\xe3\x83\xb3\xe3\x83\x99\xe3\x82\xaf\xe3\x83\x88\xe3\x83\xab\xe3\x81\xaa\xe3\x81\x97\xe3\x81\xa7\xe5\x8b\x95\xe4\xbd\x9c\xe3\x81\x97\xe3\x81\xa6\xe3\x81\x84\xe3\x81\xbe\xe3\x81\x99"},
    {"Stabilize is set to Motion, but on these frames it had no motion vectors to follow, so it held edges in place while the scene moved: moving edges can smear or shimmer.",
     "\xe5\xae\x89\xe5\xae\x9a\xe5\x8c\x96\xe3\x81\x8c\xe3\x80\x8c\xe3\x83\xa2\xe3\x83\xbc\xe3\x82\xb7\xe3\x83\xa7\xe3\x83\xb3\xe3\x80\x8d\xe3\x81\xab\xe8\xa8\xad\xe5\xae\x9a\xe3\x81\x95\xe3\x82\x8c\xe3\x81\xa6\xe3\x81\x84\xe3\x81\xbe\xe3\x81\x99\xe3\x81\x8c\xe3\x80\x81\xe3\x81\x93\xe3\x82\x8c\xe3\x82\x89\xe3\x81\xae\xe3\x83\x95\xe3\x83\xac\xe3\x83\xbc\xe3\x83\xa0\xe3\x81\xa7\xe3\x81\xaf\xe8\xbf\xbd\xe5\xbe\x93\xe3\x81\x99\xe3\x82\x8b\xe3\x83\xa2\xe3\x83\xbc\xe3\x82\xb7\xe3\x83\xa7\xe3\x83\xb3\xe3\x83\x99\xe3\x82\xaf\xe3\x83\x88\xe3\x83\xab\xe3\x81\x8c\xe3\x81\xaa\xe3\x81\x8b\xe3\x81\xa3\xe3\x81\x9f\xe3\x81\x9f\xe3\x82\x81\xe3\x80\x81\xe3\x82\xb7\xe3\x83\xbc\xe3\x83\xb3\xe3\x81\x8c\xe5\x8b\x95\xe3\x81\x84\xe3\x81\xa6\xe3\x81\x84\xe3\x82\x8b\xe9\x96\x93\xe3\x82\x82\xe3\x82\xa8\xe3\x83\x83\xe3\x82\xb8\xe3\x82\x92\xe3\x81\x9d\xe3\x81\xae\xe5\xa0\xb4\xe3\x81\xab\xe5\x9b\xba\xe5\xae\x9a\xe3\x81\x97\xe3\x81\xbe\xe3\x81\x97\xe3\x81\x9f\xe3\x80\x82\xe5\x8b\x95\xe3\x81\x8f\xe3\x82\xa8\xe3\x83\x83\xe3\x82\xb8\xe3\x81\x8c\xe3\x81\xab\xe3\x81\x98\xe3\x82\x93\xe3\x81\xa0\xe3\x82\x8a\xe3\x80\x81\xe3\x81\xa1\xe3\x82\x89\xe3\x81\xa4\xe3\x81\x84\xe3\x81\x9f\xe3\x82\x8a\xe3\x81\x99\xe3\x82\x8b\xe3\x81\x93\xe3\x81\xa8\xe3\x81\x8c\xe3\x81\x82\xe3\x82\x8a\xe3\x81\xbe\xe3\x81\x99\xe3\x80\x82"},
    {"Set Stabilize to Static in the Look section; it does not need motion vectors.",
     "\xe3\x83\xab\xe3\x83\x83\xe3\x82\xaf\xe3\x82\xbb\xe3\x82\xaf\xe3\x82\xb7\xe3\x83\xa7\xe3\x83\xb3\xe3\x81\xa7\xe5\xae\x89\xe5\xae\x9a\xe5\x8c\x96\xe3\x82\x92\xe3\x80\x8c\xe9\x9d\x99\xe6\xad\xa2\xe3\x80\x8d\xe3\x81\xab\xe8\xa8\xad\xe5\xae\x9a\xe3\x81\x97\xe3\x81\xa6\xe3\x81\x8f\xe3\x81\xa0\xe3\x81\x95\xe3\x81\x84\xe3\x80\x82\xe9\x9d\x99\xe6\xad\xa2\xe3\x81\xaf\xe3\x83\xa2\xe3\x83\xbc\xe3\x82\xb7\xe3\x83\xa7\xe3\x83\xb3\xe3\x83\x99\xe3\x82\xaf\xe3\x83\x88\xe3\x83\xab\xe3\x82\x92\xe5\xbf\x85\xe8\xa6\x81\xe3\x81\xa8\xe3\x81\x97\xe3\x81\xbe\xe3\x81\x9b\xe3\x82\x93\xe3\x80\x82"},
    {"%.0f%% of stabilized frames ran without motion vectors",
     "\xe5\xae\x89\xe5\xae\x9a\xe5\x8c\x96\xe3\x81\x97\xe3\x81\x9f\xe3\x83\x95\xe3\x83\xac\xe3\x83\xbc\xe3\x83\xa0\xe3\x81\xae %.0f%% \xe3\x81\x8c\xe3\x83\xa2\xe3\x83\xbc\xe3\x82\xb7\xe3\x83\xa7\xe3\x83\xb3\xe3\x83\x99\xe3\x82\xaf\xe3\x83\x88\xe3\x83\xab\xe3\x81\xaa\xe3\x81\x97\xe3\x81\xa7\xe5\x87\xa6\xe7\x90\x86\xe3\x81\x95\xe3\x82\x8c\xe3\x81\xbe\xe3\x81\x97\xe3\x81\x9f"},
    {"Motion scale is set to zero",
     "\xe3\x83\xa2\xe3\x83\xbc\xe3\x82\xb7\xe3\x83\xa7\xe3\x83\xb3\xe3\x82\xb9\xe3\x82\xb1\xe3\x83\xbc\xe3\x83\xab\xe3\x81\x8c 0 \xe3\x81\xab\xe8\xa8\xad\xe5\xae\x9a\xe3\x81\x95\xe3\x82\x8c\xe3\x81\xa6\xe3\x81\x84\xe3\x81\xbe\xe3\x81\x99"},
    {"Motion scale X and Y in the Fixes section multiply the game's motion vectors before NR and the motion stabilizer read them. Near zero they see a still scene on every moving frame, which smears motion.",
     "\xe3\x80\x8c\xe4\xbf\xae\xe6\xad\xa3\xe3\x80\x8d\xe3\x82\xbb\xe3\x82\xaf\xe3\x82\xb7\xe3\x83\xa7\xe3\x83\xb3\xe3\x81\xae\xe3\x83\xa2\xe3\x83\xbc\xe3\x82\xb7\xe3\x83\xa7\xe3\x83\xb3\xe3\x82\xb9\xe3\x82\xb1\xe3\x83\xbc\xe3\x83\xab X \xe3\x81\xa8 Y \xe3\x81\xaf\xe3\x80\x81NR \xe3\x81\xa8\xe3\x83\xa2\xe3\x83\xbc\xe3\x82\xb7\xe3\x83\xa7\xe3\x83\xb3\xe5\xae\x89\xe5\xae\x9a\xe5\x8c\x96\xe3\x81\x8c\xe8\xaa\xad\xe3\x81\xbf\xe5\x8f\x96\xe3\x82\x8b\xe5\x89\x8d\xe3\x81\xab\xe3\x82\xb2\xe3\x83\xbc\xe3\x83\xa0\xe3\x81\xae\xe3\x83\xa2\xe3\x83\xbc\xe3\x82\xb7\xe3\x83\xa7\xe3\x83\xb3\xe3\x83\x99\xe3\x82\xaf\xe3\x83\x88\xe3\x83\xab\xe3\x81\xab\xe6\x8e\x9b\xe3\x81\x91\xe3\x82\x89\xe3\x82\x8c\xe3\x81\xbe\xe3\x81\x99\xe3\x80\x82" "0 \xe3\x81\xab\xe8\xbf\x91\xe3\x81\x84\xe3\x81\xa8\xe3\x80\x81\xe5\x8b\x95\xe3\x81\x84\xe3\x81\xa6\xe3\x81\x84\xe3\x82\x8b\xe3\x83\x95\xe3\x83\xac\xe3\x83\xbc\xe3\x83\xa0\xe3\x81\xa7\xe3\x82\x82\xe9\x9d\x99\xe6\xad\xa2\xe3\x81\x97\xe3\x81\x9f\xe3\x82\xb7\xe3\x83\xbc\xe3\x83\xb3\xe3\x81\xa8\xe3\x81\x97\xe3\x81\xa6\xe6\x89\xb1\xe3\x82\x8f\xe3\x82\x8c\xe3\x80\x81\xe5\x8b\x95\xe3\x81\x8d\xe3\x81\x8c\xe3\x81\xab\xe3\x81\x98\xe3\x81\xbf\xe3\x81\xbe\xe3\x81\x99\xe3\x80\x82"},
    {"Reset Motion scale X and Motion scale Y in the Fixes section (NRMVecScaleX=1 and NRMVecScaleY=1).",
     "\xe3\x80\x8c\xe4\xbf\xae\xe6\xad\xa3\xe3\x80\x8d\xe3\x82\xbb\xe3\x82\xaf\xe3\x82\xb7\xe3\x83\xa7\xe3\x83\xb3\xe3\x81\xa7\xe3\x83\xa2\xe3\x83\xbc\xe3\x82\xb7\xe3\x83\xa7\xe3\x83\xb3\xe3\x82\xb9\xe3\x82\xb1\xe3\x83\xbc\xe3\x83\xab X \xe3\x81\xa8\xe3\x83\xa2\xe3\x83\xbc\xe3\x82\xb7\xe3\x83\xa7\xe3\x83\xb3\xe3\x82\xb9\xe3\x82\xb1\xe3\x83\xbc\xe3\x83\xab Y \xe3\x82\x92\xe3\x83\xaa\xe3\x82\xbb\xe3\x83\x83\xe3\x83\x88\xe3\x81\x97\xe3\x81\xa6\xe3\x81\x8f\xe3\x81\xa0\xe3\x81\x95\xe3\x81\x84 (NRMVecScaleX=1\xe3\x80\x81NRMVecScaleY=1)\xe3\x80\x82"},
    {"Motion scale is at %.0f%%",
     "\xe3\x83\xa2\xe3\x83\xbc\xe3\x82\xb7\xe3\x83\xa7\xe3\x83\xb3\xe3\x82\xb9\xe3\x82\xb1\xe3\x83\xbc\xe3\x83\xab\xe3\x81\xaf %.0f%% \xe3\x81\xa7\xe3\x81\x99"},
    {"The game's motion vectors are cut off",
     "\xe3\x82\xb2\xe3\x83\xbc\xe3\x83\xa0\xe3\x81\xae\xe3\x83\xa2\xe3\x83\xbc\xe3\x82\xb7\xe3\x83\xa7\xe3\x83\xb3\xe3\x83\x99\xe3\x82\xaf\xe3\x83\x88\xe3\x83\xab\xe3\x81\x8c\xe6\xac\xa0\xe3\x81\x91\xe3\x81\xa6\xe3\x81\x84\xe3\x81\xbe\xe3\x81\x99"},
    {"The game tells DLSS to read its motion vectors from a window larger than the texture that holds them, so NR reads the part that exists. Nothing to change on your side.",
     "\xe3\x82\xb2\xe3\x83\xbc\xe3\x83\xa0\xe3\x81\xaf\xe3\x80\x81\xe3\x83\xa2\xe3\x83\xbc\xe3\x82\xb7\xe3\x83\xa7\xe3\x83\xb3\xe3\x83\x99\xe3\x82\xaf\xe3\x83\x88\xe3\x83\xab\xe3\x82\x92\xe6\xa0\xbc\xe7\xb4\x8d\xe3\x81\x99\xe3\x82\x8b\xe3\x83\x86\xe3\x82\xaf\xe3\x82\xb9\xe3\x83\x81\xe3\x83\xa3\xe3\x82\x88\xe3\x82\x8a\xe5\xa4\xa7\xe3\x81\x8d\xe3\x81\xaa\xe7\xaf\x84\xe5\x9b\xb2\xe3\x81\x8b\xe3\x82\x89\xe8\xaa\xad\xe3\x81\xbf\xe5\x8f\x96\xe3\x82\x8b\xe3\x82\x88\xe3\x81\x86 DLSS \xe3\x81\xab\xe6\x8c\x87\xe7\xa4\xba\xe3\x81\x97\xe3\x81\xa6\xe3\x81\x84\xe3\x82\x8b\xe3\x81\x9f\xe3\x82\x81\xe3\x80\x81NR \xe3\x81\xaf\xe5\xae\x9f\xe5\x9c\xa8\xe3\x81\x99\xe3\x82\x8b\xe9\x83\xa8\xe5\x88\x86\xe3\x81\xa0\xe3\x81\x91\xe3\x82\x92\xe8\xaa\xad\xe3\x81\xbf\xe5\x8f\x96\xe3\x82\x8a\xe3\x81\xbe\xe3\x81\x99\xe3\x80\x82\xe3\x83\xa6\xe3\x83\xbc\xe3\x82\xb6\xe3\x83\xbc\xe5\x81\xb4\xe3\x81\xa7\xe3\x81\xae\xe5\xaf\xbe\xe5\xbf\x9c\xe3\x81\xaf\xe4\xb8\x8d\xe8\xa6\x81\xe3\x81\xa7\xe3\x81\x99\xe3\x80\x82"},
    {"%.0f%% of DLSS frames",
     "DLSS \xe3\x83\x95\xe3\x83\xac\xe3\x83\xbc\xe3\x83\xa0\xe3\x81\xae %.0f%%"},
    {"The game's motion vectors do not match their declared size",
     "\xe3\x82\xb2\xe3\x83\xbc\xe3\x83\xa0\xe3\x81\xae\xe3\x83\xa2\xe3\x83\xbc\xe3\x82\xb7\xe3\x83\xa7\xe3\x83\xb3\xe3\x83\x99\xe3\x82\xaf\xe3\x83\x88\xe3\x83\xab\xe3\x81\x8c\xe5\xae\xa3\xe8\xa8\x80\xe3\x81\x95\xe3\x82\x8c\xe3\x81\x9f\xe3\x82\xb5\xe3\x82\xa4\xe3\x82\xba\xe3\x81\xa8\xe4\xb8\x80\xe8\x87\xb4\xe3\x81\x97\xe3\x81\xbe\xe3\x81\x9b\xe3\x82\x93"},
    {"The game tells DLSS its motion vectors are at display resolution, but the texture holding them is too small for that, so NR reads them at render resolution.",
     "\xe3\x82\xb2\xe3\x83\xbc\xe3\x83\xa0\xe3\x81\xaf\xe3\x83\xa2\xe3\x83\xbc\xe3\x82\xb7\xe3\x83\xa7\xe3\x83\xb3\xe3\x83\x99\xe3\x82\xaf\xe3\x83\x88\xe3\x83\xab\xe3\x81\x8c\xe8\xa1\xa8\xe7\xa4\xba\xe8\xa7\xa3\xe5\x83\x8f\xe5\xba\xa6\xe3\x81\xa7\xe3\x81\x82\xe3\x82\x8b\xe3\x81\xa8 DLSS \xe3\x81\xab\xe4\xbc\x9d\xe3\x81\x88\xe3\x81\xa6\xe3\x81\x84\xe3\x81\xbe\xe3\x81\x99\xe3\x81\x8c\xe3\x80\x81\xe3\x81\x9d\xe3\x82\x8c\xe3\x82\x92\xe6\xa0\xbc\xe7\xb4\x8d\xe3\x81\x99\xe3\x82\x8b\xe3\x83\x86\xe3\x82\xaf\xe3\x82\xb9\xe3\x83\x81\xe3\x83\xa3\xe3\x81\xaf\xe3\x81\x9d\xe3\x81\xae\xe3\x82\xb5\xe3\x82\xa4\xe3\x82\xba\xe3\x81\xab\xe3\x81\xaf\xe5\xb0\x8f\xe3\x81\x95\xe3\x81\x99\xe3\x81\x8e\xe3\x82\x8b\xe3\x81\x9f\xe3\x82\x81\xe3\x80\x81NR \xe3\x81\xaf\xe3\x83\xac\xe3\x83\xb3\xe3\x83\x80\xe3\x83\xaa\xe3\x83\xb3\xe3\x82\xb0\xe8\xa7\xa3\xe5\x83\x8f\xe5\xba\xa6\xe3\x81\xa7\xe8\xaa\xad\xe3\x81\xbf\xe5\x8f\x96\xe3\x82\x8a\xe3\x81\xbe\xe3\x81\x99\xe3\x80\x82"},
    {"If moving edges trail with NR on, please send ReShade.log: it names the sizes the game declared.",
     "NR \xe3\x82\x92\xe3\x82\xaa\xe3\x83\xb3\xe3\x81\xab\xe3\x81\x99\xe3\x82\x8b\xe3\x81\xa8\xe5\x8b\x95\xe3\x81\x8f\xe3\x82\xa8\xe3\x83\x83\xe3\x82\xb8\xe3\x81\x8c\xe5\xb0\xbe\xe3\x82\x92\xe5\xbc\x95\xe3\x81\x8f\xe5\xa0\xb4\xe5\x90\x88\xe3\x81\xaf\xe3\x80\x81ReShade.log \xe3\x82\x92\xe9\x80\x81\xe3\x81\xa3\xe3\x81\xa6\xe3\x81\x8f\xe3\x81\xa0\xe3\x81\x95\xe3\x81\x84\xe3\x80\x82\xe3\x82\xb2\xe3\x83\xbc\xe3\x83\xa0\xe3\x81\x8c\xe5\xae\xa3\xe8\xa8\x80\xe3\x81\x97\xe3\x81\x9f\xe3\x82\xb5\xe3\x82\xa4\xe3\x82\xba\xe3\x81\x8c\xe8\xa8\x98\xe9\x8c\xb2\xe3\x81\x95\xe3\x82\x8c\xe3\x81\xa6\xe3\x81\x84\xe3\x81\xbe\xe3\x81\x99\xe3\x80\x82"},
    {"The game sent an unusable motion vector scale",
     "\xe3\x82\xb2\xe3\x83\xbc\xe3\x83\xa0\xe3\x81\x8c\xe4\xbd\xbf\xe7\x94\xa8\xe3\x81\xa7\xe3\x81\x8d\xe3\x81\xaa\xe3\x81\x84\xe3\x83\xa2\xe3\x83\xbc\xe3\x82\xb7\xe3\x83\xa7\xe3\x83\xb3\xe3\x83\x99\xe3\x82\xaf\xe3\x83\x88\xe3\x83\xab\xe3\x81\xae\xe3\x82\xb9\xe3\x82\xb1\xe3\x83\xbc\xe3\x83\xab\xe3\x82\x92\xe9\x80\x81\xe3\x82\x8a\xe3\x81\xbe\xe3\x81\x97\xe3\x81\x9f"},
    {"The game's DLSS call set the motion vector scale to 0 or to a value that is not a number, so NR reads it as 1, the value DLSS itself uses. Nothing to change on your side.",
     "\xe3\x82\xb2\xe3\x83\xbc\xe3\x83\xa0\xe3\x81\xae DLSS \xe5\x91\xbc\xe3\x81\xb3\xe5\x87\xba\xe3\x81\x97\xe3\x81\xa7\xe3\x83\xa2\xe3\x83\xbc\xe3\x82\xb7\xe3\x83\xa7\xe3\x83\xb3\xe3\x83\x99\xe3\x82\xaf\xe3\x83\x88\xe3\x83\xab\xe3\x81\xae\xe3\x82\xb9\xe3\x82\xb1\xe3\x83\xbc\xe3\x83\xab\xe3\x81\x8c 0 \xe3\x81\xbe\xe3\x81\x9f\xe3\x81\xaf\xe6\x95\xb0\xe5\x80\xa4\xe3\x81\xa7\xe3\x81\xaa\xe3\x81\x84\xe5\x80\xa4\xe3\x81\xab\xe8\xa8\xad\xe5\xae\x9a\xe3\x81\x95\xe3\x82\x8c\xe3\x81\xa6\xe3\x81\x84\xe3\x81\x9f\xe3\x81\x9f\xe3\x82\x81\xe3\x80\x81NR \xe3\x81\xaf DLSS \xe8\x87\xaa\xe4\xbd\x93\xe3\x81\xa8\xe5\x90\x8c\xe3\x81\x98 1 \xe3\x81\xa8\xe3\x81\x97\xe3\x81\xa6\xe8\xaa\xad\xe3\x81\xbf\xe5\x8f\x96\xe3\x82\x8a\xe3\x81\xbe\xe3\x81\x99\xe3\x80\x82\xe3\x83\xa6\xe3\x83\xbc\xe3\x82\xb6\xe3\x83\xbc\xe5\x81\xb4\xe3\x81\xa7\xe3\x81\xae\xe5\xaf\xbe\xe5\xbf\x9c\xe3\x81\xaf\xe4\xb8\x8d\xe8\xa6\x81\xe3\x81\xa7\xe3\x81\x99\xe3\x80\x82"},
    {"The game's motion vectors include camera jitter",
     "\xe3\x82\xb2\xe3\x83\xbc\xe3\x83\xa0\xe3\x81\xae\xe3\x83\xa2\xe3\x83\xbc\xe3\x82\xb7\xe3\x83\xa7\xe3\x83\xb3\xe3\x83\x99\xe3\x82\xaf\xe3\x83\x88\xe3\x83\xab\xe3\x81\xab\xe3\x82\xab\xe3\x83\xa1\xe3\x83\xa9\xe3\x81\xae\xe3\x82\xb8\xe3\x83\x83\xe3\x82\xbf\xe3\x83\xbc\xe3\x81\x8c\xe5\x90\xab\xe3\x81\xbe\xe3\x82\x8c\xe3\x81\xa6\xe3\x81\x84\xe3\x81\xbe\xe3\x81\x99"},
    {"The game marks its motion vectors as jittered. The NR runtime has no setting for that, so NR follows motion slightly less precisely in this game. Nothing to change on your side.",
     "\xe3\x82\xb2\xe3\x83\xbc\xe3\x83\xa0\xe3\x81\xaf\xe3\x83\xa2\xe3\x83\xbc\xe3\x82\xb7\xe3\x83\xa7\xe3\x83\xb3\xe3\x83\x99\xe3\x82\xaf\xe3\x83\x88\xe3\x83\xab\xe3\x81\xab\xe3\x82\xb8\xe3\x83\x83\xe3\x82\xbf\xe3\x83\xbc\xe3\x81\x8c\xe5\x90\xab\xe3\x81\xbe\xe3\x82\x8c\xe3\x82\x8b\xe3\x81\xa8\xe3\x83\x9e\xe3\x83\xbc\xe3\x82\xaf\xe3\x81\x97\xe3\x81\xa6\xe3\x81\x84\xe3\x81\xbe\xe3\x81\x99\xe3\x80\x82NR \xe3\x83\xa9\xe3\x83\xb3\xe3\x82\xbf\xe3\x82\xa4\xe3\x83\xa0\xe3\x81\xab\xe3\x81\xaf\xe3\x81\x93\xe3\x82\x8c\xe3\x81\xab\xe5\xaf\xbe\xe5\xbf\x9c\xe3\x81\x99\xe3\x82\x8b\xe8\xa8\xad\xe5\xae\x9a\xe3\x81\x8c\xe3\x81\xaa\xe3\x81\x84\xe3\x81\x9f\xe3\x82\x81\xe3\x80\x81\xe3\x81\x93\xe3\x81\xae\xe3\x82\xb2\xe3\x83\xbc\xe3\x83\xa0\xe3\x81\xa7\xe3\x81\xaf NR \xe3\x81\xae\xe5\x8b\x95\xe3\x81\x8d\xe3\x81\xae\xe8\xbf\xbd\xe5\xbe\x93\xe7\xb2\xbe\xe5\xba\xa6\xe3\x81\x8c\xe3\x82\x8f\xe3\x81\x9a\xe3\x81\x8b\xe3\x81\xab\xe4\xb8\x8b\xe3\x81\x8c\xe3\x82\x8a\xe3\x81\xbe\xe3\x81\x99\xe3\x80\x82\xe3\x83\xa6\xe3\x83\xbc\xe3\x82\xb6\xe3\x83\xbc\xe5\x81\xb4\xe3\x81\xa7\xe3\x81\xae\xe5\xaf\xbe\xe5\xbf\x9c\xe3\x81\xaf\xe4\xb8\x8d\xe8\xa6\x81\xe3\x81\xa7\xe3\x81\x99\xe3\x80\x82"},
    {"The game's DLSS output area is larger than its image",
     "\xe3\x82\xb2\xe3\x83\xbc\xe3\x83\xa0\xe3\x81\xae DLSS \xe5\x87\xba\xe5\x8a\x9b\xe9\xa0\x98\xe5\x9f\x9f\xe3\x81\x8c\xe7\x94\xbb\xe5\x83\x8f\xe3\x82\x88\xe3\x82\x8a\xe5\xa4\xa7\xe3\x81\x8d\xe3\x81\x8f\xe3\x81\xaa\xe3\x81\xa3\xe3\x81\xa6\xe3\x81\x84\xe3\x81\xbe\xe3\x81\x99"},
    {"The game tells DLSS to write an area that does not fit inside its output image, so NR works on the part that fits. Nothing to change on your side.",
     "\xe3\x82\xb2\xe3\x83\xbc\xe3\x83\xa0\xe3\x81\xaf\xe5\x87\xba\xe5\x8a\x9b\xe7\x94\xbb\xe5\x83\x8f\xe3\x81\xab\xe5\x8f\x8e\xe3\x81\xbe\xe3\x82\x89\xe3\x81\xaa\xe3\x81\x84\xe9\xa0\x98\xe5\x9f\x9f\xe3\x81\xb8\xe3\x81\xae\xe6\x9b\xb8\xe3\x81\x8d\xe8\xbe\xbc\xe3\x81\xbf\xe3\x82\x92 DLSS \xe3\x81\xab\xe6\x8c\x87\xe7\xa4\xba\xe3\x81\x97\xe3\x81\xa6\xe3\x81\x84\xe3\x82\x8b\xe3\x81\x9f\xe3\x82\x81\xe3\x80\x81NR \xe3\x81\xaf\xe5\x8f\x8e\xe3\x81\xbe\xe3\x82\x8b\xe9\x83\xa8\xe5\x88\x86\xe3\x81\xa0\xe3\x81\x91\xe3\x82\x92\xe5\x87\xa6\xe7\x90\x86\xe3\x81\x97\xe3\x81\xbe\xe3\x81\x99\xe3\x80\x82\xe3\x83\xa6\xe3\x83\xbc\xe3\x82\xb6\xe3\x83\xbc\xe5\x81\xb4\xe3\x81\xa7\xe3\x81\xae\xe5\xaf\xbe\xe5\xbf\x9c\xe3\x81\xaf\xe4\xb8\x8d\xe8\xa6\x81\xe3\x81\xa7\xe3\x81\x99\xe3\x80\x82"},
    {"NR is skipping frames to protect the image",
     "NR \xe3\x81\xaf\xe7\x94\xbb\xe5\x83\x8f\xe3\x82\x92\xe5\xae\x88\xe3\x82\x8b\xe3\x81\x9f\xe3\x82\x81\xe3\x81\xab\xe3\x83\x95\xe3\x83\xac\xe3\x83\xbc\xe3\x83\xa0\xe3\x82\x92\xe3\x82\xb9\xe3\x82\xad\xe3\x83\x83\xe3\x83\x97\xe3\x81\x97\xe3\x81\xa6\xe3\x81\x84\xe3\x81\xbe\xe3\x81\x99"},
    {"On these frames NR could not put the game's GPU state back safely after its pass, so it left them alone. They show the game's own DLSS image, which can look like NR flickering on and off.",
     "\xe3\x81\x93\xe3\x82\x8c\xe3\x82\x89\xe3\x81\xae\xe3\x83\x95\xe3\x83\xac\xe3\x83\xbc\xe3\x83\xa0\xe3\x81\xa7\xe3\x81\xaf\xe3\x80\x81NR \xe3\x81\x8c\xe5\x87\xa6\xe7\x90\x86\xe5\xbe\x8c\xe3\x81\xab\xe3\x82\xb2\xe3\x83\xbc\xe3\x83\xa0\xe3\x81\xae GPU \xe7\x8a\xb6\xe6\x85\x8b\xe3\x82\x92\xe5\xae\x89\xe5\x85\xa8\xe3\x81\xab\xe6\x88\xbb\xe3\x81\x9b\xe3\x81\xaa\xe3\x81\x8b\xe3\x81\xa3\xe3\x81\x9f\xe3\x81\x9f\xe3\x82\x81\xe3\x80\x81\xe6\x89\x8b\xe3\x82\x92\xe5\x8a\xa0\xe3\x81\x88\xe3\x81\xbe\xe3\x81\x9b\xe3\x82\x93\xe3\x81\xa7\xe3\x81\x97\xe3\x81\x9f\xe3\x80\x82\xe3\x82\xb2\xe3\x83\xbc\xe3\x83\xa0\xe8\x87\xaa\xe4\xbd\x93\xe3\x81\xae DLSS \xe7\x94\xbb\xe5\x83\x8f\xe3\x81\x8c\xe8\xa1\xa8\xe7\xa4\xba\xe3\x81\x95\xe3\x82\x8c\xe3\x82\x8b\xe3\x81\x9f\xe3\x82\x81\xe3\x80\x81NR \xe3\x81\x8c\xe3\x82\xaa\xe3\x83\xb3\xe3\x81\xa8\xe3\x82\xaa\xe3\x83\x95\xe3\x82\x92\xe7\xb9\xb0\xe3\x82\x8a\xe8\xbf\x94\xe3\x81\x97\xe3\x81\xa6\xe3\x81\x84\xe3\x82\x8b\xe3\x82\x88\xe3\x81\x86\xe3\x81\xab\xe8\xa6\x8b\xe3\x81\x88\xe3\x82\x8b\xe3\x81\x93\xe3\x81\xa8\xe3\x81\x8c\xe3\x81\x82\xe3\x82\x8a\xe3\x81\xbe\xe3\x81\x99\xe3\x80\x82"},
    {"%.0f%% of DLSS frames skipped",
     "DLSS \xe3\x83\x95\xe3\x83\xac\xe3\x83\xbc\xe3\x83\xa0\xe3\x81\xae %.0f%% \xe3\x82\x92\xe3\x82\xb9\xe3\x82\xad\xe3\x83\x83\xe3\x83\x97"},
    {"NR failed on some frames and is retrying",
     "NR \xe3\x81\x8c\xe4\xb8\x80\xe9\x83\xa8\xe3\x81\xae\xe3\x83\x95\xe3\x83\xac\xe3\x83\xbc\xe3\x83\xa0\xe3\x81\xa7\xe5\xa4\xb1\xe6\x95\x97\xe3\x81\x97\xe3\x80\x81\xe5\x86\x8d\xe8\xa9\xa6\xe8\xa1\x8c\xe3\x81\x97\xe3\x81\xa6\xe3\x81\x84\xe3\x81\xbe\xe3\x81\x99"},
    {"NR's pass failed to start on these frames and waits a moment before it tries again, so they keep the game's own DLSS image.",
     "\xe3\x81\x93\xe3\x82\x8c\xe3\x82\x89\xe3\x81\xae\xe3\x83\x95\xe3\x83\xac\xe3\x83\xbc\xe3\x83\xa0\xe3\x81\xa7\xe3\x81\xaf NR \xe3\x81\xae\xe5\x87\xa6\xe7\x90\x86\xe3\x82\x92\xe9\x96\x8b\xe5\xa7\x8b\xe3\x81\xa7\xe3\x81\x8d\xe3\x81\x9a\xe3\x80\x81\xe5\xb0\x91\xe3\x81\x97\xe5\xbe\x85\xe3\x81\xa3\xe3\x81\xa6\xe3\x81\x8b\xe3\x82\x89\xe5\x86\x8d\xe8\xa9\xa6\xe8\xa1\x8c\xe3\x81\x99\xe3\x82\x8b\xe3\x81\x9f\xe3\x82\x81\xe3\x80\x81\xe3\x82\xb2\xe3\x83\xbc\xe3\x83\xa0\xe8\x87\xaa\xe4\xbd\x93\xe3\x81\xae DLSS \xe7\x94\xbb\xe5\x83\x8f\xe3\x81\x8c\xe3\x81\x9d\xe3\x81\xae\xe3\x81\xbe\xe3\x81\xbe\xe4\xbd\xbf\xe3\x82\x8f\xe3\x82\x8c\xe3\x81\xbe\xe3\x81\x99\xe3\x80\x82"},
    {"If you raised Stack passes or Resolution scale, lower them again: running out of video memory ends here.",
     "\xe3\x83\x91\xe3\x82\xb9\xe6\x95\xb0\xe3\x82\x84\xe8\xa7\xa3\xe5\x83\x8f\xe5\xba\xa6\xe3\x82\xb9\xe3\x82\xb1\xe3\x83\xbc\xe3\x83\xab\xe3\x82\x92\xe4\xb8\x8a\xe3\x81\x92\xe3\x81\x9f\xe5\xa0\xb4\xe5\x90\x88\xe3\x81\xaf\xe3\x80\x81\xe4\xb8\x8b\xe3\x81\x92\xe7\x9b\xb4\xe3\x81\x97\xe3\x81\xa6\xe3\x81\x8f\xe3\x81\xa0\xe3\x81\x95\xe3\x81\x84\xe3\x80\x82\xe3\x83\x93\xe3\x83\x87\xe3\x82\xaa\xe3\x83\xa1\xe3\x83\xa2\xe3\x83\xaa\xe3\x81\x8c\xe4\xb8\x8d\xe8\xb6\xb3\xe3\x81\x99\xe3\x82\x8b\xe3\x81\xa8\xe3\x80\x81\xe3\x81\x93\xe3\x81\xae\xe7\x8a\xb6\xe6\x85\x8b\xe3\x81\xab\xe3\x81\xaa\xe3\x82\x8a\xe3\x81\xbe\xe3\x81\x99\xe3\x80\x82"},
    {"Otherwise this is a defect in the mod: please send ReShade.log, which names the failing step.",
     "\xe3\x81\x9d\xe3\x82\x8c\xe4\xbb\xa5\xe5\xa4\x96\xe3\x81\xae\xe5\xa0\xb4\xe5\x90\x88\xe3\x81\xaf MOD \xe3\x81\xae\xe4\xb8\x8d\xe5\x85\xb7\xe5\x90\x88\xe3\x81\xa7\xe3\x81\x99\xe3\x80\x82\xe5\xa4\xb1\xe6\x95\x97\xe3\x81\x97\xe3\x81\x9f\xe3\x82\xb9\xe3\x83\x86\xe3\x83\x83\xe3\x83\x97\xe3\x81\x8c\xe8\xa8\x98\xe9\x8c\xb2\xe3\x81\x95\xe3\x82\x8c\xe3\x81\x9f ReShade.log \xe3\x82\x92\xe9\x80\x81\xe3\x81\xa3\xe3\x81\xa6\xe3\x81\x8f\xe3\x81\xa0\xe3\x81\x95\xe3\x81\x84\xe3\x80\x82"},
    {"Streamline hands NR incomplete frames",
     "Streamline \xe3\x81\x8c NR \xe3\x81\xab\xe4\xb8\x8d\xe5\xae\x8c\xe5\x85\xa8\xe3\x81\xaa\xe3\x83\x95\xe3\x83\xac\xe3\x83\xbc\xe3\x83\xa0\xe3\x82\x92\xe6\xb8\xa1\xe3\x81\x97\xe3\x81\xa6\xe3\x81\x84\xe3\x81\xbe\xe3\x81\x99"},
    {"This game runs DLSS through NVIDIA Streamline, and on these frames Streamline had not provided every input NR needs, so NR skipped them. Nothing to change on your side.",
     "\xe3\x81\x93\xe3\x81\xae\xe3\x82\xb2\xe3\x83\xbc\xe3\x83\xa0\xe3\x81\xaf NVIDIA Streamline \xe7\xb5\x8c\xe7\x94\xb1\xe3\x81\xa7 DLSS \xe3\x82\x92\xe5\xae\x9f\xe8\xa1\x8c\xe3\x81\x97\xe3\x81\xa6\xe3\x81\x8a\xe3\x82\x8a\xe3\x80\x81\xe3\x81\x93\xe3\x82\x8c\xe3\x82\x89\xe3\x81\xae\xe3\x83\x95\xe3\x83\xac\xe3\x83\xbc\xe3\x83\xa0\xe3\x81\xa7\xe3\x81\xaf NR \xe3\x81\xab\xe5\xbf\x85\xe8\xa6\x81\xe3\x81\xaa\xe5\x85\xa5\xe5\x8a\x9b\xe3\x81\x8c Streamline \xe3\x81\x8b\xe3\x82\x89\xe3\x81\x99\xe3\x81\xb9\xe3\x81\xa6\xe6\x8f\x90\xe4\xbe\x9b\xe3\x81\x95\xe3\x82\x8c\xe3\x81\xa6\xe3\x81\x84\xe3\x81\xaa\xe3\x81\x8b\xe3\x81\xa3\xe3\x81\x9f\xe3\x81\x9f\xe3\x82\x81\xe3\x80\x81NR \xe3\x81\xaf\xe3\x82\xb9\xe3\x82\xad\xe3\x83\x83\xe3\x83\x97\xe3\x81\x97\xe3\x81\xbe\xe3\x81\x97\xe3\x81\x9f\xe3\x80\x82\xe3\x83\xa6\xe3\x83\xbc\xe3\x82\xb6\xe3\x83\xbc\xe5\x81\xb4\xe3\x81\xa7\xe3\x81\xae\xe5\xaf\xbe\xe5\xbf\x9c\xe3\x81\xaf\xe4\xb8\x8d\xe8\xa6\x81\xe3\x81\xa7\xe3\x81\x99\xe3\x80\x82"},
    {"NR can't run before upscaling in this game",
     "\xe3\x81\x93\xe3\x81\xae\xe3\x82\xb2\xe3\x83\xbc\xe3\x83\xa0\xe3\x81\xa7\xe3\x81\xaf NR \xe3\x82\x92\xe3\x82\xa2\xe3\x83\x83\xe3\x83\x97\xe3\x82\xb9\xe3\x82\xb1\xe3\x83\xbc\xe3\x83\xab\xe5\x89\x8d\xe3\x81\xab\xe5\xae\x9f\xe8\xa1\x8c\xe3\x81\xa7\xe3\x81\x8d\xe3\x81\xbe\xe3\x81\x9b\xe3\x82\x93"},
    {"Before upscaling reads the image the game hands DLSS, and on these frames that image (or the motion vectors or depth beside it) has a shape NR cannot use, so they keep the game's own DLSS image.",
     "\xe3\x80\x8c\xe3\x82\xa2\xe3\x83\x83\xe3\x83\x97\xe3\x82\xb9\xe3\x82\xb1\xe3\x83\xbc\xe3\x83\xab\xe5\x89\x8d\xe3\x80\x8d\xe3\x81\xaf\xe3\x82\xb2\xe3\x83\xbc\xe3\x83\xa0\xe3\x81\x8c DLSS \xe3\x81\xab\xe6\xb8\xa1\xe3\x81\x99\xe7\x94\xbb\xe5\x83\x8f\xe3\x82\x92\xe8\xaa\xad\xe3\x81\xbf\xe5\x8f\x96\xe3\x82\x8a\xe3\x81\xbe\xe3\x81\x99\xe3\x81\x8c\xe3\x80\x81\xe3\x81\x93\xe3\x82\x8c\xe3\x82\x89\xe3\x81\xae\xe3\x83\x95\xe3\x83\xac\xe3\x83\xbc\xe3\x83\xa0\xe3\x81\xa7\xe3\x81\xaf\xe3\x81\x9d\xe3\x81\xae\xe7\x94\xbb\xe5\x83\x8f (\xe3\x81\xbe\xe3\x81\x9f\xe3\x81\xaf\xe4\xb8\x80\xe7\xb7\x92\xe3\x81\xab\xe6\xb8\xa1\xe3\x81\x95\xe3\x82\x8c\xe3\x82\x8b\xe3\x83\xa2\xe3\x83\xbc\xe3\x82\xb7\xe3\x83\xa7\xe3\x83\xb3\xe3\x83\x99\xe3\x82\xaf\xe3\x83\x88\xe3\x83\xab\xe3\x82\x84\xe6\xb7\xb1\xe5\xba\xa6) \xe3\x81\x8c NR \xe3\x81\xa7\xe4\xbd\xbf\xe3\x81\x88\xe3\x81\xaa\xe3\x81\x84\xe5\xbd\xa2\xe5\xbc\x8f\xe3\x81\xa0\xe3\x81\xa3\xe3\x81\x9f\xe3\x81\x9f\xe3\x82\x81\xe3\x80\x81\xe3\x82\xb2\xe3\x83\xbc\xe3\x83\xa0\xe8\x87\xaa\xe4\xbd\x93\xe3\x81\xae DLSS \xe7\x94\xbb\xe5\x83\x8f\xe3\x81\x8c\xe3\x81\x9d\xe3\x81\xae\xe3\x81\xbe\xe3\x81\xbe\xe4\xbd\xbf\xe3\x82\x8f\xe3\x82\x8c\xe3\x81\xbe\xe3\x81\x99\xe3\x80\x82"},
    {"Set Hook point to Upscaled in the Neural Rendering section (NRHookPoint=0).",
     "\xe3\x80\x8cNeural Rendering\xe3\x80\x8d\xe3\x82\xbb\xe3\x82\xaf\xe3\x82\xb7\xe3\x83\xa7\xe3\x83\xb3\xe3\x81\xa7\xe3\x80\x8c\xe9\x81\xa9\xe7\x94\xa8\xe4\xbd\x8d\xe7\xbd\xae\xe3\x80\x8d\xe3\x82\x92\xe3\x80\x8c\xe3\x82\xa2\xe3\x83\x83\xe3\x83\x97\xe3\x82\xb9\xe3\x82\xb1\xe3\x83\xbc\xe3\x83\xab\xe5\xbe\x8c\xe3\x80\x8d\xe3\x81\xab\xe8\xa8\xad\xe5\xae\x9a\xe3\x81\x97\xe3\x81\xa6\xe3\x81\x8f\xe3\x81\xa0\xe3\x81\x95\xe3\x81\x84 (NRHookPoint=0)\xe3\x80\x82"},
    {"The game's DLSS output has a shape NR can't replace",
     "\xe3\x82\xb2\xe3\x83\xbc\xe3\x83\xa0\xe3\x81\xae DLSS \xe5\x87\xba\xe5\x8a\x9b\xe3\x81\x8c NR \xe3\x81\xa7\xe7\xbd\xae\xe3\x81\x8d\xe6\x8f\x9b\xe3\x81\x88\xe3\x82\x89\xe3\x82\x8c\xe3\x81\xaa\xe3\x81\x84\xe5\xbd\xa2\xe5\xbc\x8f\xe3\x81\xa7\xe3\x81\x99"},
    {"On these frames the game's DLSS wrote into an output NR cannot replace (a texture array or a multisampled texture), so they keep the game's own DLSS image. Nothing to change on your side.",
     "\xe3\x81\x93\xe3\x82\x8c\xe3\x82\x89\xe3\x81\xae\xe3\x83\x95\xe3\x83\xac\xe3\x83\xbc\xe3\x83\xa0\xe3\x81\xa7\xe3\x81\xaf\xe3\x80\x81\xe3\x82\xb2\xe3\x83\xbc\xe3\x83\xa0\xe3\x81\xae DLSS \xe3\x81\x8c NR \xe3\x81\xa7\xe7\xbd\xae\xe3\x81\x8d\xe6\x8f\x9b\xe3\x81\x88\xe3\x82\x89\xe3\x82\x8c\xe3\x81\xaa\xe3\x81\x84\xe5\x87\xba\xe5\x8a\x9b (\xe3\x83\x86\xe3\x82\xaf\xe3\x82\xb9\xe3\x83\x81\xe3\x83\xa3\xe9\x85\x8d\xe5\x88\x97\xe3\x81\xbe\xe3\x81\x9f\xe3\x81\xaf\xe3\x83\x9e\xe3\x83\xab\xe3\x83\x81\xe3\x82\xb5\xe3\x83\xb3\xe3\x83\x97\xe3\x83\xab\xe3\x83\x86\xe3\x82\xaf\xe3\x82\xb9\xe3\x83\x81\xe3\x83\xa3) \xe3\x81\xab\xe6\x9b\xb8\xe3\x81\x8d\xe8\xbe\xbc\xe3\x82\x93\xe3\x81\xa0\xe3\x81\x9f\xe3\x82\x81\xe3\x80\x81\xe3\x82\xb2\xe3\x83\xbc\xe3\x83\xa0\xe8\x87\xaa\xe4\xbd\x93\xe3\x81\xae DLSS \xe7\x94\xbb\xe5\x83\x8f\xe3\x81\x8c\xe3\x81\x9d\xe3\x81\xae\xe3\x81\xbe\xe3\x81\xbe\xe4\xbd\xbf\xe3\x82\x8f\xe3\x82\x8c\xe3\x81\xbe\xe3\x81\x99\xe3\x80\x82\xe3\x83\xa6\xe3\x83\xbc\xe3\x82\xb6\xe3\x83\xbc\xe5\x81\xb4\xe3\x81\xa7\xe3\x81\xae\xe5\xaf\xbe\xe5\xbf\x9c\xe3\x81\xaf\xe4\xb8\x8d\xe8\xa6\x81\xe3\x81\xa7\xe3\x81\x99\xe3\x80\x82"},
    {"NR's Direct3D 11 bridge can't keep up",
     "NR \xe3\x81\xae Direct3D 11 \xe3\x83\x96\xe3\x83\xaa\xe3\x83\x83\xe3\x82\xb8\xe3\x81\x8c\xe8\xbf\xbd\xe3\x81\x84\xe3\x81\xa4\xe3\x81\x84\xe3\x81\xa6\xe3\x81\x84\xe3\x81\xbe\xe3\x81\x9b\xe3\x82\x93"},
    {"In this Direct3D 11 game NR runs on a second, Direct3D 12 device, and on these frames that device was still busy with earlier ones, so they keep the game's own DLSS image.",
     "\xe3\x81\x93\xe3\x81\xae Direct3D 11 \xe3\x81\xae\xe3\x82\xb2\xe3\x83\xbc\xe3\x83\xa0\xe3\x81\xa7\xe3\x81\xaf\xe3\x80\x81NR \xe3\x81\xaf 2 \xe3\x81\xa4\xe7\x9b\xae\xe3\x81\xae Direct3D 12 \xe3\x83\x87\xe3\x83\x90\xe3\x82\xa4\xe3\x82\xb9\xe3\x81\xa7\xe5\x8b\x95\xe4\xbd\x9c\xe3\x81\x97\xe3\x81\xbe\xe3\x81\x99\xe3\x80\x82\xe3\x81\x93\xe3\x82\x8c\xe3\x82\x89\xe3\x81\xae\xe3\x83\x95\xe3\x83\xac\xe3\x83\xbc\xe3\x83\xa0\xe3\x81\xa7\xe3\x81\xaf\xe3\x81\x9d\xe3\x81\xae\xe3\x83\x87\xe3\x83\x90\xe3\x82\xa4\xe3\x82\xb9\xe3\x81\x8c\xe5\x89\x8d\xe3\x81\xae\xe3\x83\x95\xe3\x83\xac\xe3\x83\xbc\xe3\x83\xa0\xe3\x82\x92\xe5\x87\xa6\xe7\x90\x86\xe4\xb8\xad\xe3\x81\xa0\xe3\x81\xa3\xe3\x81\x9f\xe3\x81\x9f\xe3\x82\x81\xe3\x80\x81\xe3\x82\xb2\xe3\x83\xbc\xe3\x83\xa0\xe8\x87\xaa\xe4\xbd\x93\xe3\x81\xae DLSS \xe7\x94\xbb\xe5\x83\x8f\xe3\x81\x8c\xe3\x81\x9d\xe3\x81\xae\xe3\x81\xbe\xe3\x81\xbe\xe4\xbd\xbf\xe3\x82\x8f\xe3\x82\x8c\xe3\x81\xbe\xe3\x81\x99\xe3\x80\x82"},
    {"Lower Resolution scale or Stack passes, or cap the game's frame rate.",
     "\xe8\xa7\xa3\xe5\x83\x8f\xe5\xba\xa6\xe3\x82\xb9\xe3\x82\xb1\xe3\x83\xbc\xe3\x83\xab\xe3\x81\x8b\xe3\x83\x91\xe3\x82\xb9\xe6\x95\xb0\xe3\x82\x92\xe4\xb8\x8b\xe3\x81\x92\xe3\x82\x8b\xe3\x81\x8b\xe3\x80\x81\xe3\x82\xb2\xe3\x83\xbc\xe3\x83\xa0\xe3\x81\xae\xe3\x83\x95\xe3\x83\xac\xe3\x83\xbc\xe3\x83\xa0\xe3\x83\xac\xe3\x83\xbc\xe3\x83\x88\xe3\x82\x92\xe5\x88\xb6\xe9\x99\x90\xe3\x81\x97\xe3\x81\xa6\xe3\x81\x8f\xe3\x81\xa0\xe3\x81\x95\xe3\x81\x84\xe3\x80\x82"},
    {"NR's Direct3D 11 bridge stalled",
     "NR \xe3\x81\xae Direct3D 11 \xe3\x83\x96\xe3\x83\xaa\xe3\x83\x83\xe3\x82\xb8\xe3\x81\x8c\xe5\x81\x9c\xe6\xbb\x9e\xe3\x81\x97\xe3\x81\xa6\xe3\x81\x84\xe3\x81\xbe\xe3\x81\x99"},
    {"The Direct3D 12 device NR runs on beside this game stopped answering or is restarting, so frames keep the game's own DLSS image until it recovers.",
     "\xe3\x81\x93\xe3\x81\xae\xe3\x82\xb2\xe3\x83\xbc\xe3\x83\xa0\xe3\x81\xa8\xe4\xb8\xa6\xe8\xa1\x8c\xe3\x81\x97\xe3\x81\xa6 NR \xe3\x81\x8c\xe4\xbd\xbf\xe7\x94\xa8\xe3\x81\x97\xe3\x81\xa6\xe3\x81\x84\xe3\x82\x8b Direct3D 12 \xe3\x83\x87\xe3\x83\x90\xe3\x82\xa4\xe3\x82\xb9\xe3\x81\x8c\xe5\xbf\x9c\xe7\xad\x94\xe3\x81\x97\xe3\x81\xaa\xe3\x81\x8f\xe3\x81\xaa\xe3\x81\xa3\xe3\x81\x9f\xe3\x81\x8b\xe5\x86\x8d\xe8\xb5\xb7\xe5\x8b\x95\xe4\xb8\xad\xe3\x81\xae\xe3\x81\x9f\xe3\x82\x81\xe3\x80\x81\xe5\x9b\x9e\xe5\xbe\xa9\xe3\x81\x99\xe3\x82\x8b\xe3\x81\xbe\xe3\x81\xa7\xe3\x82\xb2\xe3\x83\xbc\xe3\x83\xa0\xe8\x87\xaa\xe4\xbd\x93\xe3\x81\xae DLSS \xe7\x94\xbb\xe5\x83\x8f\xe3\x81\x8c\xe3\x81\x9d\xe3\x81\xae\xe3\x81\xbe\xe3\x81\xbe\xe4\xbd\xbf\xe3\x82\x8f\xe3\x82\x8c\xe3\x81\xbe\xe3\x81\x99\xe3\x80\x82"},
    {"If it keeps happening, restart the game and update the NVIDIA driver.",
     "\xe7\xb9\xb0\xe3\x82\x8a\xe8\xbf\x94\xe3\x81\x97\xe7\x99\xba\xe7\x94\x9f\xe3\x81\x99\xe3\x82\x8b\xe5\xa0\xb4\xe5\x90\x88\xe3\x81\xaf\xe3\x80\x81\xe3\x82\xb2\xe3\x83\xbc\xe3\x83\xa0\xe3\x82\x92\xe5\x86\x8d\xe8\xb5\xb7\xe5\x8b\x95\xe3\x81\x97\xe3\x80\x81NVIDIA \xe3\x83\x89\xe3\x83\xa9\xe3\x82\xa4\xe3\x83\x90\xe3\x83\xbc\xe3\x82\x92\xe6\x9b\xb4\xe6\x96\xb0\xe3\x81\x97\xe3\x81\xa6\xe3\x81\x8f\xe3\x81\xa0\xe3\x81\x95\xe3\x81\x84\xe3\x80\x82"},
    {"Some of this game's DLSS frames can't reach NR",
     "\xe3\x81\x93\xe3\x81\xae\xe3\x82\xb2\xe3\x83\xbc\xe3\x83\xa0\xe3\x81\xae DLSS \xe3\x83\x95\xe3\x83\xac\xe3\x83\xbc\xe3\x83\xa0\xe3\x81\xae\xe4\xb8\x80\xe9\x83\xa8\xe3\x81\x8c NR \xe3\x81\xab\xe5\xb1\x8a\xe3\x81\x8d\xe3\x81\xbe\xe3\x81\x9b\xe3\x82\x93"},
    {"On these frames the game's DLSS surfaces use a format, multisampling or context the Direct3D 11 bridge cannot share, so they keep the game's own DLSS image. Nothing to change on your side.",
     "\xe3\x81\x93\xe3\x82\x8c\xe3\x82\x89\xe3\x81\xae\xe3\x83\x95\xe3\x83\xac\xe3\x83\xbc\xe3\x83\xa0\xe3\x81\xa7\xe3\x81\xaf\xe3\x80\x81\xe3\x82\xb2\xe3\x83\xbc\xe3\x83\xa0\xe3\x81\xae DLSS \xe3\x82\xb5\xe3\x83\xbc\xe3\x83\x95\xe3\x82\xa7\xe3\x82\xb9\xe3\x81\x8c Direct3D 11 \xe3\x83\x96\xe3\x83\xaa\xe3\x83\x83\xe3\x82\xb8\xe3\x81\xa7\xe5\x85\xb1\xe6\x9c\x89\xe3\x81\xa7\xe3\x81\x8d\xe3\x81\xaa\xe3\x81\x84\xe3\x83\x95\xe3\x82\xa9\xe3\x83\xbc\xe3\x83\x9e\xe3\x83\x83\xe3\x83\x88\xe3\x80\x81\xe3\x83\x9e\xe3\x83\xab\xe3\x83\x81\xe3\x82\xb5\xe3\x83\xb3\xe3\x83\x97\xe3\x83\xaa\xe3\x83\xb3\xe3\x82\xb0\xe3\x80\x81\xe3\x81\xbe\xe3\x81\x9f\xe3\x81\xaf\xe3\x82\xb3\xe3\x83\xb3\xe3\x83\x86\xe3\x82\xad\xe3\x82\xb9\xe3\x83\x88\xe3\x82\x92\xe4\xbd\xbf\xe7\x94\xa8\xe3\x81\x97\xe3\x81\xa6\xe3\x81\x84\xe3\x82\x8b\xe3\x81\x9f\xe3\x82\x81\xe3\x80\x81\xe3\x82\xb2\xe3\x83\xbc\xe3\x83\xa0\xe8\x87\xaa\xe4\xbd\x93\xe3\x81\xae DLSS \xe7\x94\xbb\xe5\x83\x8f\xe3\x81\x8c\xe3\x81\x9d\xe3\x81\xae\xe3\x81\xbe\xe3\x81\xbe\xe4\xbd\xbf\xe3\x82\x8f\xe3\x82\x8c\xe3\x81\xbe\xe3\x81\x99\xe3\x80\x82\xe3\x83\xa6\xe3\x83\xbc\xe3\x82\xb6\xe3\x83\xbc\xe5\x81\xb4\xe3\x81\xa7\xe3\x81\xae\xe5\xaf\xbe\xe5\xbf\x9c\xe3\x81\xaf\xe4\xb8\x8d\xe8\xa6\x81\xe3\x81\xa7\xe3\x81\x99\xe3\x80\x82"},
    {"NR is stuck waiting after a display change",
     "\xe8\xa1\xa8\xe7\xa4\xba\xe3\x81\xae\xe5\xa4\x89\xe6\x9b\xb4\xe5\xbe\x8c\xe3\x80\x81NR \xe3\x81\x8c\xe5\xbe\x85\xe6\xa9\x9f\xe3\x81\x97\xe3\x81\x9f\xe3\x81\xbe\xe3\x81\xbe\xe6\xad\xa2\xe3\x81\xbe\xe3\x81\xa3\xe3\x81\xa6\xe3\x81\x84\xe3\x81\xbe\xe3\x81\x99"},
    {"After the game rebuilt its swapchain (a resolution, window or display change), NR waits for its old work to finish before it restarts. It has waited unusually long, and frames keep the game's own DLSS image meanwhile.",
     "\xe3\x82\xb2\xe3\x83\xbc\xe3\x83\xa0\xe3\x81\x8c\xe3\x82\xb9\xe3\x83\xaf\xe3\x83\x83\xe3\x83\x97\xe3\x83\x81\xe3\x82\xa7\xe3\x83\xbc\xe3\x83\xb3\xe3\x82\x92\xe5\x86\x8d\xe4\xbd\x9c\xe6\x88\x90\xe3\x81\x97\xe3\x81\x9f\xe5\xbe\x8c (\xe8\xa7\xa3\xe5\x83\x8f\xe5\xba\xa6\xe3\x80\x81\xe3\x82\xa6\xe3\x82\xa3\xe3\x83\xb3\xe3\x83\x89\xe3\x82\xa6\xe3\x80\x81\xe3\x83\x87\xe3\x82\xa3\xe3\x82\xb9\xe3\x83\x97\xe3\x83\xac\xe3\x82\xa4\xe3\x81\xae\xe5\xa4\x89\xe6\x9b\xb4)\xe3\x80\x81NR \xe3\x81\xaf\xe4\xbb\xa5\xe5\x89\x8d\xe3\x81\xae\xe5\x87\xa6\xe7\x90\x86\xe3\x81\xae\xe5\xae\x8c\xe4\xba\x86\xe3\x82\x92\xe5\xbe\x85\xe3\x81\xa3\xe3\x81\xa6\xe3\x81\x8b\xe3\x82\x89\xe5\x86\x8d\xe9\x96\x8b\xe3\x81\x97\xe3\x81\xbe\xe3\x81\x99\xe3\x80\x82\xe5\xbe\x85\xe6\xa9\x9f\xe3\x81\x8c\xe7\x95\xb0\xe5\xb8\xb8\xe3\x81\xab\xe9\x95\xb7\xe3\x81\x8f\xe3\x81\xaa\xe3\x81\xa3\xe3\x81\xa6\xe3\x81\x8a\xe3\x82\x8a\xe3\x80\x81\xe3\x81\x9d\xe3\x81\xae\xe9\x96\x93\xe3\x81\xaf\xe3\x82\xb2\xe3\x83\xbc\xe3\x83\xa0\xe8\x87\xaa\xe4\xbd\x93\xe3\x81\xae DLSS \xe7\x94\xbb\xe5\x83\x8f\xe3\x81\x8c\xe3\x81\x9d\xe3\x81\xae\xe3\x81\xbe\xe3\x81\xbe\xe4\xbd\xbf\xe3\x82\x8f\xe3\x82\x8c\xe3\x81\xbe\xe3\x81\x99\xe3\x80\x82"},
    {"NR skipped frames without saying why",
     "NR \xe3\x81\x8c\xe7\x90\x86\xe7\x94\xb1\xe3\x82\x92\xe7\xa4\xba\xe3\x81\x95\xe3\x81\x9a\xe3\x81\xab\xe3\x83\x95\xe3\x83\xac\xe3\x83\xbc\xe3\x83\xa0\xe3\x82\x92\xe3\x82\xb9\xe3\x82\xad\xe3\x83\x83\xe3\x83\x97\xe3\x81\x97\xe3\x81\xbe\xe3\x81\x97\xe3\x81\x9f"},
    {"Every frame NR leaves alone should have a named reason, and on these frames none was recorded.",
     "NR \xe3\x81\x8c\xe5\x87\xa6\xe7\x90\x86\xe3\x81\x97\xe3\x81\xaa\xe3\x81\x84\xe3\x83\x95\xe3\x83\xac\xe3\x83\xbc\xe3\x83\xa0\xe3\x81\xab\xe3\x81\xaf\xe5\xbf\x85\xe3\x81\x9a\xe7\x90\x86\xe7\x94\xb1\xe3\x81\x8c\xe8\xa8\x98\xe9\x8c\xb2\xe3\x81\x95\xe3\x82\x8c\xe3\x82\x8b\xe3\x81\xaf\xe3\x81\x9a\xe3\x81\xa7\xe3\x81\x99\xe3\x81\x8c\xe3\x80\x81\xe3\x81\x93\xe3\x82\x8c\xe3\x82\x89\xe3\x81\xae\xe3\x83\x95\xe3\x83\xac\xe3\x83\xbc\xe3\x83\xa0\xe3\x81\xab\xe3\x81\xaf\xe8\xa8\x98\xe9\x8c\xb2\xe3\x81\x8c\xe3\x81\x82\xe3\x82\x8a\xe3\x81\xbe\xe3\x81\x9b\xe3\x82\x93\xe3\x81\xa7\xe3\x81\x97\xe3\x81\x9f\xe3\x80\x82"},
    {"NR keeps rebuilding its working surfaces",
     "NR \xe3\x81\x8c\xe4\xbd\x9c\xe6\xa5\xad\xe7\x94\xa8\xe3\x82\xb5\xe3\x83\xbc\xe3\x83\x95\xe3\x82\xa7\xe3\x82\xb9\xe3\x82\x92\xe4\xbd\x95\xe5\xba\xa6\xe3\x82\x82\xe4\xbd\x9c\xe3\x82\x8a\xe7\x9b\xb4\xe3\x81\x97\xe3\x81\xa6\xe3\x81\x84\xe3\x81\xbe\xe3\x81\x99"},
    {"The game rotates its DLSS output through more images than NR keeps ready, so NR throws its surfaces away and builds new ones over and over. That costs frame rate.",
     "\xe3\x82\xb2\xe3\x83\xbc\xe3\x83\xa0\xe3\x81\x8c NR \xe3\x81\xae\xe6\xba\x96\xe5\x82\x99\xe6\x95\xb0\xe3\x82\x88\xe3\x82\x8a\xe5\xa4\x9a\xe3\x81\x8f\xe3\x81\xae\xe7\x94\xbb\xe5\x83\x8f\xe3\x81\xa7 DLSS \xe5\x87\xba\xe5\x8a\x9b\xe3\x82\x92\xe5\x88\x87\xe3\x82\x8a\xe6\x9b\xbf\xe3\x81\x88\xe3\x81\xa6\xe3\x81\x84\xe3\x82\x8b\xe3\x81\x9f\xe3\x82\x81\xe3\x80\x81NR \xe3\x81\xaf\xe3\x82\xb5\xe3\x83\xbc\xe3\x83\x95\xe3\x82\xa7\xe3\x82\xb9\xe3\x82\x92\xe7\xa0\xb4\xe6\xa3\x84\xe3\x81\x97\xe3\x81\xa6\xe3\x81\xaf\xe4\xbd\x9c\xe3\x82\x8a\xe7\x9b\xb4\xe3\x81\x99\xe3\x81\x93\xe3\x81\xa8\xe3\x82\x92\xe7\xb9\xb0\xe3\x82\x8a\xe8\xbf\x94\xe3\x81\x97\xe3\x81\xa6\xe3\x81\x84\xe3\x81\xbe\xe3\x81\x99\xe3\x80\x82\xe3\x81\x93\xe3\x82\x8c\xe3\x81\xab\xe3\x82\x88\xe3\x82\x8a\xe3\x83\x95\xe3\x83\xac\xe3\x83\xbc\xe3\x83\xa0\xe3\x83\xac\xe3\x83\xbc\xe3\x83\x88\xe3\x81\x8c\xe4\xb8\x8b\xe3\x81\x8c\xe3\x82\x8a\xe3\x81\xbe\xe3\x81\x99\xe3\x80\x82"},
    {"Set NRMaxWorksets=8 in [RenoDX.DLSS5] in ReShade.ini and restart the game.",
     "ReShade.ini \xe3\x81\xae [RenoDX.DLSS5] \xe3\x81\xa7 NRMaxWorksets=8 \xe3\x82\x92\xe8\xa8\xad\xe5\xae\x9a\xe3\x81\x97\xe3\x80\x81\xe3\x82\xb2\xe3\x83\xbc\xe3\x83\xa0\xe3\x82\x92\xe5\x86\x8d\xe8\xb5\xb7\xe5\x8b\x95\xe3\x81\x97\xe3\x81\xa6\xe3\x81\x8f\xe3\x81\xa0\xe3\x81\x95\xe3\x81\x84\xe3\x80\x82"},
    {"If it is already 8, please send ReShade.log.",
     "\xe3\x81\x99\xe3\x81\xa7\xe3\x81\xab 8 \xe3\x81\xae\xe5\xa0\xb4\xe5\x90\x88\xe3\x81\xaf\xe3\x80\x81ReShade.log \xe3\x82\x92\xe9\x80\x81\xe3\x81\xa3\xe3\x81\xa6\xe3\x81\x8f\xe3\x81\xa0\xe3\x81\x95\xe3\x81\x84\xe3\x80\x82"},
    {"%.0f rebuilds per 100 enhanced frames",
     "\xe5\xbc\xb7\xe5\x8c\x96 100 \xe3\x83\x95\xe3\x83\xac\xe3\x83\xbc\xe3\x83\xa0\xe3\x81\x82\xe3\x81\x9f\xe3\x82\x8a %.0f \xe5\x9b\x9e\xe3\x81\xae\xe5\x86\x8d\xe4\xbd\x9c\xe6\x88\x90"},
    {"NR's brightness reading is stuck",
     "NR \xe3\x81\xae\xe6\x98\x8e\xe3\x82\x8b\xe3\x81\x95\xe3\x81\xae\xe8\xaa\xad\xe3\x81\xbf\xe5\x8f\x96\xe3\x82\x8a\xe3\x81\x8c\xe6\xad\xa2\xe3\x81\xbe\xe3\x81\xa3\xe3\x81\xa6\xe3\x81\x84\xe3\x81\xbe\xe3\x81\x99"},
    {"NR reads the game's exposure to set the brightness it feeds the model. On these frames it had no free slot to read it and reused an older value, so brightness changes can lag or pump.",
     "NR \xe3\x81\xaf\xe3\x82\xb2\xe3\x83\xbc\xe3\x83\xa0\xe3\x81\xae\xe9\x9c\xb2\xe5\x87\xba\xe3\x82\x92\xe8\xaa\xad\xe3\x81\xbf\xe5\x8f\x96\xe3\x82\x8a\xe3\x80\x81\xe3\x83\xa2\xe3\x83\x87\xe3\x83\xab\xe3\x81\xab\xe6\xb8\xa1\xe3\x81\x99\xe6\x98\x8e\xe3\x82\x8b\xe3\x81\x95\xe3\x82\x92\xe6\xb1\xba\xe3\x82\x81\xe3\x81\xbe\xe3\x81\x99\xe3\x80\x82\xe3\x81\x93\xe3\x82\x8c\xe3\x82\x89\xe3\x81\xae\xe3\x83\x95\xe3\x83\xac\xe3\x83\xbc\xe3\x83\xa0\xe3\x81\xa7\xe3\x81\xaf\xe8\xaa\xad\xe3\x81\xbf\xe5\x8f\x96\xe3\x82\x8a\xe7\x94\xa8\xe3\x81\xae\xe7\xa9\xba\xe3\x81\x8d\xe3\x82\xb9\xe3\x83\xad\xe3\x83\x83\xe3\x83\x88\xe3\x81\x8c\xe3\x81\xaa\xe3\x81\x8f\xe5\x8f\xa4\xe3\x81\x84\xe5\x80\xa4\xe3\x82\x92\xe5\x86\x8d\xe5\x88\xa9\xe7\x94\xa8\xe3\x81\x97\xe3\x81\x9f\xe3\x81\x9f\xe3\x82\x81\xe3\x80\x81\xe6\x98\x8e\xe3\x82\x8b\xe3\x81\x95\xe3\x81\xae\xe5\xa4\x89\xe5\x8c\x96\xe3\x81\x8c\xe9\x81\x85\xe3\x82\x8c\xe3\x81\x9f\xe3\x82\x8a\xe8\x84\x88\xe5\x8b\x95\xe3\x81\x97\xe3\x81\x9f\xe3\x82\x8a\xe3\x81\x99\xe3\x82\x8b\xe3\x81\x93\xe3\x81\xa8\xe3\x81\x8c\xe3\x81\x82\xe3\x82\x8a\xe3\x81\xbe\xe3\x81\x99\xe3\x80\x82"},
    {"Set Brightness source to v1 (frame meter) in the Fixes section (NRFeedMode=1).",
     "\xe3\x80\x8c\xe4\xbf\xae\xe6\xad\xa3\xe3\x80\x8d\xe3\x82\xbb\xe3\x82\xaf\xe3\x82\xb7\xe3\x83\xa7\xe3\x83\xb3\xe3\x81\xa7\xe6\x98\x8e\xe3\x82\x8b\xe3\x81\x95\xe3\x81\xae\xe3\x82\xbd\xe3\x83\xbc\xe3\x82\xb9\xe3\x82\x92\xe3\x80\x8cv1 (\xe3\x83\x95\xe3\x83\xac\xe3\x83\xbc\xe3\x83\xa0\xe6\xb8\xac\xe5\x85\x89)\xe3\x80\x8d\xe3\x81\xab\xe8\xa8\xad\xe5\xae\x9a\xe3\x81\x97\xe3\x81\xa6\xe3\x81\x8f\xe3\x81\xa0\xe3\x81\x95\xe3\x81\x84 (NRFeedMode=1)\xe3\x80\x82"},
    {"%.0f%% of frames reused an old exposure",
     "\xe3\x83\x95\xe3\x83\xac\xe3\x83\xbc\xe3\x83\xa0\xe3\x81\xae %.0f%% \xe3\x81\xa7\xe5\x8f\xa4\xe3\x81\x84\xe9\x9c\xb2\xe5\x87\xba\xe3\x82\x92\xe5\x86\x8d\xe5\x88\xa9\xe7\x94\xa8"},
    {"The game's exposure data looks wrong",
     "\xe3\x82\xb2\xe3\x83\xbc\xe3\x83\xa0\xe3\x81\xae\xe9\x9c\xb2\xe5\x87\xba\xe3\x83\x87\xe3\x83\xbc\xe3\x82\xbf\xe3\x81\x8c\xe6\xad\xa3\xe3\x81\x97\xe3\x81\x8f\xe3\x81\xaa\xe3\x81\x84\xe3\x82\x88\xe3\x81\x86\xe3\x81\xa7\xe3\x81\x99"},
    {"On these frames the exposure value the game hands DLSS did not fit the image, so NR measures the brightness itself with its built-in meter instead.",
     "\xe3\x81\x93\xe3\x82\x8c\xe3\x82\x89\xe3\x81\xae\xe3\x83\x95\xe3\x83\xac\xe3\x83\xbc\xe3\x83\xa0\xe3\x81\xa7\xe3\x81\xaf\xe3\x80\x81\xe3\x82\xb2\xe3\x83\xbc\xe3\x83\xa0\xe3\x81\x8c DLSS \xe3\x81\xab\xe6\xb8\xa1\xe3\x81\x99\xe9\x9c\xb2\xe5\x87\xba\xe5\x80\xa4\xe3\x81\x8c\xe7\x94\xbb\xe5\x83\x8f\xe3\x81\xa8\xe5\x90\x88\xe3\x82\x8f\xe3\x81\xaa\xe3\x81\x8b\xe3\x81\xa3\xe3\x81\x9f\xe3\x81\x9f\xe3\x82\x81\xe3\x80\x81NR \xe3\x81\xaf\xe4\xbb\xa3\xe3\x82\x8f\xe3\x82\x8a\xe3\x81\xab\xe5\x86\x85\xe8\x94\xb5\xe3\x81\xae\xe6\xb8\xac\xe5\x85\x89\xe3\x81\xa7\xe8\x87\xaa\xe3\x82\x89\xe6\x98\x8e\xe3\x82\x8b\xe3\x81\x95\xe3\x82\x92\xe6\xb8\xac\xe5\xae\x9a\xe3\x81\x97\xe3\x81\xbe\xe3\x81\x99\xe3\x80\x82"},
    {"%.0f%% of checked frames used the built-in meter",
     "\xe3\x83\x81\xe3\x82\xa7\xe3\x83\x83\xe3\x82\xaf\xe3\x81\x97\xe3\x81\x9f\xe3\x83\x95\xe3\x83\xac\xe3\x83\xbc\xe3\x83\xa0\xe3\x81\xae %.0f%% \xe3\x81\xa7\xe5\x86\x85\xe8\x94\xb5\xe3\x81\xae\xe6\xb8\xac\xe5\x85\x89\xe3\x82\x92\xe4\xbd\xbf\xe7\x94\xa8"},
    {"NR couldn't check the game's exposure data",
     "NR \xe3\x81\x8c\xe3\x82\xb2\xe3\x83\xbc\xe3\x83\xa0\xe3\x81\xae\xe9\x9c\xb2\xe5\x87\xba\xe3\x83\x87\xe3\x83\xbc\xe3\x82\xbf\xe3\x82\x92\xe7\xa2\xba\xe8\xaa\x8d\xe3\x81\xa7\xe3\x81\x8d\xe3\x81\xbe\xe3\x81\x9b\xe3\x82\x93\xe3\x81\xa7\xe3\x81\x97\xe3\x81\x9f"},
    {"NR checks a sample of frames to confirm the game's exposure value fits the image; on these frames the check could not be read, so a wrong value would go unnoticed.",
     "NR \xe3\x81\xaf\xe4\xb8\x80\xe9\x83\xa8\xe3\x81\xae\xe3\x83\x95\xe3\x83\xac\xe3\x83\xbc\xe3\x83\xa0\xe3\x82\x92\xe3\x82\xb5\xe3\x83\xb3\xe3\x83\x97\xe3\x83\xab\xe3\x81\xa8\xe3\x81\x97\xe3\x81\xa6\xe3\x83\x81\xe3\x82\xa7\xe3\x83\x83\xe3\x82\xaf\xe3\x81\x97\xe3\x80\x81\xe3\x82\xb2\xe3\x83\xbc\xe3\x83\xa0\xe3\x81\xae\xe9\x9c\xb2\xe5\x87\xba\xe5\x80\xa4\xe3\x81\x8c\xe7\x94\xbb\xe5\x83\x8f\xe3\x81\xab\xe5\x90\x88\xe3\x81\xa3\xe3\x81\xa6\xe3\x81\x84\xe3\x82\x8b\xe3\x81\x8b\xe3\x82\x92\xe7\xa2\xba\xe8\xaa\x8d\xe3\x81\x97\xe3\x81\xa6\xe3\x81\x84\xe3\x81\xbe\xe3\x81\x99\xe3\x80\x82\xe3\x81\x93\xe3\x82\x8c\xe3\x82\x89\xe3\x81\xae\xe3\x83\x95\xe3\x83\xac\xe3\x83\xbc\xe3\x83\xa0\xe3\x81\xa7\xe3\x81\xaf\xe3\x83\x81\xe3\x82\xa7\xe3\x83\x83\xe3\x82\xaf\xe7\xb5\x90\xe6\x9e\x9c\xe3\x82\x92\xe8\xaa\xad\xe3\x81\xbf\xe5\x8f\x96\xe3\x82\x8c\xe3\x81\xaa\xe3\x81\x8b\xe3\x81\xa3\xe3\x81\x9f\xe3\x81\x9f\xe3\x82\x81\xe3\x80\x81\xe8\xaa\xa4\xe3\x81\xa3\xe3\x81\x9f\xe5\x80\xa4\xe3\x81\x8c\xe3\x81\x82\xe3\x81\xa3\xe3\x81\xa6\xe3\x82\x82\xe6\xa4\x9c\xe5\x87\xba\xe3\x81\x95\xe3\x82\x8c\xe3\x81\xbe\xe3\x81\x9b\xe3\x82\x93\xe3\x80\x82"},
    {"%.0f%% of checks could not be read",
     "\xe3\x83\x81\xe3\x82\xa7\xe3\x83\x83\xe3\x82\xaf\xe3\x81\xae %.0f%% \xe3\x82\x92\xe8\xaa\xad\xe3\x81\xbf\xe5\x8f\x96\xe3\x82\x8c\xe3\x81\xbe\xe3\x81\x9b\xe3\x82\x93\xe3\x81\xa7\xe3\x81\x97\xe3\x81\x9f"},
    {"NR can't read the game's exposure texture",
     "NR \xe3\x81\x8c\xe3\x82\xb2\xe3\x83\xbc\xe3\x83\xa0\xe3\x81\xae\xe9\x9c\xb2\xe5\x87\xba\xe3\x83\x86\xe3\x82\xaf\xe3\x82\xb9\xe3\x83\x81\xe3\x83\xa3\xe3\x82\x92\xe8\xaa\xad\xe3\x81\xbf\xe5\x8f\x96\xe3\x82\x8c\xe3\x81\xbe\xe3\x81\x9b\xe3\x82\x93"},
    {"The game hands DLSS an exposure texture in a format or shape NR cannot read, so NR measures the brightness itself with its built-in meter. Nothing to change on your side.",
     "\xe3\x82\xb2\xe3\x83\xbc\xe3\x83\xa0\xe3\x81\x8c NR \xe3\x81\xa7\xe8\xaa\xad\xe3\x81\xbf\xe5\x8f\x96\xe3\x82\x8c\xe3\x81\xaa\xe3\x81\x84\xe3\x83\x95\xe3\x82\xa9\xe3\x83\xbc\xe3\x83\x9e\xe3\x83\x83\xe3\x83\x88\xe3\x81\xbe\xe3\x81\x9f\xe3\x81\xaf\xe5\xbd\xa2\xe7\x8a\xb6\xe3\x81\xae\xe9\x9c\xb2\xe5\x87\xba\xe3\x83\x86\xe3\x82\xaf\xe3\x82\xb9\xe3\x83\x81\xe3\x83\xa3\xe3\x82\x92 DLSS \xe3\x81\xab\xe6\xb8\xa1\xe3\x81\x97\xe3\x81\xa6\xe3\x81\x84\xe3\x82\x8b\xe3\x81\x9f\xe3\x82\x81\xe3\x80\x81NR \xe3\x81\xaf\xe5\x86\x85\xe8\x94\xb5\xe3\x81\xae\xe6\xb8\xac\xe5\x85\x89\xe3\x81\xa7\xe8\x87\xaa\xe3\x82\x89\xe6\x98\x8e\xe3\x82\x8b\xe3\x81\x95\xe3\x82\x92\xe6\xb8\xac\xe5\xae\x9a\xe3\x81\x97\xe3\x81\xbe\xe3\x81\x99\xe3\x80\x82\xe3\x83\xa6\xe3\x83\xbc\xe3\x82\xb6\xe3\x83\xbc\xe5\x81\xb4\xe3\x81\xa7\xe3\x81\xae\xe5\xaf\xbe\xe5\xbf\x9c\xe3\x81\xaf\xe4\xb8\x8d\xe8\xa6\x81\xe3\x81\xa7\xe3\x81\x99\xe3\x80\x82"},
    {"The GPU is short on video memory",
     "GPU \xe3\x81\xae\xe3\x83\x93\xe3\x83\x87\xe3\x82\xaa\xe3\x83\xa1\xe3\x83\xa2\xe3\x83\xaa\xe3\x81\x8c\xe4\xb8\x8d\xe8\xb6\xb3\xe3\x81\x97\xe3\x81\xa6\xe3\x81\x84\xe3\x81\xbe\xe3\x81\x99"},
    {"The game and NR together use more video memory than Windows grants the game, so Windows moves some of it to system memory. Expect stutter and a lower frame rate.",
     "\xe3\x82\xb2\xe3\x83\xbc\xe3\x83\xa0\xe3\x81\xa8 NR \xe3\x82\x92\xe5\x90\x88\xe3\x82\x8f\xe3\x81\x9b\xe3\x81\x9f\xe3\x83\x93\xe3\x83\x87\xe3\x82\xaa\xe3\x83\xa1\xe3\x83\xa2\xe3\x83\xaa\xe4\xbd\xbf\xe7\x94\xa8\xe9\x87\x8f\xe3\x81\x8c\xe3\x80\x81Windows \xe3\x81\x8c\xe3\x82\xb2\xe3\x83\xbc\xe3\x83\xa0\xe3\x81\xab\xe5\x89\xb2\xe3\x82\x8a\xe5\xbd\x93\xe3\x81\xa6\xe3\x82\x8b\xe9\x87\x8f\xe3\x82\x92\xe8\xb6\x85\xe3\x81\x88\xe3\x81\xa6\xe3\x81\x84\xe3\x82\x8b\xe3\x81\x9f\xe3\x82\x81\xe3\x80\x81Windows \xe3\x81\xaf\xe4\xb8\x80\xe9\x83\xa8\xe3\x82\x92\xe3\x82\xb7\xe3\x82\xb9\xe3\x83\x86\xe3\x83\xa0\xe3\x83\xa1\xe3\x83\xa2\xe3\x83\xaa\xe3\x81\xab\xe7\xa7\xbb\xe3\x81\x97\xe3\x81\xa6\xe3\x81\x84\xe3\x81\xbe\xe3\x81\x99\xe3\x80\x82\xe3\x82\xab\xe3\x82\xaf\xe3\x81\xa4\xe3\x81\x8d\xe3\x82\x84\xe3\x83\x95\xe3\x83\xac\xe3\x83\xbc\xe3\x83\xa0\xe3\x83\xac\xe3\x83\xbc\xe3\x83\x88\xe3\x81\xae\xe4\xbd\x8e\xe4\xb8\x8b\xe3\x81\x8c\xe7\x99\xba\xe7\x94\x9f\xe3\x81\x97\xe3\x81\xbe\xe3\x81\x99\xe3\x80\x82"},
    {"Lower Resolution scale or Stack passes in NR, or texture quality in the game.",
     "NR \xe3\x81\xae\xe8\xa7\xa3\xe5\x83\x8f\xe5\xba\xa6\xe3\x82\xb9\xe3\x82\xb1\xe3\x83\xbc\xe3\x83\xab\xe3\x81\x8b\xe3\x83\x91\xe3\x82\xb9\xe6\x95\xb0\xe3\x80\x81\xe3\x81\xbe\xe3\x81\x9f\xe3\x81\xaf\xe3\x82\xb2\xe3\x83\xbc\xe3\x83\xa0\xe3\x81\xae\xe3\x83\x86\xe3\x82\xaf\xe3\x82\xb9\xe3\x83\x81\xe3\x83\xa3\xe5\x93\x81\xe8\xb3\xaa\xe3\x82\x92\xe4\xb8\x8b\xe3\x81\x92\xe3\x81\xa6\xe3\x81\x8f\xe3\x81\xa0\xe3\x81\x95\xe3\x81\x84\xe3\x80\x82"},
    {"%.0f%% of the video memory budget in use",
     "\xe3\x83\x93\xe3\x83\x87\xe3\x82\xaa\xe3\x83\xa1\xe3\x83\xa2\xe3\x83\xaa\xe4\xba\x88\xe7\xae\x97\xe3\x81\xae %.0f%% \xe3\x82\x92\xe4\xbd\xbf\xe7\x94\xa8\xe4\xb8\xad"},
    {"Some ReShade.ini values could not be used as written",
     "ReShade.ini \xe3\x81\xae\xe4\xb8\x80\xe9\x83\xa8\xe3\x81\xae\xe5\x80\xa4\xe3\x82\x92\xe8\xa8\x98\xe8\xbf\xb0\xe3\x81\xa9\xe3\x81\x8a\xe3\x82\x8a\xe3\x81\xab\xe4\xbd\xbf\xe7\x94\xa8\xe3\x81\xa7\xe3\x81\x8d\xe3\x81\xbe\xe3\x81\x9b\xe3\x82\x93\xe3\x81\xa7\xe3\x81\x97\xe3\x81\x9f"},
    {"NR used the value shown instead of these values in [RenoDX.DLSS5]:",
     "[RenoDX.DLSS5] \xe3\x81\xae\xe6\xac\xa1\xe3\x81\xae\xe5\x80\xa4\xe3\x81\xae\xe4\xbb\xa3\xe3\x82\x8f\xe3\x82\x8a\xe3\x81\xab\xe3\x80\x81\xe8\xa1\xa8\xe7\xa4\xba\xe3\x81\x95\xe3\x82\x8c\xe3\x81\xa6\xe3\x81\x84\xe3\x82\x8b\xe5\x80\xa4\xe3\x82\x92 NR \xe3\x81\x8c\xe4\xbd\xbf\xe7\x94\xa8\xe3\x81\x97\xe3\x81\xbe\xe3\x81\x97\xe3\x81\x9f:"},
    {"Write each value as a plain number (a switch as 0 or 1) inside its range, or reset it in this panel, then restart the game.",
     "\xe5\x90\x84\xe5\x80\xa4\xe3\x82\x92\xe7\xaf\x84\xe5\x9b\xb2\xe5\x86\x85\xe3\x81\xae\xe5\x8d\x98\xe7\xb4\x94\xe3\x81\xaa\xe6\x95\xb0\xe5\x80\xa4 (\xe3\x82\xb9\xe3\x82\xa4\xe3\x83\x83\xe3\x83\x81\xe3\x81\xaf 0 \xe3\x81\xbe\xe3\x81\x9f\xe3\x81\xaf 1) \xe3\x81\xa7\xe8\xa8\x98\xe8\xbf\xb0\xe3\x81\x99\xe3\x82\x8b\xe3\x81\x8b\xe3\x80\x81\xe3\x81\x93\xe3\x81\xae\xe3\x83\x91\xe3\x83\x8d\xe3\x83\xab\xe3\x81\xa7\xe3\x83\xaa\xe3\x82\xbb\xe3\x83\x83\xe3\x83\x88\xe3\x81\x97\xe3\x81\xa6\xe3\x81\x8b\xe3\x82\x89\xe3\x80\x81\xe3\x82\xb2\xe3\x83\xbc\xe3\x83\xa0\xe3\x82\x92\xe5\x86\x8d\xe8\xb5\xb7\xe5\x8b\x95\xe3\x81\x97\xe3\x81\xa6\xe3\x81\x8f\xe3\x81\xa0\xe3\x81\x95\xe3\x81\x84\xe3\x80\x82"},
    {"%.0f value(s)",
     "%.0f \xe5\x80\x8b\xe3\x81\xae\xe5\x80\xa4"},
    {"This add-on is loaded twice",
     "\xe3\x81\x93\xe3\x81\xae\xe3\x82\xa2\xe3\x83\x89\xe3\x82\xaa\xe3\x83\xb3\xe3\x81\x8c 2 \xe5\x9b\x9e\xe8\xaa\xad\xe3\x81\xbf\xe8\xbe\xbc\xe3\x81\xbe\xe3\x82\x8c\xe3\x81\xa6\xe3\x81\x84\xe3\x81\xbe\xe3\x81\x99"},
    {"Another copy of this add-on runs in the same game, so Neural Rendering can be applied twice on each frame: stronger halos and darker edges.",
     "\xe5\x90\x8c\xe3\x81\x98\xe3\x82\xb2\xe3\x83\xbc\xe3\x83\xa0\xe3\x81\xa7\xe3\x81\x93\xe3\x81\xae\xe3\x82\xa2\xe3\x83\x89\xe3\x82\xaa\xe3\x83\xb3\xe3\x81\xae\xe5\x88\xa5\xe3\x81\xae\xe3\x82\xb3\xe3\x83\x94\xe3\x83\xbc\xe3\x81\x8c\xe5\x8b\x95\xe4\xbd\x9c\xe3\x81\x97\xe3\x81\xa6\xe3\x81\x84\xe3\x82\x8b\xe3\x81\x9f\xe3\x82\x81\xe3\x80\x81\xe5\x90\x84\xe3\x83\x95\xe3\x83\xac\xe3\x83\xbc\xe3\x83\xa0\xe3\x81\xab Neural Rendering \xe3\x81\x8c\xe4\xba\x8c\xe9\x87\x8d\xe3\x81\xab\xe9\x81\xa9\xe7\x94\xa8\xe3\x81\x95\xe3\x82\x8c\xe3\x82\x8b\xe3\x81\x93\xe3\x81\xa8\xe3\x81\x8c\xe3\x81\x82\xe3\x82\x8a\xe3\x81\xbe\xe3\x81\x99\xe3\x80\x82\xe3\x83\x8f\xe3\x83\xad\xe3\x83\xbc\xe3\x81\x8c\xe5\xbc\xb7\xe3\x81\x8f\xe3\x81\xaa\xe3\x82\x8a\xe3\x80\x81\xe3\x82\xa8\xe3\x83\x83\xe3\x82\xb8\xe3\x81\x8c\xe6\x9a\x97\xe3\x81\x8f\xe3\x81\xaa\xe3\x82\x8a\xe3\x81\xbe\xe3\x81\x99\xe3\x80\x82"},
    {"Keep one DLSS5 .addon64 file in the game's folder, remove the others, and restart the game.",
     "\xe3\x82\xb2\xe3\x83\xbc\xe3\x83\xa0\xe3\x81\xae\xe3\x83\x95\xe3\x82\xa9\xe3\x83\xab\xe3\x83\x80\xe3\x83\xbc\xe3\x81\xab DLSS5 .addon64 \xe3\x83\x95\xe3\x82\xa1\xe3\x82\xa4\xe3\x83\xab\xe3\x82\x92 1 \xe3\x81\xa4\xe3\x81\xa0\xe3\x81\x91\xe6\xae\x8b\xe3\x81\x97\xe3\x81\xa6\xe4\xbb\x96\xe3\x82\x92\xe5\x89\x8a\xe9\x99\xa4\xe3\x81\x97\xe3\x80\x81\xe3\x82\xb2\xe3\x83\xbc\xe3\x83\xa0\xe3\x82\x92\xe5\x86\x8d\xe8\xb5\xb7\xe5\x8b\x95\xe3\x81\x97\xe3\x81\xa6\xe3\x81\x8f\xe3\x81\xa0\xe3\x81\x95\xe3\x81\x84\xe3\x80\x82"},
    {"%.0f other copy loaded",
     "\xe4\xbb\x96\xe3\x81\xae\xe3\x82\xb3\xe3\x83\x94\xe3\x83\xbc %.0f \xe5\x80\x8b\xe3\x81\x8c\xe8\xaa\xad\xe3\x81\xbf\xe8\xbe\xbc\xe3\x81\xbf\xe6\xb8\x88\xe3\x81\xbf"},
    {"Something failed inside the mod and was contained",
     "MOD \xe5\x86\x85\xe9\x83\xa8\xe3\x81\xa7\xe3\x82\xa8\xe3\x83\xa9\xe3\x83\xbc\xe3\x81\x8c\xe7\x99\xba\xe7\x94\x9f\xe3\x81\x97\xe3\x81\xbe\xe3\x81\x97\xe3\x81\x9f\xe3\x81\x8c\xe3\x80\x81\xe5\xb0\x81\xe3\x81\x98\xe8\xbe\xbc\xe3\x82\x81\xe3\x82\x89\xe3\x82\x8c\xe3\x81\xbe\xe3\x81\x97\xe3\x81\x9f"},
    {"An error inside one of the mod's hooks was caught before it could reach the game. The frame it happened on may have kept the game's own image.",
     "MOD \xe3\x81\xae\xe3\x83\x95\xe3\x83\x83\xe3\x82\xaf\xe3\x81\xae 1 \xe3\x81\xa4\xe3\x81\xa7\xe7\x99\xba\xe7\x94\x9f\xe3\x81\x97\xe3\x81\x9f\xe3\x82\xa8\xe3\x83\xa9\xe3\x83\xbc\xe3\x81\xaf\xe3\x80\x81\xe3\x82\xb2\xe3\x83\xbc\xe3\x83\xa0\xe3\x81\xab\xe5\xbd\xb1\xe9\x9f\xbf\xe3\x81\x99\xe3\x82\x8b\xe5\x89\x8d\xe3\x81\xab\xe6\x8d\x95\xe6\x8d\x89\xe3\x81\x95\xe3\x82\x8c\xe3\x81\xbe\xe3\x81\x97\xe3\x81\x9f\xe3\x80\x82\xe7\x99\xba\xe7\x94\x9f\xe3\x81\x97\xe3\x81\x9f\xe3\x83\x95\xe3\x83\xac\xe3\x83\xbc\xe3\x83\xa0\xe3\x81\xa7\xe3\x81\xaf\xe3\x82\xb2\xe3\x83\xbc\xe3\x83\xa0\xe8\x87\xaa\xe4\xbd\x93\xe3\x81\xae\xe7\x94\xbb\xe5\x83\x8f\xe3\x81\x8c\xe3\x81\x9d\xe3\x81\xae\xe3\x81\xbe\xe3\x81\xbe\xe4\xbd\xbf\xe3\x82\x8f\xe3\x82\x8c\xe3\x81\x9f\xe5\x8f\xaf\xe8\x83\xbd\xe6\x80\xa7\xe3\x81\x8c\xe3\x81\x82\xe3\x82\x8a\xe3\x81\xbe\xe3\x81\x99\xe3\x80\x82"},
    {"%.0f error(s) caught",
     "\xe6\x8d\x95\xe6\x8d\x89\xe3\x81\x97\xe3\x81\x9f\xe3\x82\xa8\xe3\x83\xa9\xe3\x83\xbc: %.0f \xe4\xbb\xb6"},
    {"Some of the game's DLSS calls bypass NR",
     "\xe3\x82\xb2\xe3\x83\xbc\xe3\x83\xa0\xe3\x81\xae DLSS \xe5\x91\xbc\xe3\x81\xb3\xe5\x87\xba\xe3\x81\x97\xe3\x81\xae\xe4\xb8\x80\xe9\x83\xa8\xe3\x81\x8c NR \xe3\x82\x92\xe7\xb5\x8c\xe7\x94\xb1\xe3\x81\x97\xe3\x81\xa6\xe3\x81\x84\xe3\x81\xbe\xe3\x81\x9b\xe3\x82\x93"},
    {"NR could not attach to every copy of NVIDIA's DLSS library the game loaded (too many copies, or functions it could not hook), so DLSS calls through those copies run without NR.",
     "NR \xe3\x81\xaf\xe3\x80\x81\xe3\x82\xb2\xe3\x83\xbc\xe3\x83\xa0\xe3\x81\x8c\xe8\xaa\xad\xe3\x81\xbf\xe8\xbe\xbc\xe3\x82\x93\xe3\x81\xa0 NVIDIA \xe3\x81\xae DLSS \xe3\x83\xa9\xe3\x82\xa4\xe3\x83\x96\xe3\x83\xa9\xe3\x83\xaa\xe3\x81\xae\xe3\x81\x99\xe3\x81\xb9\xe3\x81\xa6\xe3\x81\xae\xe3\x82\xb3\xe3\x83\x94\xe3\x83\xbc\xe3\x81\xab\xe6\x8e\xa5\xe7\xb6\x9a\xe3\x81\xa7\xe3\x81\x8d\xe3\x81\xbe\xe3\x81\x9b\xe3\x82\x93\xe3\x81\xa7\xe3\x81\x97\xe3\x81\x9f (\xe3\x82\xb3\xe3\x83\x94\xe3\x83\xbc\xe3\x81\x8c\xe5\xa4\x9a\xe3\x81\x99\xe3\x81\x8e\xe3\x82\x8b\xe3\x81\x8b\xe3\x80\x81\xe3\x83\x95\xe3\x83\x83\xe3\x82\xaf\xe3\x81\xa7\xe3\x81\x8d\xe3\x81\xaa\xe3\x81\x84\xe9\x96\xa2\xe6\x95\xb0\xe3\x81\x8c\xe3\x81\x82\xe3\x82\x8a\xe3\x81\xbe\xe3\x81\x99)\xe3\x80\x82\xe3\x81\x9d\xe3\x81\xae\xe3\x81\x9f\xe3\x82\x81\xe3\x80\x81\xe3\x81\x9d\xe3\x82\x8c\xe3\x82\x89\xe3\x81\xae\xe3\x82\xb3\xe3\x83\x94\xe3\x83\xbc\xe3\x82\x92\xe9\x80\x9a\xe3\x82\x8b DLSS \xe5\x91\xbc\xe3\x81\xb3\xe5\x87\xba\xe3\x81\x97\xe3\x81\xaf NR \xe3\x81\xaa\xe3\x81\x97\xe3\x81\xa7\xe5\xae\x9f\xe8\xa1\x8c\xe3\x81\x95\xe3\x82\x8c\xe3\x81\xbe\xe3\x81\x99\xe3\x80\x82"},
    {"%.0f library copies not fully hooked",
     "\xe3\x83\x95\xe3\x83\x83\xe3\x82\xaf\xe3\x81\x8c\xe4\xb8\x8d\xe5\xae\x8c\xe5\x85\xa8\xe3\x81\xaa\xe3\x83\xa9\xe3\x82\xa4\xe3\x83\x96\xe3\x83\xa9\xe3\x83\xaa\xe3\x81\xae\xe3\x82\xb3\xe3\x83\x94\xe3\x83\xbc: %.0f \xe5\x80\x8b"},
    {"NR can't hook this game's Streamline version",
     "NR \xe3\x81\xaf\xe3\x81\x93\xe3\x81\xae\xe3\x82\xb2\xe3\x83\xbc\xe3\x83\xa0\xe3\x81\xae Streamline \xe3\x81\xae\xe3\x83\x90\xe3\x83\xbc\xe3\x82\xb8\xe3\x83\xa7\xe3\x83\xb3\xe3\x82\x92\xe3\x83\x95\xe3\x83\x83\xe3\x82\xaf\xe3\x81\xa7\xe3\x81\x8d\xe3\x81\xbe\xe3\x81\x9b\xe3\x82\x93"},
    {"The game loads NVIDIA Streamline, but not a version NR can attach to, so NR reaches the game's DLSS through NVIDIA's NGX library only. EnableHooks=1 does not change this.",
     "\xe3\x82\xb2\xe3\x83\xbc\xe3\x83\xa0\xe3\x81\xaf NVIDIA Streamline \xe3\x82\x92\xe8\xaa\xad\xe3\x81\xbf\xe8\xbe\xbc\xe3\x82\x93\xe3\x81\xa7\xe3\x81\x84\xe3\x81\xbe\xe3\x81\x99\xe3\x81\x8c\xe3\x80\x81NR \xe3\x81\x8c\xe6\x8e\xa5\xe7\xb6\x9a\xe3\x81\xa7\xe3\x81\x8d\xe3\x81\xaa\xe3\x81\x84\xe3\x83\x90\xe3\x83\xbc\xe3\x82\xb8\xe3\x83\xa7\xe3\x83\xb3\xe3\x81\xae\xe3\x81\x9f\xe3\x82\x81\xe3\x80\x81NR \xe3\x81\xaf NVIDIA \xe3\x81\xae NGX \xe3\x83\xa9\xe3\x82\xa4\xe3\x83\x96\xe3\x83\xa9\xe3\x83\xaa\xe7\xb5\x8c\xe7\x94\xb1\xe3\x81\xa7\xe3\x81\xae\xe3\x81\xbf\xe3\x82\xb2\xe3\x83\xbc\xe3\x83\xa0\xe3\x81\xae DLSS \xe3\x81\xab\xe3\x82\xa2\xe3\x82\xaf\xe3\x82\xbb\xe3\x82\xb9\xe3\x81\x97\xe3\x81\xbe\xe3\x81\x99\xe3\x80\x82" "EnableHooks=1 \xe3\x82\x92\xe8\xa8\xad\xe5\xae\x9a\xe3\x81\x97\xe3\x81\xa6\xe3\x82\x82\xe5\xa4\x89\xe3\x82\x8f\xe3\x82\x8a\xe3\x81\xbe\xe3\x81\x9b\xe3\x82\x93\xe3\x80\x82"},
    {"%.0f Streamline module(s) not hooked",
     "\xe3\x83\x95\xe3\x83\x83\xe3\x82\xaf\xe3\x81\x95\xe3\x82\x8c\xe3\x81\xa6\xe3\x81\x84\xe3\x81\xaa\xe3\x81\x84 Streamline \xe3\x83\xa2\xe3\x82\xb8\xe3\x83\xa5\xe3\x83\xbc\xe3\x83\xab: %.0f \xe5\x80\x8b"},
    {"NR's overlay controls are paused",
     "NR \xe3\x81\xae\xe3\x82\xaa\xe3\x83\xbc\xe3\x83\x90\xe3\x83\xbc\xe3\x83\xac\xe3\x82\xa4\xe6\x93\x8d\xe4\xbd\x9c\xe3\x81\x8c\xe4\xb8\x80\xe6\x99\x82\xe5\x81\x9c\xe6\xad\xa2\xe3\x81\x97\xe3\x81\xa6\xe3\x81\x84\xe3\x81\xbe\xe3\x81\x99"},
    {"The game has a second window or swap chain open, so the status HUD, the overlay hotkeys and the window dock keep their current state until it closes.",
     "\xe3\x82\xb2\xe3\x83\xbc\xe3\x83\xa0\xe3\x81\xa7 2 \xe3\x81\xa4\xe7\x9b\xae\xe3\x81\xae\xe3\x82\xa6\xe3\x82\xa3\xe3\x83\xb3\xe3\x83\x89\xe3\x82\xa6\xe3\x81\xbe\xe3\x81\x9f\xe3\x81\xaf\xe3\x82\xb9\xe3\x83\xaf\xe3\x83\x83\xe3\x83\x97\xe3\x83\x81\xe3\x82\xa7\xe3\x83\xbc\xe3\x83\xb3\xe3\x81\x8c\xe9\x96\x8b\xe3\x81\x84\xe3\x81\xa6\xe3\x81\x84\xe3\x82\x8b\xe3\x81\x9f\xe3\x82\x81\xe3\x80\x81\xe3\x81\x9d\xe3\x82\x8c\xe3\x81\x8c\xe9\x96\x89\xe3\x81\x98\xe3\x82\x8b\xe3\x81\xbe\xe3\x81\xa7\xe3\x80\x81\xe3\x82\xb9\xe3\x83\x86\xe3\x83\xbc\xe3\x82\xbf\xe3\x82\xb9 HUD\xe3\x80\x81\xe3\x82\xaa\xe3\x83\xbc\xe3\x83\x90\xe3\x83\xbc\xe3\x83\xac\xe3\x82\xa4\xe3\x81\xae\xe3\x83\x9b\xe3\x83\x83\xe3\x83\x88\xe3\x82\xad\xe3\x83\xbc\xe3\x80\x81\xe3\x82\xa6\xe3\x82\xa3\xe3\x83\xb3\xe3\x83\x89\xe3\x82\xa6\xe3\x81\xae\xe3\x83\x89\xe3\x83\x83\xe3\x82\xad\xe3\x83\xb3\xe3\x82\xb0\xe3\x81\xaf\xe7\x8f\xbe\xe5\x9c\xa8\xe3\x81\xae\xe7\x8a\xb6\xe6\x85\x8b\xe3\x81\xae\xe3\x81\xbe\xe3\x81\xbe\xe3\x81\xab\xe3\x81\xaa\xe3\x82\x8a\xe3\x81\xbe\xe3\x81\x99\xe3\x80\x82"},
    {"%.0f frames with the controls paused",
     "\xe6\x93\x8d\xe4\xbd\x9c\xe3\x81\x8c\xe4\xb8\x80\xe6\x99\x82\xe5\x81\x9c\xe6\xad\xa2\xe3\x81\x97\xe3\x81\x9f\xe3\x83\x95\xe3\x83\xac\xe3\x83\xbc\xe3\x83\xa0: %.0f"},
    {"The stabilizer keeps restarting",
     "\xe5\xae\x89\xe5\xae\x9a\xe5\x8c\x96\xe3\x81\x8c\xe4\xbd\x95\xe5\xba\xa6\xe3\x82\x82\xe3\x82\x84\xe3\x82\x8a\xe7\x9b\xb4\xe3\x81\x97\xe3\x81\xab\xe3\x81\xaa\xe3\x81\xa3\xe3\x81\xa6\xe3\x81\x84\xe3\x81\xbe\xe3\x81\x99"},
    {"Stabilize starts over whenever the game resets DLSS (a camera cut) or a frame takes very long. That happens often here, so Stabilize has little effect. Nothing to change on your side.",
     "\xe5\xae\x89\xe5\xae\x9a\xe5\x8c\x96\xe3\x81\xaf\xe3\x80\x81\xe3\x82\xb2\xe3\x83\xbc\xe3\x83\xa0\xe3\x81\x8c DLSS \xe3\x82\x92\xe3\x83\xaa\xe3\x82\xbb\xe3\x83\x83\xe3\x83\x88\xe3\x81\x97\xe3\x81\x9f\xe3\x81\xa8\xe3\x81\x8d (\xe3\x82\xab\xe3\x83\xa1\xe3\x83\xa9\xe3\x81\xae\xe3\x82\xab\xe3\x83\x83\xe3\x83\x88\xe5\x88\x87\xe3\x82\x8a\xe6\x9b\xbf\xe3\x81\x88) \xe3\x82\x84\xe3\x80\x81\xe3\x83\x95\xe3\x83\xac\xe3\x83\xbc\xe3\x83\xa0\xe3\x81\xab\xe9\x9d\x9e\xe5\xb8\xb8\xe3\x81\xab\xe6\x99\x82\xe9\x96\x93\xe3\x81\x8c\xe3\x81\x8b\xe3\x81\x8b\xe3\x81\xa3\xe3\x81\x9f\xe3\x81\xa8\xe3\x81\x8d\xe3\x81\xab\xe6\x9c\x80\xe5\x88\x9d\xe3\x81\x8b\xe3\x82\x89\xe3\x82\x84\xe3\x82\x8a\xe7\x9b\xb4\xe3\x81\x97\xe3\x81\xbe\xe3\x81\x99\xe3\x80\x82\xe3\x81\x93\xe3\x81\x93\xe3\x81\xa7\xe3\x81\xaf\xe3\x81\x9d\xe3\x82\x8c\xe3\x81\x8c\xe9\xa0\xbb\xe7\xb9\x81\xe3\x81\xab\xe8\xb5\xb7\xe3\x81\x8d\xe3\x82\x8b\xe3\x81\x9f\xe3\x82\x81\xe3\x80\x81\xe5\xae\x89\xe5\xae\x9a\xe5\x8c\x96\xe3\x81\xae\xe5\x8a\xb9\xe6\x9e\x9c\xe3\x81\xaf\xe3\x82\x8f\xe3\x81\x9a\xe3\x81\x8b\xe3\x81\xa7\xe3\x81\x99\xe3\x80\x82\xe3\x83\xa6\xe3\x83\xbc\xe3\x82\xb6\xe3\x83\xbc\xe5\x81\xb4\xe3\x81\xa7\xe3\x81\xae\xe5\xaf\xbe\xe5\xbf\x9c\xe3\x81\xaf\xe4\xb8\x8d\xe8\xa6\x81\xe3\x81\xa7\xe3\x81\x99\xe3\x80\x82"},
    {"%.0f%% of stabilized frames restarted",
     "\xe5\xae\x89\xe5\xae\x9a\xe5\x8c\x96\xe3\x81\x97\xe3\x81\x9f\xe3\x83\x95\xe3\x83\xac\xe3\x83\xbc\xe3\x83\xa0\xe3\x81\xae %.0f%% \xe3\x81\xa7\xe3\x82\x84\xe3\x82\x8a\xe7\x9b\xb4\xe3\x81\x97"},
    {"NR is holding video memory until the game closes",
     "NR \xe3\x81\xaf\xe3\x82\xb2\xe3\x83\xbc\xe3\x83\xa0\xe3\x82\x92\xe7\xb5\x82\xe4\xba\x86\xe3\x81\x99\xe3\x82\x8b\xe3\x81\xbe\xe3\x81\xa7\xe3\x83\x93\xe3\x83\x87\xe3\x82\xaa\xe3\x83\xa1\xe3\x83\xa2\xe3\x83\xaa\xe3\x82\x92\xe4\xbf\x9d\xe6\x8c\x81\xe3\x81\x97\xe3\x81\xa6\xe3\x81\x84\xe3\x81\xbe\xe3\x81\x99"},
    {"The GPU never confirmed it had finished with memory NR retired, so NR keeps that memory until the game exits rather than risk freeing it too early.",
     "NR \xe3\x81\x8c\xe4\xbd\xbf\xe7\x94\xa8\xe3\x82\x92\xe7\xb5\x82\xe3\x81\x88\xe3\x81\x9f\xe3\x83\xa1\xe3\x83\xa2\xe3\x83\xaa\xe3\x81\xab\xe3\x81\xa4\xe3\x81\x84\xe3\x81\xa6 GPU \xe3\x81\x8c\xe5\x87\xa6\xe7\x90\x86\xe5\xae\x8c\xe4\xba\x86\xe3\x82\x92\xe7\xa2\xba\xe8\xaa\x8d\xe3\x81\x97\xe3\x81\xaa\xe3\x81\x8b\xe3\x81\xa3\xe3\x81\x9f\xe3\x81\x9f\xe3\x82\x81\xe3\x80\x81\xe6\x97\xa9\xe3\x81\x99\xe3\x81\x8e\xe3\x82\x8b\xe8\xa7\xa3\xe6\x94\xbe\xe3\x81\xae\xe3\x83\xaa\xe3\x82\xb9\xe3\x82\xaf\xe3\x82\x92\xe9\x81\xbf\xe3\x81\x91\xe3\x80\x81NR \xe3\x81\xaf\xe3\x82\xb2\xe3\x83\xbc\xe3\x83\xa0\xe7\xb5\x82\xe4\xba\x86\xe3\x81\xbe\xe3\x81\xa7\xe3\x81\x9d\xe3\x81\xae\xe3\x83\xa1\xe3\x83\xa2\xe3\x83\xaa\xe3\x82\x92\xe4\xbf\x9d\xe6\x8c\x81\xe3\x81\x97\xe3\x81\xbe\xe3\x81\x99\xe3\x80\x82"},
    {"%.0f MiB held",
     "%.0f MiB \xe3\x82\x92\xe4\xbf\x9d\xe6\x8c\x81\xe4\xb8\xad"},
    {"Flicker or boiling",
     "\xe3\x81\xa1\xe3\x82\x89\xe3\x81\xa4\xe3\x81\x8d\xe3\x83\xbb\xe3\x81\x96\xe3\x82\x8f\xe3\x81\xa4\xe3\x81\x8d"},
    {"Wrong colours",
     "\xe8\x89\xb2\xe3\x81\x8c\xe3\x81\x8a\xe3\x81\x8b\xe3\x81\x97\xe3\x81\x84"},
    {"Crash or freeze",
     "\xe3\x82\xaf\xe3\x83\xa9\xe3\x83\x83\xe3\x82\xb7\xe3\x83\xa5\xe3\x83\xbb\xe3\x83\x95\xe3\x83\xaa\xe3\x83\xbc\xe3\x82\xba"},
    {"Low fps",
     "fps \xe3\x81\x8c\xe4\xbd\x8e\xe3\x81\x84"},
    {"NR not working",
     "NR \xe3\x81\x8c\xe5\x8b\x95\xe4\xbd\x9c\xe3\x81\x97\xe3\x81\xaa\xe3\x81\x84"},
    {"Something else",
     "\xe3\x81\x9d\xe3\x81\xae\xe4\xbb\x96"},
    {"Support report",
     "\xe3\x82\xb5\xe3\x83\x9d\xe3\x83\xbc\xe3\x83\x88\xe3\x83\xac\xe3\x83\x9d\xe3\x83\xbc\xe3\x83\x88"},
    {"ReShade log",
     "ReShade \xe3\x83\xad\xe3\x82\xb0"},
    {"ReShade settings (ReShade.ini)",
     "ReShade \xe3\x81\xae\xe8\xa8\xad\xe5\xae\x9a (ReShade.ini)"},
    {"Crash log (RenoDX-DLSS5)",
     "\xe3\x82\xaf\xe3\x83\xa9\xe3\x83\x83\xe3\x82\xb7\xe3\x83\xa5\xe3\x83\xad\xe3\x82\xb0 (RenoDX-DLSS5)"},
    {"Model output diagnostic",
     "\xe3\x83\xa2\xe3\x83\x87\xe3\x83\xab\xe5\x87\xba\xe5\x8a\x9b\xe3\x81\xae\xe8\xa8\xba\xe6\x96\xad"},
    {"Screenshot, NR on",
     "\xe3\x82\xb9\xe3\x82\xaf\xe3\x83\xaa\xe3\x83\xbc\xe3\x83\xb3\xe3\x82\xb7\xe3\x83\xa7\xe3\x83\x83\xe3\x83\x88\xe3\x80\x81NR \xe3\x82\xaa\xe3\x83\xb3"},
    {"Model input diagnostic",
     "\xe3\x83\xa2\xe3\x83\x87\xe3\x83\xab\xe5\x85\xa5\xe5\x8a\x9b\xe3\x81\xae\xe8\xa8\xba\xe6\x96\xad"},
    {"Screenshot, NR off",
     "\xe3\x82\xb9\xe3\x82\xaf\xe3\x83\xaa\xe3\x83\xbc\xe3\x83\xb3\xe3\x82\xb7\xe3\x83\xa7\xe3\x83\x83\xe3\x83\x88\xe3\x80\x81NR \xe3\x82\xaa\xe3\x83\x95"},
    {"Capture details",
     "\xe6\x92\xae\xe5\xbd\xb1\xe3\x81\xae\xe8\xa9\xb3\xe7\xb4\xb0"},
    {"Summary: version, status, settings, GPU and driver",
     "\xe6\xa6\x82\xe8\xa6\x81: \xe3\x83\x90\xe3\x83\xbc\xe3\x82\xb8\xe3\x83\xa7\xe3\x83\xb3\xe3\x80\x81\xe7\x8a\xb6\xe6\x85\x8b\xe3\x80\x81\xe8\xa8\xad\xe5\xae\x9a\xe3\x80\x81GPU\xe3\x80\x81\xe3\x83\x89\xe3\x83\xa9\xe3\x82\xa4\xe3\x83\x90\xe3\x83\xbc"},
    {"Capture taken.",
     "\xe6\x92\xae\xe5\xbd\xb1\xe3\x81\x97\xe3\x81\xbe\xe3\x81\x97\xe3\x81\x9f\xe3\x80\x82"},
    {"No capture: this API or presentation path does not support an exact final-frame comparison yet.",
     "\xe6\x92\xae\xe5\xbd\xb1\xe3\x81\xaa\xe3\x81\x97: \xe3\x81\x93\xe3\x81\xae API \xe3\x81\xbe\xe3\x81\x9f\xe3\x81\xaf\xe8\xa1\xa8\xe7\xa4\xba\xe7\xb5\x8c\xe8\xb7\xaf\xe3\x81\xaf\xe3\x80\x81\xe6\x9c\x80\xe7\xb5\x82\xe3\x83\x95\xe3\x83\xac\xe3\x83\xbc\xe3\x83\xa0\xe3\x81\xae\xe6\xad\xa3\xe7\xa2\xba\xe3\x81\xaa\xe6\xaf\x94\xe8\xbc\x83\xe3\x81\xab\xe3\x81\xbe\xe3\x81\xa0\xe5\xaf\xbe\xe5\xbf\x9c\xe3\x81\x97\xe3\x81\xa6\xe3\x81\x84\xe3\x81\xbe\xe3\x81\x9b\xe3\x82\x93\xe3\x80\x82"},
    {"No capture: model-buffer readback is unavailable on this path; use the game's screenshot function for the displayed image.",
     "\xe6\x92\xae\xe5\xbd\xb1\xe3\x81\xaa\xe3\x81\x97: \xe3\x81\x93\xe3\x81\xae\xe7\xb5\x8c\xe8\xb7\xaf\xe3\x81\xa7\xe3\x81\xaf\xe3\x83\xa2\xe3\x83\x87\xe3\x83\xab\xe3\x83\x90\xe3\x83\x83\xe3\x83\x95\xe3\x82\xa1\xe3\x81\xae\xe8\xaa\xad\xe3\x81\xbf\xe6\x88\xbb\xe3\x81\x97\xe3\x82\x92\xe4\xbd\xbf\xe7\x94\xa8\xe3\x81\xa7\xe3\x81\x8d\xe3\x81\xbe\xe3\x81\x9b\xe3\x82\x93\xe3\x80\x82\xe8\xa1\xa8\xe7\xa4\xba\xe3\x81\x95\xe3\x82\x8c\xe3\x82\x8b\xe7\x94\xbb\xe5\x83\x8f\xe3\x81\xaf\xe3\x82\xb2\xe3\x83\xbc\xe3\x83\xa0\xe3\x81\xae\xe3\x82\xb9\xe3\x82\xaf\xe3\x83\xaa\xe3\x83\xbc\xe3\x83\xb3\xe3\x82\xb7\xe3\x83\xa7\xe3\x83\x83\xe3\x83\x88\xe6\xa9\x9f\xe8\x83\xbd\xe3\x81\xa7\xe6\x92\xae\xe5\xbd\xb1\xe3\x81\x97\xe3\x81\xa6\xe3\x81\x8f\xe3\x81\xa0\xe3\x81\x95\xe3\x81\x84\xe3\x80\x82"},
    {"No capture: exact comparison unavailable with this frame-generation route; disable frame generation for the capture.",
     "\xe6\x92\xae\xe5\xbd\xb1\xe3\x81\xaa\xe3\x81\x97: \xe3\x81\x93\xe3\x81\xae\xe3\x83\x95\xe3\x83\xac\xe3\x83\xbc\xe3\x83\xa0\xe7\x94\x9f\xe6\x88\x90\xe3\x81\xae\xe7\xb5\x8c\xe8\xb7\xaf\xe3\x81\xa7\xe3\x81\xaf\xe6\xad\xa3\xe7\xa2\xba\xe3\x81\xaa\xe6\xaf\x94\xe8\xbc\x83\xe3\x81\x8c\xe3\x81\xa7\xe3\x81\x8d\xe3\x81\xbe\xe3\x81\x9b\xe3\x82\x93\xe3\x80\x82\xe6\x92\xae\xe5\xbd\xb1\xe6\x99\x82\xe3\x81\xaf\xe3\x83\x95\xe3\x83\xac\xe3\x83\xbc\xe3\x83\xa0\xe7\x94\x9f\xe6\x88\x90\xe3\x82\x92\xe3\x82\xaa\xe3\x83\x95\xe3\x81\xab\xe3\x81\x97\xe3\x81\xa6\xe3\x81\x8f\xe3\x81\xa0\xe3\x81\x95\xe3\x81\x84\xe3\x80\x82"},
    {"No capture: enable NR before taking a comparison.",
     "\xe6\x92\xae\xe5\xbd\xb1\xe3\x81\xaa\xe3\x81\x97: \xe6\xaf\x94\xe8\xbc\x83\xe3\x82\x92\xe6\x92\xae\xe5\xbd\xb1\xe3\x81\x99\xe3\x82\x8b\xe5\x89\x8d\xe3\x81\xab NR \xe3\x82\x92\xe3\x82\xaa\xe3\x83\xb3\xe3\x81\xab\xe3\x81\x97\xe3\x81\xa6\xe3\x81\x8f\xe3\x81\xa0\xe3\x81\x95\xe3\x81\x84\xe3\x80\x82"},
    {"No capture: another NR implementation owns this frame.",
     "\xe6\x92\xae\xe5\xbd\xb1\xe3\x81\xaa\xe3\x81\x97: \xe3\x81\x93\xe3\x81\xae\xe3\x83\x95\xe3\x83\xac\xe3\x83\xbc\xe3\x83\xa0\xe3\x81\xaf\xe5\x88\xa5\xe3\x81\xae NR \xe5\xae\x9f\xe8\xa3\x85\xe3\x81\x8c\xe5\x87\xa6\xe7\x90\x86\xe3\x81\x97\xe3\x81\xa6\xe3\x81\x84\xe3\x81\xbe\xe3\x81\x99\xe3\x80\x82"},
    {"No capture: the command list carrying its copies did not execute.",
     "\xe6\x92\xae\xe5\xbd\xb1\xe3\x81\xaa\xe3\x81\x97: \xe3\x82\xb3\xe3\x83\x94\xe3\x83\xbc\xe3\x82\x92\xe5\x90\xab\xe3\x82\x80\xe3\x82\xb3\xe3\x83\x9e\xe3\x83\xb3\xe3\x83\x89\xe3\x83\xaa\xe3\x82\xb9\xe3\x83\x88\xe3\x81\x8c\xe5\xae\x9f\xe8\xa1\x8c\xe3\x81\x95\xe3\x82\x8c\xe3\x81\xbe\xe3\x81\x9b\xe3\x82\x93\xe3\x81\xa7\xe3\x81\x97\xe3\x81\x9f\xe3\x80\x82"},
    {"No capture: NR did not run a frame (NR off, a menu or a loading screen).",
     "\xe6\x92\xae\xe5\xbd\xb1\xe3\x81\xaa\xe3\x81\x97: NR \xe3\x81\x8c\xe3\x83\x95\xe3\x83\xac\xe3\x83\xbc\xe3\x83\xa0\xe3\x82\x92\xe5\x87\xa6\xe7\x90\x86\xe3\x81\x97\xe3\x81\xbe\xe3\x81\x9b\xe3\x82\x93\xe3\x81\xa7\xe3\x81\x97\xe3\x81\x9f (NR \xe3\x82\xaa\xe3\x83\x95\xe3\x80\x81\xe3\x83\xa1\xe3\x83\x8b\xe3\x83\xa5\xe3\x83\xbc\xe3\x80\x81\xe3\x83\xad\xe3\x83\xbc\xe3\x83\x89\xe7\x94\xbb\xe9\x9d\xa2)\xe3\x80\x82"},
    {"No capture: it did not finish in time.",
     "\xe6\x92\xae\xe5\xbd\xb1\xe3\x81\xaa\xe3\x81\x97: \xe6\x99\x82\xe9\x96\x93\xe5\x86\x85\xe3\x81\xab\xe5\xae\x8c\xe4\xba\x86\xe3\x81\x97\xe3\x81\xbe\xe3\x81\x9b\xe3\x82\x93\xe3\x81\xa7\xe3\x81\x97\xe3\x81\x9f\xe3\x80\x82"},
    {"No capture: the GPU did not confirm the copies in time.",
     "\xe6\x92\xae\xe5\xbd\xb1\xe3\x81\xaa\xe3\x81\x97: GPU \xe3\x81\x8c\xe6\x99\x82\xe9\x96\x93\xe5\x86\x85\xe3\x81\xab\xe3\x82\xb3\xe3\x83\x94\xe3\x83\xbc\xe3\x82\x92\xe7\xa2\xba\xe8\xaa\x8d\xe3\x81\x97\xe3\x81\xbe\xe3\x81\x9b\xe3\x82\x93\xe3\x81\xa7\xe3\x81\x97\xe3\x81\x9f\xe3\x80\x82"},
    {"No capture: the frame's NR pass did not complete.",
     "\xe6\x92\xae\xe5\xbd\xb1\xe3\x81\xaa\xe3\x81\x97: \xe3\x83\x95\xe3\x83\xac\xe3\x83\xbc\xe3\x83\xa0\xe3\x81\xae NR \xe3\x83\x91\xe3\x82\xb9\xe3\x81\x8c\xe5\xae\x8c\xe4\xba\x86\xe3\x81\x97\xe3\x81\xbe\xe3\x81\x9b\xe3\x82\x93\xe3\x81\xa7\xe3\x81\x97\xe3\x81\x9f\xe3\x80\x82"},
    {"No capture: skipped.",
     "\xe6\x92\xae\xe5\xbd\xb1\xe3\x81\xaa\xe3\x81\x97: \xe3\x82\xb9\xe3\x82\xad\xe3\x83\x83\xe3\x83\x97\xe3\x81\x97\xe3\x81\xbe\xe3\x81\x97\xe3\x81\x9f\xe3\x80\x82"},
    {"No capture: the files could not be written.",
     "\xe6\x92\xae\xe5\xbd\xb1\xe3\x81\xaa\xe3\x81\x97: \xe3\x83\x95\xe3\x82\xa1\xe3\x82\xa4\xe3\x83\xab\xe3\x82\x92\xe6\x9b\xb8\xe3\x81\x8d\xe8\xbe\xbc\xe3\x82\x81\xe3\x81\xbe\xe3\x81\x9b\xe3\x82\x93\xe3\x81\xa7\xe3\x81\x97\xe3\x81\x9f\xe3\x80\x82"},
    {"Send a report about these issues",
     "\xe3\x81\x93\xe3\x82\x8c\xe3\x82\x89\xe3\x81\xae\xe5\x95\x8f\xe9\xa1\x8c\xe3\x82\x92\xe5\xa0\xb1\xe5\x91\x8a"},
    {"I'm having issues...",
     "\xe5\x95\x8f\xe9\xa1\x8c\xe3\x81\x8c\xe3\x81\x82\xe3\x82\x8a\xe3\x81\xbe\xe3\x81\x99..."},
    {"Takes a capture (%s) and collects the logs into one zip. You review every file; it is uploaded only when you press Upload, and you get a link to send to the mod author.",
     "\xe6\x92\xae\xe5\xbd\xb1 (%s) \xe3\x82\x92\xe8\xa1\x8c\xe3\x81\x84\xe3\x80\x81\xe3\x83\xad\xe3\x82\xb0\xe3\x82\x92 1 \xe3\x81\xa4\xe3\x81\xae zip \xe3\x81\xab\xe3\x81\xbe\xe3\x81\xa8\xe3\x82\x81\xe3\x81\xbe\xe3\x81\x99\xe3\x80\x82\xe3\x81\x99\xe3\x81\xb9\xe3\x81\xa6\xe3\x81\xae\xe3\x83\x95\xe3\x82\xa1\xe3\x82\xa4\xe3\x83\xab\xe3\x82\x92\xe7\xa2\xba\xe8\xaa\x8d\xe3\x81\xa7\xe3\x81\x8d\xe3\x80\x81\xe3\x80\x8c\xe3\x82\xa2\xe3\x83\x83\xe3\x83\x97\xe3\x83\xad\xe3\x83\xbc\xe3\x83\x89\xe3\x80\x8d\xe3\x82\x92\xe6\x8a\xbc\xe3\x81\x97\xe3\x81\x9f\xe3\x81\xa8\xe3\x81\x8d\xe3\x81\xa0\xe3\x81\x91\xe3\x82\xa2\xe3\x83\x83\xe3\x83\x97\xe3\x83\xad\xe3\x83\xbc\xe3\x83\x89\xe3\x81\x95\xe3\x82\x8c\xe3\x81\xbe\xe3\x81\x99\xe3\x80\x82MOD \xe4\xbd\x9c\xe8\x80\x85\xe3\x81\xab\xe9\x80\x81\xe3\x82\x8b\xe3\x83\xaa\xe3\x83\xb3\xe3\x82\xaf\xe3\x81\x8c\xe8\xa1\xa8\xe7\xa4\xba\xe3\x81\x95\xe3\x82\x8c\xe3\x81\xbe\xe3\x81\x99\xe3\x80\x82"},
    {"Report an issue",
     "\xe5\x95\x8f\xe9\xa1\x8c\xe3\x82\x92\xe5\xa0\xb1\xe5\x91\x8a"},
    {"Step 1 of 3: what went wrong?",
     "\xe3\x82\xb9\xe3\x83\x86\xe3\x83\x83\xe3\x83\x97 1/3: \xe4\xbd\x95\xe3\x81\x8c\xe8\xb5\xb7\xe3\x81\x8d\xe3\x81\xbe\xe3\x81\x97\xe3\x81\x9f\xe3\x81\x8b\xef\xbc\x9f"},
    {"One line: what you saw, and where in the game (optional)",
     "1 \xe8\xa1\x8c\xe3\x81\xa7: \xe8\xa6\x8b\xe3\x81\x9f\xe3\x81\x93\xe3\x81\xa8\xe3\x81\xa8\xe3\x80\x81\xe3\x82\xb2\xe3\x83\xbc\xe3\x83\xa0\xe5\x86\x85\xe3\x81\xae\xe5\xa0\xb4\xe6\x89\x80 (\xe4\xbb\xbb\xe6\x84\x8f)"},
    {"Next, the addon takes a capture (%s) while the game keeps running and collects its logs. Nothing leaves your PC until you press Upload.",
     "\xe6\xac\xa1\xe3\x81\xab\xe3\x80\x81\xe3\x82\xb2\xe3\x83\xbc\xe3\x83\xa0\xe3\x82\x92\xe5\x8b\x95\xe3\x81\x8b\xe3\x81\x97\xe3\x81\x9f\xe3\x81\xbe\xe3\x81\xbe\xe3\x82\xa2\xe3\x83\x89\xe3\x82\xaa\xe3\x83\xb3\xe3\x81\x8c\xe6\x92\xae\xe5\xbd\xb1 (%s) \xe3\x82\x92\xe8\xa1\x8c\xe3\x81\x84\xe3\x80\x81\xe3\x83\xad\xe3\x82\xb0\xe3\x82\x92\xe5\x8f\x8e\xe9\x9b\x86\xe3\x81\x97\xe3\x81\xbe\xe3\x81\x99\xe3\x80\x82\xe3\x80\x8c\xe3\x82\xa2\xe3\x83\x83\xe3\x83\x97\xe3\x83\xad\xe3\x83\xbc\xe3\x83\x89\xe3\x80\x8d\xe3\x82\x92\xe6\x8a\xbc\xe3\x81\x99\xe3\x81\xbe\xe3\x81\xa7\xe3\x80\x81PC \xe3\x81\x8b\xe3\x82\x89\xe4\xbd\x95\xe3\x82\x82\xe9\x80\x81\xe4\xbf\xa1\xe3\x81\x95\xe3\x82\x8c\xe3\x81\xbe\xe3\x81\x9b\xe3\x82\x93\xe3\x80\x82"},
    {"Continue",
     "\xe7\xb6\x9a\xe8\xa1\x8c"},
    {"Step 2 of 3: capturing",
     "\xe3\x82\xb9\xe3\x83\x86\xe3\x83\x83\xe3\x83\x97 2/3: \xe6\x92\xae\xe5\xbd\xb1\xe4\xb8\xad"},
    {"Taking a capture (%s). Keep playing: a menu or loading screen has no NR frame to capture.",
     "\xe6\x92\xae\xe5\xbd\xb1\xe4\xb8\xad (%s)\xe3\x80\x82\xe3\x83\x97\xe3\x83\xac\xe3\x82\xa4\xe3\x82\x92\xe7\xb6\x9a\xe3\x81\x91\xe3\x81\xa6\xe3\x81\x8f\xe3\x81\xa0\xe3\x81\x95\xe3\x81\x84\xe3\x80\x82\xe3\x83\xa1\xe3\x83\x8b\xe3\x83\xa5\xe3\x83\xbc\xe3\x82\x84\xe3\x83\xad\xe3\x83\xbc\xe3\x83\x89\xe7\x94\xbb\xe9\x9d\xa2\xe3\x81\xab\xe3\x81\xaf\xe6\x92\xae\xe5\xbd\xb1\xe3\x81\xa7\xe3\x81\x8d\xe3\x82\x8b NR \xe3\x83\x95\xe3\x83\xac\xe3\x83\xbc\xe3\x83\xa0\xe3\x81\x8c\xe3\x81\x82\xe3\x82\x8a\xe3\x81\xbe\xe3\x81\x9b\xe3\x82\x93\xe3\x80\x82"},
    {"Continue without a capture",
     "\xe6\x92\xae\xe5\xbd\xb1\xe3\x81\x9b\xe3\x81\x9a\xe3\x81\xab\xe7\xb6\x9a\xe8\xa1\x8c"},
    {"Collecting the logs...",
     "\xe3\x83\xad\xe3\x82\xb0\xe3\x82\x92\xe5\x8f\x8e\xe9\x9b\x86\xe4\xb8\xad..."},
    {"Step 3 of 3: review what is sent",
     "\xe3\x82\xb9\xe3\x83\x86\xe3\x83\x83\xe3\x83\x97 3/3: \xe9\x80\x81\xe4\xbf\xa1\xe5\x86\x85\xe5\xae\xb9\xe3\x81\xae\xe7\xa2\xba\xe8\xaa\x8d"},
    {"Total: %s",
     "\xe5\x90\x88\xe8\xa8\x88: %s"},
    {"Upload sends the zip to %s. Anyone with the link can download it; it is deleted after %u hours.",
     "\xe3\x80\x8c\xe3\x82\xa2\xe3\x83\x83\xe3\x83\x97\xe3\x83\xad\xe3\x83\xbc\xe3\x83\x89\xe3\x80\x8d\xe3\x81\xa7 zip \xe3\x82\x92 %s \xe3\x81\xab\xe9\x80\x81\xe4\xbf\xa1\xe3\x81\x97\xe3\x81\xbe\xe3\x81\x99\xe3\x80\x82\xe3\x83\xaa\xe3\x83\xb3\xe3\x82\xaf\xe3\x82\x92\xe7\x9f\xa5\xe3\x81\xa3\xe3\x81\xa6\xe3\x81\x84\xe3\x82\x8b\xe4\xba\xba\xe3\x81\xaf\xe8\xaa\xb0\xe3\x81\xa7\xe3\x82\x82\xe3\x83\x80\xe3\x82\xa6\xe3\x83\xb3\xe3\x83\xad\xe3\x83\xbc\xe3\x83\x89\xe3\x81\xa7\xe3\x81\x8d\xe3\x80\x81%u \xe6\x99\x82\xe9\x96\x93\xe5\xbe\x8c\xe3\x81\xab\xe5\x89\x8a\xe9\x99\xa4\xe3\x81\x95\xe3\x82\x8c\xe3\x81\xbe\xe3\x81\x99\xe3\x80\x82"},
    {"If it does not answer: %s, deleted after %u hours.",
     "\xe5\xbf\x9c\xe7\xad\x94\xe3\x81\x97\xe3\x81\xaa\xe3\x81\x84\xe5\xa0\xb4\xe5\x90\x88: %s (%u \xe6\x99\x82\xe9\x96\x93\xe5\xbe\x8c\xe3\x81\xab\xe5\x89\x8a\xe9\x99\xa4)\xe3\x80\x82"},
    {"Uploading is off (NRReportHost=none): the zip is saved on this PC.",
     "\xe3\x82\xa2\xe3\x83\x83\xe3\x83\x97\xe3\x83\xad\xe3\x83\xbc\xe3\x83\x89\xe3\x81\xaf\xe3\x82\xaa\xe3\x83\x95\xe3\x81\xa7\xe3\x81\x99 (NRReportHost=none)\xe3\x80\x82zip \xe3\x81\xaf\xe3\x81\x93\xe3\x81\xae PC \xe3\x81\xab\xe4\xbf\x9d\xe5\xad\x98\xe3\x81\x95\xe3\x82\x8c\xe3\x81\xbe\xe3\x81\x99\xe3\x80\x82"},
    {"Your Windows user name and profile folder are removed from every text file.",
     "Windows \xe3\x81\xae\xe3\x83\xa6\xe3\x83\xbc\xe3\x82\xb6\xe3\x83\xbc\xe5\x90\x8d\xe3\x81\xa8\xe3\x83\x97\xe3\x83\xad\xe3\x83\x95\xe3\x82\xa1\xe3\x82\xa4\xe3\x83\xab\xe3\x83\x95\xe3\x82\xa9\xe3\x83\xab\xe3\x83\x80\xe3\x83\xbc\xe3\x81\xaf\xe3\x80\x81\xe3\x81\x99\xe3\x81\xb9\xe3\x81\xa6\xe3\x81\xae\xe3\x83\x86\xe3\x82\xad\xe3\x82\xb9\xe3\x83\x88\xe3\x83\x95\xe3\x82\xa1\xe3\x82\xa4\xe3\x83\xab\xe3\x81\x8b\xe3\x82\x89\xe5\x89\x8a\xe9\x99\xa4\xe3\x81\x95\xe3\x82\x8c\xe3\x81\xbe\xe3\x81\x99\xe3\x80\x82"},
    {"Upload & copy link",
     "\xe3\x82\xa2\xe3\x83\x83\xe3\x83\x97\xe3\x83\xad\xe3\x83\xbc\xe3\x83\x89\xe3\x81\x97\xe3\x81\xa6\xe3\x83\xaa\xe3\x83\xb3\xe3\x82\xaf\xe3\x82\x92\xe3\x82\xb3\xe3\x83\x94\xe3\x83\xbc"},
    {"Save zip only",
     "zip \xe3\x81\xae\xe3\x81\xbf\xe4\xbf\x9d\xe5\xad\x98"},
    {"Packing the zip...",
     "zip \xe3\x82\x92\xe4\xbd\x9c\xe6\x88\x90\xe4\xb8\xad..."},
    {"Uploading to %s...",
     "%s \xe3\x81\xab\xe3\x82\xa2\xe3\x83\x83\xe3\x83\x97\xe3\x83\xad\xe3\x83\xbc\xe3\x83\x89\xe4\xb8\xad..."},
    {"Link copied to the clipboard",
     "\xe3\x83\xaa\xe3\x83\xb3\xe3\x82\xaf\xe3\x82\x92\xe3\x82\xaf\xe3\x83\xaa\xe3\x83\x83\xe3\x83\x97\xe3\x83\x9c\xe3\x83\xbc\xe3\x83\x89\xe3\x81\xab\xe3\x82\xb3\xe3\x83\x94\xe3\x83\xbc\xe3\x81\x97\xe3\x81\xbe\xe3\x81\x97\xe3\x81\x9f"},
    {"Paste this link to the mod author on Discord.",
     "\xe3\x81\x93\xe3\x81\xae\xe3\x83\xaa\xe3\x83\xb3\xe3\x82\xaf\xe3\x82\x92 Discord \xe3\x81\xa7 MOD \xe4\xbd\x9c\xe8\x80\x85\xe3\x81\xab\xe8\xb2\xbc\xe3\x82\x8a\xe4\xbb\x98\xe3\x81\x91\xe3\x81\xa6\xe3\x81\x8f\xe3\x81\xa0\xe3\x81\x95\xe3\x81\x84\xe3\x80\x82"},
    {"Copy again",
     "\xe3\x82\x82\xe3\x81\x86\xe4\xb8\x80\xe5\xba\xa6\xe3\x82\xb3\xe3\x83\x94\xe3\x83\xbc"},
    {"The upload failed: %s",
     "\xe3\x82\xa2\xe3\x83\x83\xe3\x83\x97\xe3\x83\xad\xe3\x83\xbc\xe3\x83\x89\xe3\x81\xab\xe5\xa4\xb1\xe6\x95\x97\xe3\x81\x97\xe3\x81\xbe\xe3\x81\x97\xe3\x81\x9f: %s"},
    {"Saved: %s",
     "\xe4\xbf\x9d\xe5\xad\x98\xe3\x81\x97\xe3\x81\xbe\xe3\x81\x97\xe3\x81\x9f: %s"},
    {"Send this file to the mod author on Discord; its folder opens with the button.",
     "\xe3\x81\x93\xe3\x81\xae\xe3\x83\x95\xe3\x82\xa1\xe3\x82\xa4\xe3\x83\xab\xe3\x82\x92 Discord \xe3\x81\xa7 MOD \xe4\xbd\x9c\xe8\x80\x85\xe3\x81\xab\xe9\x80\x81\xe3\x81\xa3\xe3\x81\xa6\xe3\x81\x8f\xe3\x81\xa0\xe3\x81\x95\xe3\x81\x84\xe3\x80\x82\xe3\x83\x9c\xe3\x82\xbf\xe3\x83\xb3\xe3\x81\xa7\xe4\xbf\x9d\xe5\xad\x98\xe5\x85\x88\xe3\x81\xae\xe3\x83\x95\xe3\x82\xa9\xe3\x83\xab\xe3\x83\x80\xe3\x83\xbc\xe3\x82\x92\xe9\x96\x8b\xe3\x81\x91\xe3\x81\xbe\xe3\x81\x99\xe3\x80\x82"},
    {"Open folder",
     "\xe3\x83\x95\xe3\x82\xa9\xe3\x83\xab\xe3\x83\x80\xe3\x83\xbc\xe3\x82\x92\xe9\x96\x8b\xe3\x81\x8f"},
    {"Close",
     "\xe9\x96\x89\xe3\x81\x98\xe3\x82\x8b"},
    {"waiting for GPU completion",
     "GPU \xe3\x81\xae\xe5\xae\x8c\xe4\xba\x86\xe5\xbe\x85\xe3\x81\xa1"},
    {"armed, waiting for one final presentation frame",
     "\xe6\xba\x96\xe5\x82\x99\xe5\xae\x8c\xe4\xba\x86\xe3\x80\x81\xe6\x9c\x80\xe7\xb5\x82\xe8\xa1\xa8\xe7\xa4\xba\xe3\x81\xae\xe3\x83\x95\xe3\x83\xac\xe3\x83\xbc\xe3\x83\xa0\xe3\x82\x92 1 \xe3\x81\xa4\xe5\xbe\x85\xe6\xa9\x9f\xe4\xb8\xad"},
    {"armed, waiting for an evaluated model buffer pair",
     "\xe6\xba\x96\xe5\x82\x99\xe5\xae\x8c\xe4\xba\x86\xe3\x80\x81\xe8\xa9\x95\xe4\xbe\xa1\xe6\xb8\x88\xe3\x81\xbf\xe3\x83\xa2\xe3\x83\x87\xe3\x83\xab\xe3\x83\x90\xe3\x83\x83\xe3\x83\x95\xe3\x82\xa1\xe3\x81\xae\xe3\x83\x9a\xe3\x82\xa2\xe3\x82\x92\xe5\xbe\x85\xe6\xa9\x9f\xe4\xb8\xad"},
    {"saved: model input/output diagnostic; not the displayed game frame",
     "\xe4\xbf\x9d\xe5\xad\x98\xe6\xb8\x88\xe3\x81\xbf: \xe3\x83\xa2\xe3\x83\x87\xe3\x83\xab\xe3\x81\xae\xe5\x85\xa5\xe5\x8a\x9b/\xe5\x87\xba\xe5\x8a\x9b\xe3\x81\xae\xe8\xa8\xba\xe6\x96\xad (\xe8\xa1\xa8\xe7\xa4\xba\xe3\x81\x95\xe3\x82\x8c\xe3\x81\x9f\xe3\x82\xb2\xe3\x83\xbc\xe3\x83\xa0\xe3\x83\x95\xe3\x83\xac\xe3\x83\xbc\xe3\x83\xa0\xe3\x81\xa7\xe3\x81\xaf\xe3\x81\x82\xe3\x82\x8a\xe3\x81\xbe\xe3\x81\x9b\xe3\x82\x93)"},
    {"saved: same frame before and after NR",
     "\xe4\xbf\x9d\xe5\xad\x98\xe6\xb8\x88\xe3\x81\xbf: NR \xe5\x89\x8d\xe5\xbe\x8c\xe3\x81\xae\xe5\x90\x8c\xe3\x81\x98\xe3\x83\x95\xe3\x83\xac\xe3\x83\xbc\xe3\x83\xa0"},
    {"unavailable on this presentation path",
     "\xe3\x81\x93\xe3\x81\xae\xe8\xa1\xa8\xe7\xa4\xba\xe7\xb5\x8c\xe8\xb7\xaf\xe3\x81\xa7\xe3\x81\xaf\xe4\xbd\xbf\xe7\x94\xa8\xe3\x81\xa7\xe3\x81\x8d\xe3\x81\xbe\xe3\x81\x9b\xe3\x82\x93"},
    {"evaluated-buffer capture is unavailable on this API",
     "\xe3\x81\x93\xe3\x81\xae API \xe3\x81\xa7\xe3\x81\xaf\xe8\xa9\x95\xe4\xbe\xa1\xe6\xb8\x88\xe3\x81\xbf\xe3\x83\x90\xe3\x83\x83\xe3\x83\x95\xe3\x82\xa1\xe3\x82\x92\xe6\x92\xae\xe5\xbd\xb1\xe3\x81\xa7\xe3\x81\x8d\xe3\x81\xbe\xe3\x81\x9b\xe3\x82\x93"},
    {"exact comparison unavailable with this frame-generation route; disable frame generation for the capture",
     "\xe3\x81\x93\xe3\x81\xae\xe3\x83\x95\xe3\x83\xac\xe3\x83\xbc\xe3\x83\xa0\xe7\x94\x9f\xe6\x88\x90\xe3\x81\xae\xe7\xb5\x8c\xe8\xb7\xaf\xe3\x81\xa7\xe3\x81\xaf\xe6\xad\xa3\xe7\xa2\xba\xe3\x81\xaa\xe6\xaf\x94\xe8\xbc\x83\xe3\x81\x8c\xe3\x81\xa7\xe3\x81\x8d\xe3\x81\xbe\xe3\x81\x9b\xe3\x82\x93\xe3\x80\x82\xe6\x92\xae\xe5\xbd\xb1\xe6\x99\x82\xe3\x81\xaf\xe3\x83\x95\xe3\x83\xac\xe3\x83\xbc\xe3\x83\xa0\xe7\x94\x9f\xe6\x88\x90\xe3\x82\x92\xe3\x82\xaa\xe3\x83\x95\xe3\x81\xab\xe3\x81\x97\xe3\x81\xa6\xe3\x81\x8f\xe3\x81\xa0\xe3\x81\x95\xe3\x81\x84"},
    {"enable NR before taking a comparison",
     "\xe6\xaf\x94\xe8\xbc\x83\xe3\x82\x92\xe6\x92\xae\xe5\xbd\xb1\xe3\x81\x99\xe3\x82\x8b\xe5\x89\x8d\xe3\x81\xab NR \xe3\x82\x92\xe3\x82\xaa\xe3\x83\xb3\xe3\x81\xab\xe3\x81\x97\xe3\x81\xa6\xe3\x81\x8f\xe3\x81\xa0\xe3\x81\x95\xe3\x81\x84"},
    {"unavailable: another NR implementation owns this frame",
     "\xe4\xbd\xbf\xe7\x94\xa8\xe4\xb8\x8d\xe5\x8f\xaf: \xe3\x81\x93\xe3\x81\xae\xe3\x83\x95\xe3\x83\xac\xe3\x83\xbc\xe3\x83\xa0\xe3\x81\xaf\xe5\x88\xa5\xe3\x81\xae NR \xe5\xae\x9f\xe8\xa3\x85\xe3\x81\x8c\xe5\x87\xa6\xe7\x90\x86\xe3\x81\x97\xe3\x81\xa6\xe3\x81\x84\xe3\x81\xbe\xe3\x81\x99"},
    {"idle",
     "\xe5\xbe\x85\xe6\xa9\x9f\xe4\xb8\xad"},
    {"capture failed; see the log for its cause",
     "\xe6\x92\xae\xe5\xbd\xb1\xe3\x81\xab\xe5\xa4\xb1\xe6\x95\x97\xe3\x81\x97\xe3\x81\xbe\xe3\x81\x97\xe3\x81\x9f\xe3\x80\x82\xe5\x8e\x9f\xe5\x9b\xa0\xe3\x81\xaf\xe3\x83\xad\xe3\x82\xb0\xe3\x82\x92\xe5\x8f\x82\xe7\x85\xa7\xe3\x81\x97\xe3\x81\xa6\xe3\x81\x8f\xe3\x81\xa0\xe3\x81\x95\xe3\x81\x84"},
};

}  // namespace renodx::addons::dlss5::ui::lang
