/*
 * Copyright (C) 2026
 * SPDX-License-Identifier: MIT
 */

// Korean (ko): the panel's strings, English first.  Written by
// tools/i18n/ui_strings.py import; read it with `export ko`.  Machine
// translated for v7.0.0, pending a native speaker's review.

#pragma once

namespace renodx::addons::dlss5::ui::lang {

inline constexpr Translation kKo[] = {
    {"Neural Rendering",
     "Neural Rendering"},
    {"Strength",
     "\xea\xb0\x95\xeb\x8f\x84"},
    {"Hook point",
     "\xec\xa0\x81\xec\x9a\xa9 \xec\xa7\x80\xec\xa0\x90"},
    {"Stack passes",
     "\xed\x8c\xa8\xec\x8a\xa4 \xec\xa4\x91\xec\xb2\xa9"},
    {"HDR mode",
     "HDR \xeb\xaa\xa8\xeb\x93\x9c"},
    {"Paper white (nits)",
     "\xed\x8e\x98\xec\x9d\xb4\xed\x8d\xbc \xed\x99\x94\xec\x9d\xb4\xed\x8a\xb8 (nits)"},
    {"Brighten speed",
     "\xeb\xb0\x9d\xec\x95\x84\xec\xa7\x80\xeb\x8a\x94 \xec\x86\x8d\xeb\x8f\x84"},
    {"Darken speed",
     "\xec\x96\xb4\xeb\x91\x90\xec\x9b\x8c\xec\xa7\x80\xeb\x8a\x94 \xec\x86\x8d\xeb\x8f\x84"},
    {"Turns Neural Rendering on and off.  The key shown next to the switch does the same in game.",
     "Neural Rendering\xec\x9d\x84 \xec\xbc\x9c\xea\xb3\xa0 \xeb\x81\x95\xeb\x8b\x88\xeb\x8b\xa4. \xec\x8a\xa4\xec\x9c\x84\xec\xb9\x98 \xec\x98\x86\xec\x97\x90 \xed\x91\x9c\xec\x8b\x9c\xeb\x90\x9c \xed\x82\xa4\xeb\xa1\x9c \xea\xb2\x8c\xec\x9e\x84 \xec\xa4\x91\xec\x97\x90\xeb\x8f\x84 \xea\xb0\x99\xec\x9d\x80 \xec\x9e\x91\xec\x97\x85\xec\x9d\x84 \xed\x95\xa0 \xec\x88\x98 \xec\x9e\x88\xec\x8a\xb5\xeb\x8b\x88\xeb\x8b\xa4."},
    {"How strongly Neural Rendering reworks the image: 0 leaves the game's image untouched, 1 is the default, 2 the strongest.  A change restarts NR's history for a moment.",
     "Neural Rendering\xec\x9d\xb4 \xec\x9d\xb4\xeb\xaf\xb8\xec\xa7\x80\xeb\xa5\xbc \xec\x96\xbc\xeb\xa7\x88\xeb\x82\x98 \xea\xb0\x95\xed\x95\x98\xea\xb2\x8c \xeb\x8b\xa4\xec\x8b\x9c \xec\x9e\x91\xec\x97\x85\xed\x95\x98\xeb\x8a\x94\xec\xa7\x80\xec\x9e\x85\xeb\x8b\x88\xeb\x8b\xa4. 0\xec\x9d\x80 \xea\xb2\x8c\xec\x9e\x84 \xec\x9d\xb4\xeb\xaf\xb8\xec\xa7\x80\xeb\xa5\xbc \xea\xb7\xb8\xeb\x8c\x80\xeb\xa1\x9c \xeb\x91\x90\xea\xb3\xa0, 1\xec\x9d\xb4 \xea\xb8\xb0\xeb\xb3\xb8\xea\xb0\x92, 2\xea\xb0\x80 \xea\xb0\x80\xec\x9e\xa5 \xea\xb0\x95\xed\x95\xa9\xeb\x8b\x88\xeb\x8b\xa4. \xeb\xb0\x94\xea\xbe\xb8\xeb\xa9\xb4 NR \xea\xb8\xb0\xeb\xa1\x9d\xec\x9d\xb4 \xec\x9e\xa0\xec\x8b\x9c \xeb\x8b\xa4\xec\x8b\x9c \xec\x8b\x9c\xec\x9e\x91\xeb\x90\xa9\xeb\x8b\x88\xeb\x8b\xa4."},
    {"Float-HDR games: how much of the dark lift the model adds near black is removed (Dark pedestal removal).  Other HDR games: how much of Neural Rendering's change reaches the image, from 0 (none) to 1 (all).",
     "\xeb\xb6\x80\xeb\x8f\x99\xec\x86\x8c\xec\x88\x98\xec\xa0\x90 HDR \xea\xb2\x8c\xec\x9e\x84: \xeb\xaa\xa8\xeb\x8d\xb8\xec\x9d\xb4 \xea\xb2\x80\xec\x9d\x80\xec\x83\x89 \xea\xb7\xbc\xec\xb2\x98\xec\x97\x90 \xeb\x8d\x94\xed\x95\x98\xeb\x8a\x94 \xec\x96\xb4\xeb\x91\x90\xec\x9a\xb4 \xeb\x93\xa4\xeb\x9c\xb8\xec\x9d\x84 \xec\x96\xbc\xeb\xa7\x88\xeb\x82\x98 \xec\xa0\x9c\xea\xb1\xb0\xed\x95\xa0\xec\xa7\x80\xec\x9e\x85\xeb\x8b\x88\xeb\x8b\xa4(\xec\x96\xb4\xeb\x91\x90\xec\x9a\xb4 \xeb\xb0\x94\xeb\x8b\xa5\xea\xb0\x92 \xec\xa0\x9c\xea\xb1\xb0). \xeb\x8b\xa4\xeb\xa5\xb8 HDR \xea\xb2\x8c\xec\x9e\x84: Neural Rendering\xec\x9d\x98 \xeb\xb3\x80\xed\x99\x94\xea\xb0\x80 \xec\x9d\xb4\xeb\xaf\xb8\xec\xa7\x80\xec\x97\x90 \xec\x96\xbc\xeb\xa7\x88\xeb\x82\x98 \xeb\x8b\xbf\xeb\x8a\x94\xec\xa7\x80\xeb\xa1\x9c, 0(\xec\x97\x86\xec\x9d\x8c)\xeb\xb6\x80\xed\x84\xb0 1(\xec\xa0\x84\xeb\xb6\x80)\xea\xb9\x8c\xec\xa7\x80\xec\x9e\x85\xeb\x8b\x88\xeb\x8b\xa4."},
    {"Nothing to scale in this game: its HDR brightness is relative, so Dark pedestal removal (Auto) leaves the model's dark lift alone.  Set Dark pedestal removal to Always to use this slider.",
     "\xec\x9d\xb4 \xea\xb2\x8c\xec\x9e\x84\xec\x97\x90\xec\x84\x9c\xeb\x8a\x94 \xec\xa1\xb0\xec\xa0\x88\xed\x95\xa0 \xeb\x8c\x80\xec\x83\x81\xec\x9d\xb4 \xec\x97\x86\xec\x8a\xb5\xeb\x8b\x88\xeb\x8b\xa4. HDR \xeb\xb0\x9d\xea\xb8\xb0\xea\xb0\x80 \xec\x83\x81\xeb\x8c\x80\xea\xb0\x92\xec\x9d\xb4\xeb\xaf\x80\xeb\xa1\x9c \xec\x96\xb4\xeb\x91\x90\xec\x9a\xb4 \xeb\xb0\x94\xeb\x8b\xa5\xea\xb0\x92 \xec\xa0\x9c\xea\xb1\xb0(\xec\x9e\x90\xeb\x8f\x99)\xea\xb0\x80 \xeb\xaa\xa8\xeb\x8d\xb8\xec\x9d\x98 \xec\x96\xb4\xeb\x91\x90\xec\x9a\xb4 \xec\x98\x81\xec\x97\xad \xec\x98\xac\xeb\xa6\xbc\xec\x9d\x84 \xea\xb7\xb8\xeb\x8c\x80\xeb\xa1\x9c \xeb\x91\xa1\xeb\x8b\x88\xeb\x8b\xa4. \xec\x9d\xb4 \xec\x8a\xac\xeb\x9d\xbc\xec\x9d\xb4\xeb\x8d\x94\xeb\xa5\xbc \xec\x93\xb0\xeb\xa0\xa4\xeb\xa9\xb4 \xec\x96\xb4\xeb\x91\x90\xec\x9a\xb4 \xeb\xb0\x94\xeb\x8b\xa5\xea\xb0\x92 \xec\xa0\x9c\xea\xb1\xb0\xeb\xa5\xbc \xed\x95\xad\xec\x83\x81\xec\x9c\xbc\xeb\xa1\x9c \xec\x84\xa4\xec\xa0\x95\xed\x95\x98\xec\x84\xb8\xec\x9a\x94."},
    {"Nothing to scale here: the frame is SDR, so Neural Rendering's change reaches it in full.",
     "\xec\x97\xac\xea\xb8\xb0\xec\x84\x9c\xeb\x8a\x94 \xec\xa1\xb0\xec\xa0\x88\xed\x95\xa0 \xeb\x8c\x80\xec\x83\x81\xec\x9d\xb4 \xec\x97\x86\xec\x8a\xb5\xeb\x8b\x88\xeb\x8b\xa4. \xed\x94\x84\xeb\xa0\x88\xec\x9e\x84\xec\x9d\xb4 SDR\xec\x9d\xb4\xeb\xaf\x80\xeb\xa1\x9c Neural Rendering\xec\x9d\x98 \xeb\xb3\x80\xed\x99\x94\xea\xb0\x80 \xec\xa0\x84\xeb\xb6\x80 \xeb\xb0\x98\xec\x98\x81\xeb\x90\xa9\xeb\x8b\x88\xeb\x8b\xa4."},
    {"On float-HDR games, how much of Neural Rendering's change reaches the image: 0 keeps the game's image, 1.00 shows all of it.",
     "\xeb\xb6\x80\xeb\x8f\x99\xec\x86\x8c\xec\x88\x98\xec\xa0\x90 HDR \xea\xb2\x8c\xec\x9e\x84\xec\x97\x90\xec\x84\x9c Neural Rendering\xec\x9d\x98 \xeb\xb3\x80\xed\x99\x94\xea\xb0\x80 \xec\x9d\xb4\xeb\xaf\xb8\xec\xa7\x80\xec\x97\x90 \xec\x96\xbc\xeb\xa7\x88\xeb\x82\x98 \xeb\x8b\xbf\xeb\x8a\x94\xec\xa7\x80\xec\x9e\x85\xeb\x8b\x88\xeb\x8b\xa4. 0\xec\x9d\x80 \xea\xb2\x8c\xec\x9e\x84 \xec\x9d\xb4\xeb\xaf\xb8\xec\xa7\x80\xeb\xa5\xbc \xec\x9c\xa0\xec\xa7\x80\xed\x95\x98\xea\xb3\xa0 1.00\xec\x9d\x80 \xec\xa0\x84\xeb\xb6\x80 \xeb\xb3\xb4\xec\x97\xac \xec\xa4\x8d\xeb\x8b\x88\xeb\x8b\xa4."},
    {"How bright white surfaces glow, in nits (203 is the HDR reference).  PQ HDR games only; other HDR games use Scene white scale.",
     "\xed\x9d\xb0\xec\x83\x89 \xed\x91\x9c\xeb\xa9\xb4\xec\x9d\xb4 \xeb\xb9\x9b\xeb\x82\x98\xeb\x8a\x94 \xeb\xb0\x9d\xea\xb8\xb0(nits)\xec\x9e\x85\xeb\x8b\x88\xeb\x8b\xa4(203\xec\x9d\xb4 HDR \xea\xb8\xb0\xec\xa4\x80). PQ HDR \xea\xb2\x8c\xec\x9e\x84 \xec\xa0\x84\xec\x9a\xa9\xec\x9d\xb4\xeb\xa9\xb0, \xeb\x8b\xa4\xeb\xa5\xb8 HDR \xea\xb2\x8c\xec\x9e\x84\xec\x9d\x80 \xec\x9e\xa5\xeb\xa9\xb4 \xed\x99\x94\xec\x9d\xb4\xed\x8a\xb8 \xeb\xb0\xb0\xec\x9c\xa8\xec\x9d\x84 \xec\x82\xac\xec\x9a\xa9\xed\x95\xa9\xeb\x8b\x88\xeb\x8b\xa4."},
    {"The same for float-HDR and classic sources (2.5375 is 203-nit paper white).  PQ HDR games use Paper white and PQ calibration instead.",
     "\xeb\xb6\x80\xeb\x8f\x99\xec\x86\x8c\xec\x88\x98\xec\xa0\x90 HDR \xec\x86\x8c\xec\x8a\xa4\xec\x99\x80 \xed\x81\xb4\xeb\x9e\x98\xec\x8b\x9d \xec\x86\x8c\xec\x8a\xa4\xec\x97\x90 \xea\xb3\xb5\xed\x86\xb5\xec\x9e\x85\xeb\x8b\x88\xeb\x8b\xa4(2.5375\xeb\x8a\x94 203 nits \xed\x8e\x98\xec\x9d\xb4\xed\x8d\xbc \xed\x99\x94\xec\x9d\xb4\xed\x8a\xb8). PQ HDR \xea\xb2\x8c\xec\x9e\x84\xec\x9d\x80 \xeb\x8c\x80\xec\x8b\xa0 \xed\x8e\x98\xec\x9d\xb4\xed\x8d\xbc \xed\x99\x94\xec\x9d\xb4\xed\x8a\xb8\xec\x99\x80 PQ \xec\xba\x98\xeb\xa6\xac\xeb\xb8\x8c\xeb\xa0\x88\xec\x9d\xb4\xec\x85\x98\xec\x9d\x84 \xec\x82\xac\xec\x9a\xa9\xed\x95\xa9\xeb\x8b\x88\xeb\x8b\xa4."},
    {"Click, then press the new key; Esc cancels.",
     "\xed\x81\xb4\xeb\xa6\xad\xed\x95\x9c \xed\x9b\x84 \xec\x83\x88 \xed\x82\xa4\xeb\xa5\xbc \xeb\x88\x84\xeb\xa5\xb4\xec\x84\xb8\xec\x9a\x94. Esc\xeb\xa5\xbc \xeb\x88\x84\xeb\xa5\xb4\xeb\xa9\xb4 \xec\xb7\xa8\xec\x86\x8c\xeb\x90\xa9\xeb\x8b\x88\xeb\x8b\xa4."},
    {"none yet",
     "\xec\x95\x84\xec\xa7\x81 \xec\x97\x86\xec\x9d\x8c"},
    {"Settings",
     "\xec\x84\xa4\xec\xa0\x95"},
    {"Defaults",
     "\xea\xb8\xb0\xeb\xb3\xb8\xea\xb0\x92"},
    {"Mine",
     "\xeb\x82\xb4 \xec\x84\xa4\xec\xa0\x95"},
    {"Compare in game: Defaults runs the built-in look (Strength, the Look section and stacking) while your own values wait; Mine brings them back.  Nothing is saved while Defaults is on.",
     "\xea\xb2\x8c\xec\x9e\x84\xec\x97\x90\xec\x84\x9c \xeb\xb9\x84\xea\xb5\x90: \xea\xb8\xb0\xeb\xb3\xb8\xea\xb0\x92\xec\x9d\x80 \xeb\x82\xb4\xec\x9e\xa5\xeb\x90\x9c \xeb\xa3\xa9(\xea\xb0\x95\xeb\x8f\x84, \xeb\xa3\xa9 \xec\x84\xb9\xec\x85\x98, \xec\xa4\x91\xec\xb2\xa9)\xec\x9d\x84 \xec\x8b\xa4\xed\x96\x89\xed\x95\x98\xea\xb3\xa0 \xeb\x82\xb4 \xea\xb0\x92\xec\x9d\x80 \xeb\xb3\xb4\xeb\xa5\x98\xeb\x90\xa9\xeb\x8b\x88\xeb\x8b\xa4. \xeb\x82\xb4 \xec\x84\xa4\xec\xa0\x95\xec\x9d\x84 \xeb\x88\x84\xeb\xa5\xb4\xeb\xa9\xb4 \xeb\x90\x98\xeb\x8f\x8c\xec\x95\x84\xec\x98\xb5\xeb\x8b\x88\xeb\x8b\xa4. \xea\xb8\xb0\xeb\xb3\xb8\xea\xb0\x92\xec\x9d\xb4 \xec\xbc\x9c\xec\xa0\xb8 \xec\x9e\x88\xeb\x8a\x94 \xeb\x8f\x99\xec\x95\x88\xec\x97\x90\xeb\x8a\x94 \xec\x95\x84\xeb\xac\xb4\xea\xb2\x83\xeb\x8f\x84 \xec\xa0\x80\xec\x9e\xa5\xeb\x90\x98\xec\xa7\x80 \xec\x95\x8a\xec\x8a\xb5\xeb\x8b\x88\xeb\x8b\xa4."},
    {"Showing the built-in look.  Your settings are kept; pick Mine to return.",
     "\xeb\x82\xb4\xec\x9e\xa5\xeb\x90\x9c \xeb\xa3\xa9\xec\x9d\x84 \xed\x91\x9c\xec\x8b\x9c\xed\x95\x98\xeb\x8a\x94 \xec\xa4\x91\xec\x9e\x85\xeb\x8b\x88\xeb\x8b\xa4. \xec\x84\xa4\xec\xa0\x95\xec\x9d\x80 \xec\x9c\xa0\xec\xa7\x80\xeb\x90\x98\xeb\xa9\xb0, \xeb\x82\xb4 \xec\x84\xa4\xec\xa0\x95\xec\x9d\x84 \xec\x84\xa0\xed\x83\x9d\xed\x95\x98\xeb\xa9\xb4 \xeb\x8f\x8c\xec\x95\x84\xea\xb0\x91\xeb\x8b\x88\xeb\x8b\xa4."},
    {"Resolution",
     "\xed\x95\xb4\xec\x83\x81\xeb\x8f\x84"},
    {"LOOK",
     "\xeb\xa3\xa9"},
    {"Reset look",
     "\xeb\xa3\xa9 \xec\xb4\x88\xea\xb8\xb0\xed\x99\x94"},
    {"Model \xc2\xb7 restarts NR history",
     "\xeb\xaa\xa8\xeb\x8d\xb8 \xc2\xb7 NR \xea\xb8\xb0\xeb\xa1\x9d \xec\x9e\xac\xec\x8b\x9c\xec\x9e\x91"},
    {"Result \xc2\xb7 live, reshapes NR's output",
     "\xea\xb2\xb0\xea\xb3\xbc \xc2\xb7 \xec\x8b\xa4\xec\x8b\x9c\xea\xb0\x84, NR \xec\xb6\x9c\xeb\xa0\xa5 \xec\x9e\xac\xec\xa1\xb0\xec\xa0\x95"},
    {"Limits and stability",
     "\xec\xa0\x9c\xed\x95\x9c \xeb\xb0\x8f \xec\x95\x88\xec\xa0\x95\xec\x84\xb1"},
    {"Limits and stability \xc2\xb7 changed",
     "\xec\xa0\x9c\xed\x95\x9c \xeb\xb0\x8f \xec\x95\x88\xec\xa0\x95\xec\x84\xb1 \xc2\xb7 \xeb\xb3\x80\xea\xb2\xbd\xeb\x90\xa8"},
    {"Performance",
     "\xec\x84\xb1\xeb\x8a\xa5"},
    {"stacking, resolution, upsampling",
     "\xec\xa4\x91\xec\xb2\xa9, \xed\x95\xb4\xec\x83\x81\xeb\x8f\x84, \xec\x97\x85\xec\x83\x98\xed\x94\x8c\xeb\xa7\x81"},
    {"Reset performance",
     "\xec\x84\xb1\xeb\x8a\xa5 \xec\xb4\x88\xea\xb8\xb0\xed\x99\x94"},
    {"Hotkeys & screenshots",
     "\xeb\x8b\xa8\xec\xb6\x95\xed\x82\xa4 \xeb\xb0\x8f \xec\x8a\xa4\xed\x81\xac\xeb\xa6\xb0\xec\x83\xb7"},
    {"%s toggle | %s screenshot",
     "%s \xec\xa0\x84\xed\x99\x98 | %s \xec\x8a\xa4\xed\x81\xac\xeb\xa6\xb0\xec\x83\xb7"},
    {"Reset hotkeys",
     "\xeb\x8b\xa8\xec\xb6\x95\xed\x82\xa4 \xec\xb4\x88\xea\xb8\xb0\xed\x99\x94"},
    {"Diagnostics",
     "\xec\xa7\x84\xeb\x8b\xa8"},
    {"counters, support report",
     "\xec\xb9\xb4\xec\x9a\xb4\xed\x84\xb0, \xec\xa7\x80\xec\x9b\x90 \xeb\xb3\xb4\xea\xb3\xa0\xec\x84\x9c"},
    {"Reset diagnostics",
     "\xec\xa7\x84\xeb\x8b\xa8 \xec\xb4\x88\xea\xb8\xb0\xed\x99\x94"},
    {"Fixes",
     "\xec\x88\x98\xec\xa0\x95"},
    {"only change if you know what you are doing",
     "\xec\x9e\x98 \xec\x95\x84\xeb\x8a\x94 \xea\xb2\xbd\xec\x9a\xb0\xec\x97\x90\xeb\xa7\x8c \xeb\xb3\x80\xea\xb2\xbd\xed\x95\x98\xec\x84\xb8\xec\x9a\x94"},
    {"Reset fixes",
     "\xec\x88\x98\xec\xa0\x95 \xec\xb4\x88\xea\xb8\xb0\xed\x99\x94"},
    {"These correct games that report their HDR or motion data wrongly.  The defaults are right for nearly every game, and a wrong value here breaks the image.  Reset fixes puts every one of them back.",
     "HDR \xeb\x98\x90\xeb\x8a\x94 \xeb\xaa\xa8\xec\x85\x98 \xeb\x8d\xb0\xec\x9d\xb4\xed\x84\xb0\xeb\xa5\xbc \xec\x9e\x98\xeb\xaa\xbb \xeb\xb3\xb4\xea\xb3\xa0\xed\x95\x98\xeb\x8a\x94 \xea\xb2\x8c\xec\x9e\x84\xec\x9d\x84 \xeb\xb0\x94\xeb\xa1\x9c\xec\x9e\xa1\xec\x8a\xb5\xeb\x8b\x88\xeb\x8b\xa4. \xea\xb8\xb0\xeb\xb3\xb8\xea\xb0\x92\xec\x9d\x80 \xea\xb1\xb0\xec\x9d\x98 \xeb\xaa\xa8\xeb\x93\xa0 \xea\xb2\x8c\xec\x9e\x84\xec\x97\x90 \xeb\xa7\x9e\xec\x9c\xbc\xeb\xa9\xb0, \xec\x97\xac\xea\xb8\xb0\xec\x84\x9c \xec\x9e\x98\xeb\xaa\xbb\xeb\x90\x9c \xea\xb0\x92\xec\x9d\x84 \xec\x93\xb0\xeb\xa9\xb4 \xec\x9d\xb4\xeb\xaf\xb8\xec\xa7\x80\xea\xb0\x80 \xea\xb9\xa8\xec\xa7\x91\xeb\x8b\x88\xeb\x8b\xa4. \xec\x88\x98\xec\xa0\x95 \xec\xb4\x88\xea\xb8\xb0\xed\x99\x94\xeb\xa5\xbc \xeb\x88\x84\xeb\xa5\xb4\xeb\xa9\xb4 \xeb\xaa\xa8\xeb\x91\x90 \xec\x9b\x90\xeb\x9e\x98\xeb\x8c\x80\xeb\xa1\x9c \xeb\x8f\x8c\xec\x95\x84\xea\xb0\x91\xeb\x8b\x88\xeb\x8b\xa4."},
    {"HDR",
     "HDR"},
    {"Depth and motion",
     "\xea\xb9\x8a\xec\x9d\xb4 \xeb\xb0\x8f \xeb\xaa\xa8\xec\x85\x98"},
    {"HDR adaptation speed, in stops per second",
     "HDR \xec\xa0\x81\xec\x9d\x91 \xec\x86\x8d\xeb\x8f\x84(\xec\xb4\x88\xeb\x8b\xb9 \xec\x8a\xa4\xed\x86\xb1)"},
    {"Restore all defaults",
     "\xeb\xaa\xa8\xeb\x93\xa0 \xea\xb8\xb0\xeb\xb3\xb8\xea\xb0\x92 \xeb\xb3\xb5\xec\x9b\x90"},
    {"Every setting for this game goes back to its default, hotkeys included.",
     "\xec\x9d\xb4 \xea\xb2\x8c\xec\x9e\x84\xec\x9d\x98 \xeb\xaa\xa8\xeb\x93\xa0 \xec\x84\xa4\xec\xa0\x95\xec\x9d\xb4 \xeb\x8b\xa8\xec\xb6\x95\xed\x82\xa4\xeb\xa5\xbc \xed\x8f\xac\xed\x95\xa8\xed\x95\xb4 \xea\xb8\xb0\xeb\xb3\xb8\xea\xb0\x92\xec\x9c\xbc\xeb\xa1\x9c \xeb\x8f\x8c\xec\x95\x84\xea\xb0\x91\xeb\x8b\x88\xeb\x8b\xa4."},
    {"Developer view",
     "\xea\xb0\x9c\xeb\xb0\x9c\xec\x9e\x90 \xeb\xb3\xb4\xea\xb8\xb0"},
    {"The classic flat layout: every control in one list, as before v7.",
     "\xea\xb8\xb0\xec\xa1\xb4\xec\x9d\x98 \xed\x8f\x89\xeb\xa9\xb4 \xeb\xa0\x88\xec\x9d\xb4\xec\x95\x84\xec\x9b\x83: v7 \xec\x9d\xb4\xec\xa0\x84\xec\xb2\x98\xeb\x9f\xbc \xeb\xaa\xa8\xeb\x93\xa0 \xec\xbb\xa8\xed\x8a\xb8\xeb\xa1\xa4\xec\x9d\xb4 \xed\x95\x98\xeb\x82\x98\xec\x9d\x98 \xeb\xaa\xa9\xeb\xa1\x9d\xec\x97\x90 \xed\x91\x9c\xec\x8b\x9c\xeb\x90\xa9\xeb\x8b\x88\xeb\x8b\xa4."},
    {"Language",
     "\xec\x96\xb8\xec\x96\xb4"},
    {"Auto follows ReShade's own language (ReShade's Settings tab), which follows Windows unless you picked one there.  ReShade loads the font for its own language only, so a language written in another script can show as boxes: pick it in ReShade's settings too.",
     "\xec\x9e\x90\xeb\x8f\x99\xec\x9d\x80 ReShade \xec\x9e\x90\xec\xb2\xb4 \xec\x96\xb8\xec\x96\xb4(ReShade\xec\x9d\x98 Settings \xed\x83\xad)\xeb\xa5\xbc \xeb\x94\xb0\xeb\xa5\xb4\xeb\xa9\xb0, \xea\xb1\xb0\xea\xb8\xb0\xec\x84\x9c \xeb\x94\xb0\xeb\xa1\x9c \xec\x84\xa0\xed\x83\x9d\xed\x95\x98\xec\xa7\x80 \xec\x95\x8a\xec\x95\x98\xeb\x8b\xa4\xeb\xa9\xb4 Windows \xec\x96\xb8\xec\x96\xb4\xeb\xa5\xbc \xeb\x94\xb0\xeb\xa6\x85\xeb\x8b\x88\xeb\x8b\xa4. ReShade\xeb\x8a\x94 \xec\x9e\x90\xec\xb2\xb4 \xec\x96\xb8\xec\x96\xb4\xec\x9d\x98 \xea\xb8\x80\xea\xbc\xb4\xeb\xa7\x8c \xeb\xb6\x88\xeb\x9f\xac\xec\x98\xa4\xeb\xaf\x80\xeb\xa1\x9c, \xeb\x8b\xa4\xeb\xa5\xb8 \xeb\xac\xb8\xec\x9e\x90 \xec\xb2\xb4\xea\xb3\x84\xeb\xa5\xbc \xec\x93\xb0\xeb\x8a\x94 \xec\x96\xb8\xec\x96\xb4\xeb\x8a\x94 \xeb\x84\xa4\xeb\xaa\xa8\xeb\xa1\x9c \xed\x91\x9c\xec\x8b\x9c\xeb\x90\xa0 \xec\x88\x98 \xec\x9e\x88\xec\x8a\xb5\xeb\x8b\x88\xeb\x8b\xa4. \xec\x9d\xb4\xeb\x95\x8c\xeb\x8a\x94 ReShade \xec\x84\xa4\xec\xa0\x95\xec\x97\x90\xec\x84\x9c\xeb\x8f\x84 \xea\xb0\x99\xec\x9d\x80 \xec\x96\xb8\xec\x96\xb4\xeb\xa5\xbc \xec\x84\xa0\xed\x83\x9d\xed\x95\x98\xec\x84\xb8\xec\x9a\x94."},
    {"Full",
     "\xec\xa0\x84\xec\xb2\xb4"},
    {"Quality",
     "\xed\x92\x88\xec\xa7\x88"},
    {"Balanced",
     "\xea\xb7\xa0\xed\x98\x95"},
    {"Match game",
     "\xea\xb2\x8c\xec\x9e\x84\xea\xb3\xbc \xeb\x8f\x99\xec\x9d\xbc"},
    {"The resolution Neural Rendering works at.  Full is the sharpest; the lower presets cost less GPU time.  Match game follows the game's own render resolution.",
     "Neural Rendering\xec\x9d\xb4 \xec\x9e\x91\xeb\x8f\x99\xed\x95\x98\xeb\x8a\x94 \xed\x95\xb4\xec\x83\x81\xeb\x8f\x84\xec\x9e\x85\xeb\x8b\x88\xeb\x8b\xa4. \xec\xa0\x84\xec\xb2\xb4\xea\xb0\x80 \xea\xb0\x80\xec\x9e\xa5 \xec\x84\xa0\xeb\xaa\x85\xed\x95\x98\xeb\xa9\xb0, \xeb\x82\xae\xec\x9d\x80 \xed\x94\x84\xeb\xa6\xac\xec\x85\x8b\xec\x9d\xbc\xec\x88\x98\xeb\xa1\x9d GPU \xec\x8b\x9c\xea\xb0\x84\xec\x9d\xb4 \xec\xa0\x81\xea\xb2\x8c \xeb\x93\xad\xeb\x8b\x88\xeb\x8b\xa4. \xea\xb2\x8c\xec\x9e\x84\xea\xb3\xbc \xeb\x8f\x99\xec\x9d\xbc\xec\x9d\x80 \xea\xb2\x8c\xec\x9e\x84 \xec\x9e\x90\xec\xb2\xb4\xec\x9d\x98 \xeb\xa0\x8c\xeb\x8d\x94 \xed\x95\xb4\xec\x83\x81\xeb\x8f\x84\xeb\xa5\xbc \xeb\x94\xb0\xeb\xa6\x85\xeb\x8b\x88\xeb\x8b\xa4."},
    {"Custom (%.0f%%): set in Performance",
     "\xec\x82\xac\xec\x9a\xa9\xec\x9e\x90 \xec\xa7\x80\xec\xa0\x95 (%.0f%%): \xec\x84\xb1\xeb\x8a\xa5\xec\x97\x90\xec\x84\x9c \xec\x84\xa4\xec\xa0\x95"},
    {"Estimated from NR's measured GPU time and the time between frames.  It holds while the GPU limits the frame rate; a game held back by the CPU or a frame cap gains less without NR.",
     "NR\xec\x9d\x98 \xec\xb8\xa1\xec\xa0\x95\xeb\x90\x9c GPU \xec\x8b\x9c\xea\xb0\x84\xea\xb3\xbc \xed\x94\x84\xeb\xa0\x88\xec\x9e\x84 \xea\xb0\x84 \xec\x8b\x9c\xea\xb0\x84\xec\x9c\xbc\xeb\xa1\x9c \xec\xb6\x94\xec\xa0\x95\xed\x95\x9c \xea\xb0\x92\xec\x9e\x85\xeb\x8b\x88\xeb\x8b\xa4. GPU\xea\xb0\x80 \xed\x94\x84\xeb\xa0\x88\xec\x9e\x84 \xec\x86\x8d\xeb\x8f\x84\xeb\xa5\xbc \xec\xa0\x9c\xed\x95\x9c\xed\x95\x98\xeb\x8a\x94 \xeb\x8f\x99\xec\x95\x88 \xec\x9c\xa0\xed\x9a\xa8\xed\x95\x98\xeb\xa9\xb0, CPU\xeb\x82\x98 \xed\x94\x84\xeb\xa0\x88\xec\x9e\x84 \xec\xa0\x9c\xed\x95\x9c\xec\x97\x90 \xeb\xa7\x89\xed\x9e\x8c \xea\xb2\x8c\xec\x9e\x84\xec\x9d\x80 NR\xec\x9d\x84 \xea\xba\xbc\xeb\x8f\x84 \xeb\x8d\x9c \xeb\xb9\xa8\xeb\x9d\xbc\xec\xa7\x91\xeb\x8b\x88\xeb\x8b\xa4."},
    {"NR cost",
     "NR \xeb\xb9\x84\xec\x9a\xa9"},
    {"Faster:",
     "\xeb\x8d\x94 \xeb\xb9\xa0\xeb\xa5\xb4\xea\xb2\x8c:"},
    {"Before upscaling ~%.1f ms",
     "\xec\x97\x85\xec\x8a\xa4\xec\xbc\x80\xec\x9d\xbc\xeb\xa7\x81 \xec\xa0\x84 ~%.1f ms"},
    {"Resolution 50%% ~%.1f ms",
     "\xed\x95\xb4\xec\x83\x81\xeb\x8f\x84 50%% ~%.1f ms"},
    {"Both ~%.1f ms",
     "\xeb\x91\x98 \xeb\x8b\xa4 ~%.1f ms"},
    {"Runs NR on the game's image before DLSS upscales it (Hook point: Render), so NR works on fewer pixels.",
     "DLSS\xea\xb0\x80 \xec\x97\x85\xec\x8a\xa4\xec\xbc\x80\xec\x9d\xbc\xed\x95\x98\xea\xb8\xb0 \xec\xa0\x84\xec\x9d\x98 \xea\xb2\x8c\xec\x9e\x84 \xec\x9d\xb4\xeb\xaf\xb8\xec\xa7\x80\xec\x97\x90\xec\x84\x9c NR\xec\x9d\x84 \xec\x8b\xa4\xed\x96\x89\xed\x95\xa9\xeb\x8b\x88\xeb\x8b\xa4(\xec\xa0\x81\xec\x9a\xa9 \xec\xa7\x80\xec\xa0\x90: \xeb\xa0\x8c\xeb\x8d\x94). NR\xec\x9d\xb4 \xec\xb2\x98\xeb\xa6\xac\xed\x95\x98\xeb\x8a\x94 \xed\x94\xbd\xec\x85\x80\xec\x9d\xb4 \xec\xa4\x84\xec\x96\xb4\xeb\x93\xad\xeb\x8b\x88\xeb\x8b\xa4."},
    {"Runs NR at half the output resolution per side (Resolution: Performance).  NR then steadies shimmering detail less than at Full.",
     "NR\xec\x9d\x84 \xec\xb6\x9c\xeb\xa0\xa5 \xed\x95\xb4\xec\x83\x81\xeb\x8f\x84\xec\x9d\x98 \xea\xb0\x80\xeb\xa1\x9c\xec\x84\xb8\xeb\xa1\x9c \xec\xa0\x88\xeb\xb0\x98\xec\x97\x90\xec\x84\x9c \xec\x8b\xa4\xed\x96\x89\xed\x95\xa9\xeb\x8b\x88\xeb\x8b\xa4(\xed\x95\xb4\xec\x83\x81\xeb\x8f\x84: \xec\x84\xb1\xeb\x8a\xa5). \xec\x9d\xb4\xeb\x95\x8c NR\xec\x9d\x80 \xea\xb9\x9c\xeb\xb0\x95\xec\x9d\xb4\xeb\x8a\x94 \xeb\x94\x94\xed\x85\x8c\xec\x9d\xbc\xec\x9d\x84 \xec\xa0\x84\xec\xb2\xb4\xeb\xb3\xb4\xeb\x8b\xa4 \xeb\x8d\x9c \xec\x95\x88\xec\xa0\x95\xec\x8b\x9c\xed\x82\xb5\xeb\x8b\x88\xeb\x8b\xa4."},
    {"Both of the above.",
     "\xec\x9c\x84\xec\x9d\x98 \xeb\x91\x90 \xea\xb0\x80\xec\xa7\x80 \xeb\xaa\xa8\xeb\x91\x90\xec\x9e\x85\xeb\x8b\x88\xeb\x8b\xa4."},
    {"Undo",
     "\xec\x8b\xa4\xed\x96\x89 \xec\xb7\xa8\xec\x86\x8c"},
    {"Last frame",
     "\xeb\xa7\x88\xec\xa7\x80\xeb\xa7\x89 \xed\x94\x84\xeb\xa0\x88\xec\x9e\x84"},
    {"Frames this session",
     "\xec\x9d\xb4\xeb\xb2\x88 \xec\x84\xb8\xec\x85\x98\xec\x9d\x98 \xed\x94\x84\xeb\xa0\x88\xec\x9e\x84"},
    {"Working resolution",
     "\xec\x9e\x91\xec\x97\x85 \xed\x95\xb4\xec\x83\x81\xeb\x8f\x84"},
    {"Backend",
     "\xeb\xb0\xb1\xec\x97\x94\xeb\x93\x9c"},
    {"Raw details",
     "\xec\x9b\x90\xec\x8b\x9c \xec\xa0\x95\xeb\xb3\xb4"},
    {"Copy support report",
     "\xec\xa7\x80\xec\x9b\x90 \xeb\xb3\xb4\xea\xb3\xa0\xec\x84\x9c \xeb\xb3\xb5\xec\x82\xac"},
    {"Open log folder",
     "\xeb\xa1\x9c\xea\xb7\xb8 \xed\x8f\xb4\xeb\x8d\x94 \xec\x97\xb4\xea\xb8\xb0"},
    {"Copied. Paste it into your report together with ReShade.log.",
     "\xeb\xb3\xb5\xec\x82\xac\xed\x96\x88\xec\x8a\xb5\xeb\x8b\x88\xeb\x8b\xa4. ReShade.log\xec\x99\x80 \xed\x95\xa8\xea\xbb\x98 \xeb\xb3\xb4\xea\xb3\xa0\xec\x84\x9c\xec\x97\x90 \xeb\xb6\x99\xec\x97\xac \xeb\x84\xa3\xec\x9c\xbc\xec\x84\xb8\xec\x9a\x94."},
    {"Copies a short text with the version, the verdict, the card and the counters.  It holds the game's file name and no folder paths.",
     "\xeb\xb2\x84\xec\xa0\x84, \xed\x8c\x90\xec\xa0\x95, \xec\xb9\xb4\xeb\x93\x9c, \xec\xb9\xb4\xec\x9a\xb4\xed\x84\xb0\xea\xb0\x80 \xeb\x8b\xb4\xea\xb8\xb4 \xec\xa7\xa7\xec\x9d\x80 \xed\x85\x8d\xec\x8a\xa4\xed\x8a\xb8\xeb\xa5\xbc \xeb\xb3\xb5\xec\x82\xac\xed\x95\xa9\xeb\x8b\x88\xeb\x8b\xa4. \xea\xb2\x8c\xec\x9e\x84 \xed\x8c\x8c\xec\x9d\xbc \xec\x9d\xb4\xeb\xa6\x84\xec\x9d\x80 \xed\x8f\xac\xed\x95\xa8\xeb\x90\x98\xec\xa7\x80\xeb\xa7\x8c \xed\x8f\xb4\xeb\x8d\x94 \xea\xb2\xbd\xeb\xa1\x9c\xeb\x8a\x94 \xed\x8f\xac\xed\x95\xa8\xeb\x90\x98\xec\xa7\x80 \xec\x95\x8a\xec\x8a\xb5\xeb\x8b\x88\xeb\x8b\xa4."},
    {"Skipped because",
     "\xea\xb1\xb4\xeb\x84\x88\xeb\x9b\xb4 \xec\x9d\xb4\xec\x9c\xa0"},
    {"Why Neural Rendering left frames alone this session, most frequent first, with the number of frames.  Each of those frames shows the game's own image.",
     "\xec\x9d\xb4\xeb\xb2\x88 \xec\x84\xb8\xec\x85\x98\xec\x97\x90\xec\x84\x9c Neural Rendering\xec\x9d\xb4 \xed\x94\x84\xeb\xa0\x88\xec\x9e\x84\xec\x9d\x84 \xea\xb7\xb8\xeb\x8c\x80\xeb\xa1\x9c \xeb\x91\x94 \xec\x9d\xb4\xec\x9c\xa0\xeb\xa5\xbc \xeb\xa7\x8e\xec\x9d\x80 \xec\x88\x9c\xec\x84\x9c\xeb\x8c\x80\xeb\xa1\x9c \xed\x94\x84\xeb\xa0\x88\xec\x9e\x84 \xec\x88\x98\xec\x99\x80 \xed\x95\xa8\xea\xbb\x98 \xeb\xb3\xb4\xec\x97\xac \xec\xa4\x8d\xeb\x8b\x88\xeb\x8b\xa4. \xed\x95\xb4\xeb\x8b\xb9 \xed\x94\x84\xeb\xa0\x88\xec\x9e\x84\xec\x97\x90\xeb\x8a\x94 \xea\xb2\x8c\xec\x9e\x84 \xec\x9b\x90\xeb\x9e\x98\xec\x9d\x98 \xec\x9d\xb4\xeb\xaf\xb8\xec\xa7\x80\xea\xb0\x80 \xed\x91\x9c\xec\x8b\x9c\xeb\x90\xa9\xeb\x8b\x88\xeb\x8b\xa4."},
    {"At the present",
     "\xed\x91\x9c\xec\x8b\x9c \xec\x8b\x9c\xec\xa0\x90 \xec\x83\x81\xed\x83\x9c"},
    {"What the Present hook point did this session.  A present without NR shows the game's image for that frame, which can read as a flicker.",
     "\xec\x9d\xb4\xeb\xb2\x88 \xec\x84\xb8\xec\x85\x98\xec\x97\x90\xec\x84\x9c \xed\x91\x9c\xec\x8b\x9c \xec\x8b\x9c\xec\xa0\x90 \xec\xa0\x81\xec\x9a\xa9 \xec\xa7\x80\xec\xa0\x90\xec\x9d\xb4 \xed\x95\x9c \xec\x9d\xbc\xec\x9e\x85\xeb\x8b\x88\xeb\x8b\xa4. NR \xec\x97\x86\xec\x9d\xb4 \xed\x91\x9c\xec\x8b\x9c\xeb\x90\x9c \xed\x94\x84\xeb\xa0\x88\xec\x9e\x84\xec\x97\x90\xeb\x8a\x94 \xea\xb2\x8c\xec\x9e\x84\xec\x9d\x98 \xec\x9d\xb4\xeb\xaf\xb8\xec\xa7\x80\xea\xb0\x80 \xeb\x82\x98\xec\x98\xa4\xeb\xaf\x80\xeb\xa1\x9c \xea\xb9\x9c\xeb\xb0\x95\xec\x9e\x84\xec\xb2\x98\xeb\x9f\xbc \xeb\xb3\xb4\xec\x9d\xbc \xec\x88\x98 \xec\x9e\x88\xec\x8a\xb5\xeb\x8b\x88\xeb\x8b\xa4."},
    {"Frame generation: %ux, NR on every present",
     "\xed\x94\x84\xeb\xa0\x88\xec\x9e\x84 \xec\x83\x9d\xec\x84\xb1: %ux, \xeb\xaa\xa8\xeb\x93\xa0 \xed\x91\x9c\xec\x8b\x9c\xec\x97\x90 NR"},
    {"Frame generation: %ux, NR on game frames only",
     "\xed\x94\x84\xeb\xa0\x88\xec\x9e\x84 \xec\x83\x9d\xec\x84\xb1: %ux, \xea\xb2\x8c\xec\x9e\x84 \xed\x94\x84\xeb\xa0\x88\xec\x9e\x84\xec\x97\x90\xeb\xa7\x8c NR"},
    {"Frame generation: %ux, NR once per game frame, before frame generation",
     "\xed\x94\x84\xeb\xa0\x88\xec\x9e\x84 \xec\x83\x9d\xec\x84\xb1: %ux, \xea\xb2\x8c\xec\x9e\x84 \xed\x94\x84\xeb\xa0\x88\xec\x9e\x84\xeb\xa7\x88\xeb\x8b\xa4 \xed\x95\x9c \xeb\xb2\x88, \xed\x94\x84\xeb\xa0\x88\xec\x9e\x84 \xec\x83\x9d\xec\x84\xb1 \xec\xa0\x84\xec\x97\x90 NR"},
    {"%llu presents reached the screen without NR between NR frames, which reads as flicker.  Most often: %s",
     "NR \xed\x94\x84\xeb\xa0\x88\xec\x9e\x84 \xec\x82\xac\xec\x9d\xb4\xec\x97\x90 NR \xec\x97\x86\xec\x9d\xb4 \xed\x99\x94\xeb\xa9\xb4\xec\x97\x90 \xeb\x82\x98\xec\x98\xa8 \xed\x91\x9c\xec\x8b\x9c\xea\xb0\x80 %llu\xed\x9a\x8c\xec\x9d\xb4\xeb\xa9\xb0, \xea\xb9\x9c\xeb\xb0\x95\xec\x9e\x84\xec\xb2\x98\xeb\x9f\xbc \xeb\xb3\xb4\xec\x9e\x85\xeb\x8b\x88\xeb\x8b\xa4. \xea\xb0\x80\xec\x9e\xa5 \xed\x9d\x94\xed\x95\x9c \xec\x9d\xb4\xec\x9c\xa0: %s"},
    {"%llu presents without NR between NR frames | %llu slot waits, %llu timed out | %llu history restarts | %llu frame generation on/off switches",
     "NR \xed\x94\x84\xeb\xa0\x88\xec\x9e\x84 \xec\x82\xac\xec\x9d\xb4 NR \xec\x97\x86\xeb\x8a\x94 \xed\x91\x9c\xec\x8b\x9c %llu\xed\x9a\x8c | \xec\x8a\xac\xeb\xa1\xaf \xeb\x8c\x80\xea\xb8\xb0 %llu\xed\x9a\x8c, \xec\x8b\x9c\xea\xb0\x84 \xec\xb4\x88\xea\xb3\xbc %llu | \xea\xb8\xb0\xeb\xa1\x9d \xec\x9e\xac\xec\x8b\x9c\xec\x9e\x91 %llu\xed\x9a\x8c | \xed\x94\x84\xeb\xa0\x88\xec\x9e\x84 \xec\x83\x9d\xec\x84\xb1 \xec\xbc\x9c\xec\xa7\x90/\xea\xba\xbc\xec\xa7\x90 \xec\xa0\x84\xed\x99\x98 %llu\xed\x9a\x8c"},
    {"No frame generation (%.1f presents per game frame)",
     "\xed\x94\x84\xeb\xa0\x88\xec\x9e\x84 \xec\x83\x9d\xec\x84\xb1 \xec\x97\x86\xec\x9d\x8c (\xea\xb2\x8c\xec\x9e\x84 \xed\x94\x84\xeb\xa0\x88\xec\x9e\x84\xeb\x8b\xb9 %.1f\xed\x9a\x8c \xed\x91\x9c\xec\x8b\x9c)"},
    {"NR on %llu presents: %llu with the game's depth and motion, %llu neutral",
     "NR \xec\xa0\x81\xec\x9a\xa9 %llu\xed\x9a\x8c: %llu\xed\x9a\x8c \xea\xb2\x8c\xec\x9e\x84\xec\x9d\x98 \xea\xb9\x8a\xec\x9d\xb4 \xeb\xb0\x8f \xeb\xaa\xa8\xec\x85\x98, %llu\xed\x9a\x8c \xec\xa4\x91\xeb\xa6\xbd"},
    {"Without NR: %llu busy, %llu repeated game frames, %llu without depth and motion",
     "NR \xec\x97\x86\xec\x9d\x8c: \xec\x82\xac\xec\x9a\xa9 \xec\xa4\x91 %llu, \xeb\xb0\x98\xeb\xb3\xb5\xeb\x90\x9c \xea\xb2\x8c\xec\x9e\x84 \xed\x94\x84\xeb\xa0\x88\xec\x9e\x84 %llu, \xea\xb9\x8a\xec\x9d\xb4 \xeb\xb0\x8f \xeb\xaa\xa8\xec\x85\x98 \xec\x97\x86\xec\x9d\x8c %llu"},
    {"%llu presents took an older capture: the newest was still being written on another queue",
     "%llu\xed\x9a\x8c\xec\x9d\x98 \xed\x91\x9c\xec\x8b\x9c\xea\xb0\x80 \xec\x9d\xb4\xec\xa0\x84 \xec\xba\xa1\xec\xb2\x98\xeb\xa5\xbc \xec\x82\xac\xec\x9a\xa9: \xec\xb5\x9c\xec\x8b\xa0 \xec\xba\xa1\xec\xb2\x98\xeb\x8a\x94 \xeb\x8b\xa4\xeb\xa5\xb8 \xed\x81\x90\xec\x97\x90\xec\x84\x9c \xec\x95\x84\xec\xa7\x81 \xea\xb8\xb0\xeb\xa1\x9d \xec\xa4\x91\xec\x9d\xb4\xec\x97\x88\xec\x8a\xb5\xeb\x8b\x88\xeb\x8b\xa4"},
    {"This game upscales with Ray Reconstruction, so NR runs on its output (Upscaled).",
     "\xec\x9d\xb4 \xea\xb2\x8c\xec\x9e\x84\xec\x9d\x80 Ray Reconstruction\xec\x9c\xbc\xeb\xa1\x9c \xec\x97\x85\xec\x8a\xa4\xec\xbc\x80\xec\x9d\xbc\xed\x95\x98\xeb\xaf\x80\xeb\xa1\x9c NR\xec\x9d\x80 \xea\xb7\xb8 \xec\xb6\x9c\xeb\xa0\xa5\xec\x97\x90\xec\x84\x9c \xec\x8b\xa4\xed\x96\x89\xeb\x90\xa9\xeb\x8b\x88\xeb\x8b\xa4(\xec\x97\x85\xec\x8a\xa4\xec\xbc\x80\xec\x9d\xbc \xed\x9b\x84)."},
    {"This game's swapchain cannot be served at the present, so NR runs on the DLSS output (Upscaled).",
     "\xec\x9d\xb4 \xea\xb2\x8c\xec\x9e\x84\xec\x9d\x98 \xec\x8a\xa4\xec\x99\x91\xec\xb2\xb4\xec\x9d\xb8\xec\x9d\x80 \xed\x91\x9c\xec\x8b\x9c \xec\x8b\x9c\xec\xa0\x90\xec\x97\x90 \xec\xb2\x98\xeb\xa6\xac\xed\x95\xa0 \xec\x88\x98 \xec\x97\x86\xec\x9c\xbc\xeb\xaf\x80\xeb\xa1\x9c NR\xec\x9d\x80 DLSS \xec\xb6\x9c\xeb\xa0\xa5\xec\x97\x90\xec\x84\x9c \xec\x8b\xa4\xed\x96\x89\xeb\x90\xa9\xeb\x8b\x88\xeb\x8b\xa4(\xec\x97\x85\xec\x8a\xa4\xec\xbc\x80\xec\x9d\xbc \xed\x9b\x84)."},
    {"In a Vulkan game NR does not run at the present yet; it runs on the DLSS output (Upscaled).",
     "Vulkan \xea\xb2\x8c\xec\x9e\x84\xec\x97\x90\xec\x84\x9c\xeb\x8a\x94 NR\xec\x9d\xb4 \xec\x95\x84\xec\xa7\x81 \xed\x91\x9c\xec\x8b\x9c \xec\x8b\x9c\xec\xa0\x90\xec\x97\x90 \xec\x8b\xa4\xed\x96\x89\xeb\x90\x98\xec\xa7\x80 \xec\x95\x8a\xec\x9c\xbc\xeb\xa9\xb0 DLSS \xec\xb6\x9c\xeb\xa0\xa5\xec\x97\x90\xec\x84\x9c \xec\x8b\xa4\xed\x96\x89\xeb\x90\xa9\xeb\x8b\x88\xeb\x8b\xa4(\xec\x97\x85\xec\x8a\xa4\xec\xbc\x80\xec\x9d\xbc \xed\x9b\x84)."},
    {"In this Direct3D 11 game Present needs DX11Source=native in ReShade.ini; NR runs on the DLSS output (Upscaled).",
     "\xec\x9d\xb4 Direct3D 11 \xea\xb2\x8c\xec\x9e\x84\xec\x97\x90\xec\x84\x9c \xed\x91\x9c\xec\x8b\x9c \xec\x8b\x9c\xec\xa0\x90\xec\x9d\x84 \xec\x93\xb0\xeb\xa0\xa4\xeb\xa9\xb4 ReShade.ini\xec\x97\x90 DX11Source=native\xea\xb0\x80 \xed\x95\x84\xec\x9a\x94\xed\x95\xa9\xeb\x8b\x88\xeb\x8b\xa4. NR\xec\x9d\x80 DLSS \xec\xb6\x9c\xeb\xa0\xa5\xec\x97\x90\xec\x84\x9c \xec\x8b\xa4\xed\x96\x89\xeb\x90\xa9\xeb\x8b\x88\xeb\x8b\xa4(\xec\x97\x85\xec\x8a\xa4\xec\xbc\x80\xec\x9d\xbc \xed\x9b\x84)."},
    {"Frame generation is on: each extra pass adds a full NR pass to every game frame and can push the game out of its frame generation budget (fewer generated frames, or a hang).",
     "\xed\x94\x84\xeb\xa0\x88\xec\x9e\x84 \xec\x83\x9d\xec\x84\xb1\xec\x9d\xb4 \xec\xbc\x9c\xec\xa0\xb8 \xec\x9e\x88\xec\x8a\xb5\xeb\x8b\x88\xeb\x8b\xa4: \xed\x8c\xa8\xec\x8a\xa4\xeb\xa5\xbc \xed\x95\x98\xeb\x82\x98 \xeb\x8a\x98\xeb\xa6\xb4 \xeb\x95\x8c\xeb\xa7\x88\xeb\x8b\xa4 \xeb\xaa\xa8\xeb\x93\xa0 \xea\xb2\x8c\xec\x9e\x84 \xed\x94\x84\xeb\xa0\x88\xec\x9e\x84\xec\x97\x90 NR \xed\x8c\xa8\xec\x8a\xa4\xea\xb0\x80 \xed\x95\x9c \xeb\xb2\x88\xec\x94\xa9 \xeb\x8d\x94\xed\x95\xb4\xec\xa7\x80\xeb\xa9\xb0, \xea\xb2\x8c\xec\x9e\x84\xec\x9d\xb4 \xed\x94\x84\xeb\xa0\x88\xec\x9e\x84 \xec\x83\x9d\xec\x84\xb1 \xec\x98\x88\xec\x82\xb0\xec\x9d\x84 \xeb\x84\x98\xec\x9d\x84 \xec\x88\x98 \xec\x9e\x88\xec\x8a\xb5\xeb\x8b\x88\xeb\x8b\xa4(\xec\x83\x9d\xec\x84\xb1 \xed\x94\x84\xeb\xa0\x88\xec\x9e\x84 \xea\xb0\x90\xec\x86\x8c \xeb\x98\x90\xeb\x8a\x94 \xeb\xa9\x88\xec\xb6\xa4)."},
    {"Details: the %s tab in ReShade's overlay.  %s turns Neural Rendering off.",
     "\xec\x9e\x90\xec\x84\xb8\xed\x95\x9c \xeb\x82\xb4\xec\x9a\xa9: ReShade \xec\x98\xa4\xeb\xb2\x84\xeb\xa0\x88\xec\x9d\xb4\xec\x9d\x98 %s \xed\x83\xad. %s \xed\x82\xa4\xeb\xa1\x9c Neural Rendering\xec\x9d\x84 \xeb\x81\x95\xeb\x8b\x88\xeb\x8b\xa4."},
    {"and %u more",
     "\xec\x99\xb8 %u\xea\xb0\x9c"},
    {"Details and fixes: the %s tab in ReShade's overlay.",
     "\xec\x9e\x90\xec\x84\xb8\xed\x95\x9c \xeb\x82\xb4\xec\x9a\xa9\xea\xb3\xbc \xed\x95\xb4\xea\xb2\xb0 \xeb\xb0\xa9\xeb\xb2\x95: ReShade \xec\x98\xa4\xeb\xb2\x84\xeb\xa0\x88\xec\x9d\xb4\xec\x9d\x98 %s \xed\x83\xad."},
    {"Issue notices",
     "\xeb\xac\xb8\xec\xa0\x9c \xec\x95\x8c\xeb\xa6\xbc"},
    {"Shows a note in the game's corner for a few seconds when an issue starts, and again every five minutes while it lasts.  The issues under the status card are listed either way.",
     "\xeb\xac\xb8\xec\xa0\x9c\xea\xb0\x80 \xec\x8b\x9c\xec\x9e\x91\xeb\x90\x98\xeb\xa9\xb4 \xea\xb2\x8c\xec\x9e\x84 \xed\x99\x94\xeb\xa9\xb4 \xea\xb5\xac\xec\x84\x9d\xec\x97\x90 \xeb\xaa\x87 \xec\xb4\x88\xea\xb0\x84 \xec\x95\x8c\xeb\xa6\xbc\xec\x9d\x84 \xed\x91\x9c\xec\x8b\x9c\xed\x95\x98\xea\xb3\xa0, \xeb\xac\xb8\xec\xa0\x9c\xea\xb0\x80 \xea\xb3\x84\xec\x86\x8d\xeb\x90\x98\xeb\x8a\x94 \xeb\x8f\x99\xec\x95\x88 5\xeb\xb6\x84\xeb\xa7\x88\xeb\x8b\xa4 \xeb\x8b\xa4\xec\x8b\x9c \xed\x91\x9c\xec\x8b\x9c\xed\x95\xa9\xeb\x8b\x88\xeb\x8b\xa4. \xec\x83\x81\xed\x83\x9c \xec\xb9\xb4\xeb\x93\x9c \xec\x95\x84\xeb\x9e\x98\xec\x9d\x98 \xeb\xac\xb8\xec\xa0\x9c \xeb\xaa\xa9\xeb\xa1\x9d\xec\x9d\x80 \xec\x9d\xb4 \xec\x84\xa4\xec\xa0\x95\xea\xb3\xbc \xea\xb4\x80\xea\xb3\x84\xec\x97\x86\xec\x9d\xb4 \xed\x91\x9c\xec\x8b\x9c\xeb\x90\xa9\xeb\x8b\x88\xeb\x8b\xa4."},
    {"Welcome to DLSS 5 Neural Rendering",
     "DLSS 5 Neural Rendering\xec\x97\x90 \xec\x98\xa4\xec\x8b\xa0 \xea\xb2\x83\xec\x9d\x84 \xed\x99\x98\xec\x98\x81\xed\x95\xa9\xeb\x8b\x88\xeb\x8b\xa4"},
    {"Neural Rendering is NVIDIA's DLSS enhancer.  It works on the image the game's own DLSS makes, so DLSS or DLAA has to be on in the game's settings.",
     "Neural Rendering\xec\x9d\x80 NVIDIA\xec\x9d\x98 DLSS \xed\x96\xa5\xec\x83\x81 \xea\xb8\xb0\xeb\x8a\xa5\xec\x9e\x85\xeb\x8b\x88\xeb\x8b\xa4. \xea\xb2\x8c\xec\x9e\x84 \xec\x9e\x90\xec\xb2\xb4\xec\x9d\x98 DLSS\xea\xb0\x80 \xeb\xa7\x8c\xeb\x93\xa0 \xec\x9d\xb4\xeb\xaf\xb8\xec\xa7\x80\xec\x97\x90 \xec\x9e\x91\xeb\x8f\x99\xed\x95\x98\xeb\xaf\x80\xeb\xa1\x9c, \xea\xb2\x8c\xec\x9e\x84 \xec\x84\xa4\xec\xa0\x95\xec\x97\x90\xec\x84\x9c DLSS \xeb\x98\x90\xeb\x8a\x94 DLAA\xeb\xa5\xbc \xec\xbc\x9c\xec\x95\xbc \xed\x95\xa9\xeb\x8b\x88\xeb\x8b\xa4."},
    {"Neural Rendering is NVIDIA's DLSS enhancer.  At the Present hook point it works on the finished frame the game shows, so DLSS is not required: with DLSS or DLAA on it uses the game's depth and motion, without it neutral ones.",
     "Neural Rendering\xec\x9d\x80 NVIDIA\xec\x9d\x98 DLSS \xed\x96\xa5\xec\x83\x81 \xea\xb8\xb0\xeb\x8a\xa5\xec\x9e\x85\xeb\x8b\x88\xeb\x8b\xa4. \xed\x91\x9c\xec\x8b\x9c \xec\x8b\x9c\xec\xa0\x90 \xec\xa0\x81\xec\x9a\xa9 \xec\xa7\x80\xec\xa0\x90\xec\x97\x90\xec\x84\x9c\xeb\x8a\x94 \xea\xb2\x8c\xec\x9e\x84\xec\x9d\xb4 \xeb\xb3\xb4\xec\x97\xac \xec\xa3\xbc\xeb\x8a\x94 \xec\x99\x84\xec\x84\xb1\xeb\x90\x9c \xed\x94\x84\xeb\xa0\x88\xec\x9e\x84\xec\x97\x90 \xec\x9e\x91\xeb\x8f\x99\xed\x95\x98\xeb\xaf\x80\xeb\xa1\x9c DLSS\xea\xb0\x80 \xea\xbc\xad \xed\x95\x84\xec\x9a\x94\xed\x95\x98\xec\xa7\x80 \xec\x95\x8a\xec\x8a\xb5\xeb\x8b\x88\xeb\x8b\xa4. DLSS\xeb\x82\x98 DLAA\xea\xb0\x80 \xec\xbc\x9c\xec\xa0\xb8 \xec\x9e\x88\xec\x9c\xbc\xeb\xa9\xb4 \xea\xb2\x8c\xec\x9e\x84\xec\x9d\x98 \xea\xb9\x8a\xec\x9d\xb4 \xeb\xb0\x8f \xeb\xaa\xa8\xec\x85\x98\xec\x9d\x84, \xea\xba\xbc\xec\xa0\xb8 \xec\x9e\x88\xec\x9c\xbc\xeb\xa9\xb4 \xec\xa4\x91\xeb\xa6\xbd \xea\xb0\x92\xec\x9d\x84 \xec\x82\xac\xec\x9a\xa9\xed\x95\xa9\xeb\x8b\x88\xeb\x8b\xa4."},
    {"Neural Rendering is NVIDIA's DLSS enhancer.  At the Present hook point it works on the finished frame the game shows, and Depth and motion: Required needs DLSS or DLAA on in the game's settings.",
     "Neural Rendering\xec\x9d\x80 NVIDIA\xec\x9d\x98 DLSS \xed\x96\xa5\xec\x83\x81 \xea\xb8\xb0\xeb\x8a\xa5\xec\x9e\x85\xeb\x8b\x88\xeb\x8b\xa4. \xed\x91\x9c\xec\x8b\x9c \xec\x8b\x9c\xec\xa0\x90 \xec\xa0\x81\xec\x9a\xa9 \xec\xa7\x80\xec\xa0\x90\xec\x97\x90\xec\x84\x9c\xeb\x8a\x94 \xea\xb2\x8c\xec\x9e\x84\xec\x9d\xb4 \xeb\xb3\xb4\xec\x97\xac \xec\xa3\xbc\xeb\x8a\x94 \xec\x99\x84\xec\x84\xb1\xeb\x90\x9c \xed\x94\x84\xeb\xa0\x88\xec\x9e\x84\xec\x97\x90 \xec\x9e\x91\xeb\x8f\x99\xed\x95\x98\xeb\xa9\xb0, \xea\xb9\x8a\xec\x9d\xb4 \xeb\xb0\x8f \xeb\xaa\xa8\xec\x85\x98: \xed\x95\x84\xec\x88\x98\xeb\x8a\x94 \xea\xb2\x8c\xec\x9e\x84 \xec\x84\xa4\xec\xa0\x95\xec\x97\x90\xec\x84\x9c DLSS \xeb\x98\x90\xeb\x8a\x94 DLAA\xeb\xa5\xbc \xec\xbc\x9c\xec\x95\xbc \xed\x95\xa9\xeb\x8b\x88\xeb\x8b\xa4."},
    {"Neural Rendering is NVIDIA's DLSS enhancer.  At the Present hook point with Depth and motion: Never it works on the finished frame the game shows with neutral depth and motion, so DLSS is not needed.",
     "Neural Rendering\xec\x9d\x80 NVIDIA\xec\x9d\x98 DLSS \xed\x96\xa5\xec\x83\x81 \xea\xb8\xb0\xeb\x8a\xa5\xec\x9e\x85\xeb\x8b\x88\xeb\x8b\xa4. \xed\x91\x9c\xec\x8b\x9c \xec\x8b\x9c\xec\xa0\x90 \xec\xa0\x81\xec\x9a\xa9 \xec\xa7\x80\xec\xa0\x90\xec\x97\x90\xec\x84\x9c \xea\xb9\x8a\xec\x9d\xb4 \xeb\xb0\x8f \xeb\xaa\xa8\xec\x85\x98: \xec\x82\xac\xec\x9a\xa9 \xec\x95\x88 \xed\x95\xa8\xec\x9d\xb4\xeb\xa9\xb4 \xea\xb2\x8c\xec\x9e\x84\xec\x9d\xb4 \xeb\xb3\xb4\xec\x97\xac \xec\xa3\xbc\xeb\x8a\x94 \xec\x99\x84\xec\x84\xb1\xeb\x90\x9c \xed\x94\x84\xeb\xa0\x88\xec\x9e\x84\xec\x97\x90 \xec\xa4\x91\xeb\xa6\xbd \xea\xb9\x8a\xec\x9d\xb4\xec\x99\x80 \xeb\xaa\xa8\xec\x85\x98\xec\x9c\xbc\xeb\xa1\x9c \xec\x9e\x91\xeb\x8f\x99\xed\x95\x98\xeb\xaf\x80\xeb\xa1\x9c DLSS\xea\xb0\x80 \xed\x95\x84\xec\x9a\x94 \xec\x97\x86\xec\x8a\xb5\xeb\x8b\x88\xeb\x8b\xa4."},
    {"The card above says whether it is working.  When it is not, a note in the game's top-left corner says so, even with this overlay closed.",
     "\xec\x9c\x84 \xec\xb9\xb4\xeb\x93\x9c\xec\x97\x90 \xec\x9e\x91\xeb\x8f\x99 \xec\x97\xac\xeb\xb6\x80\xea\xb0\x80 \xed\x91\x9c\xec\x8b\x9c\xeb\x90\xa9\xeb\x8b\x88\xeb\x8b\xa4. \xec\x9e\x91\xeb\x8f\x99\xed\x95\x98\xec\xa7\x80 \xec\x95\x8a\xec\x9d\x84 \xeb\x95\x8c\xeb\x8a\x94 \xec\x9d\xb4 \xec\x98\xa4\xeb\xb2\x84\xeb\xa0\x88\xec\x9d\xb4\xeb\xa5\xbc \xeb\x8b\xab\xec\x95\x84\xeb\x8f\x84 \xea\xb2\x8c\xec\x9e\x84 \xed\x99\x94\xeb\xa9\xb4 \xec\x99\xbc\xec\xaa\xbd \xec\x9c\x84\xec\x97\x90 \xec\x95\x8c\xeb\xa6\xbc\xec\x9d\xb4 \xed\x91\x9c\xec\x8b\x9c\xeb\x90\xa9\xeb\x8b\x88\xeb\x8b\xa4."},
    {"The switch below turns it on and off; in game, the key shown beside it does the same.",
     "\xec\x95\x84\xeb\x9e\x98 \xec\x8a\xa4\xec\x9c\x84\xec\xb9\x98\xeb\xa1\x9c \xec\xbc\x9c\xea\xb3\xa0 \xeb\x81\x95\xeb\x8b\x88\xeb\x8b\xa4. \xea\xb2\x8c\xec\x9e\x84 \xec\xa4\x91\xec\x97\x90\xeb\x8a\x94 \xec\x98\x86\xec\x97\x90 \xed\x91\x9c\xec\x8b\x9c\xeb\x90\x9c \xed\x82\xa4\xeb\xa1\x9c\xeb\x8f\x84 \xea\xb0\x99\xec\x9d\x80 \xec\x9e\x91\xec\x97\x85\xec\x9d\x84 \xed\x95\xa0 \xec\x88\x98 \xec\x9e\x88\xec\x8a\xb5\xeb\x8b\x88\xeb\x8b\xa4."},
    {"Strength and the Look section shape the image; a row you changed gets a reset arrow.",
     "\xea\xb0\x95\xeb\x8f\x84\xec\x99\x80 \xeb\xa3\xa9 \xec\x84\xb9\xec\x85\x98\xec\x9d\xb4 \xec\x9d\xb4\xeb\xaf\xb8\xec\xa7\x80\xeb\xa5\xbc \xec\xa1\xb0\xec\xa0\x95\xed\x95\xa9\xeb\x8b\x88\xeb\x8b\xa4. \xeb\xb3\x80\xea\xb2\xbd\xed\x95\x9c \xed\x96\x89\xec\x97\x90\xeb\x8a\x94 \xec\xb4\x88\xea\xb8\xb0\xed\x99\x94 \xed\x99\x94\xec\x82\xb4\xed\x91\x9c\xea\xb0\x80 \xed\x91\x9c\xec\x8b\x9c\xeb\x90\xa9\xeb\x8b\x88\xeb\x8b\xa4."},
    {"DX11 game - NR waits for a D3D12 tool",
     "DX11 \xea\xb2\x8c\xec\x9e\x84 - NR\xec\x9d\xb4 D3D12 \xeb\x8f\x84\xea\xb5\xac\xeb\xa5\xbc \xea\xb8\xb0\xeb\x8b\xa4\xeb\xa6\xac\xeb\x8a\x94 \xec\xa4\x91"},
    {"This session serves only a third-party tool's Direct3D 12 DLSS (DX11Source=foreign, or another project's Direct3D 11 bridge add-on is loaded), and none has run. Nothing is wrong.",
     "\xec\x9d\xb4 \xec\x84\xb8\xec\x85\x98\xec\x9d\x80 \xec\x84\x9c\xeb\x93\x9c\xed\x8c\x8c\xed\x8b\xb0 \xeb\x8f\x84\xea\xb5\xac\xec\x9d\x98 Direct3D 12 DLSS\xeb\xa7\x8c \xec\xb2\x98\xeb\xa6\xac\xed\x95\x98\xeb\xa9\xb0(DX11Source=foreign \xeb\x98\x90\xeb\x8a\x94 \xeb\x8b\xa4\xeb\xa5\xb8 \xed\x94\x84\xeb\xa1\x9c\xec\xa0\x9d\xed\x8a\xb8\xec\x9d\x98 Direct3D 11 \xeb\xb8\x8c\xeb\xa6\xac\xec\xa7\x80 \xec\x95\xa0\xeb\x93\x9c\xec\x98\xa8\xec\x9d\xb4 \xeb\xa1\x9c\xeb\x93\x9c\xeb\x90\xa8), \xec\x95\x84\xec\xa7\x81 \xec\x8b\xa4\xed\x96\x89\xeb\x90\x9c \xec\xa0\x81\xec\x9d\xb4 \xec\x97\x86\xec\x8a\xb5\xeb\x8b\x88\xeb\x8b\xa4. \xeb\xac\xb8\xec\xa0\x9c\xeb\x8a\x94 \xec\x97\x86\xec\x8a\xb5\xeb\x8b\x88\xeb\x8b\xa4."},
    {"To serve the game's own DLSS, set DX11Source=native in [RenoDX.DLSS5] in ReShade.ini and restart the game.",
     "\xea\xb2\x8c\xec\x9e\x84 \xec\x9e\x90\xec\xb2\xb4\xec\x9d\x98 DLSS\xeb\xa5\xbc \xec\xb2\x98\xeb\xa6\xac\xed\x95\x98\xeb\xa0\xa4\xeb\xa9\xb4 ReShade.ini\xec\x9d\x98 [RenoDX.DLSS5]\xec\x97\x90\xec\x84\x9c DX11Source=native\xeb\xa1\x9c \xec\x84\xa4\xec\xa0\x95\xed\x95\x98\xea\xb3\xa0 \xea\xb2\x8c\xec\x9e\x84\xec\x9d\x84 \xeb\x8b\xa4\xec\x8b\x9c \xec\x8b\x9c\xec\x9e\x91\xed\x95\x98\xec\x84\xb8\xec\x9a\x94."},
    {"NR runtime does not support this GPU",
     "NR \xeb\x9f\xb0\xed\x83\x80\xec\x9e\x84\xec\x9d\xb4 \xec\x9d\xb4 GPU\xeb\xa5\xbc \xec\xa7\x80\xec\x9b\x90\xed\x95\x98\xec\xa7\x80 \xec\x95\x8a\xec\x9d\x8c"},
    {"This nvngx_dlssnr.dll is built for GeForce RTX 50-series (Blackwell) GPUs, and this GPU is an earlier generation. A driver update cannot change that.",
     "\xec\x9d\xb4 nvngx_dlssnr.dll\xec\x9d\x80 GeForce RTX 50 \xec\x8b\x9c\xeb\xa6\xac\xec\xa6\x88(Blackwell) GPU\xec\x9a\xa9\xec\x9c\xbc\xeb\xa1\x9c \xeb\xa7\x8c\xeb\x93\xa4\xec\x96\xb4\xec\xa1\x8c\xec\x9c\xbc\xeb\xa9\xb0, \xec\x9d\xb4 GPU\xeb\x8a\x94 \xec\x9d\xb4\xec\xa0\x84 \xec\x84\xb8\xeb\x8c\x80\xec\x9e\x85\xeb\x8b\x88\xeb\x8b\xa4. \xeb\x93\x9c\xeb\x9d\xbc\xec\x9d\xb4\xeb\xb2\x84\xeb\xa5\xbc \xec\x97\x85\xeb\x8d\xb0\xec\x9d\xb4\xed\x8a\xb8\xed\x95\xb4\xeb\x8f\x84 \xeb\xb0\x94\xeb\x80\x8c\xec\xa7\x80 \xec\x95\x8a\xec\x8a\xb5\xeb\x8b\x88\xeb\x8b\xa4."},
    {"Use an nvngx_dlssnr.dll build that supports this GPU, then restart the game.",
     "\xec\x9d\xb4 GPU\xeb\xa5\xbc \xec\xa7\x80\xec\x9b\x90\xed\x95\x98\xeb\x8a\x94 nvngx_dlssnr.dll \xeb\xb9\x8c\xeb\x93\x9c\xeb\xa5\xbc \xec\x82\xac\xec\x9a\xa9\xed\x95\x9c \xed\x9b\x84 \xea\xb2\x8c\xec\x9e\x84\xec\x9d\x84 \xeb\x8b\xa4\xec\x8b\x9c \xec\x8b\x9c\xec\x9e\x91\xed\x95\x98\xec\x84\xb8\xec\x9a\x94."},
    {"NR can't read this game's DLSS surfaces",
     "NR\xec\x9d\xb4 \xec\x9d\xb4 \xea\xb2\x8c\xec\x9e\x84\xec\x9d\x98 DLSS \xec\x84\x9c\xed\x94\xbc\xec\x8a\xa4\xeb\xa5\xbc \xec\x9d\xbd\xec\x9d\x84 \xec\x88\x98 \xec\x97\x86\xec\x9d\x8c"},
    {"The game's DLSS output uses a format or multisampling that the Direct3D 11 bridge cannot share with Direct3D 12, so every frame keeps the game's own DLSS image.",
     "\xea\xb2\x8c\xec\x9e\x84\xec\x9d\x98 DLSS \xec\xb6\x9c\xeb\xa0\xa5\xec\x9d\xb4 Direct3D 11 \xeb\xb8\x8c\xeb\xa6\xac\xec\xa7\x80\xea\xb0\x80 Direct3D 12\xec\x99\x80 \xea\xb3\xb5\xec\x9c\xa0\xed\x95\xa0 \xec\x88\x98 \xec\x97\x86\xeb\x8a\x94 \xed\x8f\xac\xeb\xa7\xb7 \xeb\x98\x90\xeb\x8a\x94 \xeb\xa9\x80\xed\x8b\xb0\xec\x83\x98\xed\x94\x8c\xeb\xa7\x81\xec\x9d\x84 \xec\x82\xac\xec\x9a\xa9\xed\x95\x98\xeb\xaf\x80\xeb\xa1\x9c, \xeb\xaa\xa8\xeb\x93\xa0 \xed\x94\x84\xeb\xa0\x88\xec\x9e\x84\xec\x9d\xb4 \xea\xb2\x8c\xec\x9e\x84 \xec\x9e\x90\xec\xb2\xb4\xec\x9d\x98 DLSS \xec\x9d\xb4\xeb\xaf\xb8\xec\xa7\x80\xeb\xa1\x9c \xec\x9c\xa0\xec\xa7\x80\xeb\x90\xa9\xeb\x8b\x88\xeb\x8b\xa4."},
    {"Copy the support report under Diagnostics and share it with ReShade.log; it names the surface format.",
     "\xec\xa7\x84\xeb\x8b\xa8\xec\x97\x90\xec\x84\x9c \xec\xa7\x80\xec\x9b\x90 \xeb\xb3\xb4\xea\xb3\xa0\xec\x84\x9c\xeb\xa5\xbc \xeb\xb3\xb5\xec\x82\xac\xed\x95\xb4 ReShade.log\xec\x99\x80 \xed\x95\xa8\xea\xbb\x98 \xea\xb3\xb5\xec\x9c\xa0\xed\x95\x98\xec\x84\xb8\xec\x9a\x94. \xeb\xb3\xb4\xea\xb3\xa0\xec\x84\x9c\xec\x97\x90 \xec\x84\x9c\xed\x94\xbc\xec\x8a\xa4 \xed\x8f\xac\xeb\xa7\xb7\xec\x9d\xb4 \xed\x91\x9c\xec\x8b\x9c\xeb\x90\xa9\xeb\x8b\x88\xeb\x8b\xa4."},
    {"NR's Direct3D 11 bridge stopped",
     "NR\xec\x9d\x98 Direct3D 11 \xeb\xb8\x8c\xeb\xa6\xac\xec\xa7\x80\xea\xb0\x80 \xec\xa4\x91\xec\xa7\x80\xeb\x90\xa8"},
    {"The private Direct3D 12 device NR runs on beside this game stalled or was removed, so NR stepped aside and the game keeps its own DLSS image.",
     "\xec\x9d\xb4 \xea\xb2\x8c\xec\x9e\x84\xea\xb3\xbc \xed\x95\xa8\xea\xbb\x98 NR\xec\x9d\xb4 \xec\x8b\xa4\xed\x96\x89\xeb\x90\x98\xeb\x8a\x94 \xec\xa0\x84\xec\x9a\xa9 Direct3D 12 \xec\x9e\xa5\xec\xb9\x98\xea\xb0\x80 \xeb\xa9\x88\xec\xb6\x94\xea\xb1\xb0\xeb\x82\x98 \xec\xa0\x9c\xea\xb1\xb0\xeb\x90\x98\xec\x96\xb4, NR\xec\x9d\xb4 \xeb\xac\xbc\xeb\x9f\xac\xeb\x82\x98\xea\xb3\xa0 \xea\xb2\x8c\xec\x9e\x84 \xec\x9e\x90\xec\xb2\xb4\xec\x9d\x98 DLSS \xec\x9d\xb4\xeb\xaf\xb8\xec\xa7\x80\xea\xb0\x80 \xec\x9c\xa0\xec\xa7\x80\xeb\x90\xa9\xeb\x8b\x88\xeb\x8b\xa4."},
    {"Restart the game.",
     "\xea\xb2\x8c\xec\x9e\x84\xec\x9d\x84 \xeb\x8b\xa4\xec\x8b\x9c \xec\x8b\x9c\xec\x9e\x91\xed\x95\x98\xec\x84\xb8\xec\x9a\x94."},
    {"If it happens again, update the NVIDIA driver and share ReShade.log.",
     "\xeb\x8b\xa4\xec\x8b\x9c \xeb\xb0\x9c\xec\x83\x9d\xed\x95\x98\xeb\xa9\xb4 NVIDIA \xeb\x93\x9c\xeb\x9d\xbc\xec\x9d\xb4\xeb\xb2\x84\xeb\xa5\xbc \xec\x97\x85\xeb\x8d\xb0\xec\x9d\xb4\xed\x8a\xb8\xed\x95\x98\xea\xb3\xa0 ReShade.log\xeb\xa5\xbc \xea\xb3\xb5\xec\x9c\xa0\xed\x95\x98\xec\x84\xb8\xec\x9a\x94."},
    {"NR could not start the Direct3D 11 bridge",
     "NR\xec\x9d\xb4 Direct3D 11 \xeb\xb8\x8c\xeb\xa6\xac\xec\xa7\x80\xeb\xa5\xbc \xec\x8b\x9c\xec\x9e\x91\xed\x95\x98\xec\xa7\x80 \xeb\xaa\xbb\xed\x95\xa8"},
    {"Neural Rendering runs on a private Direct3D 12 device beside this Direct3D 11 game, and that device did not start.",
     "Neural Rendering\xec\x9d\x80 \xec\x9d\xb4 Direct3D 11 \xea\xb2\x8c\xec\x9e\x84\xea\xb3\xbc \xed\x95\xa8\xea\xbb\x98 \xec\xa0\x84\xec\x9a\xa9 Direct3D 12 \xec\x9e\xa5\xec\xb9\x98\xec\x97\x90\xec\x84\x9c \xec\x8b\xa4\xed\x96\x89\xeb\x90\x98\xeb\x8a\x94\xeb\x8d\xb0, \xea\xb7\xb8 \xec\x9e\xa5\xec\xb9\x98\xea\xb0\x80 \xec\x8b\x9c\xec\x9e\x91\xeb\x90\x98\xec\xa7\x80 \xec\x95\x8a\xec\x95\x98\xec\x8a\xb5\xeb\x8b\x88\xeb\x8b\xa4."},
    {"Update the NVIDIA driver and restart the game.",
     "NVIDIA \xeb\x93\x9c\xeb\x9d\xbc\xec\x9d\xb4\xeb\xb2\x84\xeb\xa5\xbc \xec\x97\x85\xeb\x8d\xb0\xec\x9d\xb4\xed\x8a\xb8\xed\x95\x98\xea\xb3\xa0 \xea\xb2\x8c\xec\x9e\x84\xec\x9d\x84 \xeb\x8b\xa4\xec\x8b\x9c \xec\x8b\x9c\xec\x9e\x91\xed\x95\x98\xec\x84\xb8\xec\x9a\x94."},
    {"ReShade.log names the failing step ('D3D11 bridge could not start').",
     "ReShade.log\xec\x97\x90 \xec\x8b\xa4\xed\x8c\xa8\xed\x95\x9c \xeb\x8b\xa8\xea\xb3\x84('D3D11 bridge could not start')\xea\xb0\x80 \xea\xb8\xb0\xeb\xa1\x9d\xeb\x90\xa9\xeb\x8b\x88\xeb\x8b\xa4."},
    {"NR is idle - DLSS has not started",
     "NR \xeb\x8c\x80\xea\xb8\xb0 \xec\xa4\x91 - DLSS\xea\xb0\x80 \xec\x8b\x9c\xec\x9e\x91\xeb\x90\x98\xec\xa7\x80 \xec\x95\x8a\xec\x9d\x8c"},
    {"NVIDIA's DLSS is loaded, but the game has not started DLSS upscaling.",
     "NVIDIA DLSS\xeb\x8a\x94 \xeb\xa1\x9c\xeb\x93\x9c\xeb\x90\x98\xec\x97\x88\xec\xa7\x80\xeb\xa7\x8c \xea\xb2\x8c\xec\x9e\x84\xec\x9d\xb4 DLSS \xec\x97\x85\xec\x8a\xa4\xec\xbc\x80\xec\x9d\xbc\xeb\xa7\x81\xec\x9d\x84 \xec\x8b\x9c\xec\x9e\x91\xed\x95\x98\xec\xa7\x80 \xec\x95\x8a\xec\x95\x98\xec\x8a\xb5\xeb\x8b\x88\xeb\x8b\xa4."},
    {"Turn on DLSS or DLAA in the game's graphics settings.",
     "\xea\xb2\x8c\xec\x9e\x84\xec\x9d\x98 \xea\xb7\xb8\xeb\x9e\x98\xed\x94\xbd \xec\x84\xa4\xec\xa0\x95\xec\x97\x90\xec\x84\x9c DLSS \xeb\x98\x90\xeb\x8a\x94 DLAA\xeb\xa5\xbc \xec\xbc\x9c\xec\x84\xb8\xec\x9a\x94."},
    {"If DLSS is already on, set EnableHooks=1 in [RenoDX.DLSS5] in ReShade.ini and restart the game.",
     "DLSS\xea\xb0\x80 \xec\x9d\xb4\xeb\xaf\xb8 \xec\xbc\x9c\xec\xa0\xb8 \xec\x9e\x88\xeb\x8b\xa4\xeb\xa9\xb4 ReShade.ini\xec\x9d\x98 [RenoDX.DLSS5]\xec\x97\x90\xec\x84\x9c EnableHooks=1\xeb\xa1\x9c \xec\x84\xa4\xec\xa0\x95\xed\x95\x98\xea\xb3\xa0 \xea\xb2\x8c\xec\x9e\x84\xec\x9d\x84 \xeb\x8b\xa4\xec\x8b\x9c \xec\x8b\x9c\xec\x9e\x91\xed\x95\x98\xec\x84\xb8\xec\x9a\x94."},
    {"NR is idle - DLSS is set up but not running",
     "NR \xeb\x8c\x80\xea\xb8\xb0 \xec\xa4\x91 - DLSS\xea\xb0\x80 \xec\x84\xa4\xec\xa0\x95\xeb\x90\x98\xec\x97\x88\xec\xa7\x80\xeb\xa7\x8c \xec\x8b\xa4\xed\x96\x89\xeb\x90\x98\xec\xa7\x80 \xec\x95\x8a\xec\x9d\x8c"},
    {"The game created its DLSS upscaler but has not run it yet.",
     "\xea\xb2\x8c\xec\x9e\x84\xec\x9d\xb4 DLSS \xec\x97\x85\xec\x8a\xa4\xec\xbc\x80\xec\x9d\xbc\xeb\x9f\xac\xeb\xa5\xbc \xec\x83\x9d\xec\x84\xb1\xed\x96\x88\xec\xa7\x80\xeb\xa7\x8c \xec\x95\x84\xec\xa7\x81 \xec\x8b\xa4\xed\x96\x89\xed\x95\x98\xec\xa7\x80 \xec\x95\x8a\xec\x95\x98\xec\x8a\xb5\xeb\x8b\x88\xeb\x8b\xa4."},
    {"Load into gameplay with DLSS on; this card turns green when NR runs.",
     "DLSS\xeb\xa5\xbc \xec\xbc\xa0 \xec\x83\x81\xed\x83\x9c\xeb\xa1\x9c \xea\xb2\x8c\xec\x9e\x84\xed\x94\x8c\xeb\xa0\x88\xec\x9d\xb4\xec\x97\x90 \xec\xa7\x84\xec\x9e\x85\xed\x95\x98\xec\x84\xb8\xec\x9a\x94. NR\xec\x9d\xb4 \xec\x8b\xa4\xed\x96\x89\xeb\x90\x98\xeb\xa9\xb4 \xec\x9d\xb4 \xec\xb9\xb4\xeb\x93\x9c\xea\xb0\x80 \xeb\x85\xb9\xec\x83\x89\xec\x9c\xbc\xeb\xa1\x9c \xeb\xb0\x94\xeb\x80\x9d\xeb\x8b\x88\xeb\x8b\xa4."},
    {"NR can't reach this game's DLSS",
     "NR\xec\x9d\xb4 \xec\x9d\xb4 \xea\xb2\x8c\xec\x9e\x84\xec\x9d\x98 DLSS\xec\x97\x90 \xec\xa0\x91\xea\xb7\xbc\xed\x95\xa0 \xec\x88\x98 \xec\x97\x86\xec\x9d\x8c"},
    {"DLSS is running, but every call so far belonged to another DLSS feature or came through a path the addon cannot see.",
     "DLSS\xea\xb0\x80 \xec\x8b\xa4\xed\x96\x89 \xec\xa4\x91\xec\x9d\xb4\xec\xa7\x80\xeb\xa7\x8c, \xec\xa7\x80\xea\xb8\x88\xea\xb9\x8c\xec\xa7\x80\xec\x9d\x98 \xeb\xaa\xa8\xeb\x93\xa0 \xed\x98\xb8\xec\xb6\x9c\xec\x9d\x80 \xeb\x8b\xa4\xeb\xa5\xb8 DLSS \xea\xb8\xb0\xeb\x8a\xa5\xec\x97\x90 \xec\x86\x8d\xed\x95\x98\xea\xb1\xb0\xeb\x82\x98 \xec\x95\xa0\xeb\x93\x9c\xec\x98\xa8\xec\x9d\xb4 \xeb\xb3\xbc \xec\x88\x98 \xec\x97\x86\xeb\x8a\x94 \xea\xb2\xbd\xeb\xa1\x9c\xeb\xa5\xbc \xea\xb1\xb0\xec\xb3\xa4\xec\x8a\xb5\xeb\x8b\x88\xeb\x8b\xa4."},
    {"If the game uses NVIDIA Streamline, set EnableHooks=1 in [RenoDX.DLSS5] in ReShade.ini and restart the game.",
     "\xea\xb2\x8c\xec\x9e\x84\xec\x9d\xb4 NVIDIA Streamline\xec\x9d\x84 \xec\x82\xac\xec\x9a\xa9\xed\x95\x9c\xeb\x8b\xa4\xeb\xa9\xb4 ReShade.ini\xec\x9d\x98 [RenoDX.DLSS5]\xec\x97\x90\xec\x84\x9c EnableHooks=1\xeb\xa1\x9c \xec\x84\xa4\xec\xa0\x95\xed\x95\x98\xea\xb3\xa0 \xea\xb2\x8c\xec\x9e\x84\xec\x9d\x84 \xeb\x8b\xa4\xec\x8b\x9c \xec\x8b\x9c\xec\x9e\x91\xed\x95\x98\xec\x84\xb8\xec\x9a\x94."},
    {"NR could not attach safely",
     "NR\xec\x9d\x84 \xec\x95\x88\xec\xa0\x84\xed\x95\x98\xea\xb2\x8c \xec\x97\xb0\xea\xb2\xb0\xed\x95\xa0 \xec\x88\x98 \xec\x97\x86\xec\x9d\x8c"},
    {"The addon could not find the Direct3D 12 functions it needs to keep the game's state intact, so NR stays off rather than risk the image.",
     "\xec\x95\xa0\xeb\x93\x9c\xec\x98\xa8\xec\x9d\xb4 \xea\xb2\x8c\xec\x9e\x84 \xec\x83\x81\xed\x83\x9c\xeb\xa5\xbc \xec\x98\xa8\xec\xa0\x84\xed\x9e\x88 \xec\x9c\xa0\xec\xa7\x80\xed\x95\x98\xeb\x8a\x94 \xeb\x8d\xb0 \xed\x95\x84\xec\x9a\x94\xed\x95\x9c Direct3D 12 \xed\x95\xa8\xec\x88\x98\xeb\xa5\xbc \xec\xb0\xbe\xec\xa7\x80 \xeb\xaa\xbb\xed\x95\xb4, \xec\x9d\xb4\xeb\xaf\xb8\xec\xa7\x80\xeb\xa5\xbc \xec\x9c\x84\xed\x97\x98\xec\x97\x90 \xeb\xb9\xa0\xeb\x9c\xa8\xeb\xa6\xac\xec\xa7\x80 \xec\x95\x8a\xeb\x8f\x84\xeb\xa1\x9d NR\xec\x9d\xb4 \xea\xba\xbc\xec\xa7\x84 \xec\x83\x81\xed\x83\x9c\xeb\xa1\x9c \xec\x9c\xa0\xec\xa7\x80\xeb\x90\xa9\xeb\x8b\x88\xeb\x8b\xa4."},
    {"Copy the support report under Diagnostics and share it with ReShade.log.",
     "\xec\xa7\x84\xeb\x8b\xa8\xec\x97\x90\xec\x84\x9c \xec\xa7\x80\xec\x9b\x90 \xeb\xb3\xb4\xea\xb3\xa0\xec\x84\x9c\xeb\xa5\xbc \xeb\xb3\xb5\xec\x82\xac\xed\x95\xb4 ReShade.log\xec\x99\x80 \xed\x95\xa8\xea\xbb\x98 \xea\xb3\xb5\xec\x9c\xa0\xed\x95\x98\xec\x84\xb8\xec\x9a\x94."},
    {"NR runtime did not start",
     "NR \xeb\x9f\xb0\xed\x83\x80\xec\x9e\x84\xec\x9d\xb4 \xec\x8b\x9c\xec\x9e\x91\xeb\x90\x98\xec\xa7\x80 \xec\x95\x8a\xec\x9d\x8c"},
    {"DLSS is running, but NVIDIA's Neural Rendering runtime did not start on this system.",
     "DLSS\xea\xb0\x80 \xec\x8b\xa4\xed\x96\x89 \xec\xa4\x91\xec\x9d\xb4\xec\xa7\x80\xeb\xa7\x8c \xec\x9d\xb4 \xec\x8b\x9c\xec\x8a\xa4\xed\x85\x9c\xec\x97\x90\xec\x84\x9c NVIDIA\xec\x9d\x98 Neural Rendering \xeb\x9f\xb0\xed\x83\x80\xec\x9e\x84\xec\x9d\xb4 \xec\x8b\x9c\xec\x9e\x91\xeb\x90\x98\xec\xa7\x80 \xec\x95\x8a\xec\x95\x98\xec\x8a\xb5\xeb\x8b\x88\xeb\x8b\xa4."},
    {"Diagnostics shows the runtime's last result; ReShade.log names the failing step.",
     "\xec\xa7\x84\xeb\x8b\xa8\xec\x97\x90 \xeb\x9f\xb0\xed\x83\x80\xec\x9e\x84\xec\x9d\x98 \xeb\xa7\x88\xec\xa7\x80\xeb\xa7\x89 \xea\xb2\xb0\xea\xb3\xbc\xea\xb0\x80 \xed\x91\x9c\xec\x8b\x9c\xeb\x90\x98\xeb\xa9\xb0, ReShade.log\xec\x97\x90 \xec\x8b\xa4\xed\x8c\xa8\xed\x95\x9c \xeb\x8b\xa8\xea\xb3\x84\xea\xb0\x80 \xea\xb8\xb0\xeb\xa1\x9d\xeb\x90\xa9\xeb\x8b\x88\xeb\x8b\xa4."},
    {"NR is on but holding back",
     "NR\xec\x9d\xb4 \xec\xbc\x9c\xec\xa0\xb8 \xec\x9e\x88\xec\xa7\x80\xeb\xa7\x8c \xeb\xb3\xb4\xeb\xa5\x98 \xec\xa4\x91"},
    {"The game's GPU state could not be restored safely around NR, so every frame was skipped rather than risk the image. This usually clears by itself.",
     "NR \xec\xa0\x84\xed\x9b\x84\xeb\xa1\x9c \xea\xb2\x8c\xec\x9e\x84\xec\x9d\x98 GPU \xec\x83\x81\xed\x83\x9c\xeb\xa5\xbc \xec\x95\x88\xec\xa0\x84\xed\x95\x98\xea\xb2\x8c \xeb\xb3\xb5\xec\x9b\x90\xed\x95\xa0 \xec\x88\x98 \xec\x97\x86\xec\x96\xb4, \xec\x9d\xb4\xeb\xaf\xb8\xec\xa7\x80\xeb\xa5\xbc \xec\x9c\x84\xed\x97\x98\xec\x97\x90 \xeb\xb9\xa0\xeb\x9c\xa8\xeb\xa6\xac\xec\xa7\x80 \xec\x95\x8a\xeb\x8f\x84\xeb\xa1\x9d \xeb\xaa\xa8\xeb\x93\xa0 \xed\x94\x84\xeb\xa0\x88\xec\x9e\x84\xec\x9d\x84 \xea\xb1\xb4\xeb\x84\x88\xeb\x9b\xb0\xec\x97\x88\xec\x8a\xb5\xeb\x8b\x88\xeb\x8b\xa4. \xeb\x8c\x80\xea\xb0\x9c \xec\xa0\x80\xec\xa0\x88\xeb\xa1\x9c \xed\x95\xb4\xea\xb2\xb0\xeb\x90\xa9\xeb\x8b\x88\xeb\x8b\xa4."},
    {"If it never clears, copy the support report under Diagnostics and share it with ReShade.log.",
     "\xea\xb3\x84\xec\x86\x8d \xed\x95\xb4\xea\xb2\xb0\xeb\x90\x98\xec\xa7\x80 \xec\x95\x8a\xec\x9c\xbc\xeb\xa9\xb4 \xec\xa7\x84\xeb\x8b\xa8\xec\x97\x90\xec\x84\x9c \xec\xa7\x80\xec\x9b\x90 \xeb\xb3\xb4\xea\xb3\xa0\xec\x84\x9c\xeb\xa5\xbc \xeb\xb3\xb5\xec\x82\xac\xed\x95\xb4 ReShade.log\xec\x99\x80 \xed\x95\xa8\xea\xbb\x98 \xea\xb3\xb5\xec\x9c\xa0\xed\x95\x98\xec\x84\xb8\xec\x9a\x94."},
    {"NR is on but has not run yet",
     "NR\xec\x9d\xb4 \xec\xbc\x9c\xec\xa0\xb8 \xec\x9e\x88\xec\xa7\x80\xeb\xa7\x8c \xec\x95\x84\xec\xa7\x81 \xec\x8b\xa4\xed\x96\x89\xeb\x90\x98\xec\xa7\x80 \xec\x95\x8a\xec\x9d\x8c"},
    {"DLSS is running and NR is on, but NR has not run on a frame yet.",
     "DLSS\xea\xb0\x80 \xec\x8b\xa4\xed\x96\x89 \xec\xa4\x91\xec\x9d\xb4\xea\xb3\xa0 NR\xeb\x8f\x84 \xec\xbc\x9c\xec\xa0\xb8 \xec\x9e\x88\xec\xa7\x80\xeb\xa7\x8c, NR\xec\x9d\xb4 \xec\x95\x84\xec\xa7\x81 \xec\x96\xb4\xeb\x96\xa4 \xed\x94\x84\xeb\xa0\x88\xec\x9e\x84\xec\x97\x90\xec\x84\x9c\xeb\x8f\x84 \xec\x8b\xa4\xed\x96\x89\xeb\x90\x98\xec\xa7\x80 \xec\x95\x8a\xec\x95\x98\xec\x8a\xb5\xeb\x8b\x88\xeb\x8b\xa4."},
    {"Copy the support report under Diagnostics; ReShade.log's NR-VERDICT line names the stage and the reason.",
     "\xec\xa7\x84\xeb\x8b\xa8\xec\x97\x90\xec\x84\x9c \xec\xa7\x80\xec\x9b\x90 \xeb\xb3\xb4\xea\xb3\xa0\xec\x84\x9c\xeb\xa5\xbc \xeb\xb3\xb5\xec\x82\xac\xed\x95\x98\xec\x84\xb8\xec\x9a\x94. ReShade.log\xec\x9d\x98 NR-VERDICT \xec\xa4\x84\xec\x97\x90 \xeb\x8b\xa8\xea\xb3\x84\xec\x99\x80 \xec\x9d\xb4\xec\x9c\xa0\xea\xb0\x80 \xea\xb8\xb0\xeb\xa1\x9d\xeb\x90\xa9\xeb\x8b\x88\xeb\x8b\xa4."},
    {"Running through a third-party tool's Direct3D 12 DLSS.",
     "\xec\x84\x9c\xeb\x93\x9c\xed\x8c\x8c\xed\x8b\xb0 \xeb\x8f\x84\xea\xb5\xac\xec\x9d\x98 Direct3D 12 DLSS\xeb\xa5\xbc \xed\x86\xb5\xed\x95\xb4 \xec\x8b\xa4\xed\x96\x89 \xec\xa4\x91."},
    {"Running through the Direct3D 11 bridge.",
     "Direct3D 11 \xeb\xb8\x8c\xeb\xa6\xac\xec\xa7\x80\xeb\xa5\xbc \xed\x86\xb5\xed\x95\xb4 \xec\x8b\xa4\xed\x96\x89 \xec\xa4\x91."},
    {"Disabled by setting",
     "\xec\x84\xa4\xec\xa0\x95\xec\x9c\xbc\xeb\xa1\x9c \xeb\xb9\x84\xed\x99\x9c\xec\x84\xb1\xed\x99\x94\xeb\x90\xa8"},
    {"EnableHooks=0 in [RenoDX.DLSS5] (ReShade.ini) turns every hook off. Set EnableHooks=2 to use Neural Rendering.",
     "[RenoDX.DLSS5](ReShade.ini)\xec\x9d\x98 EnableHooks=0\xec\x9d\x80 \xeb\xaa\xa8\xeb\x93\xa0 \xed\x9b\x84\xed\x82\xb9\xec\x9d\x84 \xeb\x81\x95\xeb\x8b\x88\xeb\x8b\xa4. Neural Rendering\xec\x9d\x84 \xec\x82\xac\xec\x9a\xa9\xed\x95\x98\xeb\xa0\xa4\xeb\xa9\xb4 EnableHooks=2\xeb\xa1\x9c \xec\x84\xa4\xec\xa0\x95\xed\x95\x98\xec\x84\xb8\xec\x9a\x94."},
    {"DX11Source=off in [RenoDX.DLSS5] (ReShade.ini) keeps the addon inert in Direct3D 11 games. Remove the key to let Neural Rendering follow the game's DLSS again.",
     "[RenoDX.DLSS5](ReShade.ini)\xec\x9d\x98 DX11Source=off\xeb\x8a\x94 Direct3D 11 \xea\xb2\x8c\xec\x9e\x84\xec\x97\x90\xec\x84\x9c \xec\x95\xa0\xeb\x93\x9c\xec\x98\xa8\xec\x9d\x84 \xeb\xb9\x84\xed\x99\x9c\xec\x84\xb1 \xec\x83\x81\xed\x83\x9c\xeb\xa1\x9c \xeb\x91\xa1\xeb\x8b\x88\xeb\x8b\xa4. \xec\x9d\xb4 \xed\x82\xa4\xeb\xa5\xbc \xec\xa0\x9c\xea\xb1\xb0\xed\x95\x98\xeb\xa9\xb4 Neural Rendering\xec\x9d\xb4 \xeb\x8b\xa4\xec\x8b\x9c \xea\xb2\x8c\xec\x9e\x84\xec\x9d\x98 DLSS\xeb\xa5\xbc \xeb\x94\xb0\xeb\xa6\x85\xeb\x8b\x88\xeb\x8b\xa4."},
    {"Another Neural Rendering mod is running",
     "\xeb\x8b\xa4\xeb\xa5\xb8 Neural Rendering \xeb\xaa\xa8\xeb\x93\x9c\xea\xb0\x80 \xec\x8b\xa4\xed\x96\x89 \xec\xa4\x91"},
    {"Something else in this game already runs Neural Rendering, so this addon stands down instead of enhancing every frame twice.",
     "\xec\x9d\xb4 \xea\xb2\x8c\xec\x9e\x84\xec\x97\x90\xec\x84\x9c \xec\x9d\xb4\xeb\xaf\xb8 \xeb\x8b\xa4\xeb\xa5\xb8 \xeb\xac\xb4\xec\x96\xb8\xea\xb0\x80\xea\xb0\x80 Neural Rendering\xec\x9d\x84 \xec\x8b\xa4\xed\x96\x89\xed\x95\x98\xea\xb3\xa0 \xec\x9e\x88\xec\x96\xb4, \xeb\xaa\xa8\xeb\x93\xa0 \xed\x94\x84\xeb\xa0\x88\xec\x9e\x84\xec\x9d\x84 \xeb\x91\x90 \xeb\xb2\x88 \xed\x96\xa5\xec\x83\x81\xed\x95\x98\xec\xa7\x80 \xec\x95\x8a\xeb\x8f\x84\xeb\xa1\x9d \xec\x9d\xb4 \xec\x95\xa0\xeb\x93\x9c\xec\x98\xa8\xec\x9d\x80 \xeb\xac\xbc\xeb\x9f\xac\xeb\x82\xa9\xeb\x8b\x88\xeb\x8b\xa4."},
    {"To use this addon instead, remove the other mod and restart the game.",
     "\xec\x9d\xb4 \xec\x95\xa0\xeb\x93\x9c\xec\x98\xa8\xec\x9d\x84 \xeb\x8c\x80\xec\x8b\xa0 \xec\x82\xac\xec\x9a\xa9\xed\x95\x98\xeb\xa0\xa4\xeb\xa9\xb4 \xeb\x8b\xa4\xeb\xa5\xb8 \xeb\xaa\xa8\xeb\x93\x9c\xeb\xa5\xbc \xec\xa0\x9c\xea\xb1\xb0\xed\x95\x98\xea\xb3\xa0 \xea\xb2\x8c\xec\x9e\x84\xec\x9d\x84 \xeb\x8b\xa4\xec\x8b\x9c \xec\x8b\x9c\xec\x9e\x91\xed\x95\x98\xec\x84\xb8\xec\x9a\x94."},
    {"To run both anyway, set ForeignNr=observe in [RenoDX.DLSS5] (ReShade.ini) and restart.",
     "\xea\xb7\xb8\xeb\x9e\x98\xeb\x8f\x84 \xeb\x91\x98 \xeb\x8b\xa4 \xec\x8b\xa4\xed\x96\x89\xed\x95\x98\xeb\xa0\xa4\xeb\xa9\xb4 [RenoDX.DLSS5](ReShade.ini)\xec\x97\x90\xec\x84\x9c ForeignNr=observe\xeb\xa1\x9c \xec\x84\xa4\xec\xa0\x95\xed\x95\x98\xea\xb3\xa0 \xeb\x8b\xa4\xec\x8b\x9c \xec\x8b\x9c\xec\x9e\x91\xed\x95\x98\xec\x84\xb8\xec\x9a\x94."},
    {"Neural Rendering is off",
     "Neural Rendering \xea\xba\xbc\xec\xa7\x90"},
    {"Turned off in settings or by the toggle hotkey.",
     "\xec\x84\xa4\xec\xa0\x95 \xeb\x98\x90\xeb\x8a\x94 \xec\xa0\x84\xed\x99\x98 \xeb\x8b\xa8\xec\xb6\x95\xed\x82\xa4\xeb\xa1\x9c \xea\xba\xbc\xec\xa1\x8c\xec\x8a\xb5\xeb\x8b\x88\xeb\x8b\xa4."},
    {"NR runtime not installed",
     "NR \xeb\x9f\xb0\xed\x83\x80\xec\x9e\x84\xec\x9d\xb4 \xec\x84\xa4\xec\xb9\x98\xeb\x90\x98\xec\xa7\x80 \xec\x95\x8a\xec\x9d\x8c"},
    {"NVIDIA's signed nvngx_dlssnr.dll is not next to the addon or the game's executable.",
     "NVIDIA\xea\xb0\x80 \xec\x84\x9c\xeb\xaa\x85\xed\x95\x9c nvngx_dlssnr.dll\xec\x9d\xb4 \xec\x95\xa0\xeb\x93\x9c\xec\x98\xa8\xec\x9d\xb4\xeb\x82\x98 \xea\xb2\x8c\xec\x9e\x84 \xec\x8b\xa4\xed\x96\x89 \xed\x8c\x8c\xec\x9d\xbc \xec\x98\x86\xec\x97\x90 \xec\x97\x86\xec\x8a\xb5\xeb\x8b\x88\xeb\x8b\xa4."},
    {"Place nvngx_dlssnr.dll in the game's folder, next to the addon.",
     "nvngx_dlssnr.dll\xec\x9d\x84 \xea\xb2\x8c\xec\x9e\x84 \xed\x8f\xb4\xeb\x8d\x94\xec\x9d\x98 \xec\x95\xa0\xeb\x93\x9c\xec\x98\xa8 \xec\x98\x86\xec\x97\x90 \xeb\x91\x90\xec\x84\xb8\xec\x9a\x94."},
    {"NR runtime could not be used",
     "NR \xeb\x9f\xb0\xed\x83\x80\xec\x9e\x84\xec\x9d\x84 \xec\x82\xac\xec\x9a\xa9\xed\x95\xa0 \xec\x88\x98 \xec\x97\x86\xec\x9d\x8c"},
    {"nvngx_dlssnr.dll was found but could not be loaded.",
     "nvngx_dlssnr.dll\xec\x9d\x84 \xec\xb0\xbe\xec\x95\x98\xec\xa7\x80\xeb\xa7\x8c \xeb\xb6\x88\xeb\x9f\xac\xec\x98\xac \xec\x88\x98 \xec\x97\x86\xec\x8a\xb5\xeb\x8b\x88\xeb\x8b\xa4."},
    {"Replace it with an official NVIDIA build of nvngx_dlssnr.dll.",
     "NVIDIA \xea\xb3\xb5\xec\x8b\x9d \xeb\xb9\x8c\xeb\x93\x9c\xec\x9d\x98 nvngx_dlssnr.dll\xeb\xa1\x9c \xea\xb5\x90\xec\xb2\xb4\xed\x95\x98\xec\x84\xb8\xec\x9a\x94."},
    {"Update the NVIDIA driver, then restart the game.",
     "NVIDIA \xeb\x93\x9c\xeb\x9d\xbc\xec\x9d\xb4\xeb\xb2\x84\xeb\xa5\xbc \xec\x97\x85\xeb\x8d\xb0\xec\x9d\xb4\xed\x8a\xb8\xed\x95\x9c \xed\x9b\x84 \xea\xb2\x8c\xec\x9e\x84\xec\x9d\x84 \xeb\x8b\xa4\xec\x8b\x9c \xec\x8b\x9c\xec\x9e\x91\xed\x95\x98\xec\x84\xb8\xec\x9a\x94."},
    {"ReShade.log names the failing step.",
     "ReShade.log\xec\x97\x90 \xec\x8b\xa4\xed\x8c\xa8\xed\x95\x9c \xeb\x8b\xa8\xea\xb3\x84\xea\xb0\x80 \xea\xb8\xb0\xeb\xa1\x9d\xeb\x90\xa9\xeb\x8b\x88\xeb\x8b\xa4."},
    {"NR is waiting for DLSS",
     "NR\xec\x9d\xb4 DLSS\xeb\xa5\xbc \xea\xb8\xb0\xeb\x8b\xa4\xeb\xa6\xac\xeb\x8a\x94 \xec\xa4\x91"},
    {"It resumes by itself when the game runs DLSS again - normal after a resolution or quality change.",
     "\xea\xb2\x8c\xec\x9e\x84\xec\x9d\xb4 DLSS\xeb\xa5\xbc \xeb\x8b\xa4\xec\x8b\x9c \xec\x8b\xa4\xed\x96\x89\xed\x95\x98\xeb\xa9\xb4 \xec\x9e\x90\xeb\x8f\x99\xec\x9c\xbc\xeb\xa1\x9c \xec\x9e\xac\xea\xb0\x9c\xeb\x90\xa9\xeb\x8b\x88\xeb\x8b\xa4. \xed\x95\xb4\xec\x83\x81\xeb\x8f\x84\xeb\x82\x98 \xed\x92\x88\xec\xa7\x88\xec\x9d\x84 \xeb\xb3\x80\xea\xb2\xbd\xed\x95\x9c \xed\x9b\x84\xec\x97\x90\xeb\x8a\x94 \xec\xa0\x95\xec\x83\x81\xec\x9e\x85\xeb\x8b\x88\xeb\x8b\xa4."},
    {"Neural Rendering is active, with 1 issue",
     "Neural Rendering \xed\x99\x9c\xec\x84\xb1, \xeb\xac\xb8\xec\xa0\x9c 1\xea\xb0\x9c"},
    {"Neural Rendering is active, with %u issues",
     "Neural Rendering \xed\x99\x9c\xec\x84\xb1, \xeb\xac\xb8\xec\xa0\x9c %u\xea\xb0\x9c"},
    {"NR is enhancing frames, but the issues listed below lower what it can do.",
     "NR\xec\x9d\xb4 \xed\x94\x84\xeb\xa0\x88\xec\x9e\x84\xec\x9d\x84 \xed\x96\xa5\xec\x83\x81\xed\x95\x98\xea\xb3\xa0 \xec\x9e\x88\xec\xa7\x80\xeb\xa7\x8c, \xec\x95\x84\xeb\x9e\x98\xec\x97\x90 \xeb\x82\x98\xec\x97\xb4\xeb\x90\x9c \xeb\xac\xb8\xec\xa0\x9c \xeb\x95\x8c\xeb\xac\xb8\xec\x97\x90 \xed\x9a\xa8\xea\xb3\xbc\xea\xb0\x80 \xec\xa0\x9c\xed\x95\x9c\xeb\x90\xa9\xeb\x8b\x88\xeb\x8b\xa4."},
    {"Each issue below names what to change.",
     "\xec\x95\x84\xeb\x9e\x98\xec\x9d\x98 \xea\xb0\x81 \xeb\xac\xb8\xec\xa0\x9c\xec\x97\x90 \xeb\xac\xb4\xec\x97\x87\xec\x9d\x84 \xeb\xb0\x94\xea\xbf\x94\xec\x95\xbc \xed\x95\x98\xeb\x8a\x94\xec\xa7\x80 \xeb\x82\x98\xec\x99\x80 \xec\x9e\x88\xec\x8a\xb5\xeb\x8b\x88\xeb\x8b\xa4."},
    {"Neural Rendering is active",
     "Neural Rendering \xed\x99\x9c\xec\x84\xb1"},
    {"Enhancing the frame the game presents",
     "\xea\xb2\x8c\xec\x9e\x84\xec\x9d\xb4 \xed\x91\x9c\xec\x8b\x9c\xed\x95\x98\xeb\x8a\x94 \xed\x94\x84\xeb\xa0\x88\xec\x9e\x84\xec\x9d\x84 \xed\x96\xa5\xec\x83\x81\xed\x95\x98\xeb\x8a\x94 \xec\xa4\x91"},
    {"Enhancing the game's DLSS input before upscaling",
     "\xec\x97\x85\xec\x8a\xa4\xec\xbc\x80\xec\x9d\xbc\xeb\xa7\x81 \xec\xa0\x84\xec\x97\x90 \xea\xb2\x8c\xec\x9e\x84\xec\x9d\x98 DLSS \xec\x9e\x85\xeb\xa0\xa5\xec\x9d\x84 \xed\x96\xa5\xec\x83\x81\xed\x95\x98\xeb\x8a\x94 \xec\xa4\x91"},
    {"Replacing the game's DLSS output",
     "\xea\xb2\x8c\xec\x9e\x84\xec\x9d\x98 DLSS \xec\xb6\x9c\xeb\xa0\xa5\xec\x9d\x84 \xea\xb5\x90\xec\xb2\xb4\xed\x95\x98\xeb\x8a\x94 \xec\xa4\x91"},
    {"Neural Rendering is partly active",
     "Neural Rendering \xec\x9d\xbc\xeb\xb6\x80 \xed\x99\x9c\xec\x84\xb1"},
    {"Open Diagnostics: 'Skipped because' names why the other frames were skipped.",
     "\xec\xa7\x84\xeb\x8b\xa8\xec\x9d\x84 \xec\x97\xac\xec\x84\xb8\xec\x9a\x94. '\xea\xb1\xb4\xeb\x84\x88\xeb\x9b\xb4 \xec\x9d\xb4\xec\x9c\xa0'\xec\x97\x90 \xeb\x82\x98\xeb\xa8\xb8\xec\xa7\x80 \xed\x94\x84\xeb\xa0\x88\xec\x9e\x84\xec\x9d\x84 \xea\xb1\xb4\xeb\x84\x88\xeb\x9b\xb4 \xec\x9d\xb4\xec\x9c\xa0\xea\xb0\x80 \xed\x91\x9c\xec\x8b\x9c\xeb\x90\xa9\xeb\x8b\x88\xeb\x8b\xa4."},
    {"DLSS on an API NR does not serve",
     "NR\xec\x9d\xb4 \xec\xa7\x80\xec\x9b\x90\xed\x95\x98\xec\xa7\x80 \xec\x95\x8a\xeb\x8a\x94 API\xec\x9d\x98 DLSS"},
    {"This game runs DLSS without presenting through Direct3D 12, Direct3D 11, or Vulkan. The addon is loaded and safe; nothing is wrong.",
     "\xec\x9d\xb4 \xea\xb2\x8c\xec\x9e\x84\xec\x9d\x80 Direct3D 12, Direct3D 11, Vulkan \xec\xa4\x91 \xec\x96\xb4\xeb\x8a\x90 \xea\xb2\x83\xec\x9c\xbc\xeb\xa1\x9c\xeb\x8f\x84 \xed\x99\x94\xeb\xa9\xb4\xec\x9d\x84 \xec\xb6\x9c\xeb\xa0\xa5\xed\x95\x98\xec\xa7\x80 \xec\x95\x8a\xea\xb3\xa0 DLSS\xeb\xa5\xbc \xec\x8b\xa4\xed\x96\x89\xed\x95\xa9\xeb\x8b\x88\xeb\x8b\xa4. \xec\x95\xa0\xeb\x93\x9c\xec\x98\xa8\xec\x9d\x80 \xeb\xa1\x9c\xeb\x93\x9c\xeb\x90\x98\xec\x97\x88\xea\xb3\xa0 \xec\x95\x88\xec\xa0\x84\xed\x95\x98\xeb\xa9\xb0, \xeb\xac\xb8\xec\xa0\x9c\xeb\x8a\x94 \xec\x97\x86\xec\x8a\xb5\xeb\x8b\x88\xeb\x8b\xa4."},
    {"If the game offers DirectX 12 in its graphics settings, switch to it and restart the game.",
     "\xea\xb2\x8c\xec\x9e\x84\xec\x9d\x98 \xea\xb7\xb8\xeb\x9e\x98\xed\x94\xbd \xec\x84\xa4\xec\xa0\x95\xec\x97\x90\xec\x84\x9c DirectX 12\xeb\xa5\xbc \xec\x84\xa0\xed\x83\x9d\xed\x95\xa0 \xec\x88\x98 \xec\x9e\x88\xeb\x8b\xa4\xeb\xa9\xb4 DirectX 12\xeb\xa1\x9c \xeb\xb0\x94\xea\xbe\xb8\xea\xb3\xa0 \xea\xb2\x8c\xec\x9e\x84\xec\x9d\x84 \xeb\x8b\xa4\xec\x8b\x9c \xec\x8b\x9c\xec\x9e\x91\xed\x95\x98\xec\x84\xb8\xec\x9a\x94."},
    {"NR is idle - only Frame Generation is on",
     "NR \xeb\x8c\x80\xea\xb8\xb0 \xec\xa4\x91 - Frame Generation\xeb\xa7\x8c \xec\xbc\x9c\xec\xa7\x90"},
    {"Frame Generation is a different DLSS feature. Neural Rendering improves DLSS upscaling.",
     "Frame Generation\xec\x9d\x80 \xeb\x8b\xa4\xeb\xa5\xb8 DLSS \xea\xb8\xb0\xeb\x8a\xa5\xec\x9e\x85\xeb\x8b\x88\xeb\x8b\xa4. Neural Rendering\xec\x9d\x80 DLSS \xec\x97\x85\xec\x8a\xa4\xec\xbc\x80\xec\x9d\xbc\xeb\xa7\x81\xec\x9d\x84 \xed\x96\xa5\xec\x83\x81\xed\x95\xa9\xeb\x8b\x88\xeb\x8b\xa4."},
    {"Turn on DLSS or DLAA upscaling in the game's graphics settings, not only Frame Generation.",
     "Frame Generation\xeb\xa7\x8c\xec\x9d\xb4 \xec\x95\x84\xeb\x8b\x88\xeb\x9d\xbc \xea\xb2\x8c\xec\x9e\x84\xec\x9d\x98 \xea\xb7\xb8\xeb\x9e\x98\xed\x94\xbd \xec\x84\xa4\xec\xa0\x95\xec\x97\x90\xec\x84\x9c DLSS \xeb\x98\x90\xeb\x8a\x94 DLAA \xec\x97\x85\xec\x8a\xa4\xec\xbc\x80\xec\x9d\xbc\xeb\xa7\x81\xec\x9d\x84 \xec\xbc\x9c\xec\x84\xb8\xec\x9a\x94."},
    {"This card turns green when it works.",
     "\xec\x9e\x91\xeb\x8f\x99\xed\x95\x98\xeb\xa9\xb4 \xec\x9d\xb4 \xec\xb9\xb4\xeb\x93\x9c\xea\xb0\x80 \xeb\x85\xb9\xec\x83\x89\xec\x9c\xbc\xeb\xa1\x9c \xeb\xb0\x94\xeb\x80\x9d\xeb\x8b\x88\xeb\x8b\xa4."},
    {"NR is idle - DLSS upscaling is off",
     "NR \xeb\x8c\x80\xea\xb8\xb0 \xec\xa4\x91 - DLSS \xec\x97\x85\xec\x8a\xa4\xec\xbc\x80\xec\x9d\xbc\xeb\xa7\x81 \xea\xba\xbc\xec\xa7\x90"},
    {"Neural Rendering improves DLSS, so it needs DLSS on.",
     "Neural Rendering\xec\x9d\x80 DLSS\xeb\xa5\xbc \xed\x96\xa5\xec\x83\x81\xed\x95\x98\xeb\xaf\x80\xeb\xa1\x9c DLSS\xea\xb0\x80 \xec\xbc\x9c\xec\xa0\xb8 \xec\x9e\x88\xec\x96\xb4\xec\x95\xbc \xed\x95\xa9\xeb\x8b\x88\xeb\x8b\xa4."},
    {"Open the game's graphics settings.",
     "\xea\xb2\x8c\xec\x9e\x84\xec\x9d\x98 \xea\xb7\xb8\xeb\x9e\x98\xed\x94\xbd \xec\x84\xa4\xec\xa0\x95\xec\x9d\x84 \xec\x97\xac\xec\x84\xb8\xec\x9a\x94."},
    {"Set DLSS or DLAA to any quality mode.",
     "DLSS \xeb\x98\x90\xeb\x8a\x94 DLAA\xeb\xa5\xbc \xec\x95\x84\xeb\xac\xb4 \xed\x92\x88\xec\xa7\x88 \xeb\xaa\xa8\xeb\x93\x9c\xeb\xa1\x9c \xec\x84\xa4\xec\xa0\x95\xed\x95\x98\xec\x84\xb8\xec\x9a\x94."},
    {"NR needs the Streamline setting",
     "NR\xec\x97\x90 Streamline \xec\x84\xa4\xec\xa0\x95\xec\x9d\xb4 \xed\x95\x84\xec\x9a\x94\xed\x95\xa8"},
    {"This game hands DLSS its inputs through NVIDIA Streamline, which the default hook mode cannot read.",
     "\xec\x9d\xb4 \xea\xb2\x8c\xec\x9e\x84\xec\x9d\x80 NVIDIA Streamline\xec\x9d\x84 \xed\x86\xb5\xed\x95\xb4 DLSS\xec\x97\x90 \xec\x9e\x85\xeb\xa0\xa5\xec\x9d\x84 \xec\xa0\x84\xeb\x8b\xac\xed\x95\x98\xeb\x8a\x94\xeb\x8d\xb0, \xea\xb8\xb0\xeb\xb3\xb8 \xed\x9b\x84\xed\x82\xb9 \xeb\xaa\xa8\xeb\x93\x9c\xeb\xa1\x9c\xeb\x8a\x94 \xec\x9d\xb4\xeb\xa5\xbc \xec\x9d\xbd\xec\x9d\x84 \xec\x88\x98 \xec\x97\x86\xec\x8a\xb5\xeb\x8b\x88\xeb\x8b\xa4."},
    {"This game runs DLSS entirely through NVIDIA Streamline, which the default hook mode cannot see.",
     "\xec\x9d\xb4 \xea\xb2\x8c\xec\x9e\x84\xec\x9d\x80 DLSS\xeb\xa5\xbc \xec\xa0\x84\xeb\xb6\x80 NVIDIA Streamline\xec\x9d\x84 \xed\x86\xb5\xed\x95\xb4 \xec\x8b\xa4\xed\x96\x89\xed\x95\x98\xeb\x8a\x94\xeb\x8d\xb0, \xea\xb8\xb0\xeb\xb3\xb8 \xed\x9b\x84\xed\x82\xb9 \xeb\xaa\xa8\xeb\x93\x9c\xeb\xa1\x9c\xeb\x8a\x94 \xec\x9d\xb4\xeb\xa5\xbc \xeb\xb3\xbc \xec\x88\x98 \xec\x97\x86\xec\x8a\xb5\xeb\x8b\x88\xeb\x8b\xa4."},
    {"Set EnableHooks=1 in the [RenoDX.DLSS5] section of ReShade.ini.",
     "ReShade.ini\xec\x9d\x98 [RenoDX.DLSS5] \xec\x84\xb9\xec\x85\x98\xec\x97\x90\xec\x84\x9c EnableHooks=1\xeb\xa1\x9c \xec\x84\xa4\xec\xa0\x95\xed\x95\x98\xec\x84\xb8\xec\x9a\x94."},
    {"Starting...",
     "\xec\x8b\x9c\xec\x9e\x91\xed\x95\x98\xeb\x8a\x94 \xec\xa4\x91..."},
    {"Waiting for the game to run DLSS.",
     "\xea\xb2\x8c\xec\x9e\x84\xec\x9d\xb4 DLSS\xeb\xa5\xbc \xec\x8b\xa4\xed\x96\x89\xed\x95\x98\xea\xb8\xb0\xeb\xa5\xbc \xea\xb8\xb0\xeb\x8b\xa4\xeb\xa6\xac\xeb\x8a\x94 \xec\xa4\x91\xec\x9e\x85\xeb\x8b\x88\xeb\x8b\xa4."},
    {"DLSS is running; Neural Rendering is getting ready.",
     "DLSS \xec\x8b\xa4\xed\x96\x89 \xec\xa4\x91. Neural Rendering\xec\x9d\x84 \xec\xa4\x80\xeb\xb9\x84\xed\x95\x98\xeb\x8a\x94 \xec\xa4\x91\xec\x9e\x85\xeb\x8b\x88\xeb\x8b\xa4."},
    {"This game isn't using DLSS",
     "\xec\x9d\xb4 \xea\xb2\x8c\xec\x9e\x84\xec\x9d\x80 DLSS\xeb\xa5\xbc \xec\x82\xac\xec\x9a\xa9\xed\x95\x98\xec\xa7\x80 \xec\x95\x8a\xec\x9d\x8c"},
    {"No NVIDIA DLSS module has loaded, so Neural Rendering stays idle. Nothing is broken.",
     "NVIDIA DLSS \xeb\xaa\xa8\xeb\x93\x88\xec\x9d\xb4 \xeb\xa1\x9c\xeb\x93\x9c\xeb\x90\x98\xec\xa7\x80 \xec\x95\x8a\xec\x95\x84 Neural Rendering\xec\x9d\xb4 \xeb\x8c\x80\xea\xb8\xb0 \xec\x83\x81\xed\x83\x9c\xec\x9e\x85\xeb\x8b\x88\xeb\x8b\xa4. \xea\xb3\xa0\xec\x9e\xa5 \xeb\x82\x9c \xea\xb2\x83\xec\x9d\x80 \xec\x97\x86\xec\x8a\xb5\xeb\x8b\x88\xeb\x8b\xa4."},
    {"%s%s%llu frames enhanced this session",
     "%s%s\xec\x9d\xb4\xeb\xb2\x88 \xec\x84\xb8\xec\x85\x98\xec\x97\x90\xec\x84\x9c %llu\xed\x94\x84\xeb\xa0\x88\xec\x9e\x84 \xed\x96\xa5\xec\x83\x81\xeb\x90\xa8"},
    {"%s%sEnhancing %llu of %llu frames",
     "%s%s%llu / %llu \xed\x94\x84\xeb\xa0\x88\xec\x9e\x84 \xed\x96\xa5\xec\x83\x81 \xec\xa4\x91"},
    {"NR: %.1f ms of GPU time per frame",
     "NR: \xed\x94\x84\xeb\xa0\x88\xec\x9e\x84\xeb\x8b\xb9 GPU \xec\x8b\x9c\xea\xb0\x84 %.1f ms"},
    {"NR: %.1f ms of GPU time per frame (estimate: %.0f fps without NR, %.0f fps with it)",
     "NR: \xed\x94\x84\xeb\xa0\x88\xec\x9e\x84\xeb\x8b\xb9 GPU \xec\x8b\x9c\xea\xb0\x84 %.1f ms (\xec\xb6\x94\xec\xa0\x95: NR \xec\x97\x86\xec\x9d\xb4 %.0f fps, NR \xec\x82\xac\xec\x9a\xa9 \xec\x8b\x9c %.0f fps)"},
    {"Turn on",
     "\xec\xbc\x9c\xea\xb8\xb0"},
    {"Open Diagnostics",
     "\xec\xa7\x84\xeb\x8b\xa8 \xec\x97\xb4\xea\xb8\xb0"},
    {"Got it",
     "\xed\x99\x95\xec\x9d\xb8"},
    {"Reset to default (%s)",
     "\xea\xb8\xb0\xeb\xb3\xb8\xea\xb0\x92\xec\x9c\xbc\xeb\xa1\x9c \xec\xb4\x88\xea\xb8\xb0\xed\x99\x94 (%s)"},
    {"Custom",
     "\xec\x82\xac\xec\x9a\xa9\xec\x9e\x90 \xec\xa7\x80\xec\xa0\x95"},
    {"The game's DLSS call lacked its output, depth or motion",
     "\xea\xb2\x8c\xec\x9e\x84\xec\x9d\x98 DLSS \xed\x98\xb8\xec\xb6\x9c\xec\x97\x90 \xec\xb6\x9c\xeb\xa0\xa5, \xea\xb9\x8a\xec\x9d\xb4 \xeb\x98\x90\xeb\x8a\x94 \xeb\xaa\xa8\xec\x85\x98\xec\x9d\xb4 \xec\x97\x86\xec\x97\x88\xec\x8a\xb5\xeb\x8b\x88\xeb\x8b\xa4"},
    {"The game's DLSS output has a size or layout NR cannot use",
     "\xea\xb2\x8c\xec\x9e\x84\xec\x9d\x98 DLSS \xec\xb6\x9c\xeb\xa0\xa5 \xed\x81\xac\xea\xb8\xb0\xeb\x82\x98 \xeb\xb0\xb0\xec\xb9\x98\xeb\xa5\xbc NR\xec\x9d\xb4 \xec\x82\xac\xec\x9a\xa9\xed\x95\xa0 \xec\x88\x98 \xec\x97\x86\xec\x8a\xb5\xeb\x8b\x88\xeb\x8b\xa4"},
    {"The game's image before upscaling has a size or layout NR cannot use",
     "\xec\x97\x85\xec\x8a\xa4\xec\xbc\x80\xec\x9d\xbc \xec\xa0\x84 \xea\xb2\x8c\xec\x9e\x84 \xec\x9d\xb4\xeb\xaf\xb8\xec\xa7\x80\xec\x9d\x98 \xed\x81\xac\xea\xb8\xb0\xeb\x82\x98 \xeb\xb0\xb0\xec\xb9\x98\xeb\xa5\xbc NR\xec\x9d\xb4 \xec\x82\xac\xec\x9a\xa9\xed\x95\xa0 \xec\x88\x98 \xec\x97\x86\xec\x8a\xb5\xeb\x8b\x88\xeb\x8b\xa4"},
    {"Streamline did not hand over every image NR needs",
     "Streamline\xec\x9d\xb4 NR\xec\x97\x90 \xed\x95\x84\xec\x9a\x94\xed\x95\x9c \xec\x9d\xb4\xeb\xaf\xb8\xec\xa7\x80\xeb\xa5\xbc \xeb\xaa\xa8\xeb\x91\x90 \xeb\x84\x98\xea\xb8\xb0\xec\xa7\x80 \xec\x95\x8a\xec\x95\x98\xec\x8a\xb5\xeb\x8b\x88\xeb\x8b\xa4"},
    {"Streamline's images were in a state NR cannot use",
     "Streamline \xec\x9d\xb4\xeb\xaf\xb8\xec\xa7\x80\xea\xb0\x80 NR\xec\x9d\xb4 \xec\x82\xac\xec\x9a\xa9\xed\x95\xa0 \xec\x88\x98 \xec\x97\x86\xeb\x8a\x94 \xec\x83\x81\xed\x83\x9c\xec\x98\x80\xec\x8a\xb5\xeb\x8b\x88\xeb\x8b\xa4"},
    {"The NR runtime was not ready for Streamline",
     "NR \xeb\x9f\xb0\xed\x83\x80\xec\x9e\x84\xec\x9d\xb4 Streamline\xec\x9d\x84 \xec\x9c\x84\xed\x95\x9c \xec\xa4\x80\xeb\xb9\x84\xea\xb0\x80 \xeb\x90\x98\xec\xa7\x80 \xec\x95\x8a\xec\x95\x98\xec\x8a\xb5\xeb\x8b\x88\xeb\x8b\xa4"},
    {"The frame was already enhanced (the game ran DLSS twice)",
     "\xed\x94\x84\xeb\xa0\x88\xec\x9e\x84\xec\x9d\xb4 \xec\x9d\xb4\xeb\xaf\xb8 \xed\x96\xa5\xec\x83\x81\xeb\x90\x98\xec\x97\x88\xec\x8a\xb5\xeb\x8b\x88\xeb\x8b\xa4(\xea\xb2\x8c\xec\x9e\x84\xec\x9d\xb4 DLSS\xeb\xa5\xbc \xeb\x91\x90 \xeb\xb2\x88 \xed\x98\xb8\xec\xb6\x9c\xed\x95\xa8)"},
    {"The game's GPU state could not be restored safely",
     "\xea\xb2\x8c\xec\x9e\x84\xec\x9d\x98 GPU \xec\x83\x81\xed\x83\x9c\xeb\xa5\xbc \xec\x95\x88\xec\xa0\x84\xed\x95\x98\xea\xb2\x8c \xeb\xb3\xb5\xec\x9b\x90\xed\x95\xa0 \xec\x88\x98 \xec\x97\x86\xec\x97\x88\xec\x8a\xb5\xeb\x8b\x88\xeb\x8b\xa4"},
    {"NR could not set up its working images",
     "NR\xec\x9d\xb4 \xec\x9e\x91\xec\x97\x85\xec\x9a\xa9 \xec\x9d\xb4\xeb\xaf\xb8\xec\xa7\x80\xeb\xa5\xbc \xec\xa4\x80\xeb\xb9\x84\xed\x95\xa0 \xec\x88\x98 \xec\x97\x86\xec\x97\x88\xec\x8a\xb5\xeb\x8b\x88\xeb\x8b\xa4"},
    {"Warm-up after a start or a settings change",
     "\xec\x8b\x9c\xec\x9e\x91 \xeb\x98\x90\xeb\x8a\x94 \xec\x84\xa4\xec\xa0\x95 \xeb\xb3\x80\xea\xb2\xbd \xed\x9b\x84 \xec\xa4\x80\xeb\xb9\x84 \xec\xa4\x91"},
    {"Strength is 0 in every pass",
     "\xeb\xaa\xa8\xeb\x93\xa0 \xed\x8c\xa8\xec\x8a\xa4\xec\x9d\x98 \xea\xb0\x95\xeb\x8f\x84\xea\xb0\x80 0\xec\x9e\x85\xeb\x8b\x88\xeb\x8b\xa4"},
    {"Waiting to retry after a failure",
     "\xec\x8b\xa4\xed\x8c\xa8 \xed\x9b\x84 \xeb\x8b\xa4\xec\x8b\x9c \xec\x8b\x9c\xeb\x8f\x84\xed\x95\x98\xea\xb8\xb0\xeb\xa5\xbc \xea\xb8\xb0\xeb\x8b\xa4\xeb\xa6\xac\xeb\x8a\x94 \xec\xa4\x91"},
    {"The NR runtime is not available",
     "NR \xeb\x9f\xb0\xed\x83\x80\xec\x9e\x84\xec\x9d\x84 \xec\x82\xac\xec\x9a\xa9\xed\x95\xa0 \xec\x88\x98 \xec\x97\x86\xec\x8a\xb5\xeb\x8b\x88\xeb\x8b\xa4"},
    {"The Direct3D 11 bridge was not running",
     "Direct3D 11 \xeb\xb8\x8c\xeb\xa6\xac\xec\xa7\x80\xea\xb0\x80 \xec\x8b\xa4\xed\x96\x89 \xec\xa4\x91\xec\x9d\xb4 \xec\x95\x84\xeb\x8b\x88\xec\x97\x88\xec\x8a\xb5\xeb\x8b\x88\xeb\x8b\xa4"},
    {"This frame's images cannot cross the Direct3D 11 bridge",
     "\xec\x9d\xb4 \xed\x94\x84\xeb\xa0\x88\xec\x9e\x84\xec\x9d\x98 \xec\x9d\xb4\xeb\xaf\xb8\xec\xa7\x80\xeb\x8a\x94 Direct3D 11 \xeb\xb8\x8c\xeb\xa6\xac\xec\xa7\x80\xeb\xa5\xbc \xea\xb1\xb4\xeb\x84\x90 \xec\x88\x98 \xec\x97\x86\xec\x8a\xb5\xeb\x8b\x88\xeb\x8b\xa4"},
    {"The Direct3D 11 bridge was still busy on the GPU",
     "Direct3D 11 \xeb\xb8\x8c\xeb\xa6\xac\xec\xa7\x80\xea\xb0\x80 GPU\xec\x97\x90\xec\x84\x9c \xec\x95\x84\xec\xa7\x81 \xec\x82\xac\xec\x9a\xa9 \xec\xa4\x91\xec\x9d\xb4\xec\x97\x88\xec\x8a\xb5\xeb\x8b\x88\xeb\x8b\xa4"},
    {"A Direct3D 11 bridge frame stalled and was released",
     "Direct3D 11 \xeb\xb8\x8c\xeb\xa6\xac\xec\xa7\x80 \xed\x94\x84\xeb\xa0\x88\xec\x9e\x84\xec\x9d\xb4 \xeb\xa9\x88\xec\xb6\xb0 \xed\x95\xb4\xec\xa0\x9c\xeb\x90\x98\xec\x97\x88\xec\x8a\xb5\xeb\x8b\x88\xeb\x8b\xa4"},
    {"The Direct3D 11 bridge was lost",
     "Direct3D 11 \xeb\xb8\x8c\xeb\xa6\xac\xec\xa7\x80\xeb\xa5\xbc \xec\x9e\x83\xec\x97\x88\xec\x8a\xb5\xeb\x8b\x88\xeb\x8b\xa4"},
    {"The game ran DLSS on a deferred Direct3D 11 context",
     "\xea\xb2\x8c\xec\x9e\x84\xec\x9d\xb4 \xec\xa7\x80\xec\x97\xb0\xeb\x90\x9c Direct3D 11 \xec\xbb\xa8\xed\x85\x8d\xec\x8a\xa4\xed\x8a\xb8\xec\x97\x90\xec\x84\x9c DLSS\xeb\xa5\xbc \xed\x98\xb8\xec\xb6\x9c\xed\x96\x88\xec\x8a\xb5\xeb\x8b\x88\xeb\x8b\xa4"},
    {"Waiting for a closed window's GPU work to finish",
     "\xeb\x8b\xab\xed\x9e\x8c \xec\xb0\xbd\xec\x9d\x98 GPU \xec\x9e\x91\xec\x97\x85\xec\x9d\xb4 \xeb\x81\x9d\xeb\x82\x98\xea\xb8\xb0\xeb\xa5\xbc \xea\xb8\xb0\xeb\x8b\xa4\xeb\xa6\xac\xeb\x8a\x94 \xec\xa4\x91"},
    {"Earlier presents or the game's DLSS work were still busy",
     "\xec\x9d\xb4\xec\xa0\x84 \xed\x91\x9c\xec\x8b\x9c\xeb\x82\x98 \xea\xb2\x8c\xec\x9e\x84\xec\x9d\x98 DLSS \xec\x9e\x91\xec\x97\x85\xec\x9d\xb4 \xec\x95\x84\xec\xa7\x81 \xeb\x81\x9d\xeb\x82\x98\xec\xa7\x80 \xec\x95\x8a\xec\x95\x98\xec\x8a\xb5\xeb\x8b\x88\xeb\x8b\xa4"},
    {"No depth and motion matched the present (Depth and motion: Required)",
     "\xed\x91\x9c\xec\x8b\x9c\xec\x99\x80 \xeb\xa7\x9e\xeb\x8a\x94 \xea\xb9\x8a\xec\x9d\xb4 \xeb\xb0\x8f \xeb\xaa\xa8\xec\x85\x98\xec\x9d\xb4 \xec\x97\x86\xec\x97\x88\xec\x8a\xb5\xeb\x8b\x88\xeb\x8b\xa4(\xea\xb9\x8a\xec\x9d\xb4 \xeb\xb0\x8f \xeb\xaa\xa8\xec\x85\x98: \xed\x95\x84\xec\x88\x98)"},
    {"NR is moving to another device and waits for its GPU work",
     "NR\xec\x9d\xb4 \xeb\x8b\xa4\xeb\xa5\xb8 \xec\x9e\xa5\xec\xb9\x98\xeb\xa1\x9c \xec\x98\xae\xea\xb8\xb0\xeb\x8a\x94 \xec\xa4\x91\xec\x9d\xb4\xeb\xa9\xb0 \xea\xb7\xb8 GPU \xec\x9e\x91\xec\x97\x85\xec\x9d\x84 \xea\xb8\xb0\xeb\x8b\xa4\xeb\xa6\xbd\xeb\x8b\x88\xeb\x8b\xa4"},
    {"The game switches between two views of its device",
     "\xea\xb2\x8c\xec\x9e\x84\xec\x9d\xb4 \xec\x9e\xa5\xec\xb9\x98\xec\x9d\x98 \xeb\x91\x90 \xeb\xb3\xb4\xea\xb8\xb0 \xec\x82\xac\xec\x9d\xb4\xeb\xa5\xbc \xec\xa0\x84\xed\x99\x98\xed\x95\xa9\xeb\x8b\x88\xeb\x8b\xa4"},
    {"The game's DLSS call named no render size (EnableHooks=1 helps Streamline games)",
     "\xea\xb2\x8c\xec\x9e\x84\xec\x9d\x98 DLSS \xed\x98\xb8\xec\xb6\x9c\xec\x97\x90 \xeb\xa0\x8c\xeb\x8d\x94 \xed\x81\xac\xea\xb8\xb0\xea\xb0\x80 \xec\x97\x86\xec\x97\x88\xec\x8a\xb5\xeb\x8b\x88\xeb\x8b\xa4(Streamline \xea\xb2\x8c\xec\x9e\x84\xec\x9d\x80 EnableHooks=1\xec\x9d\xb4 \xeb\x8f\x84\xec\x9b\x80\xec\x9d\xb4 \xeb\x90\xa9\xeb\x8b\x88\xeb\x8b\xa4)"},
    {"The game's Vulkan device lacks an extension NR needs",
     "\xea\xb2\x8c\xec\x9e\x84\xec\x9d\x98 Vulkan \xec\x9e\xa5\xec\xb9\x98\xec\x97\x90 NR\xec\x9d\xb4 \xed\x95\x84\xec\x9a\x94\xeb\xa1\x9c \xed\x95\x98\xeb\x8a\x94 \xed\x99\x95\xec\x9e\xa5\xec\x9d\xb4 \xec\x97\x86\xec\x8a\xb5\xeb\x8b\x88\xeb\x8b\xa4"},
    {"NR has not seen the game's Vulkan DLSS start up",
     "NR\xec\x9d\xb4 \xea\xb2\x8c\xec\x9e\x84\xec\x9d\x98 Vulkan DLSS \xec\x8b\x9c\xec\x9e\x91\xec\x9d\x84 \xeb\xb3\xb4\xec\xa7\x80 \xeb\xaa\xbb\xed\x96\x88\xec\x8a\xb5\xeb\x8b\x88\xeb\x8b\xa4"},
    {"The game ran DLSS on a second Vulkan device",
     "\xea\xb2\x8c\xec\x9e\x84\xec\x9d\xb4 \xeb\x91\x90 \xeb\xb2\x88\xec\xa7\xb8 Vulkan \xec\x9e\xa5\xec\xb9\x98\xec\x97\x90\xec\x84\x9c DLSS\xeb\xa5\xbc \xec\x8b\xa4\xed\x96\x89\xed\x96\x88\xec\x8a\xb5\xeb\x8b\x88\xeb\x8b\xa4"},
    {"on",
     "\xec\xbc\x9c\xec\xa7\x90"},
    {"off",
     "\xea\xba\xbc\xec\xa7\x90"},
    {"Default",
     "\xea\xb8\xb0\xeb\xb3\xb8"},
    {"Natural",
     "\xeb\x82\xb4\xec\xb6\x94\xeb\x9f\xb4"},
    {"Cinematic",
     "\xec\x8b\x9c\xeb\x84\xa4\xeb\xa7\x88\xed\x8b\xb1"},
    {"Style",
     "\xec\x8a\xa4\xed\x83\x80\xec\x9d\xbc"},
    {"Default = the runtime's own choice; Natural and Cinematic force that look explicitly.",
     "\xea\xb8\xb0\xeb\xb3\xb8 = \xeb\x9f\xb0\xed\x83\x80\xec\x9e\x84 \xec\x9e\x90\xec\xb2\xb4 \xec\x84\xa0\xed\x83\x9d. \xeb\x82\xb4\xec\xb6\x94\xeb\x9f\xb4\xea\xb3\xbc \xec\x8b\x9c\xeb\x84\xa4\xeb\xa7\x88\xed\x8b\xb1\xec\x9d\x80 \xed\x95\xb4\xeb\x8b\xb9 \xeb\xa3\xa9\xec\x9d\x84 \xeb\xaa\x85\xec\x8b\x9c\xec\xa0\x81\xec\x9c\xbc\xeb\xa1\x9c \xea\xb0\x95\xec\xa0\x9c\xed\x95\xa9\xeb\x8b\x88\xeb\x8b\xa4."},
    {"Local tone",
     "\xeb\xa1\x9c\xec\xbb\xac \xed\x86\xa4"},
    {"How strongly the model reshapes brightness and contrast area by area; higher is a stronger change, 1 is the default.  A change restarts NR's history for a moment.",
     "\xeb\xaa\xa8\xeb\x8d\xb8\xec\x9d\xb4 \xeb\xb0\x9d\xea\xb8\xb0\xec\x99\x80 \xeb\x8c\x80\xeb\xb9\x84\xeb\xa5\xbc \xec\x98\x81\xec\x97\xad\xeb\xb3\x84\xeb\xa1\x9c \xec\x96\xbc\xeb\xa7\x88\xeb\x82\x98 \xea\xb0\x95\xed\x95\x98\xea\xb2\x8c \xeb\xb0\x94\xea\xbe\xb8\xeb\x8a\x94\xec\xa7\x80\xec\x9e\x85\xeb\x8b\x88\xeb\x8b\xa4. \xeb\x86\x92\xec\x9d\x84\xec\x88\x98\xeb\xa1\x9d \xeb\xb3\x80\xed\x99\x94\xea\xb0\x80 \xea\xb0\x95\xed\x95\x98\xea\xb3\xa0 1\xec\x9d\xb4 \xea\xb8\xb0\xeb\xb3\xb8\xea\xb0\x92\xec\x9e\x85\xeb\x8b\x88\xeb\x8b\xa4. \xeb\xb0\x94\xea\xbe\xb8\xeb\xa9\xb4 NR \xea\xb8\xb0\xeb\xa1\x9d\xec\x9d\xb4 \xec\x9e\xa0\xec\x8b\x9c \xeb\x8b\xa4\xec\x8b\x9c \xec\x8b\x9c\xec\x9e\x91\xeb\x90\xa9\xeb\x8b\x88\xeb\x8b\xa4."},
    {"Structure",
     "\xea\xb5\xac\xec\xa1\xb0"},
    {"How strongly the model reworks fine structure and surface detail; higher is a stronger change, 1 is the default.  It changes what the model makes and restarts it; Fine detail under Limits and stability reshapes what it made, live.",
     "\xeb\xaa\xa8\xeb\x8d\xb8\xec\x9d\xb4 \xeb\xaf\xb8\xec\x84\xb8 \xea\xb5\xac\xec\xa1\xb0\xec\x99\x80 \xed\x91\x9c\xeb\xa9\xb4 \xeb\x94\x94\xed\x85\x8c\xec\x9d\xbc\xec\x9d\x84 \xec\x96\xbc\xeb\xa7\x88\xeb\x82\x98 \xea\xb0\x95\xed\x95\x98\xea\xb2\x8c \xeb\x8b\xa4\xec\x8b\x9c \xec\x9e\x91\xec\x97\x85\xed\x95\x98\xeb\x8a\x94\xec\xa7\x80\xec\x9e\x85\xeb\x8b\x88\xeb\x8b\xa4. \xeb\x86\x92\xec\x9d\x84\xec\x88\x98\xeb\xa1\x9d \xeb\xb3\x80\xed\x99\x94\xea\xb0\x80 \xea\xb0\x95\xed\x95\x98\xea\xb3\xa0 1\xec\x9d\xb4 \xea\xb8\xb0\xeb\xb3\xb8\xea\xb0\x92\xec\x9e\x85\xeb\x8b\x88\xeb\x8b\xa4. \xeb\xaa\xa8\xeb\x8d\xb8\xec\x9d\xb4 \xeb\xa7\x8c\xeb\x93\x9c\xeb\x8a\x94 \xea\xb2\xb0\xea\xb3\xbc\xeb\xa5\xbc \xeb\xb0\x94\xea\xbe\xb8\xea\xb3\xa0 \xeb\xaa\xa8\xeb\x8d\xb8\xec\x9d\x84 \xeb\x8b\xa4\xec\x8b\x9c \xec\x8b\x9c\xec\x9e\x91\xed\x95\xa9\xeb\x8b\x88\xeb\x8b\xa4. \xec\xa0\x9c\xed\x95\x9c \xeb\xb0\x8f \xec\x95\x88\xec\xa0\x95\xec\x84\xb1\xec\x9d\x98 \xeb\xaf\xb8\xec\x84\xb8 \xeb\x94\x94\xed\x85\x8c\xec\x9d\xbc\xec\x9d\x80 \xea\xb2\xb0\xea\xb3\xbc\xeb\xa5\xbc \xec\x8b\xa4\xec\x8b\x9c\xea\xb0\x84\xec\x9c\xbc\xeb\xa1\x9c \xeb\xb0\x94\xea\xbf\x89\xeb\x8b\x88\xeb\x8b\xa4."},
    {"sent as 1.00: higher values are ignored",
     "1.00\xec\x9c\xbc\xeb\xa1\x9c \xec\xa0\x84\xec\x86\xa1: \xeb\x8d\x94 \xeb\x86\x92\xec\x9d\x80 \xea\xb0\x92\xec\x9d\x80 \xeb\xac\xb4\xec\x8b\x9c\xeb\x90\xa9\xeb\x8b\x88\xeb\x8b\xa4"},
    {"Character / skin",
     "\xec\xba\x90\xeb\xa6\xad\xed\x84\xb0 / \xed\x94\xbc\xeb\xb6\x80"},
    {"How much the model reworks the skin of the people the Character mask finds: 0 is the least, 1 is stock.  Rough skin gains texture, smooth skin is evened out.",
     "\xec\xba\x90\xeb\xa6\xad\xed\x84\xb0 \xeb\xa7\x88\xec\x8a\xa4\xed\x81\xac\xea\xb0\x80 \xec\xb0\xbe\xec\x9d\x80 \xec\x9d\xb8\xeb\xac\xbc\xec\x9d\x98 \xed\x94\xbc\xeb\xb6\x80\xeb\xa5\xbc \xeb\xaa\xa8\xeb\x8d\xb8\xec\x9d\xb4 \xec\x96\xbc\xeb\xa7\x88\xeb\x82\x98 \xeb\x8b\xa4\xec\x8b\x9c \xeb\x8b\xa4\xeb\x93\xac\xeb\x8a\x94\xec\xa7\x80: 0\xec\x9d\xb4 \xec\xb5\x9c\xec\x86\x8c, 1\xec\x9d\xb4 \xea\xb8\xb0\xeb\xb3\xb8\xec\x9e\x85\xeb\x8b\x88\xeb\x8b\xa4. \xea\xb1\xb0\xec\xb9\x9c \xed\x94\xbc\xeb\xb6\x80\xeb\x8a\x94 \xec\xa7\x88\xea\xb0\x90\xec\x9d\xb4 \xeb\x8a\x98\xea\xb3\xa0, \xeb\xa7\xa4\xeb\x81\x84\xeb\x9f\xac\xec\x9a\xb4 \xed\x94\xbc\xeb\xb6\x80\xeb\x8a\x94 \xea\xb3\xa0\xeb\xa5\xb4\xea\xb2\x8c \xeb\x90\xa9\xeb\x8b\x88\xeb\x8b\xa4."},
    {"Needs the Character mask: without it the model finds no skin and ignores this setting.",
     "\xec\xba\x90\xeb\xa6\xad\xed\x84\xb0 \xeb\xa7\x88\xec\x8a\xa4\xed\x81\xac\xea\xb0\x80 \xed\x95\x84\xec\x9a\x94\xed\x95\xa9\xeb\x8b\x88\xeb\x8b\xa4: \xeb\xa7\x88\xec\x8a\xa4\xed\x81\xac\xea\xb0\x80 \xec\x97\x86\xec\x9c\xbc\xeb\xa9\xb4 \xeb\xaa\xa8\xeb\x8d\xb8\xec\x9d\xb4 \xed\x94\xbc\xeb\xb6\x80\xeb\xa5\xbc \xec\xb0\xbe\xec\xa7\x80 \xeb\xaa\xbb\xed\x95\xb4 \xec\x9d\xb4 \xec\x84\xa4\xec\xa0\x95\xec\x9d\x84 \xeb\xac\xb4\xec\x8b\x9c\xed\x95\xa9\xeb\x8b\x88\xeb\x8b\xa4."},
    {"%.2f (stock)",
     "%.2f (\xea\xb8\xb0\xeb\xb3\xb8)"},
    {"%.2f = Structure",
     "%.2f = \xea\xb5\xac\xec\xa1\xb0"},
    {"Character mask",
     "\xec\xba\x90\xeb\xa6\xad\xed\x84\xb0 \xeb\xa7\x88\xec\x8a\xa4\xed\x81\xac"},
    {"Lets the runtime find people, so Character / skin applies to their skin.  It also changes the rest of the picture slightly: brightness by about 2 percent on game frames.",
     "\xeb\x9f\xb0\xed\x83\x80\xec\x9e\x84\xec\x9d\xb4 \xec\x9d\xb8\xeb\xac\xbc\xec\x9d\x84 \xec\xb0\xbe\xea\xb2\x8c \xed\x95\x98\xec\x97\xac \xec\xba\x90\xeb\xa6\xad\xed\x84\xb0 / \xed\x94\xbc\xeb\xb6\x80\xea\xb0\x80 \xea\xb7\xb8\xeb\x93\xa4\xec\x9d\x98 \xed\x94\xbc\xeb\xb6\x80\xec\x97\x90 \xec\xa0\x81\xec\x9a\xa9\xeb\x90\x98\xea\xb2\x8c \xed\x95\xa9\xeb\x8b\x88\xeb\x8b\xa4. \xed\x99\x94\xeb\xa9\xb4\xec\x9d\x98 \xeb\x82\x98\xeb\xa8\xb8\xec\xa7\x80 \xeb\xb6\x80\xeb\xb6\x84\xeb\x8f\x84 \xec\x95\xbd\xea\xb0\x84 \xeb\xb0\x94\xeb\x80\x9d\xeb\x8b\x88\xeb\x8b\xa4: \xea\xb2\x8c\xec\x9e\x84 \xed\x99\x94\xeb\xa9\xb4\xec\x97\x90\xec\x84\x9c \xeb\xb0\x9d\xea\xb8\xb0\xea\xb0\x80 \xec\x95\xbd 2\xed\x8d\xbc\xec\x84\xbc\xed\x8a\xb8."},
    {"Independent skin",
     "\xeb\x8f\x85\xeb\xa6\xbd \xed\x94\xbc\xeb\xb6\x80"},
    {"With the Character mask on, skin keeps its Character / skin setting when Structure changes, in every stack pass.  Structure is then sent at most 1, because above 1 the model ignores Character / skin; below 1 it still reaches faces through the model itself.  Off sends both as they are, as before rc11.",
     "\xec\xba\x90\xeb\xa6\xad\xed\x84\xb0 \xeb\xa7\x88\xec\x8a\xa4\xed\x81\xac\xea\xb0\x80 \xec\xbc\x9c\xec\xa0\xb8 \xec\x9e\x88\xec\x9c\xbc\xeb\xa9\xb4 \xea\xb5\xac\xec\xa1\xb0\xeb\xa5\xbc \xeb\xb0\x94\xea\xbf\x94\xeb\x8f\x84 \xed\x94\xbc\xeb\xb6\x80\xeb\x8a\x94 \xeb\xaa\xa8\xeb\x93\xa0 \xec\x8a\xa4\xed\x83\x9d \xed\x8c\xa8\xec\x8a\xa4\xec\x97\x90\xec\x84\x9c \xec\xba\x90\xeb\xa6\xad\xed\x84\xb0 / \xed\x94\xbc\xeb\xb6\x80 \xec\x84\xa4\xec\xa0\x95\xec\x9d\x84 \xec\x9c\xa0\xec\xa7\x80\xed\x95\xa9\xeb\x8b\x88\xeb\x8b\xa4. \xec\x9d\xb4\xeb\x95\x8c \xea\xb5\xac\xec\xa1\xb0\xeb\x8a\x94 \xec\xb5\x9c\xeb\x8c\x80 1\xeb\xa1\x9c \xec\xa0\x84\xec\x86\xa1\xeb\x90\xa9\xeb\x8b\x88\xeb\x8b\xa4. 1\xec\x9d\x84 \xeb\x84\x98\xec\x9c\xbc\xeb\xa9\xb4 \xeb\xaa\xa8\xeb\x8d\xb8\xec\x9d\xb4 \xec\xba\x90\xeb\xa6\xad\xed\x84\xb0 / \xed\x94\xbc\xeb\xb6\x80\xeb\xa5\xbc \xeb\xac\xb4\xec\x8b\x9c\xed\x95\x98\xea\xb8\xb0 \xeb\x95\x8c\xeb\xac\xb8\xec\x9e\x85\xeb\x8b\x88\xeb\x8b\xa4. 1 \xeb\xaf\xb8\xeb\xa7\x8c\xec\x97\x90\xec\x84\x9c\xeb\x8a\x94 \xeb\xaa\xa8\xeb\x8d\xb8 \xec\x9e\x90\xec\xb2\xb4\xeb\xa5\xbc \xed\x86\xb5\xed\x95\xb4 \xec\x97\xac\xec\xa0\x84\xed\x9e\x88 \xec\x96\xbc\xea\xb5\xb4\xec\x97\x90 \xec\x98\x81\xed\x96\xa5\xec\x9d\x84 \xec\xa4\x8d\xeb\x8b\x88\xeb\x8b\xa4. \xeb\x81\x94\xec\x9d\x80 \xeb\x91\x90 \xea\xb0\x92\xec\x9d\x84 \xea\xb7\xb8\xeb\x8c\x80\xeb\xa1\x9c \xec\xa0\x84\xec\x86\xa1\xed\x95\xa9\xeb\x8b\x88\xeb\x8b\xa4(rc11 \xec\x9d\xb4\xec\xa0\x84\xea\xb3\xbc \xeb\x8f\x99\xec\x9d\xbc)."},
    {"UI correction",
     "UI \xeb\xb3\xb4\xec\xa0\x95"},
    {"The NR runtime's UI correction.  Leave it off unless HUD elements look wrong with Neural Rendering on.",
     "NR \xeb\x9f\xb0\xed\x83\x80\xec\x9e\x84\xec\x9d\x98 UI \xeb\xb3\xb4\xec\xa0\x95\xec\x9e\x85\xeb\x8b\x88\xeb\x8b\xa4. Neural Rendering\xec\x9d\x84 \xec\xbc\xb0\xec\x9d\x84 \xeb\x95\x8c HUD \xec\x9a\x94\xec\x86\x8c\xea\xb0\x80 \xec\x9d\xb4\xec\x83\x81\xed\x95\x98\xea\xb2\x8c \xeb\xb3\xb4\xec\x9d\xb4\xeb\x8a\x94 \xea\xb2\xbd\xec\x9a\xb0\xea\xb0\x80 \xec\x95\x84\xeb\x8b\x88\xeb\xa9\xb4 \xea\xba\xbc \xeb\x91\x90\xec\x84\xb8\xec\x9a\x94."},
    {"Preset #1",
     "\xed\x94\x84\xeb\xa6\xac\xec\x85\x8b #1"},
    {"Preset #2",
     "\xed\x94\x84\xeb\xa6\xac\xec\x85\x8b #2"},
    {"Preset #3",
     "\xed\x94\x84\xeb\xa6\xac\xec\x85\x8b #3"},
    {"Preset",
     "\xed\x94\x84\xeb\xa6\xac\xec\x85\x8b"},
    {"Which of the NR runtime's model presets it uses; each gives a slightly different look.  Default lets the runtime choose.",
     "NR \xeb\x9f\xb0\xed\x83\x80\xec\x9e\x84\xec\x9d\x98 \xec\x96\xb4\xeb\x96\xa4 \xeb\xaa\xa8\xeb\x8d\xb8 \xed\x94\x84\xeb\xa6\xac\xec\x85\x8b\xec\x9d\x84 \xec\x93\xb8\xec\xa7\x80\xec\x9e\x85\xeb\x8b\x88\xeb\x8b\xa4. \xed\x94\x84\xeb\xa6\xac\xec\x85\x8b\xeb\xa7\x88\xeb\x8b\xa4 \xeb\xaa\xa8\xec\x8a\xb5\xec\x9d\xb4 \xec\xa1\xb0\xea\xb8\x88\xec\x94\xa9 \xeb\x8b\xa4\xeb\xa6\x85\xeb\x8b\x88\xeb\x8b\xa4. \xea\xb8\xb0\xeb\xb3\xb8\xec\x9d\x80 \xeb\x9f\xb0\xed\x83\x80\xec\x9e\x84\xec\x9d\xb4 \xea\xb3\xa0\xeb\xa5\xb4\xea\xb2\x8c \xeb\x91\xa1\xeb\x8b\x88\xeb\x8b\xa4."},
    {"Inert while Adjust NR's look is off.",
     "'NR \xeb\xaa\xa8\xec\x96\x91 \xec\xa1\xb0\xec\xa0\x95'\xec\x9d\xb4 \xea\xba\xbc\xec\xa0\xb8 \xec\x9e\x88\xec\x9c\xbc\xeb\xa9\xb4 \xeb\x8f\x99\xec\x9e\x91\xed\x95\x98\xec\xa7\x80 \xec\x95\x8a\xec\x8a\xb5\xeb\x8b\x88\xeb\x8b\xa4."},
    {"Auto (recommended)",
     "\xec\x9e\x90\xeb\x8f\x99 (\xea\xb6\x8c\xec\x9e\xa5)"},
    {"Off",
     "\xeb\x81\x94"},
    {"Always",
     "\xed\x95\xad\xec\x83\x81"},
    {"Detail stability",
     "\xeb\x94\x94\xed\x85\x8c\xec\x9d\xbc \xec\x95\x88\xec\xa0\x95\xed\x99\x94"},
    {"Keeps fine detail from boiling.  The model redraws small detail such as foliage a little differently every frame, and in motion that shimmers and crawls.  This averages the model's change over a few frames, following the game's motion vectors.  Auto does it when Neural Rendering runs after the upscaler, the default; Always also before it.  Stabilize, when on, replaces it.",
     "\xeb\xaf\xb8\xec\x84\xb8\xed\x95\x9c \xeb\x94\x94\xed\x85\x8c\xec\x9d\xbc\xec\x9d\xb4 \xeb\x81\x93\xec\x96\xb4\xec\x98\xa4\xeb\xa5\xb4\xeb\x93\xaf \xeb\xb3\xb4\xec\x9d\xb4\xeb\x8a\x94 \xed\x98\x84\xec\x83\x81\xec\x9d\x84 \xeb\xa7\x89\xec\x8a\xb5\xeb\x8b\x88\xeb\x8b\xa4. \xeb\xaa\xa8\xeb\x8d\xb8\xec\x9d\x80 \xeb\x82\x98\xeb\xad\x87\xec\x9e\x8e \xea\xb0\x99\xec\x9d\x80 \xec\x9e\x91\xec\x9d\x80 \xeb\x94\x94\xed\x85\x8c\xec\x9d\xbc\xec\x9d\x84 \xed\x94\x84\xeb\xa0\x88\xec\x9e\x84\xeb\xa7\x88\xeb\x8b\xa4 \xec\xa1\xb0\xea\xb8\x88\xec\x94\xa9 \xeb\x8b\xa4\xeb\xa5\xb4\xea\xb2\x8c \xeb\x8b\xa4\xec\x8b\x9c \xea\xb7\xb8\xeb\xa6\xac\xeb\xaf\x80\xeb\xa1\x9c, \xec\x9b\x80\xec\xa7\x81\xec\x9d\xbc \xeb\x95\x8c \xeb\xb0\x98\xec\xa7\x9d\xec\x9d\xb4\xea\xb3\xa0 \xea\xbf\x88\xed\x8b\x80\xea\xb1\xb0\xeb\xa6\xbd\xeb\x8b\x88\xeb\x8b\xa4. \xec\x9d\xb4 \xec\x84\xa4\xec\xa0\x95\xec\x9d\x80 \xea\xb2\x8c\xec\x9e\x84\xec\x9d\x98 \xeb\xaa\xa8\xec\x85\x98 \xeb\xb2\xa1\xed\x84\xb0\xeb\xa5\xbc \xeb\x94\xb0\xeb\x9d\xbc \xeb\xaa\xa8\xeb\x8d\xb8\xec\x9d\x98 \xeb\xb3\x80\xed\x99\x94\xeb\xa5\xbc \xeb\xaa\x87 \xed\x94\x84\xeb\xa0\x88\xec\x9e\x84\xec\x97\x90 \xea\xb1\xb8\xec\xb3\x90 \xed\x8f\x89\xea\xb7\xa0\xed\x95\xa9\xeb\x8b\x88\xeb\x8b\xa4. \xec\x9e\x90\xeb\x8f\x99\xec\x9d\x80 Neural Rendering\xec\x9d\xb4 \xec\x97\x85\xec\x8a\xa4\xec\xbc\x80\xec\x9d\xbc\xeb\xa7\x81 \xeb\x92\xa4\xec\x97\x90\xec\x84\x9c \xec\x8b\xa4\xed\x96\x89\xeb\x90\xa0 \xeb\x95\x8c(\xea\xb8\xb0\xeb\xb3\xb8\xea\xb0\x92) \xec\xa0\x81\xec\x9a\xa9\xed\x95\x98\xea\xb3\xa0, \xed\x95\xad\xec\x83\x81\xec\x9d\x80 \xea\xb7\xb8 \xec\x95\x9e\xec\x97\x90\xec\x84\x9c\xeb\x8f\x84 \xec\xa0\x81\xec\x9a\xa9\xed\x95\xa9\xeb\x8b\x88\xeb\x8b\xa4. \xec\x95\x88\xec\xa0\x95\xed\x99\x94\xeb\xa5\xbc \xec\xbc\x9c\xeb\xa9\xb4 \xec\x9d\xb4 \xec\x84\xa4\xec\xa0\x95\xec\x9d\x84 \xeb\x8c\x80\xec\x8b\xa0\xed\x95\xa9\xeb\x8b\x88\xeb\x8b\xa4."},
    {"Adjust NR's look",
     "NR \xeb\xaa\xa8\xec\x96\x91 \xec\xa1\xb0\xec\xa0\x95"},
    {"Reshapes what Neural Rendering returned, live: how far it brightens, darkens and recolours, by tonal range and by scale.  Off leaves its output exactly as it is.",
     "Neural Rendering\xec\x9d\xb4 \xeb\xb0\x98\xed\x99\x98\xed\x95\x9c \xea\xb2\xb0\xea\xb3\xbc\xeb\xa5\xbc \xec\x8b\xa4\xec\x8b\x9c\xea\xb0\x84\xec\x9c\xbc\xeb\xa1\x9c \xec\x9e\xac\xec\xa1\xb0\xec\xa0\x95\xed\x95\xa9\xeb\x8b\x88\xeb\x8b\xa4: \xeb\xb0\x9d\xea\xb2\x8c \xed\x95\x98\xea\xb8\xb0, \xec\x96\xb4\xeb\x91\xa1\xea\xb2\x8c \xed\x95\x98\xea\xb8\xb0, \xec\x83\x89 \xeb\xb3\x80\xea\xb2\xbd\xec\x9d\x98 \xec\xa0\x95\xeb\x8f\x84\xeb\xa5\xbc \xed\x86\xa4 \xeb\xb2\x94\xec\x9c\x84\xec\x99\x80 \xec\x8a\xa4\xec\xbc\x80\xec\x9d\xbc\xeb\xb3\x84\xeb\xa1\x9c \xec\xa1\xb0\xec\xa0\x88\xed\x95\xa9\xeb\x8b\x88\xeb\x8b\xa4. \xeb\x81\x84\xeb\xa9\xb4 \xec\xb6\x9c\xeb\xa0\xa5\xec\x9d\xb4 \xea\xb7\xb8\xeb\x8c\x80\xeb\xa1\x9c \xec\x9c\xa0\xec\xa7\x80\xeb\x90\xa9\xeb\x8b\x88\xeb\x8b\xa4."},
    {"unavailable this session: ReShade.log says why",
     "\xec\x9d\xb4\xeb\xb2\x88 \xec\x84\xb8\xec\x85\x98\xec\x97\x90\xec\x84\x9c \xec\x82\xac\xec\x9a\xa9\xed\x95\xa0 \xec\x88\x98 \xec\x97\x86\xec\x9d\x8c: ReShade.log\xec\x97\x90 \xec\x9d\xb4\xec\x9c\xa0\xea\xb0\x80 \xec\x9e\x88\xec\x8a\xb5\xeb\x8b\x88\xeb\x8b\xa4"},
    {"Edit strength",
     "\xed\x8e\xb8\xec\xa7\x91 \xea\xb0\x95\xeb\x8f\x84"},
    {"Scales the whole change Neural Rendering made, in stops: 0 takes it away, 1 keeps it, 2 doubles it.  Strength steers the model; this reshapes its result.",
     "Neural Rendering\xec\x9d\xb4 \xeb\xa7\x8c\xeb\x93\xa0 \xec\xa0\x84\xec\xb2\xb4 \xeb\xb3\x80\xed\x99\x94\xeb\xa5\xbc \xec\x8a\xa4\xed\x86\xb1 \xeb\x8b\xa8\xec\x9c\x84\xeb\xa1\x9c \xec\xa1\xb0\xec\xa0\x88\xed\x95\xa9\xeb\x8b\x88\xeb\x8b\xa4: 0\xec\x9d\x80 \xec\xa0\x9c\xea\xb1\xb0, 1\xec\x9d\x80 \xec\x9c\xa0\xec\xa7\x80, 2\xeb\x8a\x94 \xeb\x91\x90 \xeb\xb0\xb0\xec\x9e\x85\xeb\x8b\x88\xeb\x8b\xa4. \xea\xb0\x95\xeb\x8f\x84\xeb\x8a\x94 \xeb\xaa\xa8\xeb\x8d\xb8\xec\x9d\x84 \xec\xa1\xb0\xec\xa2\x85\xed\x95\x98\xea\xb3\xa0, \xec\x9d\xb4 \xec\x84\xa4\xec\xa0\x95\xec\x9d\x80 \xea\xb7\xb8 \xea\xb2\xb0\xea\xb3\xbc\xeb\xa5\xbc \xec\x9e\xac\xec\xa1\xb0\xec\xa0\x95\xed\x95\xa9\xeb\x8b\x88\xeb\x8b\xa4."},
    {"Brightening",
     "\xeb\xb0\x9d\xea\xb2\x8c \xed\x95\x98\xea\xb8\xb0"},
    {"How much of the model's brightening is kept: 0 drops it, 2 doubles it.",
     "\xeb\xaa\xa8\xeb\x8d\xb8\xec\x9d\xb4 \xeb\xb0\x9d\xea\xb2\x8c \xed\x95\x9c \xec\xa0\x95\xeb\x8f\x84\xeb\xa5\xbc \xec\x96\xbc\xeb\xa7\x88\xeb\x82\x98 \xec\x9c\xa0\xec\xa7\x80\xed\x95\xa0\xec\xa7\x80: 0\xec\x9d\x80 \xec\xa0\x9c\xea\xb1\xb0, 2\xeb\x8a\x94 \xeb\x91\x90 \xeb\xb0\xb0\xec\x9e\x85\xeb\x8b\x88\xeb\x8b\xa4."},
    {"Darkening",
     "\xec\x96\xb4\xeb\x91\xa1\xea\xb2\x8c \xed\x95\x98\xea\xb8\xb0"},
    {"How much of the model's darkening is kept, the dark halos it can leave around bright objects included.",
     "\xeb\xaa\xa8\xeb\x8d\xb8\xec\x9d\xb4 \xec\x96\xb4\xeb\x91\xa1\xea\xb2\x8c \xed\x95\x9c \xec\xa0\x95\xeb\x8f\x84\xeb\xa5\xbc \xec\x96\xbc\xeb\xa7\x88\xeb\x82\x98 \xec\x9c\xa0\xec\xa7\x80\xed\x95\xa0\xec\xa7\x80\xec\x9d\xb4\xeb\xa9\xb0, \xeb\xb0\x9d\xec\x9d\x80 \xeb\xac\xbc\xec\xb2\xb4 \xec\xa3\xbc\xeb\xb3\x80\xec\x97\x90 \xeb\x82\xa8\xea\xb8\xb8 \xec\x88\x98 \xec\x9e\x88\xeb\x8a\x94 \xec\x96\xb4\xeb\x91\x90\xec\x9a\xb4 \xed\x97\xa4\xec\x9d\xbc\xeb\xa1\x9c\xeb\x8f\x84 \xed\x8f\xac\xed\x95\xa8\xeb\x90\xa9\xeb\x8b\x88\xeb\x8b\xa4."},
    {"Colour",
     "\xec\x83\x89\xec\x83\x81"},
    {"How far the model moves colours toward or away from grey: 0 keeps the game's saturation, 2 doubles the change.",
     "\xeb\xaa\xa8\xeb\x8d\xb8\xec\x9d\xb4 \xec\x83\x89\xec\x9d\x84 \xed\x9a\x8c\xec\x83\x89 \xec\xaa\xbd\xec\x9c\xbc\xeb\xa1\x9c \xeb\x98\x90\xeb\x8a\x94 \xeb\xb0\x98\xeb\x8c\x80\xeb\xa1\x9c \xec\x98\xae\xea\xb8\xb0\xeb\x8a\x94 \xec\xa0\x95\xeb\x8f\x84: 0\xec\x9d\x80 \xea\xb2\x8c\xec\x9e\x84\xec\x9d\x98 \xec\xb1\x84\xeb\x8f\x84\xeb\xa5\xbc \xec\x9c\xa0\xec\xa7\x80\xed\x95\x98\xea\xb3\xa0, 2\xeb\x8a\x94 \xeb\xb3\x80\xed\x99\x94\xeb\xa5\xbc \xeb\x91\x90 \xeb\xb0\xb0\xeb\xa1\x9c \xed\x95\xa9\xeb\x8b\x88\xeb\x8b\xa4."},
    {"Hue shift",
     "\xec\x83\x89\xec\xa1\xb0 \xec\x9d\xb4\xeb\x8f\x99"},
    {"How far the model turns hues (its tint): 0 keeps the game's hues.",
     "\xeb\xaa\xa8\xeb\x8d\xb8\xec\x9d\xb4 \xec\x83\x89\xec\xa1\xb0\xeb\xa5\xbc \xeb\x8f\x8c\xeb\xa6\xac\xeb\x8a\x94 \xec\xa0\x95\xeb\x8f\x84(\xed\x8b\xb4\xed\x8a\xb8): 0\xec\x9d\x80 \xea\xb2\x8c\xec\x9e\x84\xec\x9d\x98 \xec\x83\x89\xec\xa1\xb0\xeb\xa5\xbc \xec\x9c\xa0\xec\xa7\x80\xed\x95\xa9\xeb\x8b\x88\xeb\x8b\xa4."},
    {"Shadows",
     "\xec\x84\x80\xeb\x8f\x84"},
    {"Scales the change where the game's image is dark.",
     "\xea\xb2\x8c\xec\x9e\x84 \xec\x9d\xb4\xeb\xaf\xb8\xec\xa7\x80\xea\xb0\x80 \xec\x96\xb4\xeb\x91\x90\xec\x9a\xb4 \xeb\xb6\x80\xeb\xb6\x84\xec\x9d\x98 \xeb\xb3\x80\xed\x99\x94\xeb\xa5\xbc \xec\xa1\xb0\xec\xa0\x88\xed\x95\xa9\xeb\x8b\x88\xeb\x8b\xa4."},
    {"Midtones",
     "\xeb\xaf\xb8\xeb\x93\x9c\xed\x86\xa4"},
    {"Scales the change in the game's midtones.",
     "\xea\xb2\x8c\xec\x9e\x84 \xeb\xaf\xb8\xeb\x93\x9c\xed\x86\xa4\xec\x9d\x98 \xeb\xb3\x80\xed\x99\x94\xeb\xa5\xbc \xec\xa1\xb0\xec\xa0\x88\xed\x95\xa9\xeb\x8b\x88\xeb\x8b\xa4."},
    {"Highlights",
     "\xed\x95\x98\xec\x9d\xb4\xeb\x9d\xbc\xec\x9d\xb4\xed\x8a\xb8"},
    {"Scales the change where the game's image is bright.",
     "\xea\xb2\x8c\xec\x9e\x84 \xec\x9d\xb4\xeb\xaf\xb8\xec\xa7\x80\xea\xb0\x80 \xeb\xb0\x9d\xec\x9d\x80 \xeb\xb6\x80\xeb\xb6\x84\xec\x9d\x98 \xeb\xb3\x80\xed\x99\x94\xeb\xa5\xbc \xec\xa1\xb0\xec\xa0\x88\xed\x95\xa9\xeb\x8b\x88\xeb\x8b\xa4."},
    {"Max brightening",
     "\xec\xb5\x9c\xeb\x8c\x80 \xeb\xb0\x9d\xea\xb2\x8c \xed\x95\x98\xea\xb8\xb0"},
    {"%.2f stops",
     "%.2f \xec\x8a\xa4\xed\x86\xb1"},
    {"A soft ceiling on how far the model may brighten a pixel; 0 is no ceiling.",
     "\xeb\xaa\xa8\xeb\x8d\xb8\xec\x9d\xb4 \xed\x94\xbd\xec\x85\x80\xec\x9d\x84 \xeb\xb0\x9d\xea\xb2\x8c \xed\x95\xa0 \xec\x88\x98 \xec\x9e\x88\xeb\x8a\x94 \xec\xa0\x95\xeb\x8f\x84\xec\x9d\x98 \xeb\xb6\x80\xeb\x93\x9c\xeb\x9f\xac\xec\x9a\xb4 \xec\x83\x81\xed\x95\x9c\xec\x9e\x85\xeb\x8b\x88\xeb\x8b\xa4. 0\xec\x9d\x80 \xec\x83\x81\xed\x95\x9c \xec\x97\x86\xec\x9d\x8c\xec\x9e\x85\xeb\x8b\x88\xeb\x8b\xa4."},
    {"Max darkening",
     "\xec\xb5\x9c\xeb\x8c\x80 \xec\x96\xb4\xeb\x91\xa1\xea\xb2\x8c \xed\x95\x98\xea\xb8\xb0"},
    {"A soft floor on how far the model may darken a pixel; 0 is no floor.",
     "\xeb\xaa\xa8\xeb\x8d\xb8\xec\x9d\xb4 \xed\x94\xbd\xec\x85\x80\xec\x9d\x84 \xec\x96\xb4\xeb\x91\xa1\xea\xb2\x8c \xed\x95\xa0 \xec\x88\x98 \xec\x9e\x88\xeb\x8a\x94 \xec\xa0\x95\xeb\x8f\x84\xec\x9d\x98 \xeb\xb6\x80\xeb\x93\x9c\xeb\x9f\xac\xec\x9a\xb4 \xed\x95\x98\xed\x95\x9c\xec\x9e\x85\xeb\x8b\x88\xeb\x8b\xa4. 0\xec\x9d\x80 \xed\x95\x98\xed\x95\x9c \xec\x97\x86\xec\x9d\x8c\xec\x9e\x85\xeb\x8b\x88\xeb\x8b\xa4."},
    {"Max colour change",
     "\xec\xb5\x9c\xeb\x8c\x80 \xec\x83\x89\xec\x83\x81 \xeb\xb3\x80\xed\x99\x94"},
    {"A soft limit on how far the model may move a colour; 0 is no limit.",
     "\xeb\xaa\xa8\xeb\x8d\xb8\xec\x9d\xb4 \xec\x83\x89\xec\x9d\x84 \xec\x98\xae\xea\xb8\xb8 \xec\x88\x98 \xec\x9e\x88\xeb\x8a\x94 \xec\xa0\x95\xeb\x8f\x84\xec\x9d\x98 \xeb\xb6\x80\xeb\x93\x9c\xeb\x9f\xac\xec\x9a\xb4 \xed\x95\x9c\xea\xb3\x84\xec\x9e\x85\xeb\x8b\x88\xeb\x8b\xa4. 0\xec\x9d\x80 \xed\x95\x9c\xea\xb3\x84 \xec\x97\x86\xec\x9d\x8c\xec\x9e\x85\xeb\x8b\x88\xeb\x8b\xa4."},
    {"Large-scale tone",
     "\xeb\x8c\x80\xea\xb7\x9c\xeb\xaa\xa8 \xed\x86\xa4"},
    {"Scales the model's broad lighting change; Fine detail scales the small-scale one.",
     "\xeb\xaa\xa8\xeb\x8d\xb8\xec\x9d\x98 \xeb\x84\x93\xec\x9d\x80 \xec\xa1\xb0\xeb\xaa\x85 \xeb\xb3\x80\xed\x99\x94\xeb\xa5\xbc \xec\xa1\xb0\xec\xa0\x88\xed\x95\xa9\xeb\x8b\x88\xeb\x8b\xa4. \xeb\xaf\xb8\xec\x84\xb8 \xeb\x94\x94\xed\x85\x8c\xec\x9d\xbc\xec\x9d\x80 \xec\x9e\x91\xec\x9d\x80 \xec\x8a\xa4\xec\xbc\x80\xec\x9d\xbc\xec\x9d\x98 \xeb\xb3\x80\xed\x99\x94\xeb\xa5\xbc \xec\xa1\xb0\xec\xa0\x88\xed\x95\xa9\xeb\x8b\x88\xeb\x8b\xa4."},
    {"Fine detail",
     "\xeb\xaf\xb8\xec\x84\xb8 \xeb\x94\x94\xed\x85\x8c\xec\x9d\xbc"},
    {"Scales the model's small-scale change, live.  Structure changes what the model makes and restarts it; this reshapes what it made.",
     "\xeb\xaa\xa8\xeb\x8d\xb8\xec\x9d\x98 \xec\x9e\x91\xec\x9d\x80 \xec\x8a\xa4\xec\xbc\x80\xec\x9d\xbc \xeb\xb3\x80\xed\x99\x94\xeb\xa5\xbc \xec\x8b\xa4\xec\x8b\x9c\xea\xb0\x84\xec\x9c\xbc\xeb\xa1\x9c \xec\xa1\xb0\xec\xa0\x88\xed\x95\xa9\xeb\x8b\x88\xeb\x8b\xa4. \xea\xb5\xac\xec\xa1\xb0\xeb\x8a\x94 \xeb\xaa\xa8\xeb\x8d\xb8\xec\x9d\xb4 \xeb\xa7\x8c\xeb\x93\x9c\xeb\x8a\x94 \xea\xb2\xb0\xea\xb3\xbc\xeb\xa5\xbc \xeb\xb0\x94\xea\xbe\xb8\xea\xb3\xa0 \xec\x9e\xac\xec\x8b\x9c\xec\x9e\x91\xed\x95\x98\xeb\xa9\xb0, \xec\x9d\xb4 \xec\x84\xa4\xec\xa0\x95\xec\x9d\x80 \xeb\xa7\x8c\xeb\x93\xa0 \xea\xb2\xb0\xea\xb3\xbc\xeb\xa5\xbc \xec\x9e\xac\xec\xa1\xb0\xec\xa0\x95\xed\x95\xa9\xeb\x8b\x88\xeb\x8b\xa4."},
    {"Detail radius",
     "\xeb\x94\x94\xed\x85\x8c\xec\x9d\xbc \xeb\xb0\x98\xea\xb2\xbd"},
    {"Where broad ends and fine begins, as a share of the image height.",
     "\xeb\x84\x93\xec\x9d\x80 \xeb\xb2\x94\xec\x9c\x84\xea\xb0\x80 \xeb\x81\x9d\xeb\x82\x98\xea\xb3\xa0 \xeb\xaf\xb8\xec\x84\xb8 \xeb\xb2\x94\xec\x9c\x84\xea\xb0\x80 \xec\x8b\x9c\xec\x9e\x91\xeb\x90\x98\xeb\x8a\x94 \xec\xa7\x80\xec\xa0\x90\xec\x9c\xbc\xeb\xa1\x9c, \xec\x9d\xb4\xeb\xaf\xb8\xec\xa7\x80 \xeb\x86\x92\xec\x9d\xb4\xec\x97\x90 \xeb\x8c\x80\xed\x95\x9c \xeb\xb9\x84\xec\x9c\xa8\xec\x9e\x85\xeb\x8b\x88\xeb\x8b\xa4."},
    {"Halo suppression",
     "\xed\x97\xa4\xec\x9d\xbc\xeb\xa1\x9c \xec\x96\xb5\xec\xa0\x9c"},
    {"Reduces the dark halos Neural Rendering can leave next to bright objects.  Darkening spread evenly over a surface, and a shadow beside a dark object, are left alone.  A larger Detail radius reaches wider halos.",
     "Neural Rendering\xec\x9d\xb4 \xeb\xb0\x9d\xec\x9d\x80 \xeb\xac\xbc\xec\xb2\xb4 \xec\x98\x86\xec\x97\x90 \xeb\x82\xa8\xea\xb8\xb8 \xec\x88\x98 \xec\x9e\x88\xeb\x8a\x94 \xec\x96\xb4\xeb\x91\x90\xec\x9a\xb4 \xed\x97\xa4\xec\x9d\xbc\xeb\xa1\x9c\xeb\xa5\xbc \xec\xa4\x84\xec\x9e\x85\xeb\x8b\x88\xeb\x8b\xa4. \xed\x91\x9c\xeb\xa9\xb4 \xec\xa0\x84\xec\xb2\xb4\xec\x97\x90 \xea\xb3\xa0\xeb\xa5\xb4\xea\xb2\x8c \xed\x8d\xbc\xec\xa7\x84 \xec\x96\xb4\xeb\x91\x90\xec\x9b\x8c\xec\xa7\x90\xea\xb3\xbc \xec\x96\xb4\xeb\x91\x90\xec\x9a\xb4 \xeb\xac\xbc\xec\xb2\xb4 \xec\x98\x86\xec\x9d\x98 \xea\xb7\xb8\xeb\xa6\xbc\xec\x9e\x90\xeb\x8a\x94 \xea\xb7\xb8\xeb\x8c\x80\xeb\xa1\x9c \xeb\x91\xa1\xeb\x8b\x88\xeb\x8b\xa4. \xeb\x94\x94\xed\x85\x8c\xec\x9d\xbc \xeb\xb0\x98\xea\xb2\xbd\xec\x9d\xb4 \xed\x81\xb4\xec\x88\x98\xeb\xa1\x9d \xeb\x8d\x94 \xeb\x84\x93\xec\x9d\x80 \xed\x97\xa4\xec\x9d\xbc\xeb\xa1\x9c\xea\xb9\x8c\xec\xa7\x80 \xec\xb2\x98\xeb\xa6\xac\xed\x95\xa9\xeb\x8b\x88\xeb\x8b\xa4."},
    {"Halo next to dark objects",
     "\xec\x96\xb4\xeb\x91\x90\xec\x9a\xb4 \xeb\xac\xbc\xec\xb2\xb4 \xec\x98\x86\xec\x9d\x98 \xed\x97\xa4\xec\x9d\xbc\xeb\xa1\x9c"},
    {"Reduces the soft dark skirt Neural Rendering can leave on the brighter side of dark objects, which deepens once per extra stacked pass.  A darkening the scene means, beside something brighter, is left alone.",
     "Neural Rendering\xec\x9d\xb4 \xec\x96\xb4\xeb\x91\x90\xec\x9a\xb4 \xeb\xac\xbc\xec\xb2\xb4\xec\x9d\x98 \xeb\xb0\x9d\xec\x9d\x80 \xec\xaa\xbd\xec\x97\x90 \xeb\x82\xa8\xea\xb8\xb8 \xec\x88\x98 \xec\x9e\x88\xeb\x8a\x94 \xeb\xb6\x80\xeb\x93\x9c\xeb\x9f\xac\xec\x9a\xb4 \xec\x96\xb4\xeb\x91\x90\xec\x9a\xb4 \xed\x85\x8c\xeb\x91\x90\xeb\xa6\xac\xeb\xa5\xbc \xec\xa4\x84\xec\x9e\x85\xeb\x8b\x88\xeb\x8b\xa4. \xec\x9d\xb4 \xed\x85\x8c\xeb\x91\x90\xeb\xa6\xac\xeb\x8a\x94 \xed\x8c\xa8\xec\x8a\xa4\xea\xb0\x80 \xed\x95\x98\xeb\x82\x98 \xea\xb2\xb9\xec\xb3\x90\xec\xa7\x88 \xeb\x95\x8c\xeb\xa7\x88\xeb\x8b\xa4 \xea\xb9\x8a\xec\x96\xb4\xec\xa7\x91\xeb\x8b\x88\xeb\x8b\xa4. \xeb\x8d\x94 \xeb\xb0\x9d\xec\x9d\x80 \xea\xb2\x83 \xec\x98\x86\xec\x97\x90 \xec\x9e\x88\xeb\x8a\x94, \xec\x9e\xa5\xeb\xa9\xb4\xec\x9d\xb4 \xec\x9d\x98\xeb\x8f\x84\xed\x95\x9c \xec\x96\xb4\xeb\x91\x90\xec\x9b\x8c\xec\xa7\x90\xec\x9d\x80 \xea\xb7\xb8\xeb\x8c\x80\xeb\xa1\x9c \xeb\x91\xa1\xeb\x8b\x88\xeb\x8b\xa4."},
    {"Static",
     "\xec\xa0\x95\xec\xa0\x81"},
    {"Motion",
     "\xeb\xaa\xa8\xec\x85\x98"},
    {"Stabilize",
     "\xec\x95\x88\xec\xa0\x95\xed\x99\x94"},
    {"Smooths the model's broad change over time.  Static suits still views; Motion follows the game's motion vectors.  Either adds a little lag to lighting changes.",
     "\xeb\xaa\xa8\xeb\x8d\xb8\xec\x9d\x98 \xeb\x84\x93\xec\x9d\x80 \xeb\xb3\x80\xed\x99\x94\xeb\xa5\xbc \xec\x8b\x9c\xea\xb0\x84\xec\x97\x90 \xea\xb1\xb8\xec\xb3\x90 \xeb\xb6\x80\xeb\x93\x9c\xeb\x9f\xbd\xea\xb2\x8c \xed\x95\xa9\xeb\x8b\x88\xeb\x8b\xa4. \xec\xa0\x95\xec\xa0\x81\xec\x9d\x80 \xec\xa0\x95\xec\xa7\x80\xeb\x90\x9c \xec\x9e\xa5\xeb\xa9\xb4\xec\x97\x90 \xec\xa0\x81\xed\x95\xa9\xed\x95\x98\xea\xb3\xa0, \xeb\xaa\xa8\xec\x85\x98\xec\x9d\x80 \xea\xb2\x8c\xec\x9e\x84\xec\x9d\x98 \xeb\xaa\xa8\xec\x85\x98 \xeb\xb2\xa1\xed\x84\xb0\xeb\xa5\xbc \xeb\x94\xb0\xeb\xa6\x85\xeb\x8b\x88\xeb\x8b\xa4. \xeb\x91\x98 \xeb\x8b\xa4 \xec\xa1\xb0\xeb\xaa\x85 \xeb\xb3\x80\xed\x99\x94\xec\x97\x90 \xec\x95\xbd\xea\xb0\x84\xec\x9d\x98 \xec\xa7\x80\xec\x97\xb0\xec\x9d\xb4 \xec\x83\x9d\xea\xb9\x81\xeb\x8b\x88\xeb\x8b\xa4."},
    {"Stabilize time",
     "\xec\x95\x88\xec\xa0\x95\xed\x99\x94 \xec\x8b\x9c\xea\xb0\x84"},
    {"%.0f ms",
     "%.0f ms"},
    {"How long the smoothing remembers: longer is steadier and slower to follow a lighting change.",
     "\xec\x8a\xa4\xeb\xac\xb4\xeb\x94\xa9\xec\x9d\xb4 \xea\xb8\xb0\xec\x96\xb5\xed\x95\x98\xeb\x8a\x94 \xec\x8b\x9c\xea\xb0\x84\xec\x9e\x85\xeb\x8b\x88\xeb\x8b\xa4. \xea\xb8\xb8\xec\x88\x98\xeb\xa1\x9d \xec\x95\x88\xec\xa0\x95\xec\xa0\x81\xec\x9d\xb4\xec\xa7\x80\xeb\xa7\x8c \xec\xa1\xb0\xeb\xaa\x85 \xeb\xb3\x80\xed\x99\x94\xeb\xa5\xbc \xeb\x8d\x94 \xeb\x8a\x90\xeb\xa6\xac\xea\xb2\x8c \xeb\x94\xb0\xeb\x9d\xbc\xea\xb0\x91\xeb\x8b\x88\xeb\x8b\xa4."},
    {"Stabilize detail",
     "\xeb\x94\x94\xed\x85\x8c\xec\x9d\xbc \xec\x95\x88\xec\xa0\x95\xed\x99\x94"},
    {"Smooths the small-scale change too, not only the broad one.",
     "\xeb\x84\x93\xec\x9d\x80 \xeb\xb3\x80\xed\x99\x94\xeb\xbf\x90 \xec\x95\x84\xeb\x8b\x88\xeb\x9d\xbc \xec\x9e\x91\xec\x9d\x80 \xec\x8a\xa4\xec\xbc\x80\xec\x9d\xbc\xec\x9d\x98 \xeb\xb3\x80\xed\x99\x94\xeb\x8f\x84 \xeb\xb6\x80\xeb\x93\x9c\xeb\x9f\xbd\xea\xb2\x8c \xed\x95\xa9\xeb\x8b\x88\xeb\x8b\xa4."},
    {"Upscaled",
     "\xec\x97\x85\xec\x8a\xa4\xec\xbc\x80\xec\x9d\xbc \xed\x9b\x84"},
    {"Render",
     "\xeb\xa0\x8c\xeb\x8d\x94"},
    {"Present",
     "\xed\x91\x9c\xec\x8b\x9c \xec\x8b\x9c\xec\xa0\x90"},
    {"Where Neural Rendering runs.  Upscaled: on the game's DLSS output.  Render: on the game's image before DLSS upscales it, against the game's own depth and motion (Ray Reconstruction keeps Upscaled: its input is still noisy).  Present: on the finished frame the game presents, after its own post-processing and HUD, before ReShade's effects.",
     "Neural Rendering\xec\x9d\xb4 \xec\x8b\xa4\xed\x96\x89\xeb\x90\x98\xeb\x8a\x94 \xec\x9c\x84\xec\xb9\x98\xec\x9e\x85\xeb\x8b\x88\xeb\x8b\xa4. \xec\x97\x85\xec\x8a\xa4\xec\xbc\x80\xec\x9d\xbc \xed\x9b\x84: \xea\xb2\x8c\xec\x9e\x84\xec\x9d\x98 DLSS \xec\xb6\x9c\xeb\xa0\xa5\xec\x97\x90 \xec\xa0\x81\xec\x9a\xa9. \xeb\xa0\x8c\xeb\x8d\x94: DLSS\xea\xb0\x80 \xec\x97\x85\xec\x8a\xa4\xec\xbc\x80\xec\x9d\xbc\xed\x95\x98\xea\xb8\xb0 \xec\xa0\x84\xec\x9d\x98 \xea\xb2\x8c\xec\x9e\x84 \xec\x9d\xb4\xeb\xaf\xb8\xec\xa7\x80\xec\x97\x90 \xea\xb2\x8c\xec\x9e\x84 \xec\x9e\x90\xec\xb2\xb4\xec\x9d\x98 \xea\xb9\x8a\xec\x9d\xb4\xec\x99\x80 \xeb\xaa\xa8\xec\x85\x98\xec\x9c\xbc\xeb\xa1\x9c \xec\xa0\x81\xec\x9a\xa9 (Ray Reconstruction\xec\x9d\x80 \xec\x97\x85\xec\x8a\xa4\xec\xbc\x80\xec\x9d\xbc \xed\x9b\x84\xeb\xa5\xbc \xec\x9c\xa0\xec\xa7\x80: \xec\x9e\x85\xeb\xa0\xa5\xec\x97\x90 \xec\x95\x84\xec\xa7\x81 \xeb\x85\xb8\xec\x9d\xb4\xec\xa6\x88\xea\xb0\x80 \xec\x9e\x88\xec\x9d\x8c). \xed\x91\x9c\xec\x8b\x9c \xec\x8b\x9c\xec\xa0\x90: \xea\xb2\x8c\xec\x9e\x84\xec\x9d\xb4 \xed\x91\x9c\xec\x8b\x9c\xed\x95\x98\xeb\x8a\x94 \xec\x99\x84\xec\x84\xb1\xeb\x90\x9c \xed\x94\x84\xeb\xa0\x88\xec\x9e\x84\xec\x97\x90, \xea\xb2\x8c\xec\x9e\x84 \xec\x9e\x90\xec\xb2\xb4\xec\x9d\x98 \xed\x9b\x84\xec\xb2\x98\xeb\xa6\xac\xec\x99\x80 HUD \xec\x9d\xb4\xed\x9b\x84, ReShade \xed\x9a\xa8\xea\xb3\xbc \xec\x9d\xb4\xec\xa0\x84\xec\x97\x90 \xec\xa0\x81\xec\x9a\xa9."},
    {"Optional",
     "\xec\x84\xa0\xed\x83\x9d"},
    {"Required",
     "\xed\x95\x84\xec\x88\x98"},
    {"Never",
     "\xec\x82\xac\xec\x9a\xa9 \xec\x95\x88 \xed\x95\xa8"},
    {"Depth and motion for the Present hook point.  Optional: the game's DLSS depth and motion when they match the frame, neutral ones otherwise.  Required: no NR without them.  Never: always neutral, for games without DLSS.",
     "\xed\x91\x9c\xec\x8b\x9c \xec\x8b\x9c\xec\xa0\x90 \xec\xa0\x81\xec\x9a\xa9 \xec\xa7\x80\xec\xa0\x90\xec\x97\x90\xec\x84\x9c \xec\x93\xb0\xeb\x8a\x94 \xea\xb9\x8a\xec\x9d\xb4\xec\x99\x80 \xeb\xaa\xa8\xec\x85\x98\xec\x9e\x85\xeb\x8b\x88\xeb\x8b\xa4. \xec\x84\xa0\xed\x83\x9d: \xed\x94\x84\xeb\xa0\x88\xec\x9e\x84\xea\xb3\xbc \xeb\xa7\x9e\xec\x9c\xbc\xeb\xa9\xb4 \xea\xb2\x8c\xec\x9e\x84\xec\x9d\x98 DLSS \xea\xb9\x8a\xec\x9d\xb4\xec\x99\x80 \xeb\xaa\xa8\xec\x85\x98, \xec\x95\x84\xeb\x8b\x88\xeb\xa9\xb4 \xec\xa4\x91\xeb\xa6\xbd\xea\xb0\x92. \xed\x95\x84\xec\x88\x98: \xec\x97\x86\xec\x9c\xbc\xeb\xa9\xb4 NR\xeb\x8f\x84 \xec\x97\x86\xec\x9d\x8c. \xec\x82\xac\xec\x9a\xa9 \xec\x95\x88 \xed\x95\xa8: \xed\x95\xad\xec\x83\x81 \xec\xa4\x91\xeb\xa6\xbd\xea\xb0\x92 (DLSS\xea\xb0\x80 \xec\x97\x86\xeb\x8a\x94 \xea\xb2\x8c\xec\x9e\x84\xec\x9a\xa9)."},
    {"Auto",
     "\xec\x9e\x90\xeb\x8f\x99"},
    {"SDR",
     "SDR"},
    {"HDR10",
     "HDR10"},
    {"scRGB",
     "scRGB"},
    {"Frame encoding",
     "\xed\x94\x84\xeb\xa0\x88\xec\x9e\x84 \xec\x9d\xb8\xec\xbd\x94\xeb\x94\xa9"},
    {"What the presented frame holds.  Auto reads the swapchain's colour space; override it only for a game that declares it wrongly.",
     "\xed\x91\x9c\xec\x8b\x9c\xeb\x90\x98\xeb\x8a\x94 \xed\x94\x84\xeb\xa0\x88\xec\x9e\x84\xec\x9d\x98 \xeb\x82\xb4\xec\x9a\xa9\xec\x9e\x85\xeb\x8b\x88\xeb\x8b\xa4. \xec\x9e\x90\xeb\x8f\x99\xec\x9d\x80 \xec\x8a\xa4\xec\x99\x91\xec\xb2\xb4\xec\x9d\xb8\xec\x9d\x98 \xec\x83\x89 \xea\xb3\xb5\xea\xb0\x84\xec\x9d\x84 \xec\x9d\xbd\xec\x8a\xb5\xeb\x8b\x88\xeb\x8b\xa4. \xec\x83\x89 \xea\xb3\xb5\xea\xb0\x84\xec\x9d\x84 \xec\x9e\x98\xeb\xaa\xbb \xec\x84\xa0\xec\x96\xb8\xed\x95\x98\xeb\x8a\x94 \xea\xb2\x8c\xec\x9e\x84\xec\x97\x90\xec\x84\x9c\xeb\xa7\x8c \xeb\xb0\x94\xea\xbe\xb8\xec\x84\xb8\xec\x9a\x94."},
    {"HDR paper white",
     "HDR \xed\x8e\x98\xec\x9d\xb4\xed\x8d\xbc \xed\x99\x94\xec\x9d\xb4\xed\x8a\xb8"},
    {"Where diffuse white sits in an HDR frame, in nits.  0 follows a loaded RenoDX HDR mod's game brightness, otherwise the SDR content brightness set in Windows.",
     "HDR \xed\x94\x84\xeb\xa0\x88\xec\x9e\x84\xec\x97\x90\xec\x84\x9c \xed\x99\x95\xec\x82\xb0 \xeb\xb0\xb1\xec\x83\x89\xec\x9d\x98 \xec\x9c\x84\xec\xb9\x98(nits)\xec\x9e\x85\xeb\x8b\x88\xeb\x8b\xa4. 0\xec\x9d\x80 \xeb\xa1\x9c\xeb\x93\x9c\xeb\x90\x9c RenoDX HDR \xeb\xaa\xa8\xeb\x93\x9c\xec\x9d\x98 \xea\xb2\x8c\xec\x9e\x84 \xeb\xb0\x9d\xea\xb8\xb0\xeb\xa5\xbc \xeb\x94\xb0\xeb\xa5\xb4\xea\xb3\xa0, \xec\x97\x86\xec\x9c\xbc\xeb\xa9\xb4 Windows\xec\x97\x90\xec\x84\x9c \xec\x84\xa4\xec\xa0\x95\xed\x95\x9c SDR \xec\xbd\x98\xed\x85\x90\xec\xb8\xa0 \xeb\xb0\x9d\xea\xb8\xb0\xeb\xa5\xbc \xeb\x94\xb0\xeb\xa6\x85\xeb\x8b\x88\xeb\x8b\xa4."},
    {"Keep the HUD",
     "HUD \xec\x9c\xa0\xec\xa7\x80"},
    {"Asks the model to leave the game's HUD as it is: at the present, the frame already carries it.",
     "\xea\xb2\x8c\xec\x9e\x84\xec\x9d\x98 HUD\xeb\xa5\xbc \xea\xb7\xb8\xeb\x8c\x80\xeb\xa1\x9c \xeb\x91\x90\xeb\x8f\x84\xeb\xa1\x9d \xeb\xaa\xa8\xeb\x8d\xb8\xec\x97\x90 \xec\x9a\x94\xec\xb2\xad\xed\x95\xa9\xeb\x8b\x88\xeb\x8b\xa4. \xed\x91\x9c\xec\x8b\x9c \xec\x8b\x9c\xec\xa0\x90\xec\x9d\x98 \xed\x94\x84\xeb\xa0\x88\xec\x9e\x84\xec\x97\x90\xeb\x8a\x94 \xec\x9d\xb4\xeb\xaf\xb8 HUD\xea\xb0\x80 \xeb\x93\xa4\xec\x96\xb4 \xec\x9e\x88\xec\x8a\xb5\xeb\x8b\x88\xeb\x8b\xa4."},
    {"Every frame",
     "\xeb\xaa\xa8\xeb\x93\xa0 \xed\x94\x84\xeb\xa0\x88\xec\x9e\x84"},
    {"Game frames",
     "\xea\xb2\x8c\xec\x9e\x84 \xed\x94\x84\xeb\xa0\x88\xec\x9e\x84"},
    {"Generated frames",
     "\xec\x83\x9d\xec\x84\xb1\xeb\x90\x9c \xed\x94\x84\xeb\xa0\x88\xec\x9e\x84"},
    {"With frame generation: Neural Rendering on every presented frame, or only on the first one of each game frame (less GPU time, but the generated frames are shown without it, which can read as a flicker).",
     "\xed\x94\x84\xeb\xa0\x88\xec\x9e\x84 \xec\x83\x9d\xec\x84\xb1 \xec\x82\xac\xec\x9a\xa9 \xec\x8b\x9c: \xed\x91\x9c\xec\x8b\x9c\xeb\x90\x98\xeb\x8a\x94 \xeb\xaa\xa8\xeb\x93\xa0 \xed\x94\x84\xeb\xa0\x88\xec\x9e\x84\xec\x97\x90 Neural Rendering\xec\x9d\x84 \xec\xa0\x81\xec\x9a\xa9\xed\x95\x98\xea\xb1\xb0\xeb\x82\x98, \xea\xb0\x81 \xea\xb2\x8c\xec\x9e\x84 \xed\x94\x84\xeb\xa0\x88\xec\x9e\x84\xec\x9d\x98 \xec\xb2\xab \xed\x94\x84\xeb\xa0\x88\xec\x9e\x84\xec\x97\x90\xeb\xa7\x8c \xec\xa0\x81\xec\x9a\xa9\xed\x95\xa9\xeb\x8b\x88\xeb\x8b\xa4 (GPU \xec\x8b\x9c\xea\xb0\x84\xec\x9d\x80 \xec\xa4\x84\xec\xa7\x80\xeb\xa7\x8c \xec\x83\x9d\xec\x84\xb1\xeb\x90\x9c \xed\x94\x84\xeb\xa0\x88\xec\x9e\x84\xec\x9d\x80 \xec\xa0\x81\xec\x9a\xa9 \xec\x97\x86\xec\x9d\xb4 \xed\x91\x9c\xec\x8b\x9c\xeb\x90\x98\xec\x96\xb4 \xea\xb9\x9c\xeb\xb0\x95\xec\x9e\x84\xec\xb2\x98\xeb\x9f\xbc \xeb\xb3\xb4\xec\x9d\xbc \xec\x88\x98 \xec\x9e\x88\xec\x8a\xb5\xeb\x8b\x88\xeb\x8b\xa4)."},
    {"Stable timing",
     "\xec\x95\x88\xec\xa0\x95 \xed\x83\x80\xec\x9d\xb4\xeb\xb0\x8d"},
    {"Legacy timing",
     "\xec\x9d\xb4\xec\xa0\x84 \xed\x83\x80\xec\x9d\xb4\xeb\xb0\x8d"},
    {"Frame generation detection",
     "\xed\x94\x84\xeb\xa0\x88\xec\x9e\x84 \xec\x83\x9d\xec\x84\xb1 \xea\xb0\x90\xec\xa7\x80"},
    {"Auto uses the game's declared frame generation multiplier when available. Otherwise it measures a stable cadence, keeping the motion scale through hitches. Stable timing ignores declarations. Legacy timing restores the earlier detection rule for compatibility.",
     "\xec\x9e\x90\xeb\x8f\x99\xec\x9d\x80 \xea\xb2\x8c\xec\x9e\x84\xec\x9d\xb4 \xec\x84\xa0\xec\x96\xb8\xed\x95\x9c \xed\x94\x84\xeb\xa0\x88\xec\x9e\x84 \xec\x83\x9d\xec\x84\xb1 \xeb\xb0\xb0\xec\x88\x98\xea\xb0\x80 \xec\x9e\x88\xec\x9c\xbc\xeb\xa9\xb4 \xea\xb7\xb8\xea\xb2\x83\xec\x9d\x84 \xec\x82\xac\xec\x9a\xa9\xed\x95\xa9\xeb\x8b\x88\xeb\x8b\xa4. \xec\x97\x86\xec\x9c\xbc\xeb\xa9\xb4 \xec\x95\x88\xec\xa0\x95\xec\xa0\x81\xec\x9d\xb8 \xec\xa3\xbc\xea\xb8\xb0\xeb\xa5\xbc \xec\xb8\xa1\xec\xa0\x95\xed\x95\x98\xea\xb3\xa0, \xeb\x81\x8a\xea\xb9\x80\xec\x9d\xb4 \xec\x9e\x88\xec\x96\xb4\xeb\x8f\x84 \xec\x9b\x80\xec\xa7\x81\xec\x9e\x84 \xeb\xb0\xb0\xec\x9c\xa8\xec\x9d\x84 \xec\x9c\xa0\xec\xa7\x80\xed\x95\xa9\xeb\x8b\x88\xeb\x8b\xa4. \xec\x95\x88\xec\xa0\x95 \xed\x83\x80\xec\x9d\xb4\xeb\xb0\x8d\xec\x9d\x80 \xec\x84\xa0\xec\x96\xb8\xec\x9d\x84 \xeb\xac\xb4\xec\x8b\x9c\xed\x95\xa9\xeb\x8b\x88\xeb\x8b\xa4. \xec\x9d\xb4\xec\xa0\x84 \xed\x83\x80\xec\x9d\xb4\xeb\xb0\x8d\xec\x9d\x80 \xed\x98\xb8\xed\x99\x98\xec\x84\xb1\xec\x9d\x84 \xec\x9c\x84\xed\x95\xb4 \xec\x98\x88\xec\xa0\x84 \xea\xb0\x90\xec\xa7\x80 \xea\xb7\x9c\xec\xb9\x99\xec\x9d\x84 \xeb\x90\x98\xec\x82\xb4\xeb\xa6\xbd\xeb\x8b\x88\xeb\x8b\xa4."},
    {"Runs Neural Rendering again on its own result: a stronger effect, and each extra pass costs the GPU time of one more pass.  Every pass keeps its own history (Chained history, under Fixes).",
     "Neural Rendering\xec\x9d\x84 \xec\x9e\x90\xec\x8b\xa0\xec\x9d\x98 \xea\xb2\xb0\xea\xb3\xbc\xec\x97\x90 \xeb\x8b\xa4\xec\x8b\x9c \xec\xa0\x81\xec\x9a\xa9\xed\x95\xa9\xeb\x8b\x88\xeb\x8b\xa4. \xed\x9a\xa8\xea\xb3\xbc\xea\xb0\x80 \xeb\x8d\x94 \xea\xb0\x95\xed\x95\xb4\xec\xa7\x80\xeb\xa9\xb0, \xed\x8c\xa8\xec\x8a\xa4\xeb\xa5\xbc \xed\x95\x98\xeb\x82\x98 \xec\xb6\x94\xea\xb0\x80\xed\x95\xa0 \xeb\x95\x8c\xeb\xa7\x88\xeb\x8b\xa4 \xed\x8c\xa8\xec\x8a\xa4 \xed\x95\x9c \xeb\xb2\x88\xec\x9d\x98 GPU \xec\x8b\x9c\xea\xb0\x84\xec\x9d\xb4 \xeb\x8d\x94 \xeb\x93\xad\xeb\x8b\x88\xeb\x8b\xa4. \xea\xb0\x81 \xed\x8c\xa8\xec\x8a\xa4\xeb\x8a\x94 \xec\x9e\x90\xec\xb2\xb4 \xea\xb8\xb0\xeb\xa1\x9d\xec\x9d\x84 \xec\x9c\xa0\xec\xa7\x80\xed\x95\xa9\xeb\x8b\x88\xeb\x8b\xa4(\xec\x88\x98\xec\xa0\x95 \xec\x95\x84\xeb\x9e\x98\xec\x9d\x98 \xec\x97\xb0\xec\x87\x84 \xea\xb8\xb0\xeb\xa1\x9d)."},
    {"Pass %u",
     "\xed\x8c\xa8\xec\x8a\xa4 %u"},
    {"HDR transfer",
     "HDR \xec\xa0\x84\xec\x86\xa1"},
    {"Color",
     "\xec\x83\x89\xec\x83\x81"},
    {"Same as pass 1",
     "\xed\x8c\xa8\xec\x8a\xa4 1\xea\xb3\xbc \xeb\x8f\x99\xec\x9d\xbc"},
    {"This pass steers the model with pass 1's Look settings.  Off gives it its own, below.",
     "\xec\x9d\xb4 \xed\x8c\xa8\xec\x8a\xa4\xeb\x8a\x94 \xed\x8c\xa8\xec\x8a\xa4 1\xec\x9d\x98 \xeb\xa3\xa9 \xec\x84\xa4\xec\xa0\x95\xec\x9c\xbc\xeb\xa1\x9c \xeb\xaa\xa8\xeb\x8d\xb8\xec\x9d\x84 \xec\xa1\xb0\xec\xa2\x85\xed\x95\xa9\xeb\x8b\x88\xeb\x8b\xa4. \xeb\x81\x84\xeb\xa9\xb4 \xec\x95\x84\xeb\x9e\x98\xec\x97\x90\xec\x84\x9c \xeb\xb3\x84\xeb\x8f\x84\xeb\xa1\x9c \xec\x84\xa4\xec\xa0\x95\xed\x95\xa9\xeb\x8b\x88\xeb\x8b\xa4."},
    {"The working resolution as a share of the full one.  Lower costs less GPU time.",
     "\xec\xa0\x84\xec\xb2\xb4 \xed\x95\xb4\xec\x83\x81\xeb\x8f\x84 \xeb\x8c\x80\xeb\xb9\x84 \xec\x9e\x91\xec\x97\x85 \xed\x95\xb4\xec\x83\x81\xeb\x8f\x84\xec\x9d\x98 \xeb\xb9\x84\xec\x9c\xa8\xec\x9e\x85\xeb\x8b\x88\xeb\x8b\xa4. \xeb\x82\xae\xec\x9d\x84\xec\x88\x98\xeb\xa1\x9d GPU \xec\x8b\x9c\xea\xb0\x84\xec\x9d\xb4 \xec\xa0\x81\xea\xb2\x8c \xeb\x93\xad\xeb\x8b\x88\xeb\x8b\xa4."},
    {"Resolution scale",
     "\xed\x95\xb4\xec\x83\x81\xeb\x8f\x84 \xeb\xb0\xb0\xec\x9c\xa8"},
    {"follows the game (Match game)",
     "\xea\xb2\x8c\xec\x9e\x84\xec\x9d\x84 \xeb\x94\xb0\xeb\xa6\x84 (\xea\xb2\x8c\xec\x9e\x84\xea\xb3\xbc \xeb\x8f\x99\xec\x9d\xbc)"},
    {"Edge-aware",
     "\xea\xb0\x80\xec\x9e\xa5\xec\x9e\x90\xeb\xa6\xac \xec\x9d\xb8\xec\x8b\x9d"},
    {"Classic",
     "\xed\x81\xb4\xeb\x9e\x98\xec\x8b\x9d"},
    {"Edge-aware (area input)",
     "\xea\xb0\x80\xec\x9e\xa5\xec\x9e\x90\xeb\xa6\xac \xec\x9d\xb8\xec\x8b\x9d(\xec\x98\x81\xec\x97\xad \xec\x9e\x85\xeb\xa0\xa5)"},
    {"Upsampling",
     "\xec\x97\x85\xec\x83\x98\xed\x94\x8c\xeb\xa7\x81"},
    {"How Neural Rendering's change reaches the screen when it works below the output resolution, including Match game (no effect when it works at the output resolution).  Auto and Edge-aware keep the change on the edges it belongs to and the full-resolution detail under it, and sample the nearest SDR pixel for NR.  Edge-aware (area input) averages SDR pixels before NR; this can change NR's look.  Classic shows NR's own lower-resolution pixels, which look blocky.",
     "Neural Rendering\xec\x9d\xb4 \xec\xb6\x9c\xeb\xa0\xa5 \xed\x95\xb4\xec\x83\x81\xeb\x8f\x84\xeb\xb3\xb4\xeb\x8b\xa4 \xeb\x82\xae\xea\xb2\x8c \xec\x9e\x91\xeb\x8f\x99\xed\x95\xa0 \xeb\x95\x8c(\xea\xb2\x8c\xec\x9e\x84\xea\xb3\xbc \xeb\x8f\x99\xec\x9d\xbc \xed\x8f\xac\xed\x95\xa8) \xeb\xb3\x80\xed\x99\x94\xea\xb0\x80 \xed\x99\x94\xeb\xa9\xb4\xec\x97\x90 \xec\xa0\x84\xeb\x8b\xac\xeb\x90\x98\xeb\x8a\x94 \xeb\xb0\xa9\xec\x8b\x9d\xec\x9e\x85\xeb\x8b\x88\xeb\x8b\xa4(\xec\xb6\x9c\xeb\xa0\xa5 \xed\x95\xb4\xec\x83\x81\xeb\x8f\x84\xec\x97\x90\xec\x84\x9c \xec\x9e\x91\xeb\x8f\x99\xed\x95\xa0 \xeb\x95\x8c\xeb\x8a\x94 \xed\x9a\xa8\xea\xb3\xbc \xec\x97\x86\xec\x9d\x8c). \xec\x9e\x90\xeb\x8f\x99\xea\xb3\xbc \xea\xb0\x80\xec\x9e\xa5\xec\x9e\x90\xeb\xa6\xac \xec\x9d\xb8\xec\x8b\x9d\xec\x9d\x80 \xeb\xb3\x80\xed\x99\x94\xeb\xa5\xbc \xed\x95\xb4\xeb\x8b\xb9 \xea\xb0\x80\xec\x9e\xa5\xec\x9e\x90\xeb\xa6\xac\xec\x97\x90 \xec\x9c\xa0\xec\xa7\x80\xed\x95\x98\xea\xb3\xa0 \xea\xb7\xb8 \xec\x95\x84\xeb\x9e\x98\xec\x9d\x98 \xec\xa0\x84\xec\xb2\xb4 \xed\x95\xb4\xec\x83\x81\xeb\x8f\x84 \xeb\x94\x94\xed\x85\x8c\xec\x9d\xbc\xec\x9d\x84 \xeb\xb3\xb4\xec\xa1\xb4\xed\x95\x98\xeb\xa9\xb0, NR\xec\x97\x90\xeb\x8a\x94 \xea\xb0\x80\xec\x9e\xa5 \xea\xb0\x80\xea\xb9\x8c\xec\x9a\xb4 SDR \xed\x94\xbd\xec\x85\x80\xec\x9d\x84 \xeb\x84\x98\xea\xb9\x81\xeb\x8b\x88\xeb\x8b\xa4. \xea\xb0\x80\xec\x9e\xa5\xec\x9e\x90\xeb\xa6\xac \xec\x9d\xb8\xec\x8b\x9d(\xec\x98\x81\xec\x97\xad \xec\x9e\x85\xeb\xa0\xa5)\xec\x9d\x80 NR \xec\xa0\x84\xec\x97\x90 SDR \xed\x94\xbd\xec\x85\x80\xec\x9d\x84 \xed\x8f\x89\xea\xb7\xa0\xed\x95\x98\xeb\xaf\x80\xeb\xa1\x9c NR\xec\x9d\x98 \xeb\xa3\xa9\xec\x9d\xb4 \xeb\x8b\xac\xeb\x9d\xbc\xec\xa7\x88 \xec\x88\x98 \xec\x9e\x88\xec\x8a\xb5\xeb\x8b\x88\xeb\x8b\xa4. \xed\x81\xb4\xeb\x9e\x98\xec\x8b\x9d\xec\x9d\x80 NR \xec\x9e\x90\xec\xb2\xb4\xec\x9d\x98 \xeb\x82\xae\xec\x9d\x80 \xed\x95\xb4\xec\x83\x81\xeb\x8f\x84 \xed\x94\xbd\xec\x85\x80\xec\x9d\x84 \xeb\xb3\xb4\xec\x97\xac \xec\xa3\xbc\xeb\xaf\x80\xeb\xa1\x9c \xeb\xb8\x94\xeb\xa1\x9d\xec\xb2\x98\xeb\x9f\xbc \xeb\xb3\xb4\xec\x9e\x85\xeb\x8b\x88\xeb\x8b\xa4."},
    {"Working at",
     "\xec\x9e\x91\xec\x97\x85 \xed\x95\xb4\xec\x83\x81\xeb\x8f\x84"},
    {"Classic (manual)",
     "\xed\x81\xb4\xeb\x9e\x98\xec\x8b\x9d (\xec\x88\x98\xeb\x8f\x99)"},
    {"Anchored (manual)",
     "\xec\x95\xb5\xec\xbb\xa4 (\xec\x88\x98\xeb\x8f\x99)"},
    {"Display (fixed)",
     "\xeb\x94\x94\xec\x8a\xa4\xed\x94\x8c\xeb\xa0\x88\xec\x9d\xb4 (\xea\xb3\xa0\xec\xa0\x95)"},
    {"How the game's HDR image is prepared for Neural Rendering and brought back.  Auto is right for nearly every game.",
     "\xea\xb2\x8c\xec\x9e\x84\xec\x9d\x98 HDR \xec\x9d\xb4\xeb\xaf\xb8\xec\xa7\x80\xeb\xa5\xbc Neural Rendering\xec\x9a\xa9\xec\x9c\xbc\xeb\xa1\x9c \xec\xa4\x80\xeb\xb9\x84\xed\x95\x98\xea\xb3\xa0 \xeb\x90\x98\xeb\x8f\x8c\xeb\xa6\xac\xeb\x8a\x94 \xeb\xb0\xa9\xec\x8b\x9d\xec\x9e\x85\xeb\x8b\x88\xeb\x8b\xa4. \xea\xb1\xb0\xec\x9d\x98 \xeb\xaa\xa8\xeb\x93\xa0 \xea\xb2\x8c\xec\x9e\x84\xec\x97\x90\xeb\x8a\x94 \xec\x9e\x90\xeb\x8f\x99\xec\x9d\xb4 \xec\xa0\x81\xed\x95\xa9\xed\x95\xa9\xeb\x8b\x88\xeb\x8b\xa4."},
    {"Scaling now",
     "\xed\x98\x84\xec\x9e\xac \xec\x8a\xa4\xec\xbc\x80\xec\x9d\xbc\xeb\xa7\x81"},
    {"fixed, %.0f nits per unit",
     "\xea\xb3\xa0\xec\xa0\x95, \xeb\x8b\xa8\xec\x9c\x84\xeb\x8b\xb9 %.0f nits"},
    {"off (raw candidate)",
     "\xeb\x81\x94 (\xec\x9b\x90\xec\x8b\x9c \xed\x9b\x84\xeb\xb3\xb4\xea\xb0\x92)"},
    {"slew",
     "\xec\x8a\xac\xeb\xa3\xa8"},
    {"stable",
     "\xec\x95\x88\xec\xa0\x95"},
    {"GPU autoscale, governor %s",
     "GPU \xec\x9e\x90\xeb\x8f\x99 \xec\x8a\xa4\xec\xbc\x80\xec\x9d\xbc, \xea\xb1\xb0\xeb\xb2\x84\xeb\x84\x88 %s"},
    {"Proxy anchor (nits)",
     "\xed\x94\x84\xeb\xa1\x9d\xec\x8b\x9c \xec\x95\xb5\xec\xbb\xa4 (nits)"},
    {"Used only for calibrated absolute HDR. Relative HDR uses the current frame's GPU-derived scale.",
     "\xeb\xb3\xb4\xec\xa0\x95\xeb\x90\x9c \xec\xa0\x88\xeb\x8c\x80 HDR\xec\x97\x90\xeb\xa7\x8c \xec\x82\xac\xec\x9a\xa9\xeb\x90\xa9\xeb\x8b\x88\xeb\x8b\xa4. \xec\x83\x81\xeb\x8c\x80 HDR\xec\x9d\x80 \xed\x98\x84\xec\x9e\xac \xed\x94\x84\xeb\xa0\x88\xec\x9e\x84\xec\x9d\x98 GPU \xea\xb8\xb0\xeb\xb0\x98 \xec\x8a\xa4\xec\xbc\x80\xec\x9d\xbc\xec\x9d\x84 \xec\x82\xac\xec\x9a\xa9\xed\x95\xa9\xeb\x8b\x88\xeb\x8b\xa4."},
    {"Source interpretation",
     "\xec\x86\x8c\xec\x8a\xa4 \xed\x95\xb4\xec\x84\x9d"},
    {"Auto (format evidence)",
     "\xec\x9e\x90\xeb\x8f\x99 (\xed\x8f\xac\xeb\xa7\xb7 \xea\xb8\xb0\xec\xa4\x80)"},
    {"SDR / relative",
     "SDR / \xec\x83\x81\xeb\x8c\x80"},
    {"Linear",
     "\xec\x84\xa0\xed\x98\x95"},
    {"PQ / 10,000 nits",
     "PQ / 10,000 nits"},
    {"Encoding",
     "\xec\x9d\xb8\xec\xbd\x94\xeb\x94\xa9"},
    {"What the game's image is.  Auto reads it from the image format; override only an engine that declares its format wrongly.",
     "\xea\xb2\x8c\xec\x9e\x84 \xec\x9d\xb4\xeb\xaf\xb8\xec\xa7\x80\xec\x9d\x98 \xec\xa2\x85\xeb\xa5\x98\xec\x9e\x85\xeb\x8b\x88\xeb\x8b\xa4. \xec\x9e\x90\xeb\x8f\x99\xec\x9d\x80 \xec\x9d\xb4\xeb\xaf\xb8\xec\xa7\x80 \xed\x8f\xac\xeb\xa7\xb7\xec\x97\x90\xec\x84\x9c \xec\x9d\xbd\xec\x96\xb4 \xeb\x83\x85\xeb\x8b\x88\xeb\x8b\xa4. \xed\x8f\xac\xeb\xa7\xb7\xec\x9d\x84 \xec\x9e\x98\xeb\xaa\xbb \xec\x84\xa0\xec\x96\xb8\xed\x95\x98\xeb\x8a\x94 \xec\x97\x94\xec\xa7\x84\xec\x97\x90\xeb\xa7\x8c \xec\x9e\xac\xec\xa0\x95\xec\x9d\x98\xed\x95\x98\xec\x84\xb8\xec\x9a\x94."},
    {"Linear unit (nits)",
     "\xec\x84\xa0\xed\x98\x95 \xeb\x8b\xa8\xec\x9c\x84 (nits)"},
    {"Nits per 1.0 of a linear source: 0 keeps it relative (GPU autoscale); a positive value marks it calibrated/absolute.",
     "\xec\x84\xa0\xed\x98\x95 \xec\x86\x8c\xec\x8a\xa4\xec\x9d\x98 1.0\xeb\x8b\xb9 nits: 0\xec\x9d\x80 \xec\x83\x81\xeb\x8c\x80\xea\xb0\x92\xec\x9c\xbc\xeb\xa1\x9c \xec\x9c\xa0\xec\xa7\x80\xed\x95\x98\xea\xb3\xa0(GPU \xec\x9e\x90\xeb\x8f\x99 \xec\x8a\xa4\xec\xbc\x80\xec\x9d\xbc), \xec\x96\x91\xec\x88\x98\xeb\x8a\x94 \xeb\xb3\xb4\xec\xa0\x95\xeb\x90\x9c/\xec\xa0\x88\xeb\x8c\x80\xea\xb0\x92\xec\x9c\xbc\xeb\xa1\x9c \xed\x91\x9c\xec\x8b\x9c\xed\x95\xa9\xeb\x8b\x88\xeb\x8b\xa4."},
    {"BT.709",
     "BT.709"},
    {"BT.2020",
     "BT.2020"},
    {"AP1 (ACEScg)",
     "AP1 (ACEScg)"},
    {"Primaries",
     "\xec\x9b\x90\xec\x83\x89"},
    {"Advisory label only - the neural model works in wide gamut and no conversion is applied.",
     "\xec\xb0\xb8\xea\xb3\xa0\xec\x9a\xa9 \xed\x91\x9c\xec\x8b\x9c\xec\x9d\xbc \xeb\xbf\x90\xec\x9e\x85\xeb\x8b\x88\xeb\x8b\xa4. \xeb\x89\xb4\xeb\x9f\xb4 \xeb\xaa\xa8\xeb\x8d\xb8\xec\x9d\x80 \xea\xb4\x91\xec\x83\x89\xec\x97\xad\xec\x97\x90\xec\x84\x9c \xec\x9e\x91\xeb\x8f\x99\xed\x95\x98\xeb\xa9\xb0 \xeb\xb3\x80\xed\x99\x98\xec\x9d\x80 \xec\xa0\x81\xec\x9a\xa9\xeb\x90\x98\xec\xa7\x80 \xec\x95\x8a\xec\x8a\xb5\xeb\x8b\x88\xeb\x8b\xa4."},
    {"PQ calibration",
     "PQ \xec\xba\x98\xeb\xa6\xac\xeb\xb8\x8c\xeb\xa0\x88\xec\x9d\xb4\xec\x85\x98"},
    {"Extra scene-linear gain for PQ sources (classic and Auto over absolute units).  1 = the 203-nit BT.2408 reference; the pre-v6 default was 2.5375 and migrated configs keep it.",
     "PQ \xec\x86\x8c\xec\x8a\xa4(\xed\x81\xb4\xeb\x9e\x98\xec\x8b\x9d \xeb\xb0\x8f \xec\xa0\x88\xeb\x8c\x80 \xeb\x8b\xa8\xec\x9c\x84\xec\x9d\x98 \xec\x9e\x90\xeb\x8f\x99)\xec\x97\x90 \xeb\x8c\x80\xed\x95\x9c \xec\xb6\x94\xea\xb0\x80 \xec\x9e\xa5\xeb\xa9\xb4 \xec\x84\xa0\xed\x98\x95 \xea\xb2\x8c\xec\x9d\xb8\xec\x9e\x85\xeb\x8b\x88\xeb\x8b\xa4. 1 = 203 nits BT.2408 \xea\xb8\xb0\xec\xa4\x80\xec\x9d\xb4\xeb\xa9\xb0, v6 \xec\x9d\xb4\xec\xa0\x84 \xea\xb8\xb0\xeb\xb3\xb8\xea\xb0\x92\xec\x9d\x80 2.5375\xec\x98\x80\xea\xb3\xa0 \xeb\xa7\x88\xec\x9d\xb4\xea\xb7\xb8\xeb\xa0\x88\xec\x9d\xb4\xec\x85\x98\xeb\x90\x9c \xec\x84\xa4\xec\xa0\x95\xec\x9d\x80 \xea\xb7\xb8 \xea\xb0\x92\xec\x9d\x84 \xec\x9c\xa0\xec\xa7\x80\xed\x95\xa9\xeb\x8b\x88\xeb\x8b\xa4."},
    {"Scene white scale",
     "\xec\x9e\xa5\xeb\xa9\xb4 \xed\x99\x94\xec\x9d\xb4\xed\x8a\xb8 \xeb\xb0\xb0\xec\x9c\xa8"},
    {"Smooth Auto",
     "\xeb\xb6\x80\xeb\x93\x9c\xeb\x9f\xac\xec\x9a\xb4 \xec\x9e\x90\xeb\x8f\x99"},
    {"Dark pedestal removal",
     "\xec\x96\xb4\xeb\x91\x90\xec\x9a\xb4 \xeb\xb0\x94\xeb\x8b\xa5\xea\xb0\x92 \xec\xa0\x9c\xea\xb1\xb0"},
    {"Float-HDR games: whether the dark lift the model adds in near-black areas is removed; HDR transfer sets how much.  Auto skips the removal where the game's brightness is relative (Kingdom Come Deliverance II, Alan Wake 2, GTA V): there it reads shadow noise as a lift and darkens shadows block by block, which flickers.  Always removes it in every HDR game, as releases up to rc7 did.  Smooth Auto keeps Auto's source policy and gradually fades restoration at the edge of the near-black range, avoiding an abrupt boundary.",
     "\xeb\xb6\x80\xeb\x8f\x99\xec\x86\x8c\xec\x88\x98\xec\xa0\x90 HDR \xea\xb2\x8c\xec\x9e\x84: \xeb\xaa\xa8\xeb\x8d\xb8\xec\x9d\xb4 \xea\xb1\xb0\xec\x9d\x98 \xea\xb2\x80\xec\x9d\x80 \xec\x98\x81\xec\x97\xad\xec\x97\x90 \xeb\x8d\x94\xed\x95\x98\xeb\x8a\x94 \xec\x96\xb4\xeb\x91\x90\xec\x9a\xb4 \xec\x98\xac\xeb\xa6\xbc\xec\x9d\x84 \xec\xa0\x9c\xea\xb1\xb0\xed\x95\xa0\xec\xa7\x80 \xec\x97\xac\xeb\xb6\x80\xec\x9d\xb4\xeb\xa9\xb0, \xec\x96\x91\xec\x9d\x80 HDR \xec\xa0\x84\xec\x86\xa1\xec\x9d\xb4 \xec\xa0\x95\xed\x95\xa9\xeb\x8b\x88\xeb\x8b\xa4. \xec\x9e\x90\xeb\x8f\x99\xec\x9d\x80 \xea\xb2\x8c\xec\x9e\x84\xec\x9d\x98 \xeb\xb0\x9d\xea\xb8\xb0\xea\xb0\x80 \xec\x83\x81\xeb\x8c\x80\xea\xb0\x92\xec\x9d\xb8 \xea\xb3\xb3(Kingdom Come Deliverance II, Alan Wake 2, GTA V)\xec\x97\x90\xec\x84\x9c \xec\xa0\x9c\xea\xb1\xb0\xeb\xa5\xbc \xea\xb1\xb4\xeb\x84\x88\xeb\x9c\x81\xeb\x8b\x88\xeb\x8b\xa4. \xea\xb7\xb8\xea\xb3\xb3\xec\x97\x90\xec\x84\x9c\xeb\x8a\x94 \xea\xb7\xb8\xeb\xa6\xbc\xec\x9e\x90 \xeb\x85\xb8\xec\x9d\xb4\xec\xa6\x88\xeb\xa5\xbc \xec\x98\xac\xeb\xa6\xbc\xec\x9c\xbc\xeb\xa1\x9c \xec\x98\xa4\xec\x9d\xb8\xed\x95\xb4 \xeb\xb8\x94\xeb\xa1\x9d \xeb\x8b\xa8\xec\x9c\x84\xeb\xa1\x9c \xea\xb7\xb8\xeb\xa6\xbc\xec\x9e\x90\xeb\xa5\xbc \xec\x96\xb4\xeb\x91\xa1\xea\xb2\x8c \xed\x95\x98\xec\x97\xac \xea\xb9\x9c\xeb\xb9\xa1\xec\x9e\x84\xec\x9d\xb4 \xec\x83\x9d\xea\xb9\x81\xeb\x8b\x88\xeb\x8b\xa4. \xed\x95\xad\xec\x83\x81\xec\x9d\x80 rc7\xea\xb9\x8c\xec\xa7\x80\xec\x9d\x98 \xeb\xa6\xb4\xeb\xa6\xac\xec\x8a\xa4\xec\xb2\x98\xeb\x9f\xbc \xeb\xaa\xa8\xeb\x93\xa0 HDR \xea\xb2\x8c\xec\x9e\x84\xec\x97\x90\xec\x84\x9c \xec\xa0\x9c\xea\xb1\xb0\xed\x95\xa9\xeb\x8b\x88\xeb\x8b\xa4. \xeb\xb6\x80\xeb\x93\x9c\xeb\x9f\xac\xec\x9a\xb4 \xec\x9e\x90\xeb\x8f\x99\xec\x9d\x80 \xec\x9e\x90\xeb\x8f\x99\xec\x9d\x98 \xec\x86\x8c\xec\x8a\xa4 \xec\xa0\x95\xec\xb1\x85\xec\x9d\x84 \xec\x9c\xa0\xec\xa7\x80\xed\x95\x98\xeb\xa9\xb4\xec\x84\x9c \xea\xb1\xb0\xec\x9d\x98 \xea\xb2\x80\xec\x9d\x80 \xeb\xb2\x94\xec\x9c\x84\xec\x9d\x98 \xea\xb2\xbd\xea\xb3\x84\xec\x97\x90\xec\x84\x9c \xeb\xb3\xb5\xec\x9b\x90\xec\x9d\x84 \xec\xa0\x90\xec\xb0\xa8 \xec\xa4\x84\xec\x97\xac \xea\xb8\x89\xea\xb2\xa9\xed\x95\x9c \xea\xb2\xbd\xea\xb3\x84\xeb\xa5\xbc \xed\x94\xbc\xed\x95\xa9\xeb\x8b\x88\xeb\x8b\xa4."},
    {"Chroma clamp",
     "\xed\x81\xac\xeb\xa1\x9c\xeb\xa7\x88 \xec\xa0\x9c\xed\x95\x9c"},
    {"Bound of the chroma part of the neural transfer, in stops either side of the luma gain.  1.00 keeps the validated default; the luma gain itself stays bounded to +/-2 stops.",
     "\xeb\x89\xb4\xeb\x9f\xb4 \xec\xa0\x84\xec\x86\xa1\xec\x9d\x98 \xed\x81\xac\xeb\xa1\x9c\xeb\xa7\x88 \xeb\xb6\x80\xeb\xb6\x84 \xeb\xb2\x94\xec\x9c\x84\xeb\xa1\x9c, \xeb\xa3\xa8\xeb\xa7\x88 \xea\xb2\x8c\xec\x9d\xb8 \xec\x96\x91\xec\xaa\xbd\xec\x9c\xbc\xeb\xa1\x9c \xeb\xaa\x87 \xec\x8a\xa4\xed\x86\xb1\xec\x9d\xb8\xec\xa7\x80\xeb\xa5\xbc \xeb\x82\x98\xed\x83\x80\xeb\x83\x85\xeb\x8b\x88\xeb\x8b\xa4. 1.00\xec\x9d\x80 \xea\xb2\x80\xec\xa6\x9d\xeb\x90\x9c \xea\xb8\xb0\xeb\xb3\xb8\xea\xb0\x92\xec\x9d\x84 \xec\x9c\xa0\xec\xa7\x80\xed\x95\x98\xeb\xa9\xb0, \xeb\xa3\xa8\xeb\xa7\x88 \xea\xb2\x8c\xec\x9d\xb8 \xec\x9e\x90\xec\xb2\xb4\xeb\x8a\x94 +/-2 \xec\x8a\xa4\xed\x86\xb1\xec\x9c\xbc\xeb\xa1\x9c \xec\xa0\x9c\xed\x95\x9c\xeb\x90\xa9\xeb\x8b\x88\xeb\x8b\xa4."},
    {"Bounded ratio",
     "\xec\xa0\x9c\xed\x95\x9c\xeb\x90\x9c \xeb\xb9\x84\xec\x9c\xa8"},
    {"Consistent (curve-aware)",
     "\xec\x9d\xbc\xea\xb4\x80\xec\x84\xb1 (\xec\xbb\xa4\xeb\xb8\x8c \xec\x9d\xb8\xec\x8b\x9d)"},
    {"Neural transfer",
     "\xeb\x89\xb4\xeb\x9f\xb4 \xec\xa0\x84\xec\x86\xa1"},
    {"How the model's edit is carried back to HDR on the Display codec.  Bounded ratio applies the proxy-domain change as-is, which under-transfers brightness edits where the proxy curve bends.  Consistent also undoes the curve's gain change, damped where the curve is too flat to invert.  The model sees the same input either way.",
     "\xeb\x94\x94\xec\x8a\xa4\xed\x94\x8c\xeb\xa0\x88\xec\x9d\xb4 \xec\xbd\x94\xeb\x8d\xb1\xec\x97\x90\xec\x84\x9c \xeb\xaa\xa8\xeb\x8d\xb8\xec\x9d\x98 \xed\x8e\xb8\xec\xa7\x91\xec\x9d\x84 HDR\xeb\xa1\x9c \xeb\x90\x98\xeb\x8f\x8c\xeb\xa6\xac\xeb\x8a\x94 \xeb\xb0\xa9\xec\x8b\x9d\xec\x9e\x85\xeb\x8b\x88\xeb\x8b\xa4. \xec\xa0\x9c\xed\x95\x9c\xeb\x90\x9c \xeb\xb9\x84\xec\x9c\xa8\xec\x9d\x80 \xed\x94\x84\xeb\xa1\x9d\xec\x8b\x9c \xec\x98\x81\xec\x97\xad\xec\x9d\x98 \xeb\xb3\x80\xed\x99\x94\xeb\xa5\xbc \xea\xb7\xb8\xeb\x8c\x80\xeb\xa1\x9c \xec\xa0\x81\xec\x9a\xa9\xed\x95\x98\xeb\xaf\x80\xeb\xa1\x9c, \xed\x94\x84\xeb\xa1\x9d\xec\x8b\x9c \xec\xbb\xa4\xeb\xb8\x8c\xea\xb0\x80 \xed\x9c\x98\xeb\x8a\x94 \xea\xb3\xb3\xec\x97\x90\xec\x84\x9c\xeb\x8a\x94 \xeb\xb0\x9d\xea\xb8\xb0 \xed\x8e\xb8\xec\xa7\x91\xec\x9d\xb4 \xeb\x8d\x9c \xec\xa0\x84\xeb\x8b\xac\xeb\x90\xa9\xeb\x8b\x88\xeb\x8b\xa4. \xec\x9d\xbc\xea\xb4\x80\xec\x84\xb1\xec\x9d\x80 \xec\xbb\xa4\xeb\xb8\x8c\xec\x9d\x98 \xea\xb2\x8c\xec\x9d\xb8 \xeb\xb3\x80\xed\x99\x94\xeb\x8f\x84 \xeb\x90\x98\xeb\x8f\x8c\xeb\xa6\xac\xeb\xa9\xb0, \xec\xbb\xa4\xeb\xb8\x8c\xea\xb0\x80 \xeb\x84\x88\xeb\xac\xb4 \xed\x8f\x89\xed\x8f\x89\xed\x95\xb4 \xec\x97\xad\xeb\xb3\x80\xed\x99\x98\xed\x95\xa0 \xec\x88\x98 \xec\x97\x86\xeb\x8a\x94 \xea\xb3\xb3\xec\x97\x90\xec\x84\x9c\xeb\x8a\x94 \xea\xb0\x90\xec\x87\xa0\xeb\x90\xa9\xeb\x8b\x88\xeb\x8b\xa4. \xec\x96\xb4\xeb\x8a\x90 \xec\xaa\xbd\xec\x9d\xb4\xeb\x93\xa0 \xeb\xaa\xa8\xeb\x8d\xb8\xec\x9d\xb4 \xeb\xb3\xb4\xeb\x8a\x94 \xec\x9e\x85\xeb\xa0\xa5\xec\x9d\x80 \xea\xb0\x99\xec\x8a\xb5\xeb\x8b\x88\xeb\x8b\xa4."},
    {"Style highlight guard (stops)",
     "\xec\x8a\xa4\xed\x83\x80\xec\x9d\xbc \xed\x95\x98\xec\x9d\xb4\xeb\x9d\xbc\xec\x9d\xb4\xed\x8a\xb8 \xeb\xb3\xb4\xed\x98\xb8(\xec\x8a\xa4\xed\x86\xb1)"},
    {"Bounds how much the Natural and Cinematic styles may darken bright highlights (up to half a stop, which can read as 'no neural rendering there').  0.00 is the previous math; 2.00 disables the bound.  Mid-tones and shadows are untouched.",
     "\xeb\x82\xb4\xec\xb6\x94\xeb\x9f\xb4\xea\xb3\xbc \xec\x8b\x9c\xeb\x84\xa4\xeb\xa7\x88\xed\x8b\xb1 \xec\x8a\xa4\xed\x83\x80\xec\x9d\xbc\xec\x9d\xb4 \xeb\xb0\x9d\xec\x9d\x80 \xed\x95\x98\xec\x9d\xb4\xeb\x9d\xbc\xec\x9d\xb4\xed\x8a\xb8\xeb\xa5\xbc \xec\x96\xb4\xeb\x91\xa1\xea\xb2\x8c \xed\x95\xa0 \xec\x88\x98 \xec\x9e\x88\xeb\x8a\x94 \xec\xa0\x95\xeb\x8f\x84\xeb\xa5\xbc \xec\xa0\x9c\xed\x95\x9c\xed\x95\xa9\xeb\x8b\x88\xeb\x8b\xa4 (\xec\xb5\x9c\xeb\x8c\x80 \xeb\xb0\x98 \xec\x8a\xa4\xed\x86\xb1, '\xea\xb7\xb8 \xeb\xb6\x80\xeb\xb6\x84\xec\x97\x90 neural rendering\xec\x9d\xb4 \xec\x97\x86\xeb\x8a\x94' \xea\xb2\x83\xec\xb2\x98\xeb\x9f\xbc \xeb\xb3\xb4\xec\x9d\xbc \xec\x88\x98 \xec\x9e\x88\xec\x9d\x8c).  0.00\xec\x9d\x80 \xec\x9d\xb4\xec\xa0\x84 \xea\xb3\x84\xec\x82\xb0\xec\x9d\xb4\xeb\xa9\xb0 2.00\xec\x9d\x80 \xec\xa0\x9c\xed\x95\x9c\xec\x9d\x84 \xeb\x81\x95\xeb\x8b\x88\xeb\x8b\xa4.  \xec\xa4\x91\xea\xb0\x84 \xed\x86\xa4\xea\xb3\xbc \xea\xb7\xb8\xeb\xa6\xbc\xec\x9e\x90\xeb\x8a\x94 \xeb\xb0\x94\xeb\x80\x8c\xec\xa7\x80 \xec\x95\x8a\xec\x8a\xb5\xeb\x8b\x88\xeb\x8b\xa4."},
    {"Near-black colour guard",
     "\xea\xb7\xbc\xed\x9d\x91\xec\x83\x89 \xec\x83\x89\xec\x83\x81 \xeb\xb3\xb4\xed\x98\xb8"},
    {"Divisor-codec HDR (Classic, and PQ or other absolute sources in Auto): where the model returns a near-black value under a bright original, keep the original's colour at the new brightness instead of amplifying the model's noise into green or grey specks.  Off is the previous math.",
     "\xec\xa0\x9c\xec\x88\x98 \xec\xbd\x94\xeb\x8d\xb1 HDR(\xed\x81\xb4\xeb\x9e\x98\xec\x8b\x9d, \xea\xb7\xb8\xeb\xa6\xac\xea\xb3\xa0 \xec\x9e\x90\xeb\x8f\x99\xec\x97\x90\xec\x84\x9c\xec\x9d\x98 PQ \xeb\x98\x90\xeb\x8a\x94 \xea\xb8\xb0\xed\x83\x80 \xec\xa0\x88\xeb\x8c\x80 \xec\x86\x8c\xec\x8a\xa4): \xeb\xb0\x9d\xec\x9d\x80 \xec\x9b\x90\xeb\xb3\xb8 \xec\x9c\x84\xec\x97\x90\xec\x84\x9c \xeb\xaa\xa8\xeb\x8d\xb8\xec\x9d\xb4 \xea\xb1\xb0\xec\x9d\x98 \xea\xb2\x80\xec\x9d\x80 \xea\xb0\x92\xec\x9d\x84 \xeb\xb0\x98\xed\x99\x98\xed\x95\x98\xeb\xa9\xb4, \xeb\xaa\xa8\xeb\x8d\xb8\xec\x9d\x98 \xeb\x85\xb8\xec\x9d\xb4\xec\xa6\x88\xeb\xa5\xbc \xeb\x85\xb9\xec\x83\x89\xec\x9d\xb4\xeb\x82\x98 \xed\x9a\x8c\xec\x83\x89 \xeb\xb0\x98\xec\xa0\x90\xec\x9c\xbc\xeb\xa1\x9c \xec\xa6\x9d\xed\x8f\xad\xed\x95\x98\xeb\x8a\x94 \xeb\x8c\x80\xec\x8b\xa0 \xec\x9b\x90\xeb\xb3\xb8\xec\x9d\x98 \xec\x83\x89\xec\x9d\x84 \xec\x83\x88 \xeb\xb0\x9d\xea\xb8\xb0\xeb\xa1\x9c \xec\x9c\xa0\xec\xa7\x80\xed\x95\xa9\xeb\x8b\x88\xeb\x8b\xa4. \xeb\x81\x84\xeb\xa9\xb4 \xec\x9d\xb4\xec\xa0\x84 \xea\xb3\x84\xec\x82\xb0 \xeb\xb0\xa9\xec\x8b\x9d\xec\x9e\x85\xeb\x8b\x88\xeb\x8b\xa4."},
    {"v1 (frame meter)",
     "v1 (\xed\x94\x84\xeb\xa0\x88\xec\x9e\x84 \xec\xb8\xa1\xea\xb4\x91)"},
    {"v2 (game exposure)",
     "v2 (\xea\xb2\x8c\xec\x9e\x84 \xeb\x85\xb8\xec\xb6\x9c)"},
    {"Brightness source",
     "\xeb\xb0\x9d\xea\xb8\xb0 \xec\x86\x8c\xec\x8a\xa4"},
    {"Where the brightness NR is fed at comes from on relative HDR sources.  v2 follows the game's own exposure (its DLSS exposure texture, or a pre-exposed buffer as it is), so NR's input holds still while the game's eye adaptation swings.  v1 meters each frame's content and adapts at its own rates, which can pulse slowly against the game's adaptation.  Auto uses v2 when the game provides an exposure texture and v1 otherwise: a pre-exposed buffer fed as it is lets a bright scene overload NR's input, and NR boils.  Calibrated/absolute sources ignore this.",
     "\xec\x83\x81\xeb\x8c\x80 HDR \xec\x86\x8c\xec\x8a\xa4\xec\x97\x90\xec\x84\x9c NR\xec\x97\x90 \xec\x9e\x85\xeb\xa0\xa5\xeb\x90\x98\xeb\x8a\x94 \xeb\xb0\x9d\xea\xb8\xb0\xec\x9d\x98 \xea\xb8\xb0\xec\xa4\x80\xec\x9e\x85\xeb\x8b\x88\xeb\x8b\xa4. v2\xeb\x8a\x94 \xea\xb2\x8c\xec\x9e\x84 \xec\x9e\x90\xec\xb2\xb4\xec\x9d\x98 \xeb\x85\xb8\xec\xb6\x9c(DLSS \xeb\x85\xb8\xec\xb6\x9c \xed\x85\x8d\xec\x8a\xa4\xec\xb2\x98 \xeb\x98\x90\xeb\x8a\x94 \xec\x82\xac\xec\xa0\x84 \xeb\x85\xb8\xec\xb6\x9c\xeb\x90\x9c \xeb\xb2\x84\xed\x8d\xbc \xea\xb7\xb8\xeb\x8c\x80\xeb\xa1\x9c)\xec\x9d\x84 \xeb\x94\xb0\xeb\xa5\xb4\xeb\xaf\x80\xeb\xa1\x9c, \xea\xb2\x8c\xec\x9e\x84\xec\x9d\x98 \xeb\x88\x88 \xec\xa0\x81\xec\x9d\x91\xec\x9d\xb4 \xed\x81\xac\xea\xb2\x8c \xeb\xb3\x80\xed\x95\xb4\xeb\x8f\x84 NR\xec\x9d\x98 \xec\x9e\x85\xeb\xa0\xa5\xec\x9d\x80 \xec\x95\x88\xec\xa0\x95\xec\xa0\x81\xec\x9c\xbc\xeb\xa1\x9c \xec\x9c\xa0\xec\xa7\x80\xeb\x90\xa9\xeb\x8b\x88\xeb\x8b\xa4. v1\xec\x9d\x80 \xea\xb0\x81 \xed\x94\x84\xeb\xa0\x88\xec\x9e\x84\xec\x9d\x98 \xeb\x82\xb4\xec\x9a\xa9\xec\x9d\x84 \xec\xb8\xa1\xea\xb4\x91\xed\x95\x98\xea\xb3\xa0 \xec\x9e\x90\xec\xb2\xb4 \xec\x86\x8d\xeb\x8f\x84\xeb\xa1\x9c \xec\xa0\x81\xec\x9d\x91\xed\x95\x98\xeb\xaf\x80\xeb\xa1\x9c, \xea\xb2\x8c\xec\x9e\x84\xec\x9d\x98 \xec\xa0\x81\xec\x9d\x91\xea\xb3\xbc \xec\x96\xb4\xea\xb8\x8b\xeb\x82\x98 \xec\xb2\x9c\xec\xb2\x9c\xed\x9e\x88 \xeb\xa7\xa5\xeb\x8f\x99\xed\x95\xa0 \xec\x88\x98 \xec\x9e\x88\xec\x8a\xb5\xeb\x8b\x88\xeb\x8b\xa4. \xec\x9e\x90\xeb\x8f\x99\xec\x9d\x80 \xea\xb2\x8c\xec\x9e\x84\xec\x9d\xb4 \xeb\x85\xb8\xec\xb6\x9c \xed\x85\x8d\xec\x8a\xa4\xec\xb2\x98\xeb\xa5\xbc \xec\xa0\x9c\xea\xb3\xb5\xed\x95\x98\xeb\xa9\xb4 v2\xeb\xa5\xbc, \xea\xb7\xb8\xeb\xa0\x87\xec\xa7\x80 \xec\x95\x8a\xec\x9c\xbc\xeb\xa9\xb4 v1\xec\x9d\x84 \xec\x82\xac\xec\x9a\xa9\xed\x95\xa9\xeb\x8b\x88\xeb\x8b\xa4. \xec\x82\xac\xec\xa0\x84 \xeb\x85\xb8\xec\xb6\x9c\xeb\x90\x9c \xeb\xb2\x84\xed\x8d\xbc\xeb\xa5\xbc \xea\xb7\xb8\xeb\x8c\x80\xeb\xa1\x9c \xec\x9e\x85\xeb\xa0\xa5\xed\x95\x98\xeb\xa9\xb4 \xeb\xb0\x9d\xec\x9d\x80 \xec\x9e\xa5\xeb\xa9\xb4\xec\x97\x90\xec\x84\x9c NR\xec\x9d\x98 \xec\x9e\x85\xeb\xa0\xa5\xec\x9d\xb4 \xea\xb3\xbc\xeb\xb6\x80\xed\x95\x98\xeb\x90\x98\xec\x96\xb4 NR\xec\x9d\xb4 \xeb\x81\x93\xec\x96\xb4\xec\x98\xa4\xeb\xa5\xb4\xeb\x93\xaf \xec\x9d\xbc\xeb\xa0\x81\xec\x9e\x85\xeb\x8b\x88\xeb\x8b\xa4. \xeb\xb3\xb4\xec\xa0\x95\xeb\x90\x9c/\xec\xa0\x88\xeb\x8c\x80 \xec\x86\x8c\xec\x8a\xa4\xeb\x8a\x94 \xec\x9d\xb4 \xec\x84\xa4\xec\xa0\x95\xec\x9d\x84 \xeb\xac\xb4\xec\x8b\x9c\xed\x95\xa9\xeb\x8b\x88\xeb\x8b\xa4."},
    {"Off (raw per-frame)",
     "\xeb\x81\x94 (\xed\x94\x84\xeb\xa0\x88\xec\x9e\x84\xeb\xb3\x84 \xec\x9b\x90\xec\x8b\x9c\xea\xb0\x92)"},
    {"Slew (v6.1.2)",
     "\xec\x8a\xac\xeb\xa3\xa8 (v6.1.2)"},
    {"Stable (recommended)",
     "\xec\x95\x88\xec\xa0\x95 (\xea\xb6\x8c\xec\x9e\xa5)"},
    {"Normalization",
     "\xec\xa0\x95\xea\xb7\x9c\xed\x99\x94"},
    {"How the same-frame autoscale candidate becomes the applied divisor.  Stable uses a continuous estimate, settles at fixed rates per second (fast when brightening toward clipping, slow when relaxing) and holds still inside a small band, so neither a flickering scene statistic nor a settings edit can pump the image.  Slew is the v6.1.2 per-frame limit; Off applies the raw candidate (v6.1.0).  Calibrated/absolute sources ignore all.",
     "\xea\xb0\x99\xec\x9d\x80 \xed\x94\x84\xeb\xa0\x88\xec\x9e\x84\xec\x9d\x98 \xec\x9e\x90\xeb\x8f\x99 \xec\x8a\xa4\xec\xbc\x80\xec\x9d\xbc \xed\x9b\x84\xeb\xb3\xb4\xea\xb0\x92\xec\x9d\xb4 \xec\xa0\x81\xec\x9a\xa9 \xec\xa0\x9c\xec\x88\x98\xea\xb0\x80 \xeb\x90\x98\xeb\x8a\x94 \xeb\xb0\xa9\xec\x8b\x9d\xec\x9e\x85\xeb\x8b\x88\xeb\x8b\xa4. \xec\x95\x88\xec\xa0\x95\xec\x9d\x80 \xec\x97\xb0\xec\x86\x8d \xec\xb6\x94\xec\xa0\x95\xec\x9d\x84 \xec\x82\xac\xec\x9a\xa9\xed\x95\x98\xea\xb3\xa0, \xec\xb4\x88\xeb\x8b\xb9 \xea\xb3\xa0\xec\xa0\x95 \xec\x86\x8d\xeb\x8f\x84\xeb\xa1\x9c \xec\x88\x98\xeb\xa0\xb4\xed\x95\x98\xeb\xa9\xb0(\xed\x81\xb4\xeb\xa6\xac\xed\x95\x91 \xec\xaa\xbd\xec\x9c\xbc\xeb\xa1\x9c \xeb\xb0\x9d\xec\x95\x84\xec\xa7\x88 \xeb\x95\x8c\xeb\x8a\x94 \xeb\xb9\xa0\xeb\xa5\xb4\xea\xb2\x8c, \xec\x99\x84\xed\x99\x94\xeb\x90\xa0 \xeb\x95\x8c\xeb\x8a\x94 \xeb\x8a\x90\xeb\xa6\xac\xea\xb2\x8c) \xec\x9e\x91\xec\x9d\x80 \xeb\xb2\x94\xec\x9c\x84 \xec\x95\x88\xec\x97\x90\xec\x84\x9c\xeb\x8a\x94 \xea\xb7\xb8\xeb\x8c\x80\xeb\xa1\x9c \xec\x9c\xa0\xec\xa7\x80\xed\x95\x98\xeb\xaf\x80\xeb\xa1\x9c, \xea\xb9\x9c\xeb\xb9\xa1\xec\x9d\xb4\xeb\x8a\x94 \xec\x9e\xa5\xeb\xa9\xb4 \xed\x86\xb5\xea\xb3\x84\xeb\x82\x98 \xec\x84\xa4\xec\xa0\x95 \xeb\xb3\x80\xea\xb2\xbd\xec\x9d\xb4 \xec\x9d\xb4\xeb\xaf\xb8\xec\xa7\x80\xeb\xa5\xbc \xec\xb6\x9c\xeb\xa0\x81\xec\x9d\xb4\xea\xb2\x8c \xed\x95\x98\xec\xa7\x80 \xec\x95\x8a\xec\x8a\xb5\xeb\x8b\x88\xeb\x8b\xa4. \xec\x8a\xac\xeb\xa3\xa8\xeb\x8a\x94 v6.1.2\xec\x9d\x98 \xed\x94\x84\xeb\xa0\x88\xec\x9e\x84\xeb\xb3\x84 \xec\xa0\x9c\xed\x95\x9c\xec\x9d\xb4\xea\xb3\xa0, \xeb\x81\x94\xec\x9d\x80 \xec\x9b\x90\xec\x8b\x9c \xed\x9b\x84\xeb\xb3\xb4\xea\xb0\x92\xec\x9d\x84 \xec\xa0\x81\xec\x9a\xa9\xed\x95\xa9\xeb\x8b\x88\xeb\x8b\xa4(v6.1.0). \xeb\xb3\xb4\xec\xa0\x95\xeb\x90\x9c/\xec\xa0\x88\xeb\x8c\x80 \xec\x86\x8c\xec\x8a\xa4\xeb\x8a\x94 \xeb\xaa\xa8\xeb\x91\x90 \xeb\xac\xb4\xec\x8b\x9c\xed\x95\xa9\xeb\x8b\x88\xeb\x8b\xa4."},
    {"How fast the divisor may rise when the frame gets brighter (toward the proxy's clipping shoulder).",
     "\xed\x94\x84\xeb\xa0\x88\xec\x9e\x84\xec\x9d\xb4 \xeb\xb0\x9d\xec\x95\x84\xec\xa7\x88 \xeb\x95\x8c(\xed\x94\x84\xeb\xa1\x9d\xec\x8b\x9c\xec\x9d\x98 \xed\x81\xb4\xeb\xa6\xac\xed\x95\x91 \xec\x88\x84\xeb\x8d\x94 \xec\xaa\xbd\xec\x9c\xbc\xeb\xa1\x9c) \xec\xa0\x9c\xec\x88\x98\xea\xb0\x80 \xec\x98\xac\xeb\x9d\xbc\xea\xb0\x88 \xec\x88\x98 \xec\x9e\x88\xeb\x8a\x94 \xec\x86\x8d\xeb\x8f\x84\xec\x9e\x85\xeb\x8b\x88\xeb\x8b\xa4."},
    {"How fast the divisor may relax when the frame gets darker.  Slow by design: a darker proxy is harmless, a pumping one is not.",
     "\xed\x94\x84\xeb\xa0\x88\xec\x9e\x84\xec\x9d\xb4 \xec\x96\xb4\xeb\x91\x90\xec\x9b\x8c\xec\xa7\x88 \xeb\x95\x8c \xec\xa0\x9c\xec\x88\x98\xea\xb0\x80 \xec\x99\x84\xed\x99\x94\xeb\x90\xa0 \xec\x88\x98 \xec\x9e\x88\xeb\x8a\x94 \xec\x86\x8d\xeb\x8f\x84\xec\x9e\x85\xeb\x8b\x88\xeb\x8b\xa4. \xec\x9d\x98\xeb\x8f\x84\xec\xa0\x81\xec\x9c\xbc\xeb\xa1\x9c \xeb\x8a\x90\xeb\xa6\xbd\xeb\x8b\x88\xeb\x8b\xa4: \xec\x96\xb4\xeb\x91\x90\xec\x9a\xb4 \xed\x94\x84\xeb\xa1\x9d\xec\x8b\x9c\xeb\x8a\x94 \xeb\xac\xb4\xed\x95\xb4\xed\x95\x98\xec\xa7\x80\xeb\xa7\x8c \xec\xb6\x9c\xeb\xa0\x81\xec\x9d\xb4\xeb\x8a\x94 \xed\x94\x84\xeb\xa1\x9d\xec\x8b\x9c\xeb\x8a\x94 \xea\xb7\xb8\xeb\xa0\x87\xec\xa7\x80 \xec\x95\x8a\xec\x8a\xb5\xeb\x8b\x88\xeb\x8b\xa4."},
    {"Hold through black, re-prime on cuts",
     "\xea\xb2\x80\xec\x9d\x80 \xed\x99\x94\xeb\xa9\xb4\xec\x97\x90\xec\x84\x9c \xec\x9c\xa0\xec\xa7\x80, \xec\x9e\xa5\xeb\xa9\xb4 \xec\xa0\x84\xed\x99\x98 \xec\x8b\x9c \xec\x9e\xac\xec\xb4\x88\xea\xb8\xb0\xed\x99\x94"},
    {"Stable only.  A black frame (a loading screen, the end of a fade) keeps the current scale instead of relaxing toward it, so the scene after it does not come back overloading NR's input, and the game's own scene-cut signal re-primes the scale.  Off is the previous behaviour.",
     "\xec\x95\x88\xec\xa0\x95 \xec\xa0\x84\xec\x9a\xa9\xec\x9e\x85\xeb\x8b\x88\xeb\x8b\xa4. \xea\xb2\x80\xec\x9d\x80 \xed\x94\x84\xeb\xa0\x88\xec\x9e\x84(\xeb\xa1\x9c\xeb\x94\xa9 \xed\x99\x94\xeb\xa9\xb4, \xed\x8e\x98\xec\x9d\xb4\xeb\x93\x9c\xec\x9d\x98 \xeb\x81\x9d)\xec\x97\x90\xec\x84\x9c\xeb\x8a\x94 \xec\x8a\xa4\xec\xbc\x80\xec\x9d\xbc\xec\x9d\x84 \xea\xb2\x80\xec\x9d\x80\xec\x83\x89 \xec\xaa\xbd\xec\x9c\xbc\xeb\xa1\x9c \xec\x99\x84\xed\x99\x94\xed\x95\x98\xec\xa7\x80 \xec\x95\x8a\xea\xb3\xa0 \xed\x98\x84\xec\x9e\xac \xec\x8a\xa4\xec\xbc\x80\xec\x9d\xbc\xec\x9d\x84 \xec\x9c\xa0\xec\xa7\x80\xed\x95\x98\xeb\xaf\x80\xeb\xa1\x9c, \xea\xb7\xb8 \xeb\x92\xa4\xec\x9d\x98 \xec\x9e\xa5\xeb\xa9\xb4\xec\x9d\xb4 NR\xec\x9d\x98 \xec\x9e\x85\xeb\xa0\xa5\xec\x9d\x84 \xea\xb3\xbc\xeb\xb6\x80\xed\x95\x98\xec\x8b\x9c\xed\x82\xa4\xeb\xa9\xb0 \xeb\x8f\x8c\xec\x95\x84\xec\x98\xa4\xec\xa7\x80 \xec\x95\x8a\xea\xb3\xa0, \xea\xb2\x8c\xec\x9e\x84 \xec\x9e\x90\xec\xb2\xb4\xec\x9d\x98 \xec\x9e\xa5\xeb\xa9\xb4 \xec\xa0\x84\xed\x99\x98 \xec\x8b\xa0\xed\x98\xb8\xea\xb0\x80 \xec\x8a\xa4\xec\xbc\x80\xec\x9d\xbc\xec\x9d\x84 \xeb\x8b\xa4\xec\x8b\x9c \xec\xb4\x88\xea\xb8\xb0\xed\x99\x94\xed\x95\xa9\xeb\x8b\x88\xeb\x8b\xa4. \xeb\x81\x84\xeb\xa9\xb4 \xec\x9d\xb4\xec\xa0\x84 \xeb\x8f\x99\xec\x9e\x91\xec\x9e\x85\xeb\x8b\x88\xeb\x8b\xa4."},
    {"Slew (stops/frame)",
     "\xec\x8a\xac\xeb\xa3\xa8 (\xec\x8a\xa4\xed\x86\xb1/\xed\x94\x84\xeb\xa0\x88\xec\x9e\x84)"},
    {"Largest step the committed divisor may take in one frame.  0.020 is ~1.2 stops/s at 60 Hz: faster than engine eye adaptation, far slower than the frame-to-frame oscillation it damps.  Scene cuts, config changes and feature rebuilds snap instead of slewing, so raising this only affects tracking lag.  0 behaves as Off.",
     "\xed\x99\x95\xec\xa0\x95\xeb\x90\x9c \xec\xa0\x9c\xec\x88\x98\xea\xb0\x80 \xed\x95\x9c \xed\x94\x84\xeb\xa0\x88\xec\x9e\x84\xec\x97\x90 \xec\x9d\xb4\xeb\x8f\x99\xed\x95\xa0 \xec\x88\x98 \xec\x9e\x88\xeb\x8a\x94 \xec\xb5\x9c\xeb\x8c\x80 \xed\x8f\xad\xec\x9e\x85\xeb\x8b\x88\xeb\x8b\xa4. 0.020\xec\x9d\x80 60 Hz\xec\x97\x90\xec\x84\x9c \xec\x95\xbd 1.2 \xec\x8a\xa4\xed\x86\xb1/\xec\xb4\x88\xeb\xa1\x9c, \xec\x97\x94\xec\xa7\x84\xec\x9d\x98 \xeb\x88\x88 \xec\xa0\x81\xec\x9d\x91\xeb\xb3\xb4\xeb\x8b\xa4 \xeb\xb9\xa0\xeb\xa5\xb4\xea\xb3\xa0 \xec\x9d\xb4\xea\xb2\x83\xec\x9d\xb4 \xec\x96\xb5\xec\xa0\x9c\xed\x95\x98\xeb\x8a\x94 \xed\x94\x84\xeb\xa0\x88\xec\x9e\x84 \xea\xb0\x84 \xec\xa7\x84\xeb\x8f\x99\xeb\xb3\xb4\xeb\x8b\xa4 \xed\x9b\xa8\xec\x94\xac \xeb\x8a\x90\xeb\xa6\xbd\xeb\x8b\x88\xeb\x8b\xa4. \xec\x9e\xa5\xeb\xa9\xb4 \xec\xa0\x84\xed\x99\x98, \xec\x84\xa4\xec\xa0\x95 \xeb\xb3\x80\xea\xb2\xbd, \xea\xb8\xb0\xeb\x8a\xa5 \xec\x9e\xac\xea\xb5\xac\xec\x84\xb1 \xec\x8b\x9c\xec\x97\x90\xeb\x8a\x94 \xec\x8a\xac\xeb\xa3\xa8 \xec\x97\x86\xec\x9d\xb4 \xec\xa6\x89\xec\x8b\x9c \xeb\xa7\x9e\xec\xb6\x94\xeb\xaf\x80\xeb\xa1\x9c, \xec\x9d\xb4 \xea\xb0\x92\xec\x9d\x84 \xec\x98\xac\xeb\xa6\xac\xeb\xa9\xb4 \xec\xb6\x94\xec\xa0\x81 \xec\xa7\x80\xec\x97\xb0\xec\x97\x90\xeb\xa7\x8c \xec\x98\x81\xed\x96\xa5\xec\x9d\x84 \xec\xa4\x8d\xeb\x8b\x88\xeb\x8b\xa4. 0\xec\x9d\x80 \xeb\x81\x94\xea\xb3\xbc \xea\xb0\x99\xec\x9d\xb4 \xeb\x8f\x99\xec\x9e\x91\xed\x95\xa9\xeb\x8b\x88\xeb\x8b\xa4."},
    {"Use game NGX flag",
     "\xea\xb2\x8c\xec\x9e\x84 NGX \xed\x94\x8c\xeb\x9e\x98\xea\xb7\xb8 \xec\x82\xac\xec\x9a\xa9"},
    {"Force normal depth",
     "\xec\x9d\xbc\xeb\xb0\x98 \xea\xb9\x8a\xec\x9d\xb4 \xea\xb0\x95\xec\xa0\x9c"},
    {"Force inverted depth",
     "\xeb\xb0\x98\xec\xa0\x84 \xea\xb9\x8a\xec\x9d\xb4 \xea\xb0\x95\xec\xa0\x9c"},
    {"Depth",
     "\xea\xb9\x8a\xec\x9d\xb4"},
    {"Which way the game's depth runs.  The game's own NGX flag is right unless the game declares it wrongly.",
     "\xea\xb2\x8c\xec\x9e\x84 \xea\xb9\x8a\xec\x9d\xb4\xec\x9d\x98 \xeb\xb0\xa9\xed\x96\xa5\xec\x9e\x85\xeb\x8b\x88\xeb\x8b\xa4. \xea\xb2\x8c\xec\x9e\x84\xec\x9d\xb4 \xec\x9e\x98\xeb\xaa\xbb \xec\x84\xa0\xec\x96\xb8\xed\x95\x98\xec\xa7\x80 \xec\x95\x8a\xeb\x8a\x94 \xed\x95\x9c \xea\xb2\x8c\xec\x9e\x84 \xec\x9e\x90\xec\xb2\xb4\xec\x9d\x98 NGX \xed\x94\x8c\xeb\x9e\x98\xea\xb7\xb8\xea\xb0\x80 \xeb\xa7\x9e\xec\x8a\xb5\xeb\x8b\x88\xeb\x8b\xa4."},
    {"Scales the game's motion vectors before the model sees them.  1.000 is right unless the game reports them at another scale; a negative value flips an axis.",
     "\xeb\xaa\xa8\xeb\x8d\xb8\xec\x9d\xb4 \xeb\xb3\xb4\xea\xb8\xb0 \xec\xa0\x84\xec\x97\x90 \xea\xb2\x8c\xec\x9e\x84\xec\x9d\x98 \xeb\xaa\xa8\xec\x85\x98 \xeb\xb2\xa1\xed\x84\xb0 \xeb\xb0\xb0\xec\x9c\xa8\xec\x9d\x84 \xec\xa1\xb0\xec\xa0\x88\xed\x95\xa9\xeb\x8b\x88\xeb\x8b\xa4. \xea\xb2\x8c\xec\x9e\x84\xec\x9d\xb4 \xeb\x8b\xa4\xeb\xa5\xb8 \xeb\xb0\xb0\xec\x9c\xa8\xeb\xa1\x9c \xeb\xb3\xb4\xea\xb3\xa0\xed\x95\x98\xec\xa7\x80 \xec\x95\x8a\xeb\x8a\x94 \xed\x95\x9c 1.000\xec\x9d\xb4 \xeb\xa7\x9e\xec\x9c\xbc\xeb\xa9\xb0, \xec\x9d\x8c\xec\x88\x98 \xea\xb0\x92\xec\x9d\x80 \xec\xb6\x95\xec\x9d\x84 \xeb\x92\xa4\xec\xa7\x91\xec\x8a\xb5\xeb\x8b\x88\xeb\x8b\xa4."},
    {"Motion scale X",
     "\xeb\xaa\xa8\xec\x85\x98 \xeb\xb0\xb0\xec\x9c\xa8 X"},
    {"Motion scale Y",
     "\xeb\xaa\xa8\xec\x85\x98 \xeb\xb0\xb0\xec\x9c\xa8 Y"},
    {"Chained history",
     "\xec\x97\xb0\xec\x87\x84 \xea\xb8\xb0\xeb\xa1\x9d"},
    {"ON (default): every stacked pass keeps its own temporal history (reset only on scene cuts/contract changes).  OFF: legacy diagnostic mode - passes 2+ are stateless (Reset every frame).  NVIDIA documents Reset-per-frame as a flicker/aliasing risk; only turn chained OFF to A/B a suspected ghosting compounding.",
     "\xec\xbc\x9c\xec\xa7\x90(\xea\xb8\xb0\xeb\xb3\xb8\xea\xb0\x92): \xec\xa4\x91\xec\xb2\xa9\xeb\x90\x9c \xea\xb0\x81 \xed\x8c\xa8\xec\x8a\xa4\xea\xb0\x80 \xec\x9e\x90\xec\xb2\xb4 \xec\x8b\x9c\xea\xb0\x84 \xea\xb8\xb0\xeb\xa1\x9d\xec\x9d\x84 \xec\x9c\xa0\xec\xa7\x80\xed\x95\xa9\xeb\x8b\x88\xeb\x8b\xa4(\xec\x9e\xa5\xeb\xa9\xb4 \xec\xa0\x84\xed\x99\x98/\xea\xb3\x84\xec\x95\xbd \xeb\xb3\x80\xea\xb2\xbd \xec\x8b\x9c\xec\x97\x90\xeb\xa7\x8c \xeb\xa6\xac\xec\x85\x8b). \xea\xba\xbc\xec\xa7\x90: \xeb\xa0\x88\xea\xb1\xb0\xec\x8b\x9c \xec\xa7\x84\xeb\x8b\xa8 \xeb\xaa\xa8\xeb\x93\x9c - 2\xeb\xb2\x88\xec\xa7\xb8 \xec\x9d\xb4\xed\x9b\x84 \xed\x8c\xa8\xec\x8a\xa4\xeb\x8a\x94 \xec\x83\x81\xed\x83\x9c \xec\x97\x86\xec\x9d\xb4 \xec\x8b\xa4\xed\x96\x89\xeb\x90\xa9\xeb\x8b\x88\xeb\x8b\xa4(\xeb\xa7\xa4 \xed\x94\x84\xeb\xa0\x88\xec\x9e\x84 Reset). NVIDIA\xeb\x8a\x94 \xed\x94\x84\xeb\xa0\x88\xec\x9e\x84\xeb\xa7\x88\xeb\x8b\xa4 Reset\xed\x95\x98\xeb\x8a\x94 \xea\xb2\x83\xec\x9d\x84 \xea\xb9\x9c\xeb\xb9\xa1\xec\x9e\x84/\xec\x95\xa8\xeb\xa6\xac\xec\x96\xb4\xec\x8b\xb1 \xec\x9c\x84\xed\x97\x98\xec\x9c\xbc\xeb\xa1\x9c \xeb\xac\xb8\xec\x84\x9c\xed\x99\x94\xed\x95\x98\xea\xb3\xa0 \xec\x9e\x88\xec\x8a\xb5\xeb\x8b\x88\xeb\x8b\xa4. \xec\x9d\x98\xec\x8b\xac\xeb\x90\x98\xeb\x8a\x94 \xea\xb3\xa0\xec\x8a\xa4\xed\x8c\x85 \xeb\x88\x84\xec\xa0\x81\xec\x9d\x84 A/B \xeb\xb9\x84\xea\xb5\x90\xed\x95\xa0 \xeb\x95\x8c\xeb\xa7\x8c \xec\x97\xb0\xec\x87\x84\xeb\xa5\xbc \xeb\x81\x84\xec\x84\xb8\xec\x9a\x94."},
    {"Restore",
     "\xeb\xb3\xb5\xec\x9b\x90"},
    {"Cancel",
     "\xec\xb7\xa8\xec\x86\x8c"},
    {"Press a key (Esc cancels)",
     "\xed\x82\xa4\xeb\xa5\xbc \xeb\x88\x84\xeb\xa5\xb4\xec\x84\xb8\xec\x9a\x94 (Esc\xeb\xa1\x9c \xec\xb7\xa8\xec\x86\x8c)"},
    {"Toggle NR",
     "NR \xec\xa0\x84\xed\x99\x98"},
    {"Screenshot",
     "\xec\x8a\xa4\xed\x81\xac\xeb\xa6\xb0\xec\x83\xb7"},
    {"Final presentation",
     "\xec\xb5\x9c\xec\xa2\x85 \xed\x91\x9c\xec\x8b\x9c"},
    {"Evaluated model buffers",
     "\xed\x8f\x89\xea\xb0\x80\xeb\x90\x9c \xeb\xaa\xa8\xeb\x8d\xb8 \xeb\xb2\x84\xed\x8d\xbc"},
    {"Capture source",
     "\xec\xba\xa1\xec\xb2\x98 \xec\x86\x8c\xec\x8a\xa4"},
    {"Auto captures the final frame, or model buffers when a separate helper window is explicitly identified. Model diagnostics preserve the selected hook and show the last evaluated pass before look, transfer, game tone mapping and UI.",
     "\xec\x9e\x90\xeb\x8f\x99\xec\x9d\x80 \xec\xb5\x9c\xec\xa2\x85 \xed\x94\x84\xeb\xa0\x88\xec\x9e\x84\xec\x9d\x84 \xec\xba\xa1\xec\xb2\x98\xed\x95\x98\xeb\xa9\xb0, \xeb\xb3\x84\xeb\x8f\x84\xec\x9d\x98 \xeb\xb3\xb4\xec\xa1\xb0 \xec\xb0\xbd\xec\x9d\xb4 \xeb\xaa\x85\xec\x8b\x9c\xec\xa0\x81\xec\x9c\xbc\xeb\xa1\x9c \xec\x8b\x9d\xeb\xb3\x84\xeb\x90\x98\xeb\xa9\xb4 \xeb\xaa\xa8\xeb\x8d\xb8 \xeb\xb2\x84\xed\x8d\xbc\xeb\xa5\xbc \xec\xba\xa1\xec\xb2\x98\xed\x95\xa9\xeb\x8b\x88\xeb\x8b\xa4. \xeb\xaa\xa8\xeb\x8d\xb8 \xec\xa7\x84\xeb\x8b\xa8\xec\x9d\x80 \xec\x84\xa0\xed\x83\x9d\xed\x95\x9c \xec\xa0\x81\xec\x9a\xa9 \xec\xa7\x80\xec\xa0\x90\xec\x9d\x84 \xec\x9c\xa0\xec\xa7\x80\xed\x95\x98\xea\xb3\xa0 \xeb\xa3\xa9, \xec\xa0\x84\xec\x86\xa1, \xea\xb2\x8c\xec\x9e\x84 \xed\x86\xa4 \xeb\xa7\xa4\xed\x95\x91, UI \xec\x9d\xb4\xec\xa0\x84\xec\x9d\x98 \xeb\xa7\x88\xec\xa7\x80\xeb\xa7\x89 \xed\x8f\x89\xea\xb0\x80 \xed\x8c\xa8\xec\x8a\xa4\xeb\xa5\xbc \xeb\xb3\xb4\xec\x97\xac \xec\xa4\x8d\xeb\x8b\x88\xeb\x8b\xa4."},
    {"PNG",
     "PNG"},
    {"JPEG",
     "JPEG"},
    {"PNG + JPEG",
     "PNG + JPEG"},
    {"File format",
     "\xed\x8c\x8c\xec\x9d\xbc \xed\x98\x95\xec\x8b\x9d"},
    {"PNG is lossless and large (HDR PNGs exceed Discord's 10 MB limit). JPEG is sized for sharing on Discord at full resolution; in HDR it stays HDR.",
     "PNG\xeb\x8a\x94 \xeb\xac\xb4\xec\x86\x90\xec\x8b\xa4\xec\x9d\xb4\xeb\xa9\xb0 \xed\x81\xac\xea\xb8\xb0\xea\xb0\x80 \xed\x81\xbd\xeb\x8b\x88\xeb\x8b\xa4(HDR PNG\xeb\x8a\x94 Discord\xec\x9d\x98 10MB \xec\xa0\x9c\xed\x95\x9c\xec\x9d\x84 \xeb\x84\x98\xec\x8a\xb5\xeb\x8b\x88\xeb\x8b\xa4). JPEG\xeb\x8a\x94 Discord\xec\x97\x90\xec\x84\x9c \xec\xa0\x84\xec\xb2\xb4 \xed\x95\xb4\xec\x83\x81\xeb\x8f\x84\xeb\xa1\x9c \xea\xb3\xb5\xec\x9c\xa0\xed\x95\xa0 \xec\x88\x98 \xec\x9e\x88\xeb\x8a\x94 \xed\x81\xac\xea\xb8\xb0\xec\x9d\xb4\xeb\xa9\xb0, HDR\xec\x97\x90\xec\x84\x9c\xeb\x8a\x94 HDR\xeb\xa1\x9c \xec\x9c\xa0\xec\xa7\x80\xeb\x90\xa9\xeb\x8b\x88\xeb\x8b\xa4."},
    {"Pair",
     "\xec\x8c\x8d"},
    {"Pair + side by side",
     "\xec\x8c\x8d + \xeb\x82\x98\xeb\x9e\x80\xed\x9e\x88"},
    {"Comparison layout",
     "\xeb\xb9\x84\xea\xb5\x90 \xeb\xb0\xb0\xec\xb9\x98"},
    {"Side by side adds one file showing NR off (left) and NR on (right), for a single upload.",
     "\xeb\x82\x98\xeb\x9e\x80\xed\x9e\x88\xeb\x8a\x94 NR \xeb\x81\x84\xea\xb8\xb0(\xec\x99\xbc\xec\xaa\xbd)\xec\x99\x80 NR \xec\xbc\x9c\xea\xb8\xb0(\xec\x98\xa4\xeb\xa5\xb8\xec\xaa\xbd)\xeb\xa5\xbc \xeb\xb3\xb4\xec\x97\xac \xec\xa3\xbc\xeb\x8a\x94 \xed\x8c\x8c\xec\x9d\xbc \xed\x95\x98\xeb\x82\x98\xeb\xa5\xbc \xec\xb6\x94\xea\xb0\x80\xed\x95\xb4 \xed\x95\x9c \xeb\xb2\x88\xec\x97\x90 \xec\x97\x85\xeb\xa1\x9c\xeb\x93\x9c\xed\x95\xa0 \xec\x88\x98 \xec\x9e\x88\xea\xb2\x8c \xed\x95\xa9\xeb\x8b\x88\xeb\x8b\xa4."},
    {"JPEG quality",
     "JPEG \xed\x92\x88\xec\xa7\x88"},
    {"95 is visually lossless. If a file is over the size limit, the quality steps down (not below 85); the image is never scaled down.",
     "95\xeb\x8a\x94 \xeb\x88\x88\xec\x9c\xbc\xeb\xa1\x9c \xeb\xb3\xb4\xea\xb8\xb0\xec\x97\x90 \xeb\xac\xb4\xec\x86\x90\xec\x8b\xa4\xec\x9e\x85\xeb\x8b\x88\xeb\x8b\xa4. \xed\x8c\x8c\xec\x9d\xbc\xec\x9d\xb4 \xed\x81\xac\xea\xb8\xb0 \xec\xa0\x9c\xed\x95\x9c\xec\x9d\x84 \xeb\x84\x98\xec\x9c\xbc\xeb\xa9\xb4 \xed\x92\x88\xec\xa7\x88\xec\x9d\x84 \xeb\x8b\xa8\xea\xb3\x84\xec\xa0\x81\xec\x9c\xbc\xeb\xa1\x9c \xeb\x82\xae\xec\xb6\xa5\xeb\x8b\x88\xeb\x8b\xa4(85 \xeb\xaf\xb8\xeb\xa7\x8c\xec\x9c\xbc\xeb\xa1\x9c\xeb\x8a\x94 \xeb\x82\xae\xec\xb6\x94\xec\xa7\x80 \xec\x95\x8a\xec\x9d\x8c). \xec\x9d\xb4\xeb\xaf\xb8\xec\xa7\x80\xeb\x8a\x94 \xec\xb6\x95\xec\x86\x8c\xed\x95\x98\xec\xa7\x80 \xec\x95\x8a\xec\x8a\xb5\xeb\x8b\x88\xeb\x8b\xa4."},
    {"JPEG size limit (MB)",
     "JPEG \xed\x81\xac\xea\xb8\xb0 \xec\xa0\x9c\xed\x95\x9c(MB)"},
    {"10 is Discord's upload limit without Nitro. 0 turns the limit off.",
     "10\xec\x9d\x80 Nitro \xec\x97\x86\xeb\x8a\x94 Discord \xec\x97\x85\xeb\xa1\x9c\xeb\x93\x9c \xec\xa0\x9c\xed\x95\x9c\xec\x9e\x85\xeb\x8b\x88\xeb\x8b\xa4. 0\xec\x9d\x80 \xec\xa0\x9c\xed\x95\x9c\xec\x9d\x84 \xeb\x81\x95\xeb\x8b\x88\xeb\x8b\xa4."},
    {"Capture",
     "\xec\xba\xa1\xec\xb2\x98"},
    {"Take a screenshot now",
     "\xec\xa7\x80\xea\xb8\x88 \xec\x8a\xa4\xed\x81\xac\xeb\xa6\xb0\xec\x83\xb7 \xec\xb0\x8d\xea\xb8\xb0"},
    {"Screenshot status",
     "\xec\x8a\xa4\xed\x81\xac\xeb\xa6\xb0\xec\x83\xb7 \xec\x83\x81\xed\x83\x9c"},
    {"Captures model input/output previews from the last evaluated pass. These exclude look, transfer, game tone mapping and UI; they are not the displayed game frame.",
     "\xeb\xa7\x88\xec\xa7\x80\xeb\xa7\x89 \xed\x8f\x89\xea\xb0\x80 \xed\x8c\xa8\xec\x8a\xa4\xec\x97\x90\xec\x84\x9c \xeb\xaa\xa8\xeb\x8d\xb8 \xec\x9e\x85\xeb\xa0\xa5/\xec\xb6\x9c\xeb\xa0\xa5 \xeb\xaf\xb8\xeb\xa6\xac\xeb\xb3\xb4\xea\xb8\xb0\xeb\xa5\xbc \xec\xba\xa1\xec\xb2\x98\xed\x95\xa9\xeb\x8b\x88\xeb\x8b\xa4. \xeb\xa3\xa9, \xec\xa0\x84\xec\x86\xa1, \xea\xb2\x8c\xec\x9e\x84 \xed\x86\xa4 \xeb\xa7\xa4\xed\x95\x91, UI\xeb\x8a\x94 \xed\x8f\xac\xed\x95\xa8\xeb\x90\x98\xec\xa7\x80 \xec\x95\x8a\xec\x9c\xbc\xeb\xa9\xb0 \xed\x91\x9c\xec\x8b\x9c\xeb\x90\x98\xeb\x8a\x94 \xea\xb2\x8c\xec\x9e\x84 \xed\x94\x84\xeb\xa0\x88\xec\x9e\x84\xec\x9d\xb4 \xec\x95\x84\xeb\x8b\x99\xeb\x8b\x88\xeb\x8b\xa4."},
    {"Captures the same final game frame before and after NR at On Present. HDR stays HDR. Your hook setting is restored automatically.",
     "\xed\x91\x9c\xec\x8b\x9c \xec\x8b\x9c\xec\xa0\x90 \xec\xa0\x81\xec\x9a\xa9 \xec\xa7\x80\xec\xa0\x90\xec\x97\x90\xec\x84\x9c NR \xec\xa0\x84\xed\x9b\x84\xec\x9d\x98 \xea\xb0\x99\xec\x9d\x80 \xec\xb5\x9c\xec\xa2\x85 \xea\xb2\x8c\xec\x9e\x84 \xed\x94\x84\xeb\xa0\x88\xec\x9e\x84\xec\x9d\x84 \xec\xba\xa1\xec\xb2\x98\xed\x95\xa9\xeb\x8b\x88\xeb\x8b\xa4. HDR\xec\x9d\x80 HDR\xeb\xa1\x9c \xec\x9c\xa0\xec\xa7\x80\xeb\x90\xa9\xeb\x8b\x88\xeb\x8b\xa4. \xec\xa0\x81\xec\x9a\xa9 \xec\xa7\x80\xec\xa0\x90 \xec\x84\xa4\xec\xa0\x95\xec\x9d\x80 \xec\x9e\x90\xeb\x8f\x99\xec\x9c\xbc\xeb\xa1\x9c \xeb\xb3\xb5\xec\x9b\x90\xeb\x90\xa9\xeb\x8b\x88\xeb\x8b\xa4."},
    {"Model input/output previews; exclude look, transfer, game tone mapping and UI. Not a displayed NR-off/on comparison.",
     "\xeb\xaa\xa8\xeb\x8d\xb8 \xec\x9e\x85\xeb\xa0\xa5/\xec\xb6\x9c\xeb\xa0\xa5 \xeb\xaf\xb8\xeb\xa6\xac\xeb\xb3\xb4\xea\xb8\xb0\xec\x9d\xb4\xeb\xa9\xb0 \xeb\xa3\xa9, \xec\xa0\x84\xec\x86\xa1, \xea\xb2\x8c\xec\x9e\x84 \xed\x86\xa4 \xeb\xa7\xa4\xed\x95\x91, UI\xeb\x8a\x94 \xec\xa0\x9c\xec\x99\xb8\xeb\x90\xa9\xeb\x8b\x88\xeb\x8b\xa4. \xed\x91\x9c\xec\x8b\x9c\xeb\x90\x98\xeb\x8a\x94 NR \xeb\x81\x94/\xec\xbc\xac \xeb\xb9\x84\xea\xb5\x90\xea\xb0\x80 \xec\x95\x84\xeb\x8b\x99\xeb\x8b\x88\xeb\x8b\xa4."},
    {"ok | %.1f ms GPU",
     "\xec\xa0\x95\xec\x83\x81 | %.1f ms GPU"},
    {"ok",
     "\xec\xa0\x95\xec\x83\x81"},
    {"failed (0x%08X)",
     "\xec\x8b\xa4\xed\x8c\xa8 (0x%08X)"},
    {"%llu enhanced | %llu bypassed",
     "%llu \xed\x96\xa5\xec\x83\x81 | %llu \xec\x9a\xb0\xed\x9a\x8c"},
    {"NGX core",
     "NGX \xec\xbd\x94\xec\x96\xb4"},
    {"signed runtime",
     "\xec\x84\x9c\xeb\xaa\x85\xeb\x90\x9c \xeb\x9f\xb0\xed\x83\x80\xec\x9e\x84"},
    {"Direct3D 11 bridge, before upscaling",
     "Direct3D 11 \xeb\xb8\x8c\xeb\xa6\xac\xec\xa7\x80, \xec\x97\x85\xec\x8a\xa4\xec\xbc\x80\xec\x9d\xbc\xeb\xa7\x81 \xec\xa0\x84"},
    {"Direct3D 11 bridge, after upscaling",
     "Direct3D 11 \xeb\xb8\x8c\xeb\xa6\xac\xec\xa7\x80, \xec\x97\x85\xec\x8a\xa4\xec\xbc\x80\xec\x9d\xbc\xeb\xa7\x81 \xed\x9b\x84"},
    {"Direct3D 12, before upscaling",
     "Direct3D 12, \xec\x97\x85\xec\x8a\xa4\xec\xbc\x80\xec\x9d\xbc\xeb\xa7\x81 \xec\xa0\x84"},
    {"Direct3D 12, after upscaling",
     "Direct3D 12, \xec\x97\x85\xec\x8a\xa4\xec\xbc\x80\xec\x9d\xbc\xeb\xa7\x81 \xed\x9b\x84"},
    {"Direct3D 12, from a DX11 bridge tool",
     "Direct3D 12, DX11 \xeb\xb8\x8c\xeb\xa6\xac\xec\xa7\x80 \xeb\x8f\x84\xea\xb5\xac\xec\x97\x90\xec\x84\x9c"},
    {"Direct3D 11 bridge, at the present",
     "Direct3D 11 \xeb\xb8\x8c\xeb\xa6\xac\xec\xa7\x80, \xed\x91\x9c\xec\x8b\x9c \xec\x8b\x9c\xec\xa0\x90"},
    {"Direct3D 12, at the present",
     "Direct3D 12, \xed\x91\x9c\xec\x8b\x9c \xec\x8b\x9c\xec\xa0\x90"},
    {"not running",
     "\xec\x8b\xa4\xed\x96\x89\xeb\x90\x98\xec\xa7\x80 \xec\x95\x8a\xec\x9d\x8c"},
    {"Streamline hooks are on (EnableHooks=1). If the game crashes at boot, set EnableHooks=2: NGX-only still covers Streamline's DLSS calls.",
     "Streamline \xed\x9b\x84\xed\x82\xb9\xec\x9d\xb4 \xec\xbc\x9c\xec\xa0\xb8 \xec\x9e\x88\xec\x8a\xb5\xeb\x8b\x88\xeb\x8b\xa4(EnableHooks=1). \xeb\xb6\x80\xed\x8c\x85 \xec\x8b\x9c \xea\xb2\x8c\xec\x9e\x84\xec\x9d\xb4 \xec\xb6\xa9\xeb\x8f\x8c\xed\x95\x98\xeb\xa9\xb4 EnableHooks=2\xeb\xa1\x9c \xec\x84\xa4\xec\xa0\x95\xed\x95\x98\xec\x84\xb8\xec\x9a\x94. NGX \xec\xa0\x84\xec\x9a\xa9 \xeb\xaa\xa8\xeb\x93\x9c\xeb\xa1\x9c\xeb\x8f\x84 Streamline\xec\x9d\x98 DLSS \xed\x98\xb8\xec\xb6\x9c\xec\x9d\xb4 \xec\xb2\x98\xeb\xa6\xac\xeb\x90\xa9\xeb\x8b\x88\xeb\x8b\xa4."},
    {"You can fix this",
     "\xec\xa7\x81\xec\xa0\x91 \xed\x95\xb4\xea\xb2\xb0 \xea\xb0\x80\xeb\x8a\xa5"},
    {"A limit of this game",
     "\xec\x9d\xb4 \xea\xb2\x8c\xec\x9e\x84\xec\x9d\x98 \xed\x95\x9c\xea\xb3\x84"},
    {"A defect in this mod",
     "\xec\x9d\xb4 \xeb\xaa\xa8\xeb\x93\x9c\xec\x9d\x98 \xea\xb2\xb0\xed\x95\xa8"},
    {"This is a defect in the mod, not in your setup: please send ReShade.log.",
     "\xec\x82\xac\xec\x9a\xa9\xec\x9e\x90 \xec\x84\xa4\xec\xa0\x95 \xeb\xac\xb8\xec\xa0\x9c\xea\xb0\x80 \xec\x95\x84\xeb\x8b\x88\xeb\x9d\xbc \xeb\xaa\xa8\xeb\x93\x9c\xec\x9d\x98 \xea\xb2\xb0\xed\x95\xa8\xec\x9e\x85\xeb\x8b\x88\xeb\x8b\xa4. ReShade.log\xeb\xa5\xbc \xeb\xb3\xb4\xeb\x82\xb4 \xec\xa3\xbc\xec\x84\xb8\xec\x9a\x94."},
    {"The game's DLSS is not passing motion vectors",
     "\xea\xb2\x8c\xec\x9e\x84\xec\x9d\x98 DLSS\xea\xb0\x80 \xeb\xaa\xa8\xec\x85\x98 \xeb\xb2\xa1\xed\x84\xb0\xeb\xa5\xbc \xec\xa0\x84\xeb\x8b\xac\xed\x95\x98\xec\xa7\x80 \xec\x95\x8a\xec\x9d\x8c"},
    {"NR follows motion through the motion vectors the game hands DLSS. On these frames the game's DLSS call carried none, so NR skipped them and they keep the game's own DLSS image.",
     "NR\xec\x9d\x80 \xea\xb2\x8c\xec\x9e\x84\xec\x9d\xb4 DLSS\xec\x97\x90 \xec\xa0\x84\xeb\x8b\xac\xed\x95\x98\xeb\x8a\x94 \xeb\xaa\xa8\xec\x85\x98 \xeb\xb2\xa1\xed\x84\xb0\xeb\xa1\x9c \xec\x9b\x80\xec\xa7\x81\xec\x9e\x84\xec\x9d\x84 \xeb\x94\xb0\xeb\x9d\xbc\xea\xb0\x91\xeb\x8b\x88\xeb\x8b\xa4. \xec\x9d\xb4 \xed\x94\x84\xeb\xa0\x88\xec\x9e\x84\xeb\x93\xa4\xec\x97\x90\xec\x84\x9c\xeb\x8a\x94 \xea\xb2\x8c\xec\x9e\x84\xec\x9d\x98 DLSS \xed\x98\xb8\xec\xb6\x9c\xec\x97\x90 \xeb\xaa\xa8\xec\x85\x98 \xeb\xb2\xa1\xed\x84\xb0\xea\xb0\x80 \xec\x97\x86\xec\x96\xb4\xec\x84\x9c NR\xec\x9d\xb4 \xea\xb1\xb4\xeb\x84\x88\xeb\x9b\xb0\xec\x97\x88\xea\xb3\xa0, \xea\xb2\x8c\xec\x9e\x84 \xec\x9e\x90\xec\xb2\xb4\xec\x9d\x98 DLSS \xec\x9d\xb4\xeb\xaf\xb8\xec\xa7\x80\xea\xb0\x80 \xec\x9c\xa0\xec\xa7\x80\xeb\x90\xa9\xeb\x8b\x88\xeb\x8b\xa4."},
    {"If EnableHooks=1 is already set, the game hands DLSS its motion vectors in a way NR cannot read: please send ReShade.log.",
     "EnableHooks=1\xec\x9d\xb4 \xec\x9d\xb4\xeb\xaf\xb8 \xec\x84\xa4\xec\xa0\x95\xeb\x90\x98\xec\x96\xb4 \xec\x9e\x88\xeb\x8b\xa4\xeb\xa9\xb4, \xea\xb2\x8c\xec\x9e\x84\xec\x9d\xb4 NR\xec\x9d\xb4 \xec\x9d\xbd\xec\x9d\x84 \xec\x88\x98 \xec\x97\x86\xeb\x8a\x94 \xeb\xb0\xa9\xec\x8b\x9d\xec\x9c\xbc\xeb\xa1\x9c DLSS\xec\x97\x90 \xeb\xaa\xa8\xec\x85\x98 \xeb\xb2\xa1\xed\x84\xb0\xeb\xa5\xbc \xec\xa0\x84\xeb\x8b\xac\xed\x95\x98\xea\xb3\xa0 \xec\x9e\x88\xec\x8a\xb5\xeb\x8b\x88\xeb\x8b\xa4. ReShade.log\xeb\xa5\xbc \xeb\xb3\xb4\xeb\x82\xb4 \xec\xa3\xbc\xec\x84\xb8\xec\x9a\x94."},
    {"%.0f%% of DLSS frames had no motion vectors",
     "DLSS \xed\x94\x84\xeb\xa0\x88\xec\x9e\x84\xec\x9d\x98 %.0f%%\xec\x97\x90 \xeb\xaa\xa8\xec\x85\x98 \xeb\xb2\xa1\xed\x84\xb0\xea\xb0\x80 \xec\x97\x86\xec\x9d\x8c"},
    {"The motion stabilizer is running without motion vectors",
     "\xeb\xaa\xa8\xec\x85\x98 \xec\x95\x88\xec\xa0\x95\xed\x99\x94\xea\xb0\x80 \xeb\xaa\xa8\xec\x85\x98 \xeb\xb2\xa1\xed\x84\xb0 \xec\x97\x86\xec\x9d\xb4 \xec\x8b\xa4\xed\x96\x89 \xec\xa4\x91"},
    {"Stabilize is set to Motion, but on these frames it had no motion vectors to follow, so it held edges in place while the scene moved: moving edges can smear or shimmer.",
     "\xec\x95\x88\xec\xa0\x95\xed\x99\x94\xea\xb0\x80 \xeb\xaa\xa8\xec\x85\x98\xec\x9c\xbc\xeb\xa1\x9c \xec\x84\xa4\xec\xa0\x95\xeb\x90\x98\xec\x96\xb4 \xec\x9e\x88\xec\xa7\x80\xeb\xa7\x8c, \xec\x9d\xb4 \xed\x94\x84\xeb\xa0\x88\xec\x9e\x84\xeb\x93\xa4\xec\x97\x90\xec\x84\x9c\xeb\x8a\x94 \xeb\x94\xb0\xeb\x9d\xbc\xea\xb0\x88 \xeb\xaa\xa8\xec\x85\x98 \xeb\xb2\xa1\xed\x84\xb0\xea\xb0\x80 \xec\x97\x86\xec\x96\xb4 \xec\x9e\xa5\xeb\xa9\xb4\xec\x9d\xb4 \xec\x9b\x80\xec\xa7\x81\xec\x9d\xb4\xeb\x8a\x94 \xeb\x8f\x99\xec\x95\x88 \xea\xb0\x80\xec\x9e\xa5\xec\x9e\x90\xeb\xa6\xac\xeb\xa5\xbc \xec\xa0\x9c\xec\x9e\x90\xeb\xa6\xac\xec\x97\x90 \xea\xb3\xa0\xec\xa0\x95\xed\x96\x88\xec\x8a\xb5\xeb\x8b\x88\xeb\x8b\xa4. \xec\x9b\x80\xec\xa7\x81\xec\x9d\xb4\xeb\x8a\x94 \xea\xb0\x80\xec\x9e\xa5\xec\x9e\x90\xeb\xa6\xac\xea\xb0\x80 \xeb\xb2\x88\xec\xa7\x80\xea\xb1\xb0\xeb\x82\x98 \xeb\xb0\x98\xec\xa7\x9d\xec\x9d\xbc \xec\x88\x98 \xec\x9e\x88\xec\x8a\xb5\xeb\x8b\x88\xeb\x8b\xa4."},
    {"Set Stabilize to Static in the Look section; it does not need motion vectors.",
     "\xeb\xa3\xa9 \xec\x84\xb9\xec\x85\x98\xec\x97\x90\xec\x84\x9c \xec\x95\x88\xec\xa0\x95\xed\x99\x94\xeb\xa5\xbc \xec\xa0\x95\xec\xa0\x81\xec\x9c\xbc\xeb\xa1\x9c \xec\x84\xa4\xec\xa0\x95\xed\x95\x98\xec\x84\xb8\xec\x9a\x94. \xec\xa0\x95\xec\xa0\x81\xec\x9d\x80 \xeb\xaa\xa8\xec\x85\x98 \xeb\xb2\xa1\xed\x84\xb0\xea\xb0\x80 \xed\x95\x84\xec\x9a\x94 \xec\x97\x86\xec\x8a\xb5\xeb\x8b\x88\xeb\x8b\xa4."},
    {"%.0f%% of stabilized frames ran without motion vectors",
     "\xec\x95\x88\xec\xa0\x95\xed\x99\x94\xeb\x90\x9c \xed\x94\x84\xeb\xa0\x88\xec\x9e\x84\xec\x9d\x98 %.0f%%\xea\xb0\x80 \xeb\xaa\xa8\xec\x85\x98 \xeb\xb2\xa1\xed\x84\xb0 \xec\x97\x86\xec\x9d\xb4 \xec\x8b\xa4\xed\x96\x89\xeb\x90\xa8"},
    {"Motion scale is set to zero",
     "\xeb\xaa\xa8\xec\x85\x98 \xeb\xb0\xb0\xec\x9c\xa8\xec\x9d\xb4 0\xec\x9c\xbc\xeb\xa1\x9c \xec\x84\xa4\xec\xa0\x95\xeb\x90\xa8"},
    {"Motion scale X and Y in the Fixes section multiply the game's motion vectors before NR and the motion stabilizer read them. Near zero they see a still scene on every moving frame, which smears motion.",
     "\xec\x88\x98\xec\xa0\x95 \xec\x84\xb9\xec\x85\x98\xec\x9d\x98 \xeb\xaa\xa8\xec\x85\x98 \xeb\xb0\xb0\xec\x9c\xa8 X\xec\x99\x80 \xeb\xaa\xa8\xec\x85\x98 \xeb\xb0\xb0\xec\x9c\xa8 Y\xeb\x8a\x94 NR\xea\xb3\xbc \xeb\xaa\xa8\xec\x85\x98 \xec\x95\x88\xec\xa0\x95\xed\x99\x94\xea\xb0\x80 \xec\x9d\xbd\xea\xb8\xb0 \xec\xa0\x84\xec\x97\x90 \xea\xb2\x8c\xec\x9e\x84\xec\x9d\x98 \xeb\xaa\xa8\xec\x85\x98 \xeb\xb2\xa1\xed\x84\xb0\xec\x97\x90 \xea\xb3\xb1\xed\x95\xb4\xec\xa7\x91\xeb\x8b\x88\xeb\x8b\xa4. 0\xec\x97\x90 \xea\xb0\x80\xea\xb9\x8c\xec\x9a\xb0\xeb\xa9\xb4 \xec\x9b\x80\xec\xa7\x81\xec\x9d\xb4\xeb\x8a\x94 \xeb\xaa\xa8\xeb\x93\xa0 \xed\x94\x84\xeb\xa0\x88\xec\x9e\x84\xec\x9d\x84 \xec\xa0\x95\xec\xa7\x80\xeb\x90\x9c \xec\x9e\xa5\xeb\xa9\xb4\xec\x9c\xbc\xeb\xa1\x9c \xeb\xb3\xb4\xea\xb2\x8c \xeb\x90\x98\xec\x96\xb4 \xec\x9b\x80\xec\xa7\x81\xec\x9e\x84\xec\x9d\xb4 \xeb\xb2\x88\xec\xa7\x91\xeb\x8b\x88\xeb\x8b\xa4."},
    {"Reset Motion scale X and Motion scale Y in the Fixes section (NRMVecScaleX=1 and NRMVecScaleY=1).",
     "\xec\x88\x98\xec\xa0\x95 \xec\x84\xb9\xec\x85\x98\xec\x97\x90\xec\x84\x9c \xeb\xaa\xa8\xec\x85\x98 \xeb\xb0\xb0\xec\x9c\xa8 X\xec\x99\x80 \xeb\xaa\xa8\xec\x85\x98 \xeb\xb0\xb0\xec\x9c\xa8 Y\xeb\xa5\xbc \xec\xb4\x88\xea\xb8\xb0\xed\x99\x94\xed\x95\x98\xec\x84\xb8\xec\x9a\x94(NRMVecScaleX=1 \xeb\xb0\x8f NRMVecScaleY=1)."},
    {"Motion scale is at %.0f%%",
     "\xeb\xaa\xa8\xec\x85\x98 \xeb\xb0\xb0\xec\x9c\xa8\xec\x9d\xb4 %.0f%%\xeb\xa1\x9c \xec\x84\xa4\xec\xa0\x95\xeb\x90\xa8"},
    {"The game's motion vectors are cut off",
     "\xea\xb2\x8c\xec\x9e\x84\xec\x9d\x98 \xeb\xaa\xa8\xec\x85\x98 \xeb\xb2\xa1\xed\x84\xb0\xea\xb0\x80 \xec\x9e\x98\xeb\xa0\xa4 \xec\x9e\x88\xec\x9d\x8c"},
    {"The game tells DLSS to read its motion vectors from a window larger than the texture that holds them, so NR reads the part that exists. Nothing to change on your side.",
     "\xea\xb2\x8c\xec\x9e\x84\xec\x9d\xb4 DLSS\xec\x97\x90 \xeb\xaa\xa8\xec\x85\x98 \xeb\xb2\xa1\xed\x84\xb0\xeb\xa5\xbc \xeb\x8b\xb4\xec\x9d\x80 \xed\x85\x8d\xec\x8a\xa4\xec\xb2\x98\xeb\xb3\xb4\xeb\x8b\xa4 \xed\x81\xb0 \xec\x98\x81\xec\x97\xad\xec\x97\x90\xec\x84\x9c \xec\x9d\xbd\xeb\x8f\x84\xeb\xa1\x9d \xec\xa7\x80\xec\x8b\x9c\xed\x95\x98\xeb\xaf\x80\xeb\xa1\x9c, NR\xec\x9d\x80 \xec\x8b\xa4\xec\xa0\x9c\xeb\xa1\x9c \xec\xa1\xb4\xec\x9e\xac\xed\x95\x98\xeb\x8a\x94 \xeb\xb6\x80\xeb\xb6\x84\xeb\xa7\x8c \xec\x9d\xbd\xec\x8a\xb5\xeb\x8b\x88\xeb\x8b\xa4. \xec\x82\xac\xec\x9a\xa9\xec\x9e\x90\xea\xb0\x80 \xeb\xb0\x94\xea\xbf\x80 \xea\xb2\x83\xec\x9d\x80 \xec\x97\x86\xec\x8a\xb5\xeb\x8b\x88\xeb\x8b\xa4."},
    {"%.0f%% of DLSS frames",
     "DLSS \xed\x94\x84\xeb\xa0\x88\xec\x9e\x84\xec\x9d\x98 %.0f%%"},
    {"The game's motion vectors do not match their declared size",
     "\xea\xb2\x8c\xec\x9e\x84\xec\x9d\x98 \xeb\xaa\xa8\xec\x85\x98 \xeb\xb2\xa1\xed\x84\xb0\xea\xb0\x80 \xec\x84\xa0\xec\x96\xb8\xeb\x90\x9c \xed\x81\xac\xea\xb8\xb0\xec\x99\x80 \xeb\xa7\x9e\xec\xa7\x80 \xec\x95\x8a\xec\x9d\x8c"},
    {"The game tells DLSS its motion vectors are at display resolution, but the texture holding them is too small for that, so NR reads them at render resolution.",
     "\xea\xb2\x8c\xec\x9e\x84\xec\x9d\x80 DLSS\xec\x97\x90 \xeb\xaa\xa8\xec\x85\x98 \xeb\xb2\xa1\xed\x84\xb0\xea\xb0\x80 \xeb\x94\x94\xec\x8a\xa4\xed\x94\x8c\xeb\xa0\x88\xec\x9d\xb4 \xed\x95\xb4\xec\x83\x81\xeb\x8f\x84\xeb\x9d\xbc\xea\xb3\xa0 \xec\x95\x8c\xeb\xa6\xac\xec\xa7\x80\xeb\xa7\x8c, \xec\x9d\xb4\xeb\xa5\xbc \xeb\x8b\xb4\xec\x9d\x80 \xed\x85\x8d\xec\x8a\xa4\xec\xb2\x98\xea\xb0\x80 \xea\xb7\xb8 \xed\x81\xac\xea\xb8\xb0\xec\x97\x90 \xeb\xb9\x84\xed\x95\xb4 \xeb\x84\x88\xeb\xac\xb4 \xec\x9e\x91\xec\x95\x84\xec\x84\x9c NR\xec\x9d\x80 \xeb\xa0\x8c\xeb\x8d\x94 \xed\x95\xb4\xec\x83\x81\xeb\x8f\x84\xeb\xa1\x9c \xec\x9d\xbd\xec\x8a\xb5\xeb\x8b\x88\xeb\x8b\xa4."},
    {"If moving edges trail with NR on, please send ReShade.log: it names the sizes the game declared.",
     "NR\xec\x9d\x84 \xec\xbc\xb0\xec\x9d\x84 \xeb\x95\x8c \xec\x9b\x80\xec\xa7\x81\xec\x9d\xb4\xeb\x8a\x94 \xea\xb0\x80\xec\x9e\xa5\xec\x9e\x90\xeb\xa6\xac\xec\x97\x90 \xec\x9e\x94\xec\x83\x81\xec\x9d\xb4 \xeb\x82\xa8\xec\x9c\xbc\xeb\xa9\xb4 ReShade.log\xeb\xa5\xbc \xeb\xb3\xb4\xeb\x82\xb4 \xec\xa3\xbc\xec\x84\xb8\xec\x9a\x94. \xea\xb2\x8c\xec\x9e\x84\xec\x9d\xb4 \xec\x84\xa0\xec\x96\xb8\xed\x95\x9c \xed\x81\xac\xea\xb8\xb0\xea\xb0\x80 \xea\xb8\xb0\xeb\xa1\x9d\xeb\x90\x98\xec\x96\xb4 \xec\x9e\x88\xec\x8a\xb5\xeb\x8b\x88\xeb\x8b\xa4."},
    {"The game sent an unusable motion vector scale",
     "\xea\xb2\x8c\xec\x9e\x84\xec\x9d\xb4 \xec\x82\xac\xec\x9a\xa9\xed\x95\xa0 \xec\x88\x98 \xec\x97\x86\xeb\x8a\x94 \xeb\xaa\xa8\xec\x85\x98 \xeb\xb2\xa1\xed\x84\xb0 \xeb\xb0\xb0\xec\x9c\xa8\xec\x9d\x84 \xeb\xb3\xb4\xeb\x83\x84"},
    {"The game's DLSS call set the motion vector scale to 0 or to a value that is not a number, so NR reads it as 1, the value DLSS itself uses. Nothing to change on your side.",
     "\xea\xb2\x8c\xec\x9e\x84\xec\x9d\x98 DLSS \xed\x98\xb8\xec\xb6\x9c\xec\x9d\xb4 \xeb\xaa\xa8\xec\x85\x98 \xeb\xb2\xa1\xed\x84\xb0 \xeb\xb0\xb0\xec\x9c\xa8\xec\x9d\x84 0 \xeb\x98\x90\xeb\x8a\x94 \xec\x88\xab\xec\x9e\x90\xea\xb0\x80 \xec\x95\x84\xeb\x8b\x8c \xea\xb0\x92\xec\x9c\xbc\xeb\xa1\x9c \xec\x84\xa4\xec\xa0\x95\xed\x96\x88\xec\x9c\xbc\xeb\xaf\x80\xeb\xa1\x9c, NR\xec\x9d\x80 DLSS \xec\x9e\x90\xec\xb2\xb4\xea\xb0\x80 \xec\x82\xac\xec\x9a\xa9\xed\x95\x98\xeb\x8a\x94 \xea\xb0\x92\xec\x9d\xb8 1\xeb\xa1\x9c \xec\x9d\xbd\xec\x8a\xb5\xeb\x8b\x88\xeb\x8b\xa4. \xec\x82\xac\xec\x9a\xa9\xec\x9e\x90\xea\xb0\x80 \xeb\xb0\x94\xea\xbf\x80 \xea\xb2\x83\xec\x9d\x80 \xec\x97\x86\xec\x8a\xb5\xeb\x8b\x88\xeb\x8b\xa4."},
    {"The game's motion vectors include camera jitter",
     "\xea\xb2\x8c\xec\x9e\x84\xec\x9d\x98 \xeb\xaa\xa8\xec\x85\x98 \xeb\xb2\xa1\xed\x84\xb0\xec\x97\x90 \xec\xb9\xb4\xeb\xa9\x94\xeb\x9d\xbc \xec\xa7\x80\xed\x84\xb0\xea\xb0\x80 \xed\x8f\xac\xed\x95\xa8\xeb\x90\xa8"},
    {"The game marks its motion vectors as jittered. The NR runtime has no setting for that, so NR follows motion slightly less precisely in this game. Nothing to change on your side.",
     "\xea\xb2\x8c\xec\x9e\x84\xec\x9d\xb4 \xeb\xaa\xa8\xec\x85\x98 \xeb\xb2\xa1\xed\x84\xb0\xeb\xa5\xbc \xec\xa7\x80\xed\x84\xb0\xea\xb0\x80 \xec\xa0\x81\xec\x9a\xa9\xeb\x90\x9c \xea\xb2\x83\xec\x9c\xbc\xeb\xa1\x9c \xed\x91\x9c\xec\x8b\x9c\xed\x95\xa9\xeb\x8b\x88\xeb\x8b\xa4. NR \xeb\x9f\xb0\xed\x83\x80\xec\x9e\x84\xec\x97\x90\xeb\x8a\x94 \xec\x9d\xb4\xec\x97\x90 \xeb\x8c\x80\xed\x95\x9c \xec\x84\xa4\xec\xa0\x95\xec\x9d\xb4 \xec\x97\x86\xec\x96\xb4, \xec\x9d\xb4 \xea\xb2\x8c\xec\x9e\x84\xec\x97\x90\xec\x84\x9c\xeb\x8a\x94 NR\xec\x9d\xb4 \xec\x9b\x80\xec\xa7\x81\xec\x9e\x84\xec\x9d\x84 \xec\x95\xbd\xea\xb0\x84 \xeb\x8d\x9c \xec\xa0\x95\xed\x99\x95\xed\x95\x98\xea\xb2\x8c \xeb\x94\xb0\xeb\x9d\xbc\xea\xb0\x91\xeb\x8b\x88\xeb\x8b\xa4. \xec\x82\xac\xec\x9a\xa9\xec\x9e\x90\xea\xb0\x80 \xeb\xb0\x94\xea\xbf\x80 \xea\xb2\x83\xec\x9d\x80 \xec\x97\x86\xec\x8a\xb5\xeb\x8b\x88\xeb\x8b\xa4."},
    {"The game's DLSS output area is larger than its image",
     "\xea\xb2\x8c\xec\x9e\x84\xec\x9d\x98 DLSS \xec\xb6\x9c\xeb\xa0\xa5 \xec\x98\x81\xec\x97\xad\xec\x9d\xb4 \xec\x9d\xb4\xeb\xaf\xb8\xec\xa7\x80\xeb\xb3\xb4\xeb\x8b\xa4 \xed\x81\xbc"},
    {"The game tells DLSS to write an area that does not fit inside its output image, so NR works on the part that fits. Nothing to change on your side.",
     "\xea\xb2\x8c\xec\x9e\x84\xec\x9d\xb4 DLSS\xec\x97\x90 \xec\xb6\x9c\xeb\xa0\xa5 \xec\x9d\xb4\xeb\xaf\xb8\xec\xa7\x80 \xec\x95\x88\xec\x97\x90 \xeb\x93\xa4\xec\x96\xb4\xea\xb0\x80\xec\xa7\x80 \xec\x95\x8a\xeb\x8a\x94 \xec\x98\x81\xec\x97\xad\xec\x97\x90 \xec\x93\xb0\xeb\x8f\x84\xeb\xa1\x9d \xec\xa7\x80\xec\x8b\x9c\xed\x95\x98\xeb\xaf\x80\xeb\xa1\x9c, NR\xec\x9d\x80 \xeb\x93\xa4\xec\x96\xb4\xea\xb0\x80\xeb\x8a\x94 \xeb\xb6\x80\xeb\xb6\x84\xec\x97\x90\xeb\xa7\x8c \xec\x9e\x91\xeb\x8f\x99\xed\x95\xa9\xeb\x8b\x88\xeb\x8b\xa4. \xec\x82\xac\xec\x9a\xa9\xec\x9e\x90\xea\xb0\x80 \xeb\xb0\x94\xea\xbf\x80 \xea\xb2\x83\xec\x9d\x80 \xec\x97\x86\xec\x8a\xb5\xeb\x8b\x88\xeb\x8b\xa4."},
    {"NR is skipping frames to protect the image",
     "NR\xec\x9d\xb4 \xec\x9d\xb4\xeb\xaf\xb8\xec\xa7\x80\xeb\xa5\xbc \xeb\xb3\xb4\xed\x98\xb8\xed\x95\x98\xea\xb8\xb0 \xec\x9c\x84\xed\x95\xb4 \xed\x94\x84\xeb\xa0\x88\xec\x9e\x84\xec\x9d\x84 \xea\xb1\xb4\xeb\x84\x88\xeb\x9b\xb0\xeb\x8a\x94 \xec\xa4\x91"},
    {"On these frames NR could not put the game's GPU state back safely after its pass, so it left them alone. They show the game's own DLSS image, which can look like NR flickering on and off.",
     "\xec\x9d\xb4 \xed\x94\x84\xeb\xa0\x88\xec\x9e\x84\xeb\x93\xa4\xec\x97\x90\xec\x84\x9c\xeb\x8a\x94 NR\xec\x9d\xb4 \xed\x8c\xa8\xec\x8a\xa4 \xed\x9b\x84 \xea\xb2\x8c\xec\x9e\x84\xec\x9d\x98 GPU \xec\x83\x81\xed\x83\x9c\xeb\xa5\xbc \xec\x95\x88\xec\xa0\x84\xed\x95\x98\xea\xb2\x8c \xeb\x90\x98\xeb\x8f\x8c\xeb\xa6\xb4 \xec\x88\x98 \xec\x97\x86\xec\x96\xb4 \xec\x86\x90\xeb\x8c\x80\xec\xa7\x80 \xec\x95\x8a\xec\x95\x98\xec\x8a\xb5\xeb\x8b\x88\xeb\x8b\xa4. \xec\x9d\xb4 \xed\x94\x84\xeb\xa0\x88\xec\x9e\x84\xeb\x93\xa4\xec\x9d\x80 \xea\xb2\x8c\xec\x9e\x84 \xec\x9e\x90\xec\xb2\xb4\xec\x9d\x98 DLSS \xec\x9d\xb4\xeb\xaf\xb8\xec\xa7\x80\xeb\xa5\xbc \xeb\xb3\xb4\xec\x97\xac \xec\xa3\xbc\xeb\xaf\x80\xeb\xa1\x9c NR\xec\x9d\xb4 \xec\xbc\x9c\xec\xa1\x8c\xeb\x8b\xa4 \xea\xba\xbc\xec\xa1\x8c\xeb\x8b\xa4 \xea\xb9\x9c\xeb\xb9\xa1\xec\x9d\xb4\xeb\x8a\x94 \xea\xb2\x83\xec\xb2\x98\xeb\x9f\xbc \xeb\xb3\xb4\xec\x9d\xbc \xec\x88\x98 \xec\x9e\x88\xec\x8a\xb5\xeb\x8b\x88\xeb\x8b\xa4."},
    {"%.0f%% of DLSS frames skipped",
     "DLSS \xed\x94\x84\xeb\xa0\x88\xec\x9e\x84\xec\x9d\x98 %.0f%%\xeb\xa5\xbc \xea\xb1\xb4\xeb\x84\x88\xeb\x9c\x80"},
    {"NR failed on some frames and is retrying",
     "NR\xec\x9d\xb4 \xec\x9d\xbc\xeb\xb6\x80 \xed\x94\x84\xeb\xa0\x88\xec\x9e\x84\xec\x97\x90\xec\x84\x9c \xec\x8b\xa4\xed\x8c\xa8\xed\x95\x98\xec\x97\xac \xec\x9e\xac\xec\x8b\x9c\xeb\x8f\x84 \xec\xa4\x91"},
    {"NR's pass failed to start on these frames and waits a moment before it tries again, so they keep the game's own DLSS image.",
     "\xec\x9d\xb4 \xed\x94\x84\xeb\xa0\x88\xec\x9e\x84\xeb\x93\xa4\xec\x97\x90\xec\x84\x9c NR\xec\x9d\x98 \xed\x8c\xa8\xec\x8a\xa4\xea\xb0\x80 \xec\x8b\x9c\xec\x9e\x91\xeb\x90\x98\xec\xa7\x80 \xeb\xaa\xbb\xed\x95\xb4 \xec\x9e\xa0\xec\x8b\x9c \xea\xb8\xb0\xeb\x8b\xa4\xeb\xa6\xb0 \xed\x9b\x84 \xeb\x8b\xa4\xec\x8b\x9c \xec\x8b\x9c\xeb\x8f\x84\xed\x95\x98\xeb\xaf\x80\xeb\xa1\x9c, \xea\xb2\x8c\xec\x9e\x84 \xec\x9e\x90\xec\xb2\xb4\xec\x9d\x98 DLSS \xec\x9d\xb4\xeb\xaf\xb8\xec\xa7\x80\xea\xb0\x80 \xec\x9c\xa0\xec\xa7\x80\xeb\x90\xa9\xeb\x8b\x88\xeb\x8b\xa4."},
    {"If you raised Stack passes or Resolution scale, lower them again: running out of video memory ends here.",
     "\xed\x8c\xa8\xec\x8a\xa4 \xec\xa4\x91\xec\xb2\xa9\xec\x9d\xb4\xeb\x82\x98 \xed\x95\xb4\xec\x83\x81\xeb\x8f\x84 \xeb\xb0\xb0\xec\x9c\xa8\xec\x9d\x84 \xec\x98\xac\xeb\xa0\xb8\xeb\x8b\xa4\xeb\xa9\xb4 \xeb\x8b\xa4\xec\x8b\x9c \xeb\x82\xae\xec\xb6\x94\xec\x84\xb8\xec\x9a\x94. \xeb\xb9\x84\xeb\x94\x94\xec\x98\xa4 \xeb\xa9\x94\xeb\xaa\xa8\xeb\xa6\xac\xea\xb0\x80 \xeb\xb6\x80\xec\xa1\xb1\xed\x95\x98\xeb\xa9\xb4 \xec\x97\xac\xea\xb8\xb0\xec\x84\x9c \xec\x8b\xa4\xed\x8c\xa8\xed\x95\xa9\xeb\x8b\x88\xeb\x8b\xa4."},
    {"Otherwise this is a defect in the mod: please send ReShade.log, which names the failing step.",
     "\xea\xb7\xb8\xeb\xa0\x87\xec\xa7\x80 \xec\x95\x8a\xeb\x8b\xa4\xeb\xa9\xb4 \xeb\xaa\xa8\xeb\x93\x9c\xec\x9d\x98 \xea\xb2\xb0\xed\x95\xa8\xec\x9e\x85\xeb\x8b\x88\xeb\x8b\xa4. ReShade.log\xeb\xa5\xbc \xeb\xb3\xb4\xeb\x82\xb4 \xec\xa3\xbc\xec\x84\xb8\xec\x9a\x94. \xec\x8b\xa4\xed\x8c\xa8\xed\x95\x9c \xeb\x8b\xa8\xea\xb3\x84\xea\xb0\x80 \xea\xb8\xb0\xeb\xa1\x9d\xeb\x90\x98\xec\x96\xb4 \xec\x9e\x88\xec\x8a\xb5\xeb\x8b\x88\xeb\x8b\xa4."},
    {"Streamline hands NR incomplete frames",
     "Streamline\xec\x9d\xb4 NR\xec\x97\x90 \xeb\xb6\x88\xec\x99\x84\xec\xa0\x84\xed\x95\x9c \xed\x94\x84\xeb\xa0\x88\xec\x9e\x84\xec\x9d\x84 \xec\xa0\x84\xeb\x8b\xac\xed\x95\xa8"},
    {"This game runs DLSS through NVIDIA Streamline, and on these frames Streamline had not provided every input NR needs, so NR skipped them. Nothing to change on your side.",
     "\xec\x9d\xb4 \xea\xb2\x8c\xec\x9e\x84\xec\x9d\x80 NVIDIA Streamline\xec\x9d\x84 \xed\x86\xb5\xed\x95\xb4 DLSS\xeb\xa5\xbc \xec\x8b\xa4\xed\x96\x89\xed\x95\x98\xeb\x8a\x94\xeb\x8d\xb0, \xec\x9d\xb4 \xed\x94\x84\xeb\xa0\x88\xec\x9e\x84\xeb\x93\xa4\xec\x97\x90\xec\x84\x9c\xeb\x8a\x94 Streamline\xec\x9d\xb4 NR\xec\x97\x90 \xed\x95\x84\xec\x9a\x94\xed\x95\x9c \xec\x9e\x85\xeb\xa0\xa5\xec\x9d\x84 \xeb\xaa\xa8\xeb\x91\x90 \xec\xa0\x9c\xea\xb3\xb5\xed\x95\x98\xec\xa7\x80 \xec\x95\x8a\xec\x95\x84 NR\xec\x9d\xb4 \xea\xb1\xb4\xeb\x84\x88\xeb\x9b\xb0\xec\x97\x88\xec\x8a\xb5\xeb\x8b\x88\xeb\x8b\xa4. \xec\x82\xac\xec\x9a\xa9\xec\x9e\x90\xea\xb0\x80 \xeb\xb0\x94\xea\xbf\x80 \xea\xb2\x83\xec\x9d\x80 \xec\x97\x86\xec\x8a\xb5\xeb\x8b\x88\xeb\x8b\xa4."},
    {"NR can't run before upscaling in this game",
     "\xec\x9d\xb4 \xea\xb2\x8c\xec\x9e\x84\xec\x97\x90\xec\x84\x9c\xeb\x8a\x94 NR\xec\x9d\x84 \xec\x97\x85\xec\x8a\xa4\xec\xbc\x80\xec\x9d\xbc\xeb\xa7\x81 \xec\xa0\x84\xec\x97\x90 \xec\x8b\xa4\xed\x96\x89\xed\x95\xa0 \xec\x88\x98 \xec\x97\x86\xec\x9d\x8c"},
    {"Before upscaling reads the image the game hands DLSS, and on these frames that image (or the motion vectors or depth beside it) has a shape NR cannot use, so they keep the game's own DLSS image.",
     "\xec\x97\x85\xec\x8a\xa4\xec\xbc\x80\xec\x9d\xbc\xeb\xa7\x81 \xec\xa0\x84\xec\x9d\x80 \xea\xb2\x8c\xec\x9e\x84\xec\x9d\xb4 DLSS\xec\x97\x90 \xec\xa0\x84\xeb\x8b\xac\xed\x95\x98\xeb\x8a\x94 \xec\x9d\xb4\xeb\xaf\xb8\xec\xa7\x80\xeb\xa5\xbc \xec\x9d\xbd\xeb\x8a\x94\xeb\x8d\xb0, \xec\x9d\xb4 \xed\x94\x84\xeb\xa0\x88\xec\x9e\x84\xeb\x93\xa4\xec\x97\x90\xec\x84\x9c\xeb\x8a\x94 \xea\xb7\xb8 \xec\x9d\xb4\xeb\xaf\xb8\xec\xa7\x80(\xeb\x98\x90\xeb\x8a\x94 \xed\x95\xa8\xea\xbb\x98 \xec\xa0\x84\xeb\x8b\xac\xeb\x90\x98\xeb\x8a\x94 \xeb\xaa\xa8\xec\x85\x98 \xeb\xb2\xa1\xed\x84\xb0\xeb\x82\x98 \xea\xb9\x8a\xec\x9d\xb4)\xea\xb0\x80 NR\xec\x9d\xb4 \xec\x82\xac\xec\x9a\xa9\xed\x95\xa0 \xec\x88\x98 \xec\x97\x86\xeb\x8a\x94 \xed\x98\x95\xed\x83\x9c\xec\x97\xac\xec\x84\x9c \xea\xb2\x8c\xec\x9e\x84 \xec\x9e\x90\xec\xb2\xb4\xec\x9d\x98 DLSS \xec\x9d\xb4\xeb\xaf\xb8\xec\xa7\x80\xea\xb0\x80 \xec\x9c\xa0\xec\xa7\x80\xeb\x90\xa9\xeb\x8b\x88\xeb\x8b\xa4."},
    {"Set Hook point to Upscaled in the Neural Rendering section (NRHookPoint=0).",
     "Neural Rendering \xec\x84\xb9\xec\x85\x98\xec\x97\x90\xec\x84\x9c \xec\xa0\x81\xec\x9a\xa9 \xec\xa7\x80\xec\xa0\x90\xec\x9d\x84 \xec\x97\x85\xec\x8a\xa4\xec\xbc\x80\xec\x9d\xbc \xed\x9b\x84\xeb\xa1\x9c \xec\x84\xa4\xec\xa0\x95\xed\x95\x98\xec\x84\xb8\xec\x9a\x94(NRHookPoint=0)."},
    {"The game's DLSS output has a shape NR can't replace",
     "\xea\xb2\x8c\xec\x9e\x84\xec\x9d\x98 DLSS \xec\xb6\x9c\xeb\xa0\xa5\xec\x9d\xb4 NR\xec\x9d\xb4 \xea\xb5\x90\xec\xb2\xb4\xed\x95\xa0 \xec\x88\x98 \xec\x97\x86\xeb\x8a\x94 \xed\x98\x95\xed\x83\x9c\xec\x9e\x84"},
    {"On these frames the game's DLSS wrote into an output NR cannot replace (a texture array or a multisampled texture), so they keep the game's own DLSS image. Nothing to change on your side.",
     "\xec\x9d\xb4 \xed\x94\x84\xeb\xa0\x88\xec\x9e\x84\xeb\x93\xa4\xec\x97\x90\xec\x84\x9c\xeb\x8a\x94 \xea\xb2\x8c\xec\x9e\x84\xec\x9d\x98 DLSS\xea\xb0\x80 NR\xec\x9d\xb4 \xea\xb5\x90\xec\xb2\xb4\xed\x95\xa0 \xec\x88\x98 \xec\x97\x86\xeb\x8a\x94 \xec\xb6\x9c\xeb\xa0\xa5(\xed\x85\x8d\xec\x8a\xa4\xec\xb2\x98 \xeb\xb0\xb0\xec\x97\xb4 \xeb\x98\x90\xeb\x8a\x94 \xeb\xa9\x80\xed\x8b\xb0\xec\x83\x98\xed\x94\x8c \xed\x85\x8d\xec\x8a\xa4\xec\xb2\x98)\xec\x97\x90 \xea\xb8\xb0\xeb\xa1\x9d\xed\x95\x98\xec\x97\xac \xea\xb2\x8c\xec\x9e\x84 \xec\x9e\x90\xec\xb2\xb4\xec\x9d\x98 DLSS \xec\x9d\xb4\xeb\xaf\xb8\xec\xa7\x80\xea\xb0\x80 \xec\x9c\xa0\xec\xa7\x80\xeb\x90\xa9\xeb\x8b\x88\xeb\x8b\xa4. \xec\x82\xac\xec\x9a\xa9\xec\x9e\x90\xea\xb0\x80 \xeb\xb0\x94\xea\xbf\x80 \xea\xb2\x83\xec\x9d\x80 \xec\x97\x86\xec\x8a\xb5\xeb\x8b\x88\xeb\x8b\xa4."},
    {"NR's Direct3D 11 bridge can't keep up",
     "NR\xec\x9d\x98 Direct3D 11 \xeb\xb8\x8c\xeb\xa6\xac\xec\xa7\x80\xea\xb0\x80 \xeb\x94\xb0\xeb\x9d\xbc\xea\xb0\x80\xec\xa7\x80 \xeb\xaa\xbb\xed\x95\xa8"},
    {"In this Direct3D 11 game NR runs on a second, Direct3D 12 device, and on these frames that device was still busy with earlier ones, so they keep the game's own DLSS image.",
     "\xec\x9d\xb4 Direct3D 11 \xea\xb2\x8c\xec\x9e\x84\xec\x97\x90\xec\x84\x9c NR\xec\x9d\x80 \xeb\x91\x90 \xeb\xb2\x88\xec\xa7\xb8 Direct3D 12 \xec\x9e\xa5\xec\xb9\x98\xec\x97\x90\xec\x84\x9c \xec\x8b\xa4\xed\x96\x89\xeb\x90\x98\xeb\x8a\x94\xeb\x8d\xb0, \xec\x9d\xb4 \xed\x94\x84\xeb\xa0\x88\xec\x9e\x84\xeb\x93\xa4\xec\x97\x90\xec\x84\x9c\xeb\x8a\x94 \xea\xb7\xb8 \xec\x9e\xa5\xec\xb9\x98\xea\xb0\x80 \xec\x95\x84\xec\xa7\x81 \xec\x9d\xb4\xec\xa0\x84 \xed\x94\x84\xeb\xa0\x88\xec\x9e\x84\xec\x9d\x84 \xec\xb2\x98\xeb\xa6\xac\xed\x95\x98\xeb\x8a\x90\xeb\x9d\xbc \xeb\xb0\x94\xeb\xb9\xa0\xec\x84\x9c \xea\xb2\x8c\xec\x9e\x84 \xec\x9e\x90\xec\xb2\xb4\xec\x9d\x98 DLSS \xec\x9d\xb4\xeb\xaf\xb8\xec\xa7\x80\xea\xb0\x80 \xec\x9c\xa0\xec\xa7\x80\xeb\x90\xa9\xeb\x8b\x88\xeb\x8b\xa4."},
    {"Lower Resolution scale or Stack passes, or cap the game's frame rate.",
     "\xed\x95\xb4\xec\x83\x81\xeb\x8f\x84 \xeb\xb0\xb0\xec\x9c\xa8\xec\x9d\xb4\xeb\x82\x98 \xed\x8c\xa8\xec\x8a\xa4 \xec\xa4\x91\xec\xb2\xa9\xec\x9d\x84 \xeb\x82\xae\xec\xb6\x94\xea\xb1\xb0\xeb\x82\x98 \xea\xb2\x8c\xec\x9e\x84\xec\x9d\x98 \xed\x94\x84\xeb\xa0\x88\xec\x9e\x84 \xeb\xa0\x88\xec\x9d\xb4\xed\x8a\xb8\xeb\xa5\xbc \xec\xa0\x9c\xed\x95\x9c\xed\x95\x98\xec\x84\xb8\xec\x9a\x94."},
    {"NR's Direct3D 11 bridge stalled",
     "NR\xec\x9d\x98 Direct3D 11 \xeb\xb8\x8c\xeb\xa6\xac\xec\xa7\x80\xea\xb0\x80 \xeb\xa9\x88\xec\xb6\xa4"},
    {"The Direct3D 12 device NR runs on beside this game stopped answering or is restarting, so frames keep the game's own DLSS image until it recovers.",
     "\xec\x9d\xb4 \xea\xb2\x8c\xec\x9e\x84\xea\xb3\xbc \xed\x95\xa8\xea\xbb\x98 NR\xec\x9d\xb4 \xec\x8b\xa4\xed\x96\x89\xeb\x90\x98\xeb\x8a\x94 Direct3D 12 \xec\x9e\xa5\xec\xb9\x98\xea\xb0\x80 \xec\x9d\x91\xeb\x8b\xb5\xec\x9d\x84 \xeb\xa9\x88\xec\xb7\x84\xea\xb1\xb0\xeb\x82\x98 \xeb\x8b\xa4\xec\x8b\x9c \xec\x8b\x9c\xec\x9e\x91\xed\x95\x98\xeb\x8a\x94 \xec\xa4\x91\xec\x9d\xb4\xec\x96\xb4\xec\x84\x9c, \xeb\xb3\xb5\xea\xb5\xac\xeb\x90\xa0 \xeb\x95\x8c\xea\xb9\x8c\xec\xa7\x80 \xed\x94\x84\xeb\xa0\x88\xec\x9e\x84\xec\x97\x90 \xea\xb2\x8c\xec\x9e\x84 \xec\x9e\x90\xec\xb2\xb4\xec\x9d\x98 DLSS \xec\x9d\xb4\xeb\xaf\xb8\xec\xa7\x80\xea\xb0\x80 \xec\x9c\xa0\xec\xa7\x80\xeb\x90\xa9\xeb\x8b\x88\xeb\x8b\xa4."},
    {"If it keeps happening, restart the game and update the NVIDIA driver.",
     "\xea\xb3\x84\xec\x86\x8d \xeb\xb0\x9c\xec\x83\x9d\xed\x95\x98\xeb\xa9\xb4 \xea\xb2\x8c\xec\x9e\x84\xec\x9d\x84 \xeb\x8b\xa4\xec\x8b\x9c \xec\x8b\x9c\xec\x9e\x91\xed\x95\x98\xea\xb3\xa0 NVIDIA \xeb\x93\x9c\xeb\x9d\xbc\xec\x9d\xb4\xeb\xb2\x84\xeb\xa5\xbc \xec\x97\x85\xeb\x8d\xb0\xec\x9d\xb4\xed\x8a\xb8\xed\x95\x98\xec\x84\xb8\xec\x9a\x94."},
    {"Some of this game's DLSS frames can't reach NR",
     "\xec\x9d\xb4 \xea\xb2\x8c\xec\x9e\x84\xec\x9d\x98 \xec\x9d\xbc\xeb\xb6\x80 DLSS \xed\x94\x84\xeb\xa0\x88\xec\x9e\x84\xec\x9d\xb4 NR\xec\x97\x90 \xeb\x8f\x84\xeb\x8b\xac\xed\x95\x98\xec\xa7\x80 \xeb\xaa\xbb\xed\x95\xa8"},
    {"On these frames the game's DLSS surfaces use a format, multisampling or context the Direct3D 11 bridge cannot share, so they keep the game's own DLSS image. Nothing to change on your side.",
     "\xec\x9d\xb4 \xed\x94\x84\xeb\xa0\x88\xec\x9e\x84\xeb\x93\xa4\xec\x97\x90\xec\x84\x9c\xeb\x8a\x94 \xea\xb2\x8c\xec\x9e\x84\xec\x9d\x98 DLSS \xec\x84\x9c\xed\x94\xbc\xec\x8a\xa4\xea\xb0\x80 Direct3D 11 \xeb\xb8\x8c\xeb\xa6\xac\xec\xa7\x80\xea\xb0\x80 \xea\xb3\xb5\xec\x9c\xa0\xed\x95\xa0 \xec\x88\x98 \xec\x97\x86\xeb\x8a\x94 \xed\x8f\xac\xeb\xa7\xb7, \xeb\xa9\x80\xed\x8b\xb0\xec\x83\x98\xed\x94\x8c\xeb\xa7\x81 \xeb\x98\x90\xeb\x8a\x94 \xec\xbb\xa8\xed\x85\x8d\xec\x8a\xa4\xed\x8a\xb8\xeb\xa5\xbc \xec\x82\xac\xec\x9a\xa9\xed\x95\x98\xec\x97\xac \xea\xb2\x8c\xec\x9e\x84 \xec\x9e\x90\xec\xb2\xb4\xec\x9d\x98 DLSS \xec\x9d\xb4\xeb\xaf\xb8\xec\xa7\x80\xea\xb0\x80 \xec\x9c\xa0\xec\xa7\x80\xeb\x90\xa9\xeb\x8b\x88\xeb\x8b\xa4. \xec\x82\xac\xec\x9a\xa9\xec\x9e\x90\xea\xb0\x80 \xeb\xb0\x94\xea\xbf\x80 \xea\xb2\x83\xec\x9d\x80 \xec\x97\x86\xec\x8a\xb5\xeb\x8b\x88\xeb\x8b\xa4."},
    {"NR is stuck waiting after a display change",
     "\xeb\x94\x94\xec\x8a\xa4\xed\x94\x8c\xeb\xa0\x88\xec\x9d\xb4 \xeb\xb3\x80\xea\xb2\xbd \xed\x9b\x84 NR\xec\x9d\xb4 \xeb\x8c\x80\xea\xb8\xb0 \xec\x83\x81\xed\x83\x9c\xec\x97\x90\xec\x84\x9c \xeb\xa9\x88\xec\xb6\xa4"},
    {"After the game rebuilt its swapchain (a resolution, window or display change), NR waits for its old work to finish before it restarts. It has waited unusually long, and frames keep the game's own DLSS image meanwhile.",
     "\xea\xb2\x8c\xec\x9e\x84\xec\x9d\xb4 \xec\x8a\xa4\xec\x99\x91\xec\xb2\xb4\xec\x9d\xb8\xec\x9d\x84 \xeb\x8b\xa4\xec\x8b\x9c \xeb\xa7\x8c\xeb\x93\xa0 \xed\x9b\x84(\xed\x95\xb4\xec\x83\x81\xeb\x8f\x84, \xec\xb0\xbd \xeb\x98\x90\xeb\x8a\x94 \xeb\x94\x94\xec\x8a\xa4\xed\x94\x8c\xeb\xa0\x88\xec\x9d\xb4 \xeb\xb3\x80\xea\xb2\xbd) NR\xec\x9d\x80 \xeb\x8b\xa4\xec\x8b\x9c \xec\x8b\x9c\xec\x9e\x91\xed\x95\x98\xea\xb8\xb0 \xec\xa0\x84\xec\x97\x90 \xec\x9d\xb4\xec\xa0\x84 \xec\x9e\x91\xec\x97\x85\xec\x9d\xb4 \xeb\x81\x9d\xeb\x82\x98\xea\xb8\xb0\xeb\xa5\xbc \xea\xb8\xb0\xeb\x8b\xa4\xeb\xa6\xbd\xeb\x8b\x88\xeb\x8b\xa4. \xeb\xb9\x84\xec\xa0\x95\xec\x83\x81\xec\xa0\x81\xec\x9c\xbc\xeb\xa1\x9c \xec\x98\xa4\xeb\x9e\x98 \xea\xb8\xb0\xeb\x8b\xa4\xeb\xa6\xac\xea\xb3\xa0 \xec\x9e\x88\xec\x9c\xbc\xeb\xa9\xb0, \xea\xb7\xb8\xeb\x8f\x99\xec\x95\x88 \xed\x94\x84\xeb\xa0\x88\xec\x9e\x84\xec\x97\x90 \xea\xb2\x8c\xec\x9e\x84 \xec\x9e\x90\xec\xb2\xb4\xec\x9d\x98 DLSS \xec\x9d\xb4\xeb\xaf\xb8\xec\xa7\x80\xea\xb0\x80 \xec\x9c\xa0\xec\xa7\x80\xeb\x90\xa9\xeb\x8b\x88\xeb\x8b\xa4."},
    {"NR skipped frames without saying why",
     "NR\xec\x9d\xb4 \xec\x9d\xb4\xec\x9c\xa0 \xec\x97\x86\xec\x9d\xb4 \xed\x94\x84\xeb\xa0\x88\xec\x9e\x84\xec\x9d\x84 \xea\xb1\xb4\xeb\x84\x88\xeb\x9c\x80"},
    {"Every frame NR leaves alone should have a named reason, and on these frames none was recorded.",
     "NR\xec\x9d\xb4 \xec\x86\x90\xeb\x8c\x80\xec\xa7\x80 \xec\x95\x8a\xeb\x8a\x94 \xeb\xaa\xa8\xeb\x93\xa0 \xed\x94\x84\xeb\xa0\x88\xec\x9e\x84\xec\x97\x90\xeb\x8a\x94 \xec\x9d\xb4\xec\x9c\xa0\xea\xb0\x80 \xea\xb8\xb0\xeb\xa1\x9d\xeb\x90\x98\xec\x96\xb4\xec\x95\xbc \xed\x95\x98\xeb\x8a\x94\xeb\x8d\xb0, \xec\x9d\xb4 \xed\x94\x84\xeb\xa0\x88\xec\x9e\x84\xeb\x93\xa4\xec\x97\x90\xec\x84\x9c\xeb\x8a\x94 \xea\xb8\xb0\xeb\xa1\x9d\xeb\x90\x9c \xec\x9d\xb4\xec\x9c\xa0\xea\xb0\x80 \xec\x97\x86\xec\x8a\xb5\xeb\x8b\x88\xeb\x8b\xa4."},
    {"NR keeps rebuilding its working surfaces",
     "NR\xec\x9d\xb4 \xec\x9e\x91\xec\x97\x85 \xec\x84\x9c\xed\x94\xbc\xec\x8a\xa4\xeb\xa5\xbc \xea\xb3\x84\xec\x86\x8d \xeb\x8b\xa4\xec\x8b\x9c \xeb\xa7\x8c\xeb\x93\x9c\xeb\x8a\x94 \xec\xa4\x91"},
    {"The game rotates its DLSS output through more images than NR keeps ready, so NR throws its surfaces away and builds new ones over and over. That costs frame rate.",
     "\xea\xb2\x8c\xec\x9e\x84\xec\x9d\xb4 NR\xec\x9d\xb4 \xec\xa4\x80\xeb\xb9\x84\xed\x95\xb4 \xeb\x91\x90\xeb\x8a\x94 \xea\xb2\x83\xeb\xb3\xb4\xeb\x8b\xa4 \xeb\xa7\x8e\xec\x9d\x80 \xec\x9d\xb4\xeb\xaf\xb8\xec\xa7\x80\xeb\xa1\x9c DLSS \xec\xb6\x9c\xeb\xa0\xa5\xec\x9d\x84 \xeb\x8f\x8c\xeb\xa0\xa4 \xec\x93\xb0\xeb\xaf\x80\xeb\xa1\x9c, NR\xec\x9d\xb4 \xec\x84\x9c\xed\x94\xbc\xec\x8a\xa4\xeb\xa5\xbc \xeb\xb2\x84\xeb\xa6\xac\xea\xb3\xa0 \xec\x83\x88\xeb\xa1\x9c \xeb\xa7\x8c\xeb\x93\x9c\xeb\x8a\x94 \xec\x9d\xbc\xec\x9d\x84 \xeb\xb0\x98\xeb\xb3\xb5\xed\x95\xa9\xeb\x8b\x88\xeb\x8b\xa4. \xec\x9d\xb4\xeb\xa1\x9c \xec\x9d\xb8\xed\x95\xb4 \xed\x94\x84\xeb\xa0\x88\xec\x9e\x84 \xeb\xa0\x88\xec\x9d\xb4\xed\x8a\xb8\xea\xb0\x80 \xeb\x96\xa8\xec\x96\xb4\xec\xa7\x91\xeb\x8b\x88\xeb\x8b\xa4."},
    {"Set NRMaxWorksets=8 in [RenoDX.DLSS5] in ReShade.ini and restart the game.",
     "ReShade.ini\xec\x9d\x98 [RenoDX.DLSS5]\xec\x97\x90\xec\x84\x9c NRMaxWorksets=8\xeb\xa1\x9c \xec\x84\xa4\xec\xa0\x95\xed\x95\x98\xea\xb3\xa0 \xea\xb2\x8c\xec\x9e\x84\xec\x9d\x84 \xeb\x8b\xa4\xec\x8b\x9c \xec\x8b\x9c\xec\x9e\x91\xed\x95\x98\xec\x84\xb8\xec\x9a\x94."},
    {"If it is already 8, please send ReShade.log.",
     "\xec\x9d\xb4\xeb\xaf\xb8 8\xec\x9d\xb4\xeb\x9d\xbc\xeb\xa9\xb4 ReShade.log\xeb\xa5\xbc \xeb\xb3\xb4\xeb\x82\xb4 \xec\xa3\xbc\xec\x84\xb8\xec\x9a\x94."},
    {"%.0f rebuilds per 100 enhanced frames",
     "\xed\x96\xa5\xec\x83\x81\xeb\x90\x9c \xed\x94\x84\xeb\xa0\x88\xec\x9e\x84 100\xea\xb0\x9c\xeb\x8b\xb9 %.0f\xed\x9a\x8c \xec\x9e\xac\xec\x83\x9d\xec\x84\xb1"},
    {"NR's brightness reading is stuck",
     "NR\xec\x9d\x98 \xeb\xb0\x9d\xea\xb8\xb0 \xec\x9d\xbd\xea\xb8\xb0\xea\xb0\x80 \xeb\xa9\x88\xec\xb6\xa4"},
    {"NR reads the game's exposure to set the brightness it feeds the model. On these frames it had no free slot to read it and reused an older value, so brightness changes can lag or pump.",
     "NR\xec\x9d\x80 \xea\xb2\x8c\xec\x9e\x84\xec\x9d\x98 \xeb\x85\xb8\xec\xb6\x9c\xec\x9d\x84 \xec\x9d\xbd\xec\x96\xb4 \xeb\xaa\xa8\xeb\x8d\xb8\xec\x97\x90 \xec\x9e\x85\xeb\xa0\xa5\xed\x95\xa0 \xeb\xb0\x9d\xea\xb8\xb0\xeb\xa5\xbc \xec\xa0\x95\xed\x95\xa9\xeb\x8b\x88\xeb\x8b\xa4. \xec\x9d\xb4 \xed\x94\x84\xeb\xa0\x88\xec\x9e\x84\xeb\x93\xa4\xec\x97\x90\xec\x84\x9c\xeb\x8a\x94 \xec\x9d\xbd\xec\x9d\x84 \xeb\xb9\x88 \xec\x8a\xac\xeb\xa1\xaf\xec\x9d\xb4 \xec\x97\x86\xec\x96\xb4 \xec\x9d\xb4\xec\xa0\x84 \xea\xb0\x92\xec\x9d\x84 \xec\x9e\xac\xec\x82\xac\xec\x9a\xa9\xed\x96\x88\xec\x9c\xbc\xeb\xaf\x80\xeb\xa1\x9c, \xeb\xb0\x9d\xea\xb8\xb0 \xeb\xb3\x80\xed\x99\x94\xea\xb0\x80 \xeb\x8a\xa6\xea\xb1\xb0\xeb\x82\x98 \xec\xb6\x9c\xeb\xa0\x81\xec\x9d\xbc \xec\x88\x98 \xec\x9e\x88\xec\x8a\xb5\xeb\x8b\x88\xeb\x8b\xa4."},
    {"Set Brightness source to v1 (frame meter) in the Fixes section (NRFeedMode=1).",
     "\xec\x88\x98\xec\xa0\x95 \xec\x84\xb9\xec\x85\x98\xec\x97\x90\xec\x84\x9c \xeb\xb0\x9d\xea\xb8\xb0 \xec\x86\x8c\xec\x8a\xa4\xeb\xa5\xbc v1 (\xed\x94\x84\xeb\xa0\x88\xec\x9e\x84 \xec\xb8\xa1\xea\xb4\x91)\xec\x9c\xbc\xeb\xa1\x9c \xec\x84\xa4\xec\xa0\x95\xed\x95\x98\xec\x84\xb8\xec\x9a\x94(NRFeedMode=1)."},
    {"%.0f%% of frames reused an old exposure",
     "\xed\x94\x84\xeb\xa0\x88\xec\x9e\x84\xec\x9d\x98 %.0f%%\xea\xb0\x80 \xec\x9d\xb4\xec\xa0\x84 \xeb\x85\xb8\xec\xb6\x9c\xec\x9d\x84 \xec\x9e\xac\xec\x82\xac\xec\x9a\xa9\xed\x95\xa8"},
    {"The game's exposure data looks wrong",
     "\xea\xb2\x8c\xec\x9e\x84\xec\x9d\x98 \xeb\x85\xb8\xec\xb6\x9c \xeb\x8d\xb0\xec\x9d\xb4\xed\x84\xb0\xea\xb0\x80 \xec\x9e\x98\xeb\xaa\xbb\xeb\x90\x9c \xea\xb2\x83 \xea\xb0\x99\xec\x9d\x8c"},
    {"On these frames the exposure value the game hands DLSS did not fit the image, so NR measures the brightness itself with its built-in meter instead.",
     "\xec\x9d\xb4 \xed\x94\x84\xeb\xa0\x88\xec\x9e\x84\xeb\x93\xa4\xec\x97\x90\xec\x84\x9c\xeb\x8a\x94 \xea\xb2\x8c\xec\x9e\x84\xec\x9d\xb4 DLSS\xec\x97\x90 \xec\xa0\x84\xeb\x8b\xac\xed\x95\x9c \xeb\x85\xb8\xec\xb6\x9c \xea\xb0\x92\xec\x9d\xb4 \xec\x9d\xb4\xeb\xaf\xb8\xec\xa7\x80\xec\x99\x80 \xeb\xa7\x9e\xec\xa7\x80 \xec\x95\x8a\xec\x95\x84, NR\xec\x9d\xb4 \xeb\x8c\x80\xec\x8b\xa0 \xeb\x82\xb4\xec\x9e\xa5 \xec\xb8\xa1\xea\xb4\x91\xea\xb8\xb0\xeb\xa1\x9c \xeb\xb0\x9d\xea\xb8\xb0\xeb\xa5\xbc \xec\xa7\x81\xec\xa0\x91 \xec\xb8\xa1\xec\xa0\x95\xed\x95\xa9\xeb\x8b\x88\xeb\x8b\xa4."},
    {"%.0f%% of checked frames used the built-in meter",
     "\xea\xb2\x80\xec\x82\xac\xed\x95\x9c \xed\x94\x84\xeb\xa0\x88\xec\x9e\x84\xec\x9d\x98 %.0f%%\xea\xb0\x80 \xeb\x82\xb4\xec\x9e\xa5 \xec\xb8\xa1\xea\xb4\x91\xea\xb8\xb0\xeb\xa5\xbc \xec\x82\xac\xec\x9a\xa9\xed\x95\xa8"},
    {"NR couldn't check the game's exposure data",
     "NR\xec\x9d\xb4 \xea\xb2\x8c\xec\x9e\x84\xec\x9d\x98 \xeb\x85\xb8\xec\xb6\x9c \xeb\x8d\xb0\xec\x9d\xb4\xed\x84\xb0\xeb\xa5\xbc \xea\xb2\x80\xec\x82\xac\xed\x95\x98\xec\xa7\x80 \xeb\xaa\xbb\xed\x95\xa8"},
    {"NR checks a sample of frames to confirm the game's exposure value fits the image; on these frames the check could not be read, so a wrong value would go unnoticed.",
     "NR\xec\x9d\x80 \xec\x9d\xbc\xeb\xb6\x80 \xed\x94\x84\xeb\xa0\x88\xec\x9e\x84\xec\x9d\x84 \xed\x91\x9c\xeb\xb3\xb8\xec\x9c\xbc\xeb\xa1\x9c \xea\xb2\x80\xec\x82\xac\xed\x95\xb4 \xea\xb2\x8c\xec\x9e\x84\xec\x9d\x98 \xeb\x85\xb8\xec\xb6\x9c \xea\xb0\x92\xec\x9d\xb4 \xec\x9d\xb4\xeb\xaf\xb8\xec\xa7\x80\xec\x99\x80 \xeb\xa7\x9e\xeb\x8a\x94\xec\xa7\x80 \xed\x99\x95\xec\x9d\xb8\xed\x95\xa9\xeb\x8b\x88\xeb\x8b\xa4. \xec\x9d\xb4 \xed\x94\x84\xeb\xa0\x88\xec\x9e\x84\xeb\x93\xa4\xec\x97\x90\xec\x84\x9c\xeb\x8a\x94 \xea\xb2\x80\xec\x82\xac \xea\xb2\xb0\xea\xb3\xbc\xeb\xa5\xbc \xec\x9d\xbd\xec\x9d\x84 \xec\x88\x98 \xec\x97\x86\xec\x96\xb4 \xec\x9e\x98\xeb\xaa\xbb\xeb\x90\x9c \xea\xb0\x92\xec\x9d\xb4 \xec\x9e\x88\xec\x96\xb4\xeb\x8f\x84 \xec\x95\x8c\xec\x95\x84\xec\xb0\xa8\xeb\xa6\xac\xec\xa7\x80 \xeb\xaa\xbb\xed\x95\xa0 \xec\x88\x98 \xec\x9e\x88\xec\x8a\xb5\xeb\x8b\x88\xeb\x8b\xa4."},
    {"%.0f%% of checks could not be read",
     "\xea\xb2\x80\xec\x82\xac\xec\x9d\x98 %.0f%%\xeb\xa5\xbc \xec\x9d\xbd\xec\x9d\x84 \xec\x88\x98 \xec\x97\x86\xec\x9d\x8c"},
    {"NR can't read the game's exposure texture",
     "NR\xec\x9d\xb4 \xea\xb2\x8c\xec\x9e\x84\xec\x9d\x98 \xeb\x85\xb8\xec\xb6\x9c \xed\x85\x8d\xec\x8a\xa4\xec\xb2\x98\xeb\xa5\xbc \xec\x9d\xbd\xec\x9d\x84 \xec\x88\x98 \xec\x97\x86\xec\x9d\x8c"},
    {"The game hands DLSS an exposure texture in a format or shape NR cannot read, so NR measures the brightness itself with its built-in meter. Nothing to change on your side.",
     "\xea\xb2\x8c\xec\x9e\x84\xec\x9d\xb4 DLSS\xec\x97\x90 NR\xec\x9d\xb4 \xec\x9d\xbd\xec\x9d\x84 \xec\x88\x98 \xec\x97\x86\xeb\x8a\x94 \xed\x8f\xac\xeb\xa7\xb7\xec\x9d\xb4\xeb\x82\x98 \xed\x98\x95\xed\x83\x9c\xec\x9d\x98 \xeb\x85\xb8\xec\xb6\x9c \xed\x85\x8d\xec\x8a\xa4\xec\xb2\x98\xeb\xa5\xbc \xec\xa0\x84\xeb\x8b\xac\xed\x95\x98\xeb\xaf\x80\xeb\xa1\x9c, NR\xec\x9d\xb4 \xeb\x82\xb4\xec\x9e\xa5 \xec\xb8\xa1\xea\xb4\x91\xea\xb8\xb0\xeb\xa1\x9c \xeb\xb0\x9d\xea\xb8\xb0\xeb\xa5\xbc \xec\xa7\x81\xec\xa0\x91 \xec\xb8\xa1\xec\xa0\x95\xed\x95\xa9\xeb\x8b\x88\xeb\x8b\xa4. \xec\x82\xac\xec\x9a\xa9\xec\x9e\x90\xea\xb0\x80 \xeb\xb0\x94\xea\xbf\x80 \xea\xb2\x83\xec\x9d\x80 \xec\x97\x86\xec\x8a\xb5\xeb\x8b\x88\xeb\x8b\xa4."},
    {"The GPU is short on video memory",
     "GPU\xec\x9d\x98 \xeb\xb9\x84\xeb\x94\x94\xec\x98\xa4 \xeb\xa9\x94\xeb\xaa\xa8\xeb\xa6\xac\xea\xb0\x80 \xeb\xb6\x80\xec\xa1\xb1\xed\x95\xa8"},
    {"The game and NR together use more video memory than Windows grants the game, so Windows moves some of it to system memory. Expect stutter and a lower frame rate.",
     "\xea\xb2\x8c\xec\x9e\x84\xea\xb3\xbc NR\xec\x9d\xb4 \xed\x95\xa8\xea\xbb\x98 Windows\xea\xb0\x80 \xea\xb2\x8c\xec\x9e\x84\xec\x97\x90 \xed\x97\x88\xec\x9a\xa9\xed\x95\x98\xeb\x8a\x94 \xea\xb2\x83\xeb\xb3\xb4\xeb\x8b\xa4 \xeb\xa7\x8e\xec\x9d\x80 \xeb\xb9\x84\xeb\x94\x94\xec\x98\xa4 \xeb\xa9\x94\xeb\xaa\xa8\xeb\xa6\xac\xeb\xa5\xbc \xec\x82\xac\xec\x9a\xa9\xed\x95\x98\xeb\xaf\x80\xeb\xa1\x9c, Windows\xea\xb0\x80 \xec\x9d\xbc\xeb\xb6\x80\xeb\xa5\xbc \xec\x8b\x9c\xec\x8a\xa4\xed\x85\x9c \xeb\xa9\x94\xeb\xaa\xa8\xeb\xa6\xac\xeb\xa1\x9c \xec\x98\xae\xea\xb9\x81\xeb\x8b\x88\xeb\x8b\xa4. \xeb\x81\x8a\xea\xb9\x80\xec\x9d\xb4 \xec\x83\x9d\xea\xb8\xb0\xea\xb3\xa0 \xed\x94\x84\xeb\xa0\x88\xec\x9e\x84 \xeb\xa0\x88\xec\x9d\xb4\xed\x8a\xb8\xea\xb0\x80 \xeb\x82\xae\xec\x95\x84\xec\xa7\x88 \xec\x88\x98 \xec\x9e\x88\xec\x8a\xb5\xeb\x8b\x88\xeb\x8b\xa4."},
    {"Lower Resolution scale or Stack passes in NR, or texture quality in the game.",
     "NR\xec\x9d\x98 \xed\x95\xb4\xec\x83\x81\xeb\x8f\x84 \xeb\xb0\xb0\xec\x9c\xa8\xec\x9d\xb4\xeb\x82\x98 \xed\x8c\xa8\xec\x8a\xa4 \xec\xa4\x91\xec\xb2\xa9, \xeb\x98\x90\xeb\x8a\x94 \xea\xb2\x8c\xec\x9e\x84\xec\x9d\x98 \xed\x85\x8d\xec\x8a\xa4\xec\xb2\x98 \xed\x92\x88\xec\xa7\x88\xec\x9d\x84 \xeb\x82\xae\xec\xb6\x94\xec\x84\xb8\xec\x9a\x94."},
    {"%.0f%% of the video memory budget in use",
     "\xeb\xb9\x84\xeb\x94\x94\xec\x98\xa4 \xeb\xa9\x94\xeb\xaa\xa8\xeb\xa6\xac \xec\x98\x88\xec\x82\xb0\xec\x9d\x98 %.0f%% \xec\x82\xac\xec\x9a\xa9 \xec\xa4\x91"},
    {"Some ReShade.ini values could not be used as written",
     "\xec\x9d\xbc\xeb\xb6\x80 ReShade.ini \xea\xb0\x92\xec\x9d\x84 \xec\xa0\x81\xed\x9e\x8c \xea\xb7\xb8\xeb\x8c\x80\xeb\xa1\x9c \xec\x82\xac\xec\x9a\xa9\xed\x95\xa0 \xec\x88\x98 \xec\x97\x86\xec\x9d\x8c"},
    {"NR used the value shown instead of these values in [RenoDX.DLSS5]:",
     "NR\xec\x9d\xb4 [RenoDX.DLSS5]\xec\x9d\x98 \xeb\x8b\xa4\xec\x9d\x8c \xea\xb0\x92 \xeb\x8c\x80\xec\x8b\xa0 \xed\x91\x9c\xec\x8b\x9c\xeb\x90\x9c \xea\xb0\x92\xec\x9d\x84 \xec\x82\xac\xec\x9a\xa9\xed\x96\x88\xec\x8a\xb5\xeb\x8b\x88\xeb\x8b\xa4:"},
    {"Write each value as a plain number (a switch as 0 or 1) inside its range, or reset it in this panel, then restart the game.",
     "\xea\xb0\x81 \xea\xb0\x92\xec\x9d\x84 \xeb\xb2\x94\xec\x9c\x84 \xec\x95\x88\xec\x9d\x98 \xec\x9d\xbc\xeb\xb0\x98 \xec\x88\xab\xec\x9e\x90\xeb\xa1\x9c \xec\x93\xb0\xea\xb1\xb0\xeb\x82\x98(\xec\x8a\xa4\xec\x9c\x84\xec\xb9\x98\xeb\x8a\x94 0 \xeb\x98\x90\xeb\x8a\x94 1) \xec\x9d\xb4 \xed\x8c\xa8\xeb\x84\x90\xec\x97\x90\xec\x84\x9c \xec\xb4\x88\xea\xb8\xb0\xed\x99\x94\xed\x95\x9c \xed\x9b\x84 \xea\xb2\x8c\xec\x9e\x84\xec\x9d\x84 \xeb\x8b\xa4\xec\x8b\x9c \xec\x8b\x9c\xec\x9e\x91\xed\x95\x98\xec\x84\xb8\xec\x9a\x94."},
    {"%.0f value(s)",
     "\xea\xb0\x92 %.0f\xea\xb0\x9c"},
    {"This add-on is loaded twice",
     "\xec\x9d\xb4 \xec\x95\xa0\xeb\x93\x9c\xec\x98\xa8\xec\x9d\xb4 \xeb\x91\x90 \xeb\xb2\x88 \xeb\xa1\x9c\xeb\x93\x9c\xeb\x90\xa8"},
    {"Another copy of this add-on runs in the same game, so Neural Rendering can be applied twice on each frame: stronger halos and darker edges.",
     "\xea\xb0\x99\xec\x9d\x80 \xea\xb2\x8c\xec\x9e\x84\xec\x97\x90\xec\x84\x9c \xec\x9d\xb4 \xec\x95\xa0\xeb\x93\x9c\xec\x98\xa8\xec\x9d\x98 \xeb\x8b\xa4\xeb\xa5\xb8 \xeb\xb3\xb5\xec\x82\xac\xeb\xb3\xb8\xec\x9d\xb4 \xec\x8b\xa4\xed\x96\x89\xeb\x90\x98\xea\xb3\xa0 \xec\x9e\x88\xec\x96\xb4 Neural Rendering\xec\x9d\xb4 \xed\x94\x84\xeb\xa0\x88\xec\x9e\x84\xeb\xa7\x88\xeb\x8b\xa4 \xeb\x91\x90 \xeb\xb2\x88 \xec\xa0\x81\xec\x9a\xa9\xeb\x90\xa0 \xec\x88\x98 \xec\x9e\x88\xec\x8a\xb5\xeb\x8b\x88\xeb\x8b\xa4. \xed\x97\xa4\xec\x9d\xbc\xeb\xa1\x9c\xea\xb0\x80 \xea\xb0\x95\xed\x95\xb4\xec\xa7\x80\xea\xb3\xa0 \xea\xb0\x80\xec\x9e\xa5\xec\x9e\x90\xeb\xa6\xac\xea\xb0\x80 \xec\x96\xb4\xeb\x91\x90\xec\x9b\x8c\xec\xa7\x91\xeb\x8b\x88\xeb\x8b\xa4."},
    {"Keep one DLSS5 .addon64 file in the game's folder, remove the others, and restart the game.",
     "\xea\xb2\x8c\xec\x9e\x84 \xed\x8f\xb4\xeb\x8d\x94\xec\x97\x90 DLSS5 .addon64 \xed\x8c\x8c\xec\x9d\xbc\xec\x9d\x84 \xed\x95\x98\xeb\x82\x98\xeb\xa7\x8c \xeb\x82\xa8\xea\xb8\xb0\xea\xb3\xa0 \xeb\x82\x98\xeb\xa8\xb8\xec\xa7\x80\xeb\x8a\x94 \xec\xa0\x9c\xea\xb1\xb0\xed\x95\x9c \xed\x9b\x84 \xea\xb2\x8c\xec\x9e\x84\xec\x9d\x84 \xeb\x8b\xa4\xec\x8b\x9c \xec\x8b\x9c\xec\x9e\x91\xed\x95\x98\xec\x84\xb8\xec\x9a\x94."},
    {"%.0f other copy loaded",
     "\xeb\x8b\xa4\xeb\xa5\xb8 \xeb\xb3\xb5\xec\x82\xac\xeb\xb3\xb8 %.0f\xea\xb0\x9c \xeb\xa1\x9c\xeb\x93\x9c\xeb\x90\xa8"},
    {"Something failed inside the mod and was contained",
     "\xeb\xaa\xa8\xeb\x93\x9c \xeb\x82\xb4\xeb\xb6\x80\xec\x97\x90\xec\x84\x9c \xec\x98\xa4\xeb\xa5\x98\xea\xb0\x80 \xeb\xb0\x9c\xec\x83\x9d\xed\x96\x88\xec\xa7\x80\xeb\xa7\x8c \xec\xb0\xa8\xeb\x8b\xa8\xeb\x90\xa8"},
    {"An error inside one of the mod's hooks was caught before it could reach the game. The frame it happened on may have kept the game's own image.",
     "\xeb\xaa\xa8\xeb\x93\x9c\xec\x9d\x98 \xed\x9b\x84\xed\x82\xb9 \xec\xa4\x91 \xed\x95\x98\xeb\x82\x98\xec\x97\x90\xec\x84\x9c \xeb\xb0\x9c\xec\x83\x9d\xed\x95\x9c \xec\x98\xa4\xeb\xa5\x98\xea\xb0\x80 \xea\xb2\x8c\xec\x9e\x84\xec\x97\x90 \xeb\x8f\x84\xeb\x8b\xac\xed\x95\x98\xea\xb8\xb0 \xec\xa0\x84\xec\x97\x90 \xed\x8f\xac\xec\xb0\xa9\xeb\x90\x98\xec\x97\x88\xec\x8a\xb5\xeb\x8b\x88\xeb\x8b\xa4. \xec\x98\xa4\xeb\xa5\x98\xea\xb0\x80 \xeb\xb0\x9c\xec\x83\x9d\xed\x95\x9c \xed\x94\x84\xeb\xa0\x88\xec\x9e\x84\xec\x9d\x80 \xea\xb2\x8c\xec\x9e\x84 \xec\x9e\x90\xec\xb2\xb4\xec\x9d\x98 \xec\x9d\xb4\xeb\xaf\xb8\xec\xa7\x80\xeb\xa1\x9c \xec\x9c\xa0\xec\xa7\x80\xeb\x90\x98\xec\x97\x88\xec\x9d\x84 \xec\x88\x98 \xec\x9e\x88\xec\x8a\xb5\xeb\x8b\x88\xeb\x8b\xa4."},
    {"%.0f error(s) caught",
     "\xec\x98\xa4\xeb\xa5\x98 %.0f\xea\xb0\x9c \xed\x8f\xac\xec\xb0\xa9\xeb\x90\xa8"},
    {"Some of the game's DLSS calls bypass NR",
     "\xea\xb2\x8c\xec\x9e\x84\xec\x9d\x98 \xec\x9d\xbc\xeb\xb6\x80 DLSS \xed\x98\xb8\xec\xb6\x9c\xec\x9d\xb4 NR\xec\x9d\x84 \xea\xb1\xb0\xec\xb9\x98\xec\xa7\x80 \xec\x95\x8a\xec\x9d\x8c"},
    {"NR could not attach to every copy of NVIDIA's DLSS library the game loaded (too many copies, or functions it could not hook), so DLSS calls through those copies run without NR.",
     "NR\xec\x9d\xb4 \xea\xb2\x8c\xec\x9e\x84\xec\x9d\xb4 \xeb\xa1\x9c\xeb\x93\x9c\xed\x95\x9c NVIDIA\xec\x9d\x98 DLSS \xeb\x9d\xbc\xec\x9d\xb4\xeb\xb8\x8c\xeb\x9f\xac\xeb\xa6\xac \xeb\xb3\xb5\xec\x82\xac\xeb\xb3\xb8 \xec\xa4\x91 \xec\x9d\xbc\xeb\xb6\x80\xec\x97\x90 \xec\x97\xb0\xea\xb2\xb0\xed\x95\x98\xec\xa7\x80 \xeb\xaa\xbb\xed\x96\x88\xec\x9c\xbc\xeb\xaf\x80\xeb\xa1\x9c(\xeb\xb3\xb5\xec\x82\xac\xeb\xb3\xb8\xec\x9d\xb4 \xeb\x84\x88\xeb\xac\xb4 \xeb\xa7\x8e\xea\xb1\xb0\xeb\x82\x98 \xed\x9b\x84\xed\x82\xb9\xed\x95\xa0 \xec\x88\x98 \xec\x97\x86\xeb\x8a\x94 \xed\x95\xa8\xec\x88\x98\xea\xb0\x80 \xec\x9e\x88\xec\x9d\x8c), \xea\xb7\xb8 \xeb\xb3\xb5\xec\x82\xac\xeb\xb3\xb8\xec\x9d\x84 \xea\xb1\xb0\xec\xb9\x98\xeb\x8a\x94 DLSS \xed\x98\xb8\xec\xb6\x9c\xec\x9d\x80 NR \xec\x97\x86\xec\x9d\xb4 \xec\x8b\xa4\xed\x96\x89\xeb\x90\xa9\xeb\x8b\x88\xeb\x8b\xa4."},
    {"%.0f library copies not fully hooked",
     "\xeb\x9d\xbc\xec\x9d\xb4\xeb\xb8\x8c\xeb\x9f\xac\xeb\xa6\xac \xeb\xb3\xb5\xec\x82\xac\xeb\xb3\xb8 %.0f\xea\xb0\x9c\xea\xb0\x80 \xec\x99\x84\xec\xa0\x84\xed\x9e\x88 \xed\x9b\x84\xed\x82\xb9\xeb\x90\x98\xec\xa7\x80 \xec\x95\x8a\xec\x9d\x8c"},
    {"NR can't hook this game's Streamline version",
     "NR\xec\x9d\xb4 \xec\x9d\xb4 \xea\xb2\x8c\xec\x9e\x84\xec\x9d\x98 Streamline \xeb\xb2\x84\xec\xa0\x84\xec\x9d\x84 \xed\x9b\x84\xed\x82\xb9\xed\x95\xa0 \xec\x88\x98 \xec\x97\x86\xec\x9d\x8c"},
    {"The game loads NVIDIA Streamline, but not a version NR can attach to, so NR reaches the game's DLSS through NVIDIA's NGX library only. EnableHooks=1 does not change this.",
     "\xea\xb2\x8c\xec\x9e\x84\xec\x9d\xb4 NVIDIA Streamline\xec\x9d\x84 \xeb\xa1\x9c\xeb\x93\x9c\xed\x95\x98\xec\xa7\x80\xeb\xa7\x8c NR\xec\x9d\xb4 \xec\x97\xb0\xea\xb2\xb0\xed\x95\xa0 \xec\x88\x98 \xec\x9e\x88\xeb\x8a\x94 \xeb\xb2\x84\xec\xa0\x84\xec\x9d\xb4 \xec\x95\x84\xeb\x8b\x88\xeb\xaf\x80\xeb\xa1\x9c, NR\xec\x9d\x80 NVIDIA\xec\x9d\x98 NGX \xeb\x9d\xbc\xec\x9d\xb4\xeb\xb8\x8c\xeb\x9f\xac\xeb\xa6\xac\xeb\xa5\xbc \xed\x86\xb5\xed\x95\xb4\xec\x84\x9c\xeb\xa7\x8c \xea\xb2\x8c\xec\x9e\x84\xec\x9d\x98 DLSS\xec\x97\x90 \xec\xa0\x91\xea\xb7\xbc\xed\x95\xa9\xeb\x8b\x88\xeb\x8b\xa4. EnableHooks=1\xeb\xa1\x9c\xeb\x8f\x84 \xeb\xb0\x94\xeb\x80\x8c\xec\xa7\x80 \xec\x95\x8a\xec\x8a\xb5\xeb\x8b\x88\xeb\x8b\xa4."},
    {"%.0f Streamline module(s) not hooked",
     "Streamline \xeb\xaa\xa8\xeb\x93\x88 %.0f\xea\xb0\x9c\xea\xb0\x80 \xed\x9b\x84\xed\x82\xb9\xeb\x90\x98\xec\xa7\x80 \xec\x95\x8a\xec\x9d\x8c"},
    {"NR's overlay controls are paused",
     "NR\xec\x9d\x98 \xec\x98\xa4\xeb\xb2\x84\xeb\xa0\x88\xec\x9d\xb4 \xec\xbb\xa8\xed\x8a\xb8\xeb\xa1\xa4\xec\x9d\xb4 \xec\x9d\xbc\xec\x8b\x9c \xec\xa4\x91\xec\xa7\x80\xeb\x90\xa8"},
    {"The game has a second window or swap chain open, so the status HUD, the overlay hotkeys and the window dock keep their current state until it closes.",
     "\xea\xb2\x8c\xec\x9e\x84\xec\x97\x90 \xeb\x91\x90 \xeb\xb2\x88\xec\xa7\xb8 \xec\xb0\xbd\xec\x9d\xb4\xeb\x82\x98 \xec\x8a\xa4\xec\x99\x91\xec\xb2\xb4\xec\x9d\xb8\xec\x9d\xb4 \xec\x97\xb4\xeb\xa0\xa4 \xec\x9e\x88\xec\x96\xb4, \xea\xb7\xb8\xea\xb2\x83\xec\x9d\xb4 \xeb\x8b\xab\xed\x9e\x90 \xeb\x95\x8c\xea\xb9\x8c\xec\xa7\x80 \xec\x83\x81\xed\x83\x9c HUD, \xec\x98\xa4\xeb\xb2\x84\xeb\xa0\x88\xec\x9d\xb4 \xeb\x8b\xa8\xec\xb6\x95\xed\x82\xa4, \xec\xb0\xbd \xeb\x8f\x84\xed\x82\xb9\xec\x9d\xb4 \xed\x98\x84\xec\x9e\xac \xec\x83\x81\xed\x83\x9c\xeb\xa5\xbc \xec\x9c\xa0\xec\xa7\x80\xed\x95\xa9\xeb\x8b\x88\xeb\x8b\xa4."},
    {"%.0f frames with the controls paused",
     "\xec\xbb\xa8\xed\x8a\xb8\xeb\xa1\xa4\xec\x9d\xb4 \xec\x9d\xbc\xec\x8b\x9c \xec\xa4\x91\xec\xa7\x80\xeb\x90\x9c \xed\x94\x84\xeb\xa0\x88\xec\x9e\x84 %.0f\xea\xb0\x9c"},
    {"The stabilizer keeps restarting",
     "\xec\x95\x88\xec\xa0\x95\xed\x99\x94\xea\xb0\x80 \xea\xb3\x84\xec\x86\x8d \xeb\x8b\xa4\xec\x8b\x9c \xec\x8b\x9c\xec\x9e\x91\xeb\x90\xa8"},
    {"Stabilize starts over whenever the game resets DLSS (a camera cut) or a frame takes very long. That happens often here, so Stabilize has little effect. Nothing to change on your side.",
     "\xec\x95\x88\xec\xa0\x95\xed\x99\x94\xeb\x8a\x94 \xea\xb2\x8c\xec\x9e\x84\xec\x9d\xb4 DLSS\xeb\xa5\xbc \xec\xb4\x88\xea\xb8\xb0\xed\x99\x94\xed\x95\xa0 \xeb\x95\x8c(\xec\xb9\xb4\xeb\xa9\x94\xeb\x9d\xbc \xec\xbb\xb7)\xeb\x82\x98 \xed\x94\x84\xeb\xa0\x88\xec\x9e\x84\xec\x9d\xb4 \xeb\xa7\xa4\xec\x9a\xb0 \xec\x98\xa4\xeb\x9e\x98 \xea\xb1\xb8\xeb\xa6\xb4 \xeb\x95\x8c\xeb\xa7\x88\xeb\x8b\xa4 \xec\xb2\x98\xec\x9d\x8c\xeb\xb6\x80\xed\x84\xb0 \xeb\x8b\xa4\xec\x8b\x9c \xec\x8b\x9c\xec\x9e\x91\xed\x95\xa9\xeb\x8b\x88\xeb\x8b\xa4. \xec\x97\xac\xea\xb8\xb0\xec\x84\x9c\xeb\x8a\x94 \xea\xb7\xb8\xeb\x9f\xb0 \xec\x9d\xbc\xec\x9d\xb4 \xec\x9e\x90\xec\xa3\xbc \xec\x9d\xbc\xec\x96\xb4\xeb\x82\x98 \xec\x95\x88\xec\xa0\x95\xed\x99\x94\xec\x9d\x98 \xed\x9a\xa8\xea\xb3\xbc\xea\xb0\x80 \xea\xb1\xb0\xec\x9d\x98 \xec\x97\x86\xec\x8a\xb5\xeb\x8b\x88\xeb\x8b\xa4. \xec\x82\xac\xec\x9a\xa9\xec\x9e\x90\xea\xb0\x80 \xeb\xb0\x94\xea\xbf\x80 \xea\xb2\x83\xec\x9d\x80 \xec\x97\x86\xec\x8a\xb5\xeb\x8b\x88\xeb\x8b\xa4."},
    {"%.0f%% of stabilized frames restarted",
     "\xec\x95\x88\xec\xa0\x95\xed\x99\x94\xeb\x90\x9c \xed\x94\x84\xeb\xa0\x88\xec\x9e\x84\xec\x9d\x98 %.0f%%\xea\xb0\x80 \xeb\x8b\xa4\xec\x8b\x9c \xec\x8b\x9c\xec\x9e\x91\xeb\x90\xa8"},
    {"NR is holding video memory until the game closes",
     "NR\xec\x9d\xb4 \xea\xb2\x8c\xec\x9e\x84\xec\x9d\x84 \xec\xa2\x85\xeb\xa3\x8c\xed\x95\xa0 \xeb\x95\x8c\xea\xb9\x8c\xec\xa7\x80 \xeb\xb9\x84\xeb\x94\x94\xec\x98\xa4 \xeb\xa9\x94\xeb\xaa\xa8\xeb\xa6\xac\xeb\xa5\xbc \xeb\xb3\xb4\xec\x9c\xa0 \xec\xa4\x91"},
    {"The GPU never confirmed it had finished with memory NR retired, so NR keeps that memory until the game exits rather than risk freeing it too early.",
     "NR\xec\x9d\xb4 \xed\x95\xb4\xec\xa0\x9c\xed\x95\x9c \xeb\xa9\x94\xeb\xaa\xa8\xeb\xa6\xac\xeb\xa5\xbc GPU\xea\xb0\x80 \xeb\x8b\xa4 \xec\x82\xac\xec\x9a\xa9\xed\x96\x88\xeb\x8a\x94\xec\xa7\x80 \xed\x99\x95\xec\x9d\xb8\xed\x95\xb4 \xec\xa3\xbc\xec\xa7\x80 \xec\x95\x8a\xec\x95\x84, \xeb\x84\x88\xeb\xac\xb4 \xec\x9d\xbc\xec\xb0\x8d \xed\x95\xb4\xec\xa0\x9c\xed\x95\x98\xeb\x8a\x94 \xec\x9c\x84\xed\x97\x98\xec\x9d\x84 \xed\x94\xbc\xed\x95\x98\xeb\xa0\xa4\xea\xb3\xa0 NR\xec\x9d\x80 \xea\xb2\x8c\xec\x9e\x84\xec\x9d\xb4 \xec\xa2\x85\xeb\xa3\x8c\xeb\x90\xa0 \xeb\x95\x8c\xea\xb9\x8c\xec\xa7\x80 \xea\xb7\xb8 \xeb\xa9\x94\xeb\xaa\xa8\xeb\xa6\xac\xeb\xa5\xbc \xeb\xb3\xb4\xec\x9c\xa0\xed\x95\xa9\xeb\x8b\x88\xeb\x8b\xa4."},
    {"%.0f MiB held",
     "%.0f MiB \xeb\xb3\xb4\xec\x9c\xa0 \xec\xa4\x91"},
    {"Flicker or boiling",
     "\xea\xb9\x9c\xeb\xb0\x95\xec\x9e\x84 \xeb\x98\x90\xeb\x8a\x94 \xec\xa7\x80\xea\xb8\x80\xea\xb1\xb0\xeb\xa6\xbc"},
    {"Wrong colours",
     "\xec\x83\x89\xec\x83\x81 \xec\x9d\xb4\xec\x83\x81"},
    {"Crash or freeze",
     "\xec\xb6\xa9\xeb\x8f\x8c \xeb\x98\x90\xeb\x8a\x94 \xeb\xa9\x88\xec\xb6\xa4"},
    {"Low fps",
     "\xeb\x82\xae\xec\x9d\x80 fps"},
    {"NR not working",
     "NR\xec\x9d\xb4 \xec\x9e\x91\xeb\x8f\x99\xed\x95\x98\xec\xa7\x80 \xec\x95\x8a\xec\x9d\x8c"},
    {"Something else",
     "\xea\xb8\xb0\xed\x83\x80"},
    {"Support report",
     "\xec\xa7\x80\xec\x9b\x90 \xeb\xb3\xb4\xea\xb3\xa0\xec\x84\x9c"},
    {"ReShade log",
     "ReShade \xeb\xa1\x9c\xea\xb7\xb8"},
    {"ReShade settings (ReShade.ini)",
     "ReShade \xec\x84\xa4\xec\xa0\x95 (ReShade.ini)"},
    {"Crash log (RenoDX-DLSS5)",
     "\xec\xb6\xa9\xeb\x8f\x8c \xeb\xa1\x9c\xea\xb7\xb8 (RenoDX-DLSS5)"},
    {"Model output diagnostic",
     "\xeb\xaa\xa8\xeb\x8d\xb8 \xec\xb6\x9c\xeb\xa0\xa5 \xec\xa7\x84\xeb\x8b\xa8"},
    {"Screenshot, NR on",
     "\xec\x8a\xa4\xed\x81\xac\xeb\xa6\xb0\xec\x83\xb7, NR \xec\xbc\x9c\xec\xa7\x90"},
    {"Model input diagnostic",
     "\xeb\xaa\xa8\xeb\x8d\xb8 \xec\x9e\x85\xeb\xa0\xa5 \xec\xa7\x84\xeb\x8b\xa8"},
    {"Screenshot, NR off",
     "\xec\x8a\xa4\xed\x81\xac\xeb\xa6\xb0\xec\x83\xb7, NR \xea\xba\xbc\xec\xa7\x90"},
    {"Capture details",
     "\xec\xba\xa1\xec\xb2\x98 \xec\x84\xb8\xeb\xb6\x80 \xec\xa0\x95\xeb\xb3\xb4"},
    {"Summary: version, status, settings, GPU and driver",
     "\xec\x9a\x94\xec\x95\xbd: \xeb\xb2\x84\xec\xa0\x84, \xec\x83\x81\xed\x83\x9c, \xec\x84\xa4\xec\xa0\x95, GPU \xeb\xb0\x8f \xeb\x93\x9c\xeb\x9d\xbc\xec\x9d\xb4\xeb\xb2\x84"},
    {"Capture taken.",
     "\xec\xba\xa1\xec\xb2\x98\xed\x96\x88\xec\x8a\xb5\xeb\x8b\x88\xeb\x8b\xa4."},
    {"No capture: this API or presentation path does not support an exact final-frame comparison yet.",
     "\xec\xba\xa1\xec\xb2\x98 \xec\x97\x86\xec\x9d\x8c: \xec\x9d\xb4 API \xeb\x98\x90\xeb\x8a\x94 \xed\x91\x9c\xec\x8b\x9c \xea\xb2\xbd\xeb\xa1\x9c\xeb\x8a\x94 \xec\x95\x84\xec\xa7\x81 \xec\xb5\x9c\xec\xa2\x85 \xed\x94\x84\xeb\xa0\x88\xec\x9e\x84\xec\x9d\x98 \xec\xa0\x95\xed\x99\x95\xed\x95\x9c \xeb\xb9\x84\xea\xb5\x90\xeb\xa5\xbc \xec\xa7\x80\xec\x9b\x90\xed\x95\x98\xec\xa7\x80 \xec\x95\x8a\xec\x8a\xb5\xeb\x8b\x88\xeb\x8b\xa4."},
    {"No capture: model-buffer readback is unavailable on this path; use the game's screenshot function for the displayed image.",
     "\xec\xba\xa1\xec\xb2\x98 \xec\x97\x86\xec\x9d\x8c: \xec\x9d\xb4 \xea\xb2\xbd\xeb\xa1\x9c\xec\x97\x90\xec\x84\x9c\xeb\x8a\x94 \xeb\xaa\xa8\xeb\x8d\xb8 \xeb\xb2\x84\xed\x8d\xbc\xeb\xa5\xbc \xec\x9d\xbd\xec\x96\xb4 \xec\x98\xac \xec\x88\x98 \xec\x97\x86\xec\x8a\xb5\xeb\x8b\x88\xeb\x8b\xa4. \xed\x91\x9c\xec\x8b\x9c\xeb\x90\x98\xeb\x8a\x94 \xec\x9d\xb4\xeb\xaf\xb8\xec\xa7\x80\xeb\x8a\x94 \xea\xb2\x8c\xec\x9e\x84\xec\x9d\x98 \xec\x8a\xa4\xed\x81\xac\xeb\xa6\xb0\xec\x83\xb7 \xea\xb8\xb0\xeb\x8a\xa5\xec\x9c\xbc\xeb\xa1\x9c \xec\xb0\x8d\xec\x9c\xbc\xec\x84\xb8\xec\x9a\x94."},
    {"No capture: exact comparison unavailable with this frame-generation route; disable frame generation for the capture.",
     "\xec\xba\xa1\xec\xb2\x98 \xec\x97\x86\xec\x9d\x8c: \xec\x9d\xb4 \xed\x94\x84\xeb\xa0\x88\xec\x9e\x84 \xec\x83\x9d\xec\x84\xb1 \xea\xb2\xbd\xeb\xa1\x9c\xec\x97\x90\xec\x84\x9c\xeb\x8a\x94 \xec\xa0\x95\xed\x99\x95\xed\x95\x9c \xeb\xb9\x84\xea\xb5\x90\xeb\xa5\xbc \xed\x95\xa0 \xec\x88\x98 \xec\x97\x86\xec\x8a\xb5\xeb\x8b\x88\xeb\x8b\xa4. \xec\xba\xa1\xec\xb2\x98\xed\x95\xa0 \xeb\x95\x8c\xeb\x8a\x94 \xed\x94\x84\xeb\xa0\x88\xec\x9e\x84 \xec\x83\x9d\xec\x84\xb1\xec\x9d\x84 \xeb\x81\x84\xec\x84\xb8\xec\x9a\x94."},
    {"No capture: enable NR before taking a comparison.",
     "\xec\xba\xa1\xec\xb2\x98 \xec\x97\x86\xec\x9d\x8c: \xeb\xb9\x84\xea\xb5\x90\xeb\xa5\xbc \xec\xba\xa1\xec\xb2\x98\xed\x95\x98\xea\xb8\xb0 \xec\xa0\x84\xec\x97\x90 NR\xec\x9d\x84 \xec\xbc\x9c\xec\x84\xb8\xec\x9a\x94."},
    {"No capture: another NR implementation owns this frame.",
     "\xec\xba\xa1\xec\xb2\x98 \xec\x97\x86\xec\x9d\x8c: \xec\x9d\xb4 \xed\x94\x84\xeb\xa0\x88\xec\x9e\x84\xec\x9d\x80 \xeb\x8b\xa4\xeb\xa5\xb8 NR \xea\xb5\xac\xed\x98\x84\xec\x9d\xb4 \xec\xb2\x98\xeb\xa6\xac\xed\x95\x98\xea\xb3\xa0 \xec\x9e\x88\xec\x8a\xb5\xeb\x8b\x88\xeb\x8b\xa4."},
    {"No capture: the command list carrying its copies did not execute.",
     "\xec\xba\xa1\xec\xb2\x98 \xec\x97\x86\xec\x9d\x8c: \xeb\xb3\xb5\xec\x82\xac \xec\x9e\x91\xec\x97\x85\xec\x9d\xb4 \xeb\x8b\xb4\xea\xb8\xb4 \xeb\xaa\x85\xeb\xa0\xb9 \xeb\xaa\xa9\xeb\xa1\x9d\xec\x9d\xb4 \xec\x8b\xa4\xed\x96\x89\xeb\x90\x98\xec\xa7\x80 \xec\x95\x8a\xec\x95\x98\xec\x8a\xb5\xeb\x8b\x88\xeb\x8b\xa4."},
    {"No capture: NR did not run a frame (NR off, a menu or a loading screen).",
     "\xec\xba\xa1\xec\xb2\x98 \xec\x97\x86\xec\x9d\x8c: NR\xec\x9d\xb4 \xed\x94\x84\xeb\xa0\x88\xec\x9e\x84\xec\x9d\x84 \xec\xb2\x98\xeb\xa6\xac\xed\x95\x98\xec\xa7\x80 \xec\x95\x8a\xec\x95\x98\xec\x8a\xb5\xeb\x8b\x88\xeb\x8b\xa4(NR \xea\xba\xbc\xec\xa7\x90, \xeb\xa9\x94\xeb\x89\xb4 \xeb\x98\x90\xeb\x8a\x94 \xeb\xa1\x9c\xeb\x94\xa9 \xed\x99\x94\xeb\xa9\xb4)."},
    {"No capture: it did not finish in time.",
     "\xec\xba\xa1\xec\xb2\x98 \xec\x97\x86\xec\x9d\x8c: \xec\xa0\x9c\xec\x8b\x9c\xea\xb0\x84\xec\x97\x90 \xeb\x81\x9d\xeb\x82\x98\xec\xa7\x80 \xec\x95\x8a\xec\x95\x98\xec\x8a\xb5\xeb\x8b\x88\xeb\x8b\xa4."},
    {"No capture: the GPU did not confirm the copies in time.",
     "\xec\xba\xa1\xec\xb2\x98 \xec\x97\x86\xec\x9d\x8c: GPU\xea\xb0\x80 \xec\xa0\x9c\xec\x8b\x9c\xea\xb0\x84\xec\x97\x90 \xeb\xb3\xb5\xec\x82\xac\xeb\xa5\xbc \xed\x99\x95\xec\x9d\xb8\xed\x95\x98\xec\xa7\x80 \xec\x95\x8a\xec\x95\x98\xec\x8a\xb5\xeb\x8b\x88\xeb\x8b\xa4."},
    {"No capture: the frame's NR pass did not complete.",
     "\xec\xba\xa1\xec\xb2\x98 \xec\x97\x86\xec\x9d\x8c: \xed\x94\x84\xeb\xa0\x88\xec\x9e\x84\xec\x9d\x98 NR \xed\x8c\xa8\xec\x8a\xa4\xea\xb0\x80 \xec\x99\x84\xeb\xa3\x8c\xeb\x90\x98\xec\xa7\x80 \xec\x95\x8a\xec\x95\x98\xec\x8a\xb5\xeb\x8b\x88\xeb\x8b\xa4."},
    {"No capture: skipped.",
     "\xec\xba\xa1\xec\xb2\x98 \xec\x97\x86\xec\x9d\x8c: \xea\xb1\xb4\xeb\x84\x88\xeb\x9b\xb0\xec\x97\x88\xec\x8a\xb5\xeb\x8b\x88\xeb\x8b\xa4."},
    {"No capture: the files could not be written.",
     "\xec\xba\xa1\xec\xb2\x98 \xec\x97\x86\xec\x9d\x8c: \xed\x8c\x8c\xec\x9d\xbc\xec\x9d\x84 \xea\xb8\xb0\xeb\xa1\x9d\xed\x95\xa0 \xec\x88\x98 \xec\x97\x86\xec\x97\x88\xec\x8a\xb5\xeb\x8b\x88\xeb\x8b\xa4."},
    {"Send a report about these issues",
     "\xec\x9d\xb4 \xeb\xac\xb8\xec\xa0\x9c \xeb\xb3\xb4\xea\xb3\xa0\xed\x95\x98\xea\xb8\xb0"},
    {"I'm having issues...",
     "\xeb\xac\xb8\xec\xa0\x9c\xea\xb0\x80 \xec\x9e\x88\xec\x96\xb4\xec\x9a\x94..."},
    {"Takes a capture (%s) and collects the logs into one zip. You review every file; it is uploaded only when you press Upload, and you get a link to send to the mod author.",
     "\xec\xba\xa1\xec\xb2\x98(%s)\xeb\xa5\xbc \xed\x95\x98\xea\xb3\xa0 \xeb\xa1\x9c\xea\xb7\xb8\xeb\xa5\xbc zip \xed\x95\x98\xeb\x82\x98\xeb\xa1\x9c \xeb\xaa\xa8\xec\x9d\x8d\xeb\x8b\x88\xeb\x8b\xa4. \xeb\xaa\xa8\xeb\x93\xa0 \xed\x8c\x8c\xec\x9d\xbc\xec\x9d\x84 \xec\xa7\x81\xec\xa0\x91 \xed\x99\x95\xec\x9d\xb8\xed\x95\x98\xeb\xa9\xb0, \xec\x97\x85\xeb\xa1\x9c\xeb\x93\x9c\xeb\xa5\xbc \xeb\x88\x8c\xeb\x9f\xac\xec\x95\xbc\xeb\xa7\x8c \xec\x97\x85\xeb\xa1\x9c\xeb\x93\x9c\xeb\x90\x98\xea\xb3\xa0 \xeb\xaa\xa8\xeb\x93\x9c \xec\xa0\x9c\xec\x9e\x91\xec\x9e\x90\xec\x97\x90\xea\xb2\x8c \xeb\xb3\xb4\xeb\x82\xbc \xeb\xa7\x81\xed\x81\xac\xeb\xa5\xbc \xeb\xb0\x9b\xec\x8a\xb5\xeb\x8b\x88\xeb\x8b\xa4."},
    {"Report an issue",
     "\xeb\xac\xb8\xec\xa0\x9c \xeb\xb3\xb4\xea\xb3\xa0"},
    {"Step 1 of 3: what went wrong?",
     "1/3\xeb\x8b\xa8\xea\xb3\x84: \xeb\xac\xb4\xec\x97\x87\xec\x9d\xb4 \xeb\xac\xb8\xec\xa0\x9c\xec\x9d\xb8\xea\xb0\x80\xec\x9a\x94?"},
    {"One line: what you saw, and where in the game (optional)",
     "\xed\x95\x9c \xec\xa4\x84\xeb\xa1\x9c: \xeb\xac\xb4\xec\x97\x87\xec\x9d\x84 \xeb\xb4\xa4\xeb\x8a\x94\xec\xa7\x80, \xea\xb2\x8c\xec\x9e\x84\xec\x9d\x98 \xec\x96\xb4\xeb\x94\x94\xec\x9d\xb8\xec\xa7\x80 (\xec\x84\xa0\xed\x83\x9d)"},
    {"Next, the addon takes a capture (%s) while the game keeps running and collects its logs. Nothing leaves your PC until you press Upload.",
     "\xeb\x8b\xa4\xec\x9d\x8c\xec\x9c\xbc\xeb\xa1\x9c \xea\xb2\x8c\xec\x9e\x84\xec\x9d\xb4 \xea\xb3\x84\xec\x86\x8d \xec\x8b\xa4\xed\x96\x89\xeb\x90\x98\xeb\x8a\x94 \xeb\x8f\x99\xec\x95\x88 \xec\x95\xa0\xeb\x93\x9c\xec\x98\xa8\xec\x9d\xb4 \xec\xba\xa1\xec\xb2\x98(%s)\xeb\xa5\xbc \xed\x95\x98\xea\xb3\xa0 \xeb\xa1\x9c\xea\xb7\xb8\xeb\xa5\xbc \xec\x88\x98\xec\xa7\x91\xed\x95\xa9\xeb\x8b\x88\xeb\x8b\xa4. \xec\x97\x85\xeb\xa1\x9c\xeb\x93\x9c\xeb\xa5\xbc \xeb\x88\x84\xeb\xa5\xb4\xea\xb8\xb0 \xec\xa0\x84\xec\x97\x90\xeb\x8a\x94 \xec\x95\x84\xeb\xac\xb4\xea\xb2\x83\xeb\x8f\x84 PC \xeb\xb0\x96\xec\x9c\xbc\xeb\xa1\x9c \xeb\x82\x98\xea\xb0\x80\xec\xa7\x80 \xec\x95\x8a\xec\x8a\xb5\xeb\x8b\x88\xeb\x8b\xa4."},
    {"Continue",
     "\xea\xb3\x84\xec\x86\x8d"},
    {"Step 2 of 3: capturing",
     "2/3\xeb\x8b\xa8\xea\xb3\x84: \xec\xba\xa1\xec\xb2\x98 \xec\xa4\x91"},
    {"Taking a capture (%s). Keep playing: a menu or loading screen has no NR frame to capture.",
     "\xec\xba\xa1\xec\xb2\x98\xed\x95\x98\xeb\x8a\x94 \xec\xa4\x91(%s). \xea\xb3\x84\xec\x86\x8d \xed\x94\x8c\xeb\xa0\x88\xec\x9d\xb4\xed\x95\x98\xec\x84\xb8\xec\x9a\x94. \xeb\xa9\x94\xeb\x89\xb4\xeb\x82\x98 \xeb\xa1\x9c\xeb\x94\xa9 \xed\x99\x94\xeb\xa9\xb4\xec\x97\x90\xeb\x8a\x94 \xec\xba\xa1\xec\xb2\x98\xed\x95\xa0 NR \xed\x94\x84\xeb\xa0\x88\xec\x9e\x84\xec\x9d\xb4 \xec\x97\x86\xec\x8a\xb5\xeb\x8b\x88\xeb\x8b\xa4."},
    {"Continue without a capture",
     "\xec\xba\xa1\xec\xb2\x98 \xec\x97\x86\xec\x9d\xb4 \xea\xb3\x84\xec\x86\x8d"},
    {"Collecting the logs...",
     "\xeb\xa1\x9c\xea\xb7\xb8 \xec\x88\x98\xec\xa7\x91 \xec\xa4\x91..."},
    {"Step 3 of 3: review what is sent",
     "3/3\xeb\x8b\xa8\xea\xb3\x84: \xeb\xb3\xb4\xeb\x82\xbc \xeb\x82\xb4\xec\x9a\xa9 \xed\x99\x95\xec\x9d\xb8"},
    {"Total: %s",
     "\xed\x95\xa9\xea\xb3\x84: %s"},
    {"Upload sends the zip to %s. Anyone with the link can download it; it is deleted after %u hours.",
     "\xec\x97\x85\xeb\xa1\x9c\xeb\x93\x9c\xed\x95\x98\xeb\xa9\xb4 zip\xec\x9d\x84 %s\xec\x97\x90 \xeb\xb3\xb4\xeb\x83\x85\xeb\x8b\x88\xeb\x8b\xa4. \xeb\xa7\x81\xed\x81\xac\xea\xb0\x80 \xec\x9e\x88\xec\x9c\xbc\xeb\xa9\xb4 \xeb\x88\x84\xea\xb5\xac\xeb\x82\x98 \xeb\x82\xb4\xeb\xa0\xa4\xeb\xb0\x9b\xec\x9d\x84 \xec\x88\x98 \xec\x9e\x88\xec\x9c\xbc\xeb\xa9\xb0, %u\xec\x8b\x9c\xea\xb0\x84 \xed\x9b\x84 \xec\x82\xad\xec\xa0\x9c\xeb\x90\xa9\xeb\x8b\x88\xeb\x8b\xa4."},
    {"If it does not answer: %s, deleted after %u hours.",
     "\xec\x9d\x91\xeb\x8b\xb5\xec\x9d\xb4 \xec\x97\x86\xec\x9c\xbc\xeb\xa9\xb4: %s, %u\xec\x8b\x9c\xea\xb0\x84 \xed\x9b\x84 \xec\x82\xad\xec\xa0\x9c."},
    {"Uploading is off (NRReportHost=none): the zip is saved on this PC.",
     "\xec\x97\x85\xeb\xa1\x9c\xeb\x93\x9c\xea\xb0\x80 \xea\xba\xbc\xec\xa0\xb8 \xec\x9e\x88\xec\x8a\xb5\xeb\x8b\x88\xeb\x8b\xa4(NRReportHost=none). zip\xec\x9d\x80 \xec\x9d\xb4 PC\xec\x97\x90 \xec\xa0\x80\xec\x9e\xa5\xeb\x90\xa9\xeb\x8b\x88\xeb\x8b\xa4."},
    {"Your Windows user name and profile folder are removed from every text file.",
     "Windows \xec\x82\xac\xec\x9a\xa9\xec\x9e\x90 \xec\x9d\xb4\xeb\xa6\x84\xea\xb3\xbc \xed\x94\x84\xeb\xa1\x9c\xed\x95\x84 \xed\x8f\xb4\xeb\x8d\x94\xeb\x8a\x94 \xeb\xaa\xa8\xeb\x93\xa0 \xed\x85\x8d\xec\x8a\xa4\xed\x8a\xb8 \xed\x8c\x8c\xec\x9d\xbc\xec\x97\x90\xec\x84\x9c \xec\xa0\x9c\xea\xb1\xb0\xeb\x90\xa9\xeb\x8b\x88\xeb\x8b\xa4."},
    {"Upload & copy link",
     "\xec\x97\x85\xeb\xa1\x9c\xeb\x93\x9c \xeb\xb0\x8f \xeb\xa7\x81\xed\x81\xac \xeb\xb3\xb5\xec\x82\xac"},
    {"Save zip only",
     "zip\xeb\xa7\x8c \xec\xa0\x80\xec\x9e\xa5"},
    {"Packing the zip...",
     "zip \xeb\xa7\x8c\xeb\x93\x9c\xeb\x8a\x94 \xec\xa4\x91..."},
    {"Uploading to %s...",
     "%s\xec\x97\x90 \xec\x97\x85\xeb\xa1\x9c\xeb\x93\x9c \xec\xa4\x91..."},
    {"Link copied to the clipboard",
     "\xeb\xa7\x81\xed\x81\xac\xeb\xa5\xbc \xed\x81\xb4\xeb\xa6\xbd\xeb\xb3\xb4\xeb\x93\x9c\xec\x97\x90 \xeb\xb3\xb5\xec\x82\xac\xed\x96\x88\xec\x8a\xb5\xeb\x8b\x88\xeb\x8b\xa4"},
    {"Paste this link to the mod author on Discord.",
     "\xec\x9d\xb4 \xeb\xa7\x81\xed\x81\xac\xeb\xa5\xbc Discord\xec\x97\x90\xec\x84\x9c \xeb\xaa\xa8\xeb\x93\x9c \xec\xa0\x9c\xec\x9e\x91\xec\x9e\x90\xec\x97\x90\xea\xb2\x8c \xeb\xb6\x99\xec\x97\xac \xeb\x84\xa3\xec\x9c\xbc\xec\x84\xb8\xec\x9a\x94."},
    {"Copy again",
     "\xeb\x8b\xa4\xec\x8b\x9c \xeb\xb3\xb5\xec\x82\xac"},
    {"The upload failed: %s",
     "\xec\x97\x85\xeb\xa1\x9c\xeb\x93\x9c \xec\x8b\xa4\xed\x8c\xa8: %s"},
    {"Saved: %s",
     "\xec\xa0\x80\xec\x9e\xa5\xeb\x90\xa8: %s"},
    {"Send this file to the mod author on Discord; its folder opens with the button.",
     "\xec\x9d\xb4 \xed\x8c\x8c\xec\x9d\xbc\xec\x9d\x84 Discord\xec\x97\x90\xec\x84\x9c \xeb\xaa\xa8\xeb\x93\x9c \xec\xa0\x9c\xec\x9e\x91\xec\x9e\x90\xec\x97\x90\xea\xb2\x8c \xeb\xb3\xb4\xeb\x82\xb4\xec\x84\xb8\xec\x9a\x94. \xeb\xb2\x84\xed\x8a\xbc\xec\x9d\x84 \xeb\x88\x84\xeb\xa5\xb4\xeb\xa9\xb4 \xed\x8c\x8c\xec\x9d\xbc\xec\x9d\xb4 \xec\x9e\x88\xeb\x8a\x94 \xed\x8f\xb4\xeb\x8d\x94\xea\xb0\x80 \xec\x97\xb4\xeb\xa6\xbd\xeb\x8b\x88\xeb\x8b\xa4."},
    {"Open folder",
     "\xed\x8f\xb4\xeb\x8d\x94 \xec\x97\xb4\xea\xb8\xb0"},
    {"Close",
     "\xeb\x8b\xab\xea\xb8\xb0"},
    {"waiting for GPU completion",
     "GPU \xec\x99\x84\xeb\xa3\x8c \xeb\x8c\x80\xea\xb8\xb0 \xec\xa4\x91"},
    {"armed, waiting for one final presentation frame",
     "\xec\xa4\x80\xeb\xb9\x84\xeb\x90\xa8, \xec\xb5\x9c\xec\xa2\x85 \xed\x91\x9c\xec\x8b\x9c \xed\x94\x84\xeb\xa0\x88\xec\x9e\x84 \xed\x95\x98\xeb\x82\x98\xeb\xa5\xbc \xea\xb8\xb0\xeb\x8b\xa4\xeb\xa6\xac\xeb\x8a\x94 \xec\xa4\x91"},
    {"armed, waiting for an evaluated model buffer pair",
     "\xec\xa4\x80\xeb\xb9\x84\xeb\x90\xa8, \xed\x8f\x89\xea\xb0\x80\xeb\x90\x9c \xeb\xaa\xa8\xeb\x8d\xb8 \xeb\xb2\x84\xed\x8d\xbc \xec\x8c\x8d\xec\x9d\x84 \xea\xb8\xb0\xeb\x8b\xa4\xeb\xa6\xac\xeb\x8a\x94 \xec\xa4\x91"},
    {"saved: model input/output diagnostic; not the displayed game frame",
     "\xec\xa0\x80\xec\x9e\xa5\xeb\x90\xa8: \xeb\xaa\xa8\xeb\x8d\xb8 \xec\x9e\x85\xeb\xa0\xa5/\xec\xb6\x9c\xeb\xa0\xa5 \xec\xa7\x84\xeb\x8b\xa8, \xed\x91\x9c\xec\x8b\x9c\xeb\x90\x9c \xea\xb2\x8c\xec\x9e\x84 \xed\x94\x84\xeb\xa0\x88\xec\x9e\x84\xec\x9d\xb4 \xec\x95\x84\xeb\x8b\x98"},
    {"saved: same frame before and after NR",
     "\xec\xa0\x80\xec\x9e\xa5\xeb\x90\xa8: NR \xec\xa0\x84\xed\x9b\x84\xec\x9d\x98 \xea\xb0\x99\xec\x9d\x80 \xed\x94\x84\xeb\xa0\x88\xec\x9e\x84"},
    {"unavailable on this presentation path",
     "\xec\x9d\xb4 \xed\x91\x9c\xec\x8b\x9c \xea\xb2\xbd\xeb\xa1\x9c\xec\x97\x90\xec\x84\x9c\xeb\x8a\x94 \xec\x82\xac\xec\x9a\xa9\xed\x95\xa0 \xec\x88\x98 \xec\x97\x86\xec\x9d\x8c"},
    {"evaluated-buffer capture is unavailable on this API",
     "\xec\x9d\xb4 API\xec\x97\x90\xec\x84\x9c\xeb\x8a\x94 \xed\x8f\x89\xea\xb0\x80\xeb\x90\x9c \xeb\xb2\x84\xed\x8d\xbc\xeb\xa5\xbc \xec\xba\xa1\xec\xb2\x98\xed\x95\xa0 \xec\x88\x98 \xec\x97\x86\xec\x9d\x8c"},
    {"exact comparison unavailable with this frame-generation route; disable frame generation for the capture",
     "\xec\x9d\xb4 \xed\x94\x84\xeb\xa0\x88\xec\x9e\x84 \xec\x83\x9d\xec\x84\xb1 \xea\xb2\xbd\xeb\xa1\x9c\xec\x97\x90\xec\x84\x9c\xeb\x8a\x94 \xec\xa0\x95\xed\x99\x95\xed\x95\x9c \xeb\xb9\x84\xea\xb5\x90\xeb\xa5\xbc \xed\x95\xa0 \xec\x88\x98 \xec\x97\x86\xec\x9d\x8c. \xec\xba\xa1\xec\xb2\x98\xed\x95\xa0 \xeb\x95\x8c\xeb\x8a\x94 \xed\x94\x84\xeb\xa0\x88\xec\x9e\x84 \xec\x83\x9d\xec\x84\xb1\xec\x9d\x84 \xeb\x81\x84\xec\x84\xb8\xec\x9a\x94"},
    {"enable NR before taking a comparison",
     "\xeb\xb9\x84\xea\xb5\x90\xeb\xa5\xbc \xec\xba\xa1\xec\xb2\x98\xed\x95\x98\xea\xb8\xb0 \xec\xa0\x84\xec\x97\x90 NR\xec\x9d\x84 \xec\xbc\x9c\xec\x84\xb8\xec\x9a\x94"},
    {"unavailable: another NR implementation owns this frame",
     "\xec\x82\xac\xec\x9a\xa9 \xeb\xb6\x88\xea\xb0\x80: \xec\x9d\xb4 \xed\x94\x84\xeb\xa0\x88\xec\x9e\x84\xec\x9d\x80 \xeb\x8b\xa4\xeb\xa5\xb8 NR \xea\xb5\xac\xed\x98\x84\xec\x9d\xb4 \xec\xb2\x98\xeb\xa6\xac\xed\x95\x98\xea\xb3\xa0 \xec\x9e\x88\xec\x9d\x8c"},
    {"idle",
     "\xeb\x8c\x80\xea\xb8\xb0 \xec\xa4\x91"},
    {"capture failed; see the log for its cause",
     "\xec\xba\xa1\xec\xb2\x98 \xec\x8b\xa4\xed\x8c\xa8. \xec\x9b\x90\xec\x9d\xb8\xec\x9d\x80 \xeb\xa1\x9c\xea\xb7\xb8\xeb\xa5\xbc \xec\xb0\xb8\xec\xa1\xb0\xed\x95\x98\xec\x84\xb8\xec\x9a\x94"},
};

}  // namespace renodx::addons::dlss5::ui::lang
