/*
 * Copyright (C) 2026
 * SPDX-License-Identifier: MIT
 */

// Chinese (Simplified) (zh-Hans): the panel's strings, English first.  Written by
// tools/i18n/ui_strings.py import; read it with `export zh-Hans`.  Machine
// translated for v7.0.0, pending a native speaker's review.

#pragma once

namespace renodx::addons::dlss5::ui::lang {

inline constexpr Translation kZhHans[] = {
    {"Neural Rendering",
     "Neural Rendering"},
    {"Strength",
     "\xe5\xbc\xba\xe5\xba\xa6"},
    {"Hook point",
     "\xe4\xbb\x8b\xe5\x85\xa5\xe7\x82\xb9"},
    {"Stack passes",
     "\xe5\x8f\xa0\xe5\x8a\xa0\xe9\x80\x9a\xe9\x81\x93\xe6\x95\xb0"},
    {"HDR mode",
     "HDR \xe6\xa8\xa1\xe5\xbc\x8f"},
    {"Paper white (nits)",
     "\xe7\xba\xb8\xe7\x99\xbd (nits)"},
    {"Brighten speed",
     "\xe6\x8f\x90\xe4\xba\xae\xe9\x80\x9f\xe5\xba\xa6"},
    {"Darken speed",
     "\xe5\x8e\x8b\xe6\x9a\x97\xe9\x80\x9f\xe5\xba\xa6"},
    {"Turns Neural Rendering on and off.  The key shown next to the switch does the same in game.",
     "\xe5\xbc\x80\xe5\x90\xaf\xe6\x88\x96\xe5\x85\xb3\xe9\x97\xad Neural Rendering\xe3\x80\x82\xe5\xbc\x80\xe5\x85\xb3\xe6\x97\x81\xe6\x98\xbe\xe7\xa4\xba\xe7\x9a\x84\xe6\x8c\x89\xe9\x94\xae\xe5\x9c\xa8\xe6\xb8\xb8\xe6\x88\x8f\xe4\xb8\xad\xe4\xb9\x9f\xe6\x9c\x89\xe7\x9b\xb8\xe5\x90\x8c\xe4\xbd\x9c\xe7\x94\xa8\xe3\x80\x82"},
    {"How strongly Neural Rendering reworks the image: 0 leaves the game's image untouched, 1 is the default, 2 the strongest.  A change restarts NR's history for a moment.",
     "Neural Rendering \xe9\x87\x8d\xe6\x96\xb0\xe5\xa4\x84\xe7\x90\x86\xe7\x94\xbb\xe9\x9d\xa2\xe7\x9a\x84\xe5\xbc\xba\xe5\xba\xa6\xef\xbc\x9a" "0 \xe4\xbf\x9d\xe6\x8c\x81\xe6\xb8\xb8\xe6\x88\x8f\xe7\x94\xbb\xe9\x9d\xa2\xe4\xb8\x8d\xe5\x8f\x98\xef\xbc\x8c" "1 \xe4\xb8\xba\xe9\xbb\x98\xe8\xae\xa4\xef\xbc\x8c" "2 \xe6\x9c\x80\xe5\xbc\xba\xe3\x80\x82\xe6\x9b\xb4\xe6\x94\xb9\xe4\xbc\x9a\xe8\xae\xa9 NR \xe7\x9a\x84\xe5\x8e\x86\xe5\x8f\xb2\xe7\x9f\xad\xe6\x9a\x82\xe9\x87\x8d\xe6\x96\xb0\xe5\xbc\x80\xe5\xa7\x8b\xe3\x80\x82"},
    {"Float-HDR games: how much of the dark lift the model adds near black is removed (Dark pedestal removal).  Other HDR games: how much of Neural Rendering's change reaches the image, from 0 (none) to 1 (all).",
     "\xe6\xb5\xae\xe7\x82\xb9 HDR \xe6\xb8\xb8\xe6\x88\x8f\xef\xbc\x9a\xe5\x8e\xbb\xe9\x99\xa4\xe6\xa8\xa1\xe5\x9e\x8b\xe5\x9c\xa8\xe6\x8e\xa5\xe8\xbf\x91\xe9\xbb\x91\xe8\x89\xb2\xe5\xa4\x84\xe5\xa2\x9e\xe5\x8a\xa0\xe7\x9a\x84\xe6\x9a\x97\xe9\x83\xa8\xe6\x8a\xac\xe5\x8d\x87\xe7\x9a\x84\xe6\xaf\x94\xe4\xbe\x8b\xef\xbc\x88\xe6\x9a\x97\xe9\x83\xa8\xe5\xba\x95\xe5\x80\xbc\xe5\x8e\xbb\xe9\x99\xa4\xef\xbc\x89\xe3\x80\x82\xe5\x85\xb6\xe4\xbb\x96 HDR \xe6\xb8\xb8\xe6\x88\x8f\xef\xbc\x9aNeural Rendering \xe7\x9a\x84\xe5\x8f\x98\xe5\x8c\x96\xe5\x88\xb0\xe8\xbe\xbe\xe7\x94\xbb\xe9\x9d\xa2\xe7\x9a\x84\xe6\xaf\x94\xe4\xbe\x8b\xef\xbc\x8c\xe4\xbb\x8e 0\xef\xbc\x88\xe6\x97\xa0\xef\xbc\x89\xe5\x88\xb0 1\xef\xbc\x88\xe5\x85\xa8\xe9\x83\xa8\xef\xbc\x89\xe3\x80\x82"},
    {"Nothing to scale in this game: its HDR brightness is relative, so Dark pedestal removal (Auto) leaves the model's dark lift alone.  Set Dark pedestal removal to Always to use this slider.",
     "\xe6\xad\xa4\xe6\xb8\xb8\xe6\x88\x8f\xe4\xb8\xad\xe6\xb2\xa1\xe6\x9c\x89\xe5\x8f\xaf\xe8\xb0\x83\xe6\x95\xb4\xe7\x9a\x84\xe5\x86\x85\xe5\xae\xb9\xef\xbc\x9a\xe5\xae\x83\xe7\x9a\x84 HDR \xe4\xba\xae\xe5\xba\xa6\xe6\x98\xaf\xe7\x9b\xb8\xe5\xaf\xb9\xe5\x80\xbc\xef\xbc\x8c\xe5\x9b\xa0\xe6\xad\xa4\xe6\x9a\x97\xe9\x83\xa8\xe5\xba\x95\xe5\x80\xbc\xe5\x8e\xbb\xe9\x99\xa4\xef\xbc\x88\xe8\x87\xaa\xe5\x8a\xa8\xef\xbc\x89\xe4\xb8\x8d\xe4\xbc\x9a\xe5\xa4\x84\xe7\x90\x86\xe6\xa8\xa1\xe5\x9e\x8b\xe7\x9a\x84\xe6\x9a\x97\xe9\x83\xa8\xe6\x8a\xac\xe5\x8d\x87\xe3\x80\x82\xe8\xa6\x81\xe4\xbd\xbf\xe7\x94\xa8\xe6\xad\xa4\xe6\xbb\x91\xe5\x9d\x97\xef\xbc\x8c\xe8\xaf\xb7\xe5\xb0\x86\xe6\x9a\x97\xe9\x83\xa8\xe5\xba\x95\xe5\x80\xbc\xe5\x8e\xbb\xe9\x99\xa4\xe8\xae\xbe\xe4\xb8\xba\xe5\xa7\x8b\xe7\xbb\x88\xe3\x80\x82"},
    {"Nothing to scale here: the frame is SDR, so Neural Rendering's change reaches it in full.",
     "\xe6\xad\xa4\xe5\xa4\x84\xe6\xb2\xa1\xe6\x9c\x89\xe5\x8f\xaf\xe8\xb0\x83\xe6\x95\xb4\xe7\x9a\x84\xe5\x86\x85\xe5\xae\xb9\xef\xbc\x9a\xe8\xaf\xa5\xe5\xb8\xa7\xe4\xb8\xba SDR\xef\xbc\x8c\xe5\x9b\xa0\xe6\xad\xa4 Neural Rendering \xe7\x9a\x84\xe5\x8f\x98\xe5\x8c\x96\xe4\xbc\x9a\xe5\xae\x8c\xe6\x95\xb4\xe5\x88\xb0\xe8\xbe\xbe\xe7\x94\xbb\xe9\x9d\xa2\xe3\x80\x82"},
    {"On float-HDR games, how much of Neural Rendering's change reaches the image: 0 keeps the game's image, 1.00 shows all of it.",
     "\xe5\x9c\xa8\xe6\xb5\xae\xe7\x82\xb9 HDR \xe6\xb8\xb8\xe6\x88\x8f\xe4\xb8\xad\xef\xbc\x8cNeural Rendering \xe7\x9a\x84\xe5\x8f\x98\xe5\x8c\x96\xe5\x88\xb0\xe8\xbe\xbe\xe7\x94\xbb\xe9\x9d\xa2\xe7\x9a\x84\xe6\xaf\x94\xe4\xbe\x8b\xef\xbc\x9a" "0 \xe4\xbf\x9d\xe6\x8c\x81\xe6\xb8\xb8\xe6\x88\x8f\xe7\x94\xbb\xe9\x9d\xa2\xef\xbc\x8c" "1.00 \xe5\x85\xa8\xe9\x83\xa8\xe6\x98\xbe\xe7\xa4\xba\xe3\x80\x82"},
    {"How bright white surfaces glow, in nits (203 is the HDR reference).  PQ HDR games only; other HDR games use Scene white scale.",
     "\xe7\x99\xbd\xe8\x89\xb2\xe8\xa1\xa8\xe9\x9d\xa2\xe7\x9a\x84\xe5\x8f\x91\xe5\x85\x89\xe4\xba\xae\xe5\xba\xa6\xef\xbc\x8c\xe5\x8d\x95\xe4\xbd\x8d nits\xef\xbc\x88" "203 \xe4\xb8\xba HDR \xe5\x8f\x82\xe8\x80\x83\xe5\x80\xbc\xef\xbc\x89\xe3\x80\x82\xe4\xbb\x85\xe9\x99\x90 PQ HDR \xe6\xb8\xb8\xe6\x88\x8f\xef\xbc\x9b\xe5\x85\xb6\xe4\xbb\x96 HDR \xe6\xb8\xb8\xe6\x88\x8f\xe4\xbd\xbf\xe7\x94\xa8\xe5\x9c\xba\xe6\x99\xaf\xe7\x99\xbd\xe8\x89\xb2\xe6\xaf\x94\xe4\xbe\x8b\xe3\x80\x82"},
    {"The same for float-HDR and classic sources (2.5375 is 203-nit paper white).  PQ HDR games use Paper white and PQ calibration instead.",
     "\xe6\xb5\xae\xe7\x82\xb9 HDR \xe4\xb8\x8e\xe7\xbb\x8f\xe5\x85\xb8\xe6\x9d\xa5\xe6\xba\x90\xe9\x80\x9a\xe7\x94\xa8\xef\xbc\x88" "2.5375 \xe5\xaf\xb9\xe5\xba\x94 203 nits \xe7\xba\xb8\xe7\x99\xbd\xef\xbc\x89\xe3\x80\x82PQ HDR \xe6\xb8\xb8\xe6\x88\x8f\xe6\x94\xb9\xe7\x94\xa8\xe7\xba\xb8\xe7\x99\xbd\xe5\x92\x8c PQ \xe6\xa0\xa1\xe5\x87\x86\xe3\x80\x82"},
    {"Click, then press the new key; Esc cancels.",
     "\xe7\x82\xb9\xe5\x87\xbb\xe5\x90\x8e\xe6\x8c\x89\xe4\xb8\x8b\xe6\x96\xb0\xe6\x8c\x89\xe9\x94\xae\xef\xbc\x9b\xe6\x8c\x89 Esc \xe5\x8f\x96\xe6\xb6\x88\xe3\x80\x82"},
    {"none yet",
     "\xe6\x9a\x82\xe6\x97\xa0"},
    {"Settings",
     "\xe8\xae\xbe\xe7\xbd\xae"},
    {"Defaults",
     "\xe9\xbb\x98\xe8\xae\xa4"},
    {"Mine",
     "\xe6\x88\x91\xe7\x9a\x84"},
    {"Compare in game: Defaults runs the built-in look (Strength, the Look section and stacking) while your own values wait; Mine brings them back.  Nothing is saved while Defaults is on.",
     "\xe5\x9c\xa8\xe6\xb8\xb8\xe6\x88\x8f\xe4\xb8\xad\xe5\xaf\xb9\xe6\xaf\x94\xef\xbc\x9a\xe9\xbb\x98\xe8\xae\xa4\xe8\xbf\x90\xe8\xa1\x8c\xe5\x86\x85\xe7\xbd\xae\xe5\xa4\x96\xe8\xa7\x82\xef\xbc\x88\xe5\xbc\xba\xe5\xba\xa6\xe3\x80\x81\xe5\xa4\x96\xe8\xa7\x82\xe9\x83\xa8\xe5\x88\x86\xe5\x92\x8c\xe5\x8f\xa0\xe5\x8a\xa0\xef\xbc\x89\xef\xbc\x8c\xe4\xbd\xa0\xe8\x87\xaa\xe5\xb7\xb1\xe7\x9a\x84\xe5\x80\xbc\xe6\x9a\x82\xe6\x97\xb6\xe4\xbf\x9d\xe7\x95\x99\xef\xbc\x9b\xe6\x88\x91\xe7\x9a\x84\xe5\xb0\x86\xe5\x85\xb6\xe6\x81\xa2\xe5\xa4\x8d\xe3\x80\x82\xe9\xbb\x98\xe8\xae\xa4\xe5\xbc\x80\xe5\x90\xaf\xe6\x9c\x9f\xe9\x97\xb4\xe4\xb8\x8d\xe4\xbc\x9a\xe4\xbf\x9d\xe5\xad\x98\xe4\xbb\xbb\xe4\xbd\x95\xe5\x86\x85\xe5\xae\xb9\xe3\x80\x82"},
    {"Showing the built-in look.  Your settings are kept; pick Mine to return.",
     "\xe6\xad\xa3\xe5\x9c\xa8\xe6\x98\xbe\xe7\xa4\xba\xe5\x86\x85\xe7\xbd\xae\xe5\xa4\x96\xe8\xa7\x82\xe3\x80\x82\xe4\xbd\xa0\xe7\x9a\x84\xe8\xae\xbe\xe7\xbd\xae\xe5\xb7\xb2\xe4\xbf\x9d\xe7\x95\x99\xef\xbc\x9b\xe9\x80\x89\xe6\x8b\xa9\xe6\x88\x91\xe7\x9a\x84\xe5\x8d\xb3\xe5\x8f\xaf\xe8\xbf\x94\xe5\x9b\x9e\xe3\x80\x82"},
    {"Resolution",
     "\xe5\x88\x86\xe8\xbe\xa8\xe7\x8e\x87"},
    {"LOOK",
     "\xe5\xa4\x96\xe8\xa7\x82"},
    {"Reset look",
     "\xe9\x87\x8d\xe7\xbd\xae\xe5\xa4\x96\xe8\xa7\x82"},
    {"Model \xc2\xb7 restarts NR history",
     "\xe6\xa8\xa1\xe5\x9e\x8b \xc2\xb7 \xe9\x87\x8d\xe5\x90\xaf NR \xe5\x8e\x86\xe5\x8f\xb2"},
    {"Result \xc2\xb7 live, reshapes NR's output",
     "\xe7\xbb\x93\xe6\x9e\x9c \xc2\xb7 \xe5\xae\x9e\xe6\x97\xb6\xef\xbc\x8c\xe9\x87\x8d\xe5\xa1\x91 NR \xe8\xbe\x93\xe5\x87\xba"},
    {"Limits and stability",
     "\xe9\x99\x90\xe5\x88\xb6\xe4\xb8\x8e\xe7\xa8\xb3\xe5\xae\x9a\xe6\x80\xa7"},
    {"Limits and stability \xc2\xb7 changed",
     "\xe9\x99\x90\xe5\x88\xb6\xe4\xb8\x8e\xe7\xa8\xb3\xe5\xae\x9a\xe6\x80\xa7 \xc2\xb7 \xe5\xb7\xb2\xe6\x9b\xb4\xe6\x94\xb9"},
    {"Performance",
     "\xe6\x80\xa7\xe8\x83\xbd"},
    {"stacking, resolution, upsampling",
     "\xe5\x8f\xa0\xe5\x8a\xa0\xe3\x80\x81\xe5\x88\x86\xe8\xbe\xa8\xe7\x8e\x87\xe3\x80\x81\xe4\xb8\x8a\xe9\x87\x87\xe6\xa0\xb7"},
    {"Reset performance",
     "\xe9\x87\x8d\xe7\xbd\xae\xe6\x80\xa7\xe8\x83\xbd"},
    {"Hotkeys & screenshots",
     "\xe5\xbf\xab\xe6\x8d\xb7\xe9\x94\xae\xe4\xb8\x8e\xe6\x88\xaa\xe5\x9b\xbe"},
    {"%s toggle | %s screenshot",
     "%s \xe5\x88\x87\xe6\x8d\xa2 | %s \xe6\x88\xaa\xe5\x9b\xbe"},
    {"Reset hotkeys",
     "\xe9\x87\x8d\xe7\xbd\xae\xe5\xbf\xab\xe6\x8d\xb7\xe9\x94\xae"},
    {"Diagnostics",
     "\xe8\xaf\x8a\xe6\x96\xad"},
    {"counters, support report",
     "\xe8\xae\xa1\xe6\x95\xb0\xe5\x99\xa8\xe3\x80\x81\xe6\x94\xaf\xe6\x8c\x81\xe6\x8a\xa5\xe5\x91\x8a"},
    {"Reset diagnostics",
     "\xe9\x87\x8d\xe7\xbd\xae\xe8\xaf\x8a\xe6\x96\xad"},
    {"Fixes",
     "\xe4\xbf\xae\xe6\xad\xa3"},
    {"only change if you know what you are doing",
     "\xe9\x99\xa4\xe9\x9d\x9e\xe6\xb8\x85\xe6\xa5\x9a\xe5\x90\x8e\xe6\x9e\x9c\xef\xbc\x8c\xe5\x90\xa6\xe5\x88\x99\xe8\xaf\xb7\xe5\x8b\xbf\xe6\x9b\xb4\xe6\x94\xb9"},
    {"Reset fixes",
     "\xe9\x87\x8d\xe7\xbd\xae\xe4\xbf\xae\xe6\xad\xa3"},
    {"These correct games that report their HDR or motion data wrongly.  The defaults are right for nearly every game, and a wrong value here breaks the image.  Reset fixes puts every one of them back.",
     "\xe7\x94\xa8\xe4\xba\x8e\xe7\xba\xa0\xe6\xad\xa3\xe9\x94\x99\xe8\xaf\xaf\xe6\x8a\xa5\xe5\x91\x8a HDR \xe6\x88\x96\xe8\xbf\x90\xe5\x8a\xa8\xe6\x95\xb0\xe6\x8d\xae\xe7\x9a\x84\xe6\xb8\xb8\xe6\x88\x8f\xe3\x80\x82\xe9\xbb\x98\xe8\xae\xa4\xe5\x80\xbc\xe5\x87\xa0\xe4\xb9\x8e\xe9\x80\x82\xe7\x94\xa8\xe4\xba\x8e\xe6\x89\x80\xe6\x9c\x89\xe6\xb8\xb8\xe6\x88\x8f\xef\xbc\x8c\xe8\xbf\x99\xe9\x87\x8c\xe8\xae\xbe\xe9\x94\x99\xe4\xbc\x9a\xe7\xa0\xb4\xe5\x9d\x8f\xe7\x94\xbb\xe9\x9d\xa2\xe3\x80\x82\xe9\x87\x8d\xe7\xbd\xae\xe4\xbf\xae\xe6\xad\xa3\xe4\xbc\x9a\xe5\xb0\x86\xe5\xae\x83\xe4\xbb\xac\xe5\x85\xa8\xe9\x83\xa8\xe6\x81\xa2\xe5\xa4\x8d\xe3\x80\x82"},
    {"HDR",
     "HDR"},
    {"Depth and motion",
     "\xe6\xb7\xb1\xe5\xba\xa6\xe4\xb8\x8e\xe8\xbf\x90\xe5\x8a\xa8"},
    {"HDR adaptation speed, in stops per second",
     "HDR \xe9\x80\x82\xe5\xba\x94\xe9\x80\x9f\xe5\xba\xa6\xef\xbc\x8c\xe5\x8d\x95\xe4\xbd\x8d\xe4\xb8\xba\xe6\xa1\xa3/\xe7\xa7\x92"},
    {"Restore all defaults",
     "\xe6\x81\xa2\xe5\xa4\x8d\xe5\x85\xa8\xe9\x83\xa8\xe9\xbb\x98\xe8\xae\xa4"},
    {"Every setting for this game goes back to its default, hotkeys included.",
     "\xe6\xad\xa4\xe6\xb8\xb8\xe6\x88\x8f\xe7\x9a\x84\xe6\x89\x80\xe6\x9c\x89\xe8\xae\xbe\xe7\xbd\xae\xe9\x83\xbd\xe6\x81\xa2\xe5\xa4\x8d\xe4\xb8\xba\xe9\xbb\x98\xe8\xae\xa4\xe5\x80\xbc\xef\xbc\x8c\xe5\x8c\x85\xe6\x8b\xac\xe5\xbf\xab\xe6\x8d\xb7\xe9\x94\xae\xe3\x80\x82"},
    {"Developer view",
     "\xe5\xbc\x80\xe5\x8f\x91\xe8\x80\x85\xe8\xa7\x86\xe5\x9b\xbe"},
    {"The classic flat layout: every control in one list, as before v7.",
     "\xe7\xbb\x8f\xe5\x85\xb8\xe5\xb9\xb3\xe9\x93\xba\xe5\xb8\x83\xe5\xb1\x80\xef\xbc\x9a\xe6\x89\x80\xe6\x9c\x89\xe6\x8e\xa7\xe4\xbb\xb6\xe5\x9c\xa8\xe4\xb8\x80\xe4\xb8\xaa\xe5\x88\x97\xe8\xa1\xa8\xe4\xb8\xad\xef\xbc\x8c\xe4\xb8\x8e v7 \xe4\xb9\x8b\xe5\x89\x8d\xe7\x9b\xb8\xe5\x90\x8c\xe3\x80\x82"},
    {"Language",
     "\xe8\xaf\xad\xe8\xa8\x80"},
    {"Auto follows ReShade's own language (ReShade's Settings tab), which follows Windows unless you picked one there.  ReShade loads the font for its own language only, so a language written in another script can show as boxes: pick it in ReShade's settings too.",
     "\xe8\x87\xaa\xe5\x8a\xa8\xe8\xb7\x9f\xe9\x9a\x8f ReShade \xe8\x87\xaa\xe8\xba\xab\xe7\x9a\x84\xe8\xaf\xad\xe8\xa8\x80\xef\xbc\x88ReShade \xe7\x9a\x84 Settings \xe9\x80\x89\xe9\xa1\xb9\xe5\x8d\xa1\xef\xbc\x89\xef\xbc\x8c\xe9\x99\xa4\xe9\x9d\x9e\xe4\xbd\xa0\xe5\x9c\xa8\xe9\x82\xa3\xe9\x87\x8c\xe5\x8f\xa6\xe8\xa1\x8c\xe9\x80\x89\xe6\x8b\xa9\xef\xbc\x8c\xe5\x90\xa6\xe5\x88\x99\xe8\xb7\x9f\xe9\x9a\x8f Windows\xe3\x80\x82ReShade \xe5\x8f\xaa\xe5\x8a\xa0\xe8\xbd\xbd\xe5\x85\xb6\xe8\x87\xaa\xe8\xba\xab\xe8\xaf\xad\xe8\xa8\x80\xe7\x9a\x84\xe5\xad\x97\xe4\xbd\x93\xef\xbc\x8c\xe5\x9b\xa0\xe6\xad\xa4\xe4\xbd\xbf\xe7\x94\xa8\xe5\x85\xb6\xe4\xbb\x96\xe6\x96\x87\xe5\xad\x97\xe7\x9a\x84\xe8\xaf\xad\xe8\xa8\x80\xe5\x8f\xaf\xe8\x83\xbd\xe6\x98\xbe\xe7\xa4\xba\xe4\xb8\xba\xe6\x96\xb9\xe6\xa1\x86\xef\xbc\x9a\xe8\xaf\xb7\xe5\x90\x8c\xe6\x97\xb6\xe5\x9c\xa8 ReShade \xe8\xae\xbe\xe7\xbd\xae\xe4\xb8\xad\xe9\x80\x89\xe6\x8b\xa9\xe8\xaf\xa5\xe8\xaf\xad\xe8\xa8\x80\xe3\x80\x82"},
    {"Full",
     "\xe5\xae\x8c\xe6\x95\xb4"},
    {"Quality",
     "\xe8\xb4\xa8\xe9\x87\x8f"},
    {"Balanced",
     "\xe5\xb9\xb3\xe8\xa1\xa1"},
    {"Match game",
     "\xe8\xb7\x9f\xe9\x9a\x8f\xe6\xb8\xb8\xe6\x88\x8f"},
    {"The resolution Neural Rendering works at.  Full is the sharpest; the lower presets cost less GPU time.  Match game follows the game's own render resolution.",
     "Neural Rendering \xe7\x9a\x84\xe5\xb7\xa5\xe4\xbd\x9c\xe5\x88\x86\xe8\xbe\xa8\xe7\x8e\x87\xe3\x80\x82\xe5\xae\x8c\xe6\x95\xb4\xe6\x9c\x80\xe6\xb8\x85\xe6\x99\xb0\xef\xbc\x9b\xe8\xbe\x83\xe4\xbd\x8e\xe7\x9a\x84\xe9\xa2\x84\xe8\xae\xbe\xe5\x8d\xa0\xe7\x94\xa8\xe6\x9b\xb4\xe5\xb0\x91 GPU \xe6\x97\xb6\xe9\x97\xb4\xe3\x80\x82\xe8\xb7\x9f\xe9\x9a\x8f\xe6\xb8\xb8\xe6\x88\x8f\xe4\xbd\xbf\xe7\x94\xa8\xe6\xb8\xb8\xe6\x88\x8f\xe8\x87\xaa\xe8\xba\xab\xe7\x9a\x84\xe6\xb8\xb2\xe6\x9f\x93\xe5\x88\x86\xe8\xbe\xa8\xe7\x8e\x87\xe3\x80\x82"},
    {"Custom (%.0f%%): set in Performance",
     "\xe8\x87\xaa\xe5\xae\x9a\xe4\xb9\x89 (%.0f%%)\xef\xbc\x9a\xe5\x9c\xa8\xe6\x80\xa7\xe8\x83\xbd\xe4\xb8\xad\xe8\xae\xbe\xe7\xbd\xae"},
    {"Estimated from NR's measured GPU time and the time between frames.  It holds while the GPU limits the frame rate; a game held back by the CPU or a frame cap gains less without NR.",
     "\xe6\xa0\xb9\xe6\x8d\xae NR \xe5\xae\x9e\xe6\xb5\x8b\xe7\x9a\x84 GPU \xe6\x97\xb6\xe9\x97\xb4\xe5\x92\x8c\xe5\xb8\xa7\xe9\x97\xb4\xe9\x9a\x94\xe4\xbc\xb0\xe7\xae\x97\xe3\x80\x82\xe4\xbb\x85\xe5\x9c\xa8 GPU \xe9\x99\x90\xe5\x88\xb6\xe5\xb8\xa7\xe7\x8e\x87\xe6\x97\xb6\xe6\x88\x90\xe7\xab\x8b\xef\xbc\x9b\xe5\x8f\x97 CPU \xe6\x88\x96\xe5\xb8\xa7\xe7\x8e\x87\xe4\xb8\x8a\xe9\x99\x90\xe9\x99\x90\xe5\x88\xb6\xe7\x9a\x84\xe6\xb8\xb8\xe6\x88\x8f\xef\xbc\x8c\xe5\x85\xb3\xe9\x97\xad NR \xe5\x90\x8e\xe6\x8f\x90\xe5\x8d\x87\xe6\x9b\xb4\xe5\xb0\x91\xe3\x80\x82"},
    {"NR cost",
     "NR \xe5\xbc\x80\xe9\x94\x80"},
    {"Faster:",
     "\xe6\x9b\xb4\xe5\xbf\xab\xef\xbc\x9a"},
    {"Before upscaling ~%.1f ms",
     "\xe8\xb6\x85\xe5\x88\x86\xe5\x89\x8d ~%.1f ms"},
    {"Resolution 50%% ~%.1f ms",
     "\xe5\x88\x86\xe8\xbe\xa8\xe7\x8e\x87 50%% ~%.1f ms"},
    {"Both ~%.1f ms",
     "\xe4\xb8\xa4\xe8\x80\x85 ~%.1f ms"},
    {"Runs NR on the game's image before DLSS upscales it (Hook point: Render), so NR works on fewer pixels.",
     "\xe5\x9c\xa8 DLSS \xe6\x94\xbe\xe5\xa4\xa7\xe4\xb9\x8b\xe5\x89\x8d\xe5\xaf\xb9\xe6\xb8\xb8\xe6\x88\x8f\xe7\x94\xbb\xe9\x9d\xa2\xe8\xbf\x90\xe8\xa1\x8c NR\xef\xbc\x88\xe4\xbb\x8b\xe5\x85\xa5\xe7\x82\xb9\xef\xbc\x9a\xe6\xb8\xb2\xe6\x9f\x93\xef\xbc\x89\xef\xbc\x8cNR \xe5\xa4\x84\xe7\x90\x86\xe7\x9a\x84\xe5\x83\x8f\xe7\xb4\xa0\xe6\x9b\xb4\xe5\xb0\x91\xe3\x80\x82"},
    {"Runs NR at half the output resolution per side (Resolution: Performance).  NR then steadies shimmering detail less than at Full.",
     "\xe4\xbb\xa5\xe8\xbe\x93\xe5\x87\xba\xe5\x88\x86\xe8\xbe\xa8\xe7\x8e\x87\xe6\xaf\x8f\xe8\xbe\xb9\xe4\xb8\x80\xe5\x8d\x8a\xe8\xbf\x90\xe8\xa1\x8c NR\xef\xbc\x88\xe5\x88\x86\xe8\xbe\xa8\xe7\x8e\x87\xef\xbc\x9a\xe6\x80\xa7\xe8\x83\xbd\xef\xbc\x89\xe3\x80\x82\xe6\xad\xa4\xe6\x97\xb6 NR \xe5\xaf\xb9\xe9\x97\xaa\xe7\x83\x81\xe7\xbb\x86\xe8\x8a\x82\xe7\x9a\x84\xe7\xa8\xb3\xe5\xae\x9a\xe6\x95\x88\xe6\x9e\x9c\xe4\xb8\x8d\xe5\xa6\x82\xe5\xae\x8c\xe6\x95\xb4\xe3\x80\x82"},
    {"Both of the above.",
     "\xe4\xbb\xa5\xe4\xb8\x8a\xe4\xb8\xa4\xe9\xa1\xb9\xe5\x90\x8c\xe6\x97\xb6\xe5\x90\xaf\xe7\x94\xa8\xe3\x80\x82"},
    {"Undo",
     "\xe6\x92\xa4\xe9\x94\x80"},
    {"Last frame",
     "\xe4\xb8\x8a\xe4\xb8\x80\xe5\xb8\xa7"},
    {"Frames this session",
     "\xe6\x9c\xac\xe6\xac\xa1\xe4\xbc\x9a\xe8\xaf\x9d\xe5\xb8\xa7\xe6\x95\xb0"},
    {"Working resolution",
     "\xe5\xb7\xa5\xe4\xbd\x9c\xe5\x88\x86\xe8\xbe\xa8\xe7\x8e\x87"},
    {"Backend",
     "\xe5\x90\x8e\xe7\xab\xaf"},
    {"Raw details",
     "\xe5\x8e\x9f\xe5\xa7\x8b\xe8\xaf\xa6\xe6\x83\x85"},
    {"Copy support report",
     "\xe5\xa4\x8d\xe5\x88\xb6\xe6\x94\xaf\xe6\x8c\x81\xe6\x8a\xa5\xe5\x91\x8a"},
    {"Open log folder",
     "\xe6\x89\x93\xe5\xbc\x80\xe6\x97\xa5\xe5\xbf\x97\xe6\x96\x87\xe4\xbb\xb6\xe5\xa4\xb9"},
    {"Copied. Paste it into your report together with ReShade.log.",
     "\xe5\xb7\xb2\xe5\xa4\x8d\xe5\x88\xb6\xe3\x80\x82\xe8\xaf\xb7\xe5\xb0\x86\xe5\x85\xb6\xe4\xb8\x8e ReShade.log \xe4\xb8\x80\xe8\xb5\xb7\xe7\xb2\x98\xe8\xb4\xb4\xe5\x88\xb0\xe4\xbd\xa0\xe7\x9a\x84\xe6\x8a\xa5\xe5\x91\x8a\xe4\xb8\xad\xe3\x80\x82"},
    {"Copies a short text with the version, the verdict, the card and the counters.  It holds the game's file name and no folder paths.",
     "\xe5\xa4\x8d\xe5\x88\xb6\xe4\xb8\x80\xe6\xae\xb5\xe7\xae\x80\xe7\x9f\xad\xe6\x96\x87\xe6\x9c\xac\xef\xbc\x8c\xe5\x8c\x85\xe5\x90\xab\xe7\x89\x88\xe6\x9c\xac\xe3\x80\x81\xe5\x88\xa4\xe5\xae\x9a\xe3\x80\x81\xe7\x8a\xb6\xe6\x80\x81\xe5\x8d\xa1\xe5\x92\x8c\xe8\xae\xa1\xe6\x95\xb0\xe5\x99\xa8\xe3\x80\x82\xe5\x85\xb6\xe4\xb8\xad\xe5\x8c\x85\xe5\x90\xab\xe6\xb8\xb8\xe6\x88\x8f\xe7\x9a\x84\xe6\x96\x87\xe4\xbb\xb6\xe5\x90\x8d\xef\xbc\x8c\xe4\xb8\x8d\xe5\x90\xab\xe6\x96\x87\xe4\xbb\xb6\xe5\xa4\xb9\xe8\xb7\xaf\xe5\xbe\x84\xe3\x80\x82"},
    {"Skipped because",
     "\xe8\xb7\xb3\xe8\xbf\x87\xe5\x8e\x9f\xe5\x9b\xa0"},
    {"Why Neural Rendering left frames alone this session, most frequent first, with the number of frames.  Each of those frames shows the game's own image.",
     "\xe6\x9c\xac\xe6\xac\xa1\xe4\xbc\x9a\xe8\xaf\x9d\xe4\xb8\xad Neural Rendering \xe6\x9c\xaa\xe5\xa4\x84\xe7\x90\x86\xe6\x9f\x90\xe4\xba\x9b\xe5\xb8\xa7\xe7\x9a\x84\xe5\x8e\x9f\xe5\x9b\xa0\xef\xbc\x8c\xe6\x8c\x89\xe5\x87\xba\xe7\x8e\xb0\xe6\xac\xa1\xe6\x95\xb0\xe4\xbb\x8e\xe5\xa4\x9a\xe5\x88\xb0\xe5\xb0\x91\xe5\x88\x97\xe5\x87\xba\xef\xbc\x8c\xe5\xb9\xb6\xe9\x99\x84\xe5\xb8\xa7\xe6\x95\xb0\xe3\x80\x82\xe8\xbf\x99\xe4\xba\x9b\xe5\xb8\xa7\xe6\x98\xbe\xe7\xa4\xba\xe7\x9a\x84\xe6\x98\xaf\xe6\xb8\xb8\xe6\x88\x8f\xe8\x87\xaa\xe5\xb7\xb1\xe7\x9a\x84\xe7\x94\xbb\xe9\x9d\xa2\xe3\x80\x82"},
    {"At the present",
     "\xe5\x91\x88\xe7\x8e\xb0\xe6\x97\xb6\xe7\x8a\xb6\xe6\x80\x81"},
    {"What the Present hook point did this session.  A present without NR shows the game's image for that frame, which can read as a flicker.",
     "\xe6\x9c\xac\xe6\xac\xa1\xe4\xbc\x9a\xe8\xaf\x9d\xe4\xb8\xad\xe5\x91\x88\xe7\x8e\xb0\xe4\xbb\x8b\xe5\x85\xa5\xe7\x82\xb9\xe7\x9a\x84\xe5\xb7\xa5\xe4\xbd\x9c\xe6\x83\x85\xe5\x86\xb5\xe3\x80\x82\xe6\xb2\xa1\xe6\x9c\x89 NR \xe7\x9a\x84\xe5\x91\x88\xe7\x8e\xb0\xe4\xbc\x9a\xe5\x9c\xa8\xe8\xaf\xa5\xe5\xb8\xa7\xe6\x98\xbe\xe7\xa4\xba\xe6\xb8\xb8\xe6\x88\x8f\xe5\x8e\x9f\xe7\x94\xbb\xe9\x9d\xa2\xef\xbc\x8c\xe7\x9c\x8b\xe8\xb5\xb7\xe6\x9d\xa5\xe5\x8f\xaf\xe8\x83\xbd\xe5\x83\x8f\xe9\x97\xaa\xe7\x83\x81\xe3\x80\x82"},
    {"Frame generation: %ux, NR on every present",
     "\xe5\xb8\xa7\xe7\x94\x9f\xe6\x88\x90\xef\xbc\x9a%ux\xef\xbc\x8c\xe6\xaf\x8f\xe6\xac\xa1\xe5\x91\x88\xe7\x8e\xb0\xe9\x83\xbd\xe8\xbf\x90\xe8\xa1\x8c NR"},
    {"Frame generation: %ux, NR on game frames only",
     "\xe5\xb8\xa7\xe7\x94\x9f\xe6\x88\x90\xef\xbc\x9a%ux\xef\xbc\x8c\xe4\xbb\x85\xe6\xb8\xb8\xe6\x88\x8f\xe5\xb8\xa7\xe8\xbf\x90\xe8\xa1\x8c NR"},
    {"Frame generation: %ux, NR once per game frame, before frame generation",
     "\xe5\xb8\xa7\xe7\x94\x9f\xe6\x88\x90\xef\xbc\x9a%ux\xef\xbc\x8c\xe6\xaf\x8f\xe4\xb8\xaa\xe6\xb8\xb8\xe6\x88\x8f\xe5\xb8\xa7\xe5\x9c\xa8\xe5\xb8\xa7\xe7\x94\x9f\xe6\x88\x90\xe4\xb9\x8b\xe5\x89\x8d\xe8\xbf\x90\xe8\xa1\x8c\xe4\xb8\x80\xe6\xac\xa1 NR"},
    {"%llu presents reached the screen without NR between NR frames, which reads as flicker.  Most often: %s",
     "\xe6\x9c\x89 %llu \xe6\xac\xa1\xe5\x91\x88\xe7\x8e\xb0\xe5\x9c\xa8 NR \xe5\xb8\xa7\xe4\xb9\x8b\xe9\x97\xb4\xe6\x9c\xaa\xe7\xbb\x8f NR \xe5\xb0\xb1\xe6\x98\xbe\xe7\xa4\xba\xe5\x88\xb0\xe5\xb1\x8f\xe5\xb9\x95\xe4\xb8\x8a\xef\xbc\x8c\xe7\x9c\x8b\xe8\xb5\xb7\xe6\x9d\xa5\xe5\x83\x8f\xe9\x97\xaa\xe7\x83\x81\xe3\x80\x82\xe6\x9c\x80\xe5\xb8\xb8\xe8\xa7\x81\xe5\x8e\x9f\xe5\x9b\xa0\xef\xbc\x9a%s"},
    {"%llu presents without NR between NR frames | %llu slot waits, %llu timed out | %llu history restarts | %llu frame generation on/off switches",
     "NR \xe5\xb8\xa7\xe4\xb9\x8b\xe9\x97\xb4\xe6\x97\xa0 NR \xe7\x9a\x84\xe5\x91\x88\xe7\x8e\xb0 %llu \xe6\xac\xa1 | \xe6\xa7\xbd\xe4\xbd\x8d\xe7\xad\x89\xe5\xbe\x85 %llu \xe6\xac\xa1\xef\xbc\x8c\xe8\xb6\x85\xe6\x97\xb6 %llu \xe6\xac\xa1 | \xe5\x8e\x86\xe5\x8f\xb2\xe9\x87\x8d\xe7\xbd\xae %llu \xe6\xac\xa1 | \xe5\xb8\xa7\xe7\x94\x9f\xe6\x88\x90\xe5\xbc\x80/\xe5\x85\xb3\xe5\x88\x87\xe6\x8d\xa2 %llu \xe6\xac\xa1"},
    {"No frame generation (%.1f presents per game frame)",
     "\xe6\x97\xa0\xe5\xb8\xa7\xe7\x94\x9f\xe6\x88\x90\xef\xbc\x88\xe6\xaf\x8f\xe4\xb8\xaa\xe6\xb8\xb8\xe6\x88\x8f\xe5\xb8\xa7\xe5\x91\x88\xe7\x8e\xb0 %.1f \xe6\xac\xa1\xef\xbc\x89"},
    {"NR on %llu presents: %llu with the game's depth and motion, %llu neutral",
     "NR \xe4\xbd\x9c\xe7\x94\xa8\xe4\xba\x8e %llu \xe6\xac\xa1\xe5\x91\x88\xe7\x8e\xb0\xef\xbc\x9a%llu \xe6\xac\xa1\xe4\xbd\xbf\xe7\x94\xa8\xe6\xb8\xb8\xe6\x88\x8f\xe7\x9a\x84\xe6\xb7\xb1\xe5\xba\xa6\xe4\xb8\x8e\xe8\xbf\x90\xe5\x8a\xa8\xef\xbc\x8c%llu \xe6\xac\xa1\xe4\xbd\xbf\xe7\x94\xa8\xe4\xb8\xad\xe6\x80\xa7\xe6\x95\xb0\xe6\x8d\xae"},
    {"Without NR: %llu busy, %llu repeated game frames, %llu without depth and motion",
     "\xe6\x9c\xaa\xe8\xbf\x90\xe8\xa1\x8c NR\xef\xbc\x9a\xe5\xbf\x99\xe7\xa2\x8c %llu \xe6\xac\xa1\xef\xbc\x8c\xe9\x87\x8d\xe5\xa4\x8d\xe6\xb8\xb8\xe6\x88\x8f\xe5\xb8\xa7 %llu \xe6\xac\xa1\xef\xbc\x8c\xe7\xbc\xba\xe5\xb0\x91\xe6\xb7\xb1\xe5\xba\xa6\xe4\xb8\x8e\xe8\xbf\x90\xe5\x8a\xa8 %llu \xe6\xac\xa1"},
    {"%llu presents took an older capture: the newest was still being written on another queue",
     "%llu \xe6\xac\xa1\xe5\x91\x88\xe7\x8e\xb0\xe4\xbd\xbf\xe7\x94\xa8\xe4\xba\x86\xe8\xbe\x83\xe6\x97\xa7\xe7\x9a\x84\xe6\x8d\x95\xe8\x8e\xb7\xef\xbc\x9a\xe6\x9c\x80\xe6\x96\xb0\xe7\x9a\x84\xe6\x8d\x95\xe8\x8e\xb7\xe4\xbb\x8d\xe5\x9c\xa8\xe5\x8f\xa6\xe4\xb8\x80\xe4\xb8\xaa\xe9\x98\x9f\xe5\x88\x97\xe4\xb8\x8a\xe5\x86\x99\xe5\x85\xa5"},
    {"This game upscales with Ray Reconstruction, so NR runs on its output (Upscaled).",
     "\xe6\xad\xa4\xe6\xb8\xb8\xe6\x88\x8f\xe4\xbd\xbf\xe7\x94\xa8 Ray Reconstruction \xe8\xb6\x85\xe5\x88\x86\xef\xbc\x8c\xe5\x9b\xa0\xe6\xad\xa4 NR \xe5\x9c\xa8\xe5\x85\xb6\xe8\xbe\x93\xe5\x87\xba\xe4\xb8\x8a\xe8\xbf\x90\xe8\xa1\x8c\xef\xbc\x88\xe8\xb6\x85\xe5\x88\x86\xe5\x90\x8e\xef\xbc\x89\xe3\x80\x82"},
    {"This game's swapchain cannot be served at the present, so NR runs on the DLSS output (Upscaled).",
     "\xe6\xad\xa4\xe6\xb8\xb8\xe6\x88\x8f\xe7\x9a\x84\xe4\xba\xa4\xe6\x8d\xa2\xe9\x93\xbe\xe6\x97\xa0\xe6\xb3\x95\xe5\x9c\xa8\xe5\x91\x88\xe7\x8e\xb0\xe6\x97\xb6\xe5\xa4\x84\xe7\x90\x86\xef\xbc\x8c\xe5\x9b\xa0\xe6\xad\xa4 NR \xe5\x9c\xa8 DLSS \xe8\xbe\x93\xe5\x87\xba\xe4\xb8\x8a\xe8\xbf\x90\xe8\xa1\x8c\xef\xbc\x88\xe8\xb6\x85\xe5\x88\x86\xe5\x90\x8e\xef\xbc\x89\xe3\x80\x82"},
    {"In a Vulkan game NR does not run at the present yet; it runs on the DLSS output (Upscaled).",
     "\xe5\x9c\xa8 Vulkan \xe6\xb8\xb8\xe6\x88\x8f\xe4\xb8\xad\xef\xbc\x8cNR \xe6\x9a\x82\xe4\xb8\x8d\xe5\x9c\xa8\xe5\x91\x88\xe7\x8e\xb0\xe6\x97\xb6\xe8\xbf\x90\xe8\xa1\x8c\xef\xbc\x9b\xe5\xae\x83\xe5\x9c\xa8 DLSS \xe8\xbe\x93\xe5\x87\xba\xe4\xb8\x8a\xe8\xbf\x90\xe8\xa1\x8c\xef\xbc\x88\xe8\xb6\x85\xe5\x88\x86\xe5\x90\x8e\xef\xbc\x89\xe3\x80\x82"},
    {"In this Direct3D 11 game Present needs DX11Source=native in ReShade.ini; NR runs on the DLSS output (Upscaled).",
     "\xe5\x9c\xa8\xe6\xad\xa4 Direct3D 11 \xe6\xb8\xb8\xe6\x88\x8f\xe4\xb8\xad\xef\xbc\x8c\xe5\x91\x88\xe7\x8e\xb0\xe9\x9c\x80\xe8\xa6\x81\xe5\x9c\xa8 ReShade.ini \xe4\xb8\xad\xe8\xae\xbe\xe7\xbd\xae DX11Source=native\xef\xbc\x9bNR \xe5\x9c\xa8 DLSS \xe8\xbe\x93\xe5\x87\xba\xe4\xb8\x8a\xe8\xbf\x90\xe8\xa1\x8c\xef\xbc\x88\xe8\xb6\x85\xe5\x88\x86\xe5\x90\x8e\xef\xbc\x89\xe3\x80\x82"},
    {"Frame generation is on: each extra pass adds a full NR pass to every game frame and can push the game out of its frame generation budget (fewer generated frames, or a hang).",
     "\xe5\xb8\xa7\xe7\x94\x9f\xe6\x88\x90\xe5\xb7\xb2\xe5\xbc\x80\xe5\x90\xaf\xef\xbc\x9a\xe6\xaf\x8f\xe5\xa4\x9a\xe4\xb8\x80\xe4\xb8\xaa\xe9\x80\x9a\xe9\x81\x93\xef\xbc\x8c\xe6\xaf\x8f\xe4\xb8\xaa\xe6\xb8\xb8\xe6\x88\x8f\xe5\xb8\xa7\xe5\xb0\xb1\xe5\xa4\x9a\xe8\xbf\x90\xe8\xa1\x8c\xe4\xb8\x80\xe6\xac\xa1\xe5\xae\x8c\xe6\x95\xb4\xe7\x9a\x84 NR\xef\xbc\x8c\xe5\x8f\xaf\xe8\x83\xbd\xe4\xbd\xbf\xe6\xb8\xb8\xe6\x88\x8f\xe8\xb6\x85\xe5\x87\xba\xe5\xb8\xa7\xe7\x94\x9f\xe6\x88\x90\xe7\x9a\x84\xe9\xa2\x84\xe7\xae\x97\xef\xbc\x88\xe7\x94\x9f\xe6\x88\x90\xe5\xb8\xa7\xe5\x87\x8f\xe5\xb0\x91\xe6\x88\x96\xe5\x8d\xa1\xe6\xad\xbb\xef\xbc\x89\xe3\x80\x82"},
    {"Details: the %s tab in ReShade's overlay.  %s turns Neural Rendering off.",
     "\xe8\xaf\xa6\xe6\x83\x85\xef\xbc\x9aReShade \xe5\x8f\xa0\xe5\x8a\xa0\xe7\x95\x8c\xe9\x9d\xa2\xe4\xb8\xad\xe7\x9a\x84 %s \xe9\x80\x89\xe9\xa1\xb9\xe5\x8d\xa1\xe3\x80\x82%s \xe5\x8f\xaf\xe5\x85\xb3\xe9\x97\xad Neural Rendering\xe3\x80\x82"},
    {"and %u more",
     "\xe8\xbf\x98\xe6\x9c\x89 %u \xe9\xa1\xb9"},
    {"Details and fixes: the %s tab in ReShade's overlay.",
     "\xe8\xaf\xa6\xe6\x83\x85\xe4\xb8\x8e\xe8\xa7\xa3\xe5\x86\xb3\xe6\x96\xb9\xe6\xb3\x95\xef\xbc\x9aReShade \xe5\x8f\xa0\xe5\x8a\xa0\xe7\x95\x8c\xe9\x9d\xa2\xe4\xb8\xad\xe7\x9a\x84 %s \xe9\x80\x89\xe9\xa1\xb9\xe5\x8d\xa1\xe3\x80\x82"},
    {"Issue notices",
     "\xe9\x97\xae\xe9\xa2\x98\xe6\x8f\x90\xe7\xa4\xba"},
    {"Shows a note in the game's corner for a few seconds when an issue starts, and again every five minutes while it lasts.  The issues under the status card are listed either way.",
     "\xe9\x97\xae\xe9\xa2\x98\xe5\x87\xba\xe7\x8e\xb0\xe6\x97\xb6\xe5\x9c\xa8\xe6\xb8\xb8\xe6\x88\x8f\xe7\x94\xbb\xe9\x9d\xa2\xe8\xa7\x92\xe8\x90\xbd\xe6\x98\xbe\xe7\xa4\xba\xe5\x87\xa0\xe7\xa7\x92\xe9\x92\x9f\xe7\x9a\x84\xe6\x8f\x90\xe7\xa4\xba\xef\xbc\x8c\xe9\x97\xae\xe9\xa2\x98\xe6\x8c\x81\xe7\xbb\xad\xe6\x9c\x9f\xe9\x97\xb4\xe6\xaf\x8f\xe4\xba\x94\xe5\x88\x86\xe9\x92\x9f\xe5\x86\x8d\xe6\x98\xbe\xe7\xa4\xba\xe4\xb8\x80\xe6\xac\xa1\xe3\x80\x82\xe6\x97\xa0\xe8\xae\xba\xe6\x98\xaf\xe5\x90\xa6\xe5\xbc\x80\xe5\x90\xaf\xef\xbc\x8c\xe7\x8a\xb6\xe6\x80\x81\xe5\x8d\xa1\xe4\xb8\x8b\xe6\x96\xb9\xe9\x83\xbd\xe4\xbc\x9a\xe5\x88\x97\xe5\x87\xba\xe8\xbf\x99\xe4\xba\x9b\xe9\x97\xae\xe9\xa2\x98\xe3\x80\x82"},
    {"Welcome to DLSS 5 Neural Rendering",
     "\xe6\xac\xa2\xe8\xbf\x8e\xe4\xbd\xbf\xe7\x94\xa8 DLSS 5 Neural Rendering"},
    {"Neural Rendering is NVIDIA's DLSS enhancer.  It works on the image the game's own DLSS makes, so DLSS or DLAA has to be on in the game's settings.",
     "Neural Rendering \xe6\x98\xaf NVIDIA \xe7\x9a\x84 DLSS \xe5\xa2\x9e\xe5\xbc\xba\xe5\x8a\x9f\xe8\x83\xbd\xe3\x80\x82\xe5\xae\x83\xe4\xbd\x9c\xe7\x94\xa8\xe4\xba\x8e\xe6\xb8\xb8\xe6\x88\x8f\xe8\x87\xaa\xe8\xba\xab DLSS \xe7\x94\x9f\xe6\x88\x90\xe7\x9a\x84\xe5\x9b\xbe\xe5\x83\x8f\xef\xbc\x8c\xe5\x9b\xa0\xe6\xad\xa4\xe5\xbf\x85\xe9\xa1\xbb\xe5\x9c\xa8\xe6\xb8\xb8\xe6\x88\x8f\xe8\xae\xbe\xe7\xbd\xae\xe4\xb8\xad\xe5\xbc\x80\xe5\x90\xaf DLSS \xe6\x88\x96 DLAA\xe3\x80\x82"},
    {"Neural Rendering is NVIDIA's DLSS enhancer.  At the Present hook point it works on the finished frame the game shows, so DLSS is not required: with DLSS or DLAA on it uses the game's depth and motion, without it neutral ones.",
     "Neural Rendering \xe6\x98\xaf NVIDIA \xe7\x9a\x84 DLSS \xe5\xa2\x9e\xe5\xbc\xba\xe5\x8a\x9f\xe8\x83\xbd\xe3\x80\x82\xe5\x9c\xa8\xe5\x91\x88\xe7\x8e\xb0\xe4\xbb\x8b\xe5\x85\xa5\xe7\x82\xb9\xef\xbc\x8c\xe5\xae\x83\xe4\xbd\x9c\xe7\x94\xa8\xe4\xba\x8e\xe6\xb8\xb8\xe6\x88\x8f\xe6\x98\xbe\xe7\xa4\xba\xe7\x9a\x84\xe6\x9c\x80\xe7\xbb\x88\xe7\x94\xbb\xe9\x9d\xa2\xef\xbc\x8c\xe5\x9b\xa0\xe6\xad\xa4\xe4\xb8\x8d\xe9\x9c\x80\xe8\xa6\x81 DLSS\xef\xbc\x9a\xe5\xbc\x80\xe5\x90\xaf DLSS \xe6\x88\x96 DLAA \xe6\x97\xb6\xe4\xbd\xbf\xe7\x94\xa8\xe6\xb8\xb8\xe6\x88\x8f\xe7\x9a\x84\xe6\xb7\xb1\xe5\xba\xa6\xe4\xb8\x8e\xe8\xbf\x90\xe5\x8a\xa8\xef\xbc\x8c\xe5\x90\xa6\xe5\x88\x99\xe4\xbd\xbf\xe7\x94\xa8\xe4\xb8\xad\xe6\x80\xa7\xe6\x95\xb0\xe6\x8d\xae\xe3\x80\x82"},
    {"Neural Rendering is NVIDIA's DLSS enhancer.  At the Present hook point it works on the finished frame the game shows, and Depth and motion: Required needs DLSS or DLAA on in the game's settings.",
     "Neural Rendering \xe6\x98\xaf NVIDIA \xe7\x9a\x84 DLSS \xe5\xa2\x9e\xe5\xbc\xba\xe5\x8a\x9f\xe8\x83\xbd\xe3\x80\x82\xe5\x9c\xa8\xe5\x91\x88\xe7\x8e\xb0\xe4\xbb\x8b\xe5\x85\xa5\xe7\x82\xb9\xef\xbc\x8c\xe5\xae\x83\xe4\xbd\x9c\xe7\x94\xa8\xe4\xba\x8e\xe6\xb8\xb8\xe6\x88\x8f\xe6\x98\xbe\xe7\xa4\xba\xe7\x9a\x84\xe6\x9c\x80\xe7\xbb\x88\xe7\x94\xbb\xe9\x9d\xa2\xef\xbc\x8c\xe8\x80\x8c \xe6\xb7\xb1\xe5\xba\xa6\xe4\xb8\x8e\xe8\xbf\x90\xe5\x8a\xa8\xef\xbc\x9a\xe5\xbf\x85\xe9\x9c\x80 \xe9\x9c\x80\xe8\xa6\x81\xe5\x9c\xa8\xe6\xb8\xb8\xe6\x88\x8f\xe8\xae\xbe\xe7\xbd\xae\xe4\xb8\xad\xe5\xbc\x80\xe5\x90\xaf DLSS \xe6\x88\x96 DLAA\xe3\x80\x82"},
    {"Neural Rendering is NVIDIA's DLSS enhancer.  At the Present hook point with Depth and motion: Never it works on the finished frame the game shows with neutral depth and motion, so DLSS is not needed.",
     "Neural Rendering \xe6\x98\xaf NVIDIA \xe7\x9a\x84 DLSS \xe5\xa2\x9e\xe5\xbc\xba\xe5\x8a\x9f\xe8\x83\xbd\xe3\x80\x82\xe5\x9c\xa8\xe5\x91\x88\xe7\x8e\xb0\xe4\xbb\x8b\xe5\x85\xa5\xe7\x82\xb9\xe4\xb8\x94 \xe6\xb7\xb1\xe5\xba\xa6\xe4\xb8\x8e\xe8\xbf\x90\xe5\x8a\xa8\xef\xbc\x9a\xe4\xbb\x8e\xe4\xb8\x8d \xe6\x97\xb6\xef\xbc\x8c\xe5\xae\x83\xe4\xbb\xa5\xe4\xb8\xad\xe6\x80\xa7\xe7\x9a\x84\xe6\xb7\xb1\xe5\xba\xa6\xe4\xb8\x8e\xe8\xbf\x90\xe5\x8a\xa8\xe4\xbd\x9c\xe7\x94\xa8\xe4\xba\x8e\xe6\xb8\xb8\xe6\x88\x8f\xe6\x98\xbe\xe7\xa4\xba\xe7\x9a\x84\xe6\x9c\x80\xe7\xbb\x88\xe7\x94\xbb\xe9\x9d\xa2\xef\xbc\x8c\xe5\x9b\xa0\xe6\xad\xa4\xe4\xb8\x8d\xe9\x9c\x80\xe8\xa6\x81 DLSS\xe3\x80\x82"},
    {"The card above says whether it is working.  When it is not, a note in the game's top-left corner says so, even with this overlay closed.",
     "\xe4\xb8\x8a\xe6\x96\xb9\xe7\x9a\x84\xe7\x8a\xb6\xe6\x80\x81\xe5\x8d\xa1\xe4\xbc\x9a\xe6\x98\xbe\xe7\xa4\xba\xe5\xae\x83\xe6\x98\xaf\xe5\x90\xa6\xe5\x9c\xa8\xe5\xb7\xa5\xe4\xbd\x9c\xe3\x80\x82\xe6\x9c\xaa\xe5\xb7\xa5\xe4\xbd\x9c\xe6\x97\xb6\xef\xbc\x8c\xe5\x8d\xb3\xe4\xbd\xbf\xe5\x85\xb3\xe9\x97\xad\xe6\xad\xa4\xe5\x8f\xa0\xe5\x8a\xa0\xe7\x95\x8c\xe9\x9d\xa2\xef\xbc\x8c\xe6\xb8\xb8\xe6\x88\x8f\xe5\xb7\xa6\xe4\xb8\x8a\xe8\xa7\x92\xe4\xb9\x9f\xe4\xbc\x9a\xe6\x98\xbe\xe7\xa4\xba\xe6\x8f\x90\xe7\xa4\xba\xe3\x80\x82"},
    {"The switch below turns it on and off; in game, the key shown beside it does the same.",
     "\xe4\xb8\x8b\xe6\x96\xb9\xe5\xbc\x80\xe5\x85\xb3\xe7\x94\xa8\xe4\xba\x8e\xe5\xbc\x80\xe5\x90\xaf\xe5\x92\x8c\xe5\x85\xb3\xe9\x97\xad\xef\xbc\x9b\xe5\x9c\xa8\xe6\xb8\xb8\xe6\x88\x8f\xe4\xb8\xad\xef\xbc\x8c\xe6\x97\x81\xe8\xbe\xb9\xe6\x98\xbe\xe7\xa4\xba\xe7\x9a\x84\xe6\x8c\x89\xe9\x94\xae\xe4\xbd\x9c\xe7\x94\xa8\xe7\x9b\xb8\xe5\x90\x8c\xe3\x80\x82"},
    {"Strength and the Look section shape the image; a row you changed gets a reset arrow.",
     "\xe5\xbc\xba\xe5\xba\xa6\xe5\x92\x8c\xe5\xa4\x96\xe8\xa7\x82\xe9\x83\xa8\xe5\x88\x86\xe5\x86\xb3\xe5\xae\x9a\xe7\x94\xbb\xe9\x9d\xa2\xe6\x95\x88\xe6\x9e\x9c\xef\xbc\x9b\xe4\xbd\xa0\xe6\x9b\xb4\xe6\x94\xb9\xe8\xbf\x87\xe7\x9a\x84\xe8\xa1\x8c\xe4\xbc\x9a\xe6\x98\xbe\xe7\xa4\xba\xe9\x87\x8d\xe7\xbd\xae\xe7\xae\xad\xe5\xa4\xb4\xe3\x80\x82"},
    {"DX11 game - NR waits for a D3D12 tool",
     "DX11 \xe6\xb8\xb8\xe6\x88\x8f - NR \xe6\xad\xa3\xe5\x9c\xa8\xe7\xad\x89\xe5\xbe\x85 D3D12 \xe5\xb7\xa5\xe5\x85\xb7"},
    {"This session serves only a third-party tool's Direct3D 12 DLSS (DX11Source=foreign, or another project's Direct3D 11 bridge add-on is loaded), and none has run. Nothing is wrong.",
     "\xe6\x9c\xac\xe6\xac\xa1\xe4\xbc\x9a\xe8\xaf\x9d\xe5\x8f\xaa\xe6\x9c\x8d\xe5\x8a\xa1\xe7\xac\xac\xe4\xb8\x89\xe6\x96\xb9\xe5\xb7\xa5\xe5\x85\xb7\xe7\x9a\x84 Direct3D 12 DLSS\xef\xbc\x88" "DX11Source=foreign\xef\xbc\x8c\xe6\x88\x96\xe5\xb7\xb2\xe5\x8a\xa0\xe8\xbd\xbd\xe5\x85\xb6\xe4\xbb\x96\xe9\xa1\xb9\xe7\x9b\xae\xe7\x9a\x84 Direct3D 11 \xe6\xa1\xa5\xe6\x8e\xa5\xe6\x8f\x92\xe4\xbb\xb6\xef\xbc\x89\xef\xbc\x8c\xe8\x80\x8c\xe5\xae\x83\xe5\xb0\x9a\xe6\x9c\xaa\xe8\xbf\x90\xe8\xa1\x8c\xe3\x80\x82\xe4\xb8\x80\xe5\x88\x87\xe6\xad\xa3\xe5\xb8\xb8\xe3\x80\x82"},
    {"To serve the game's own DLSS, set DX11Source=native in [RenoDX.DLSS5] in ReShade.ini and restart the game.",
     "\xe8\x8b\xa5\xe8\xa6\x81\xe6\x9c\x8d\xe5\x8a\xa1\xe6\xb8\xb8\xe6\x88\x8f\xe8\x87\xaa\xe8\xba\xab\xe7\x9a\x84 DLSS\xef\xbc\x8c\xe8\xaf\xb7\xe5\x9c\xa8 ReShade.ini \xe7\x9a\x84 [RenoDX.DLSS5] \xe4\xb8\xad\xe8\xae\xbe\xe7\xbd\xae DX11Source=native \xe5\xb9\xb6\xe9\x87\x8d\xe5\x90\xaf\xe6\xb8\xb8\xe6\x88\x8f\xe3\x80\x82"},
    {"NR runtime does not support this GPU",
     "NR \xe8\xbf\x90\xe8\xa1\x8c\xe6\x97\xb6\xe4\xb8\x8d\xe6\x94\xaf\xe6\x8c\x81\xe6\xad\xa4 GPU"},
    {"This nvngx_dlssnr.dll is built for GeForce RTX 50-series (Blackwell) GPUs, and this GPU is an earlier generation. A driver update cannot change that.",
     "\xe6\xad\xa4 nvngx_dlssnr.dll \xe4\xb8\x93\xe4\xb8\xba GeForce RTX 50 \xe7\xb3\xbb\xe5\x88\x97\xef\xbc\x88" "Blackwell\xef\xbc\x89GPU \xe6\x9e\x84\xe5\xbb\xba\xef\xbc\x8c\xe8\x80\x8c\xe6\xad\xa4 GPU \xe5\xb1\x9e\xe4\xba\x8e\xe6\x9b\xb4\xe6\x97\xa9\xe7\x9a\x84\xe4\xb8\x96\xe4\xbb\xa3\xe3\x80\x82\xe6\x9b\xb4\xe6\x96\xb0\xe9\xa9\xb1\xe5\x8a\xa8\xe7\xa8\x8b\xe5\xba\x8f\xe4\xb9\x9f\xe6\x97\xa0\xe6\xb3\x95\xe6\x94\xb9\xe5\x8f\x98\xe8\xbf\x99\xe4\xb8\x80\xe7\x82\xb9\xe3\x80\x82"},
    {"Use an nvngx_dlssnr.dll build that supports this GPU, then restart the game.",
     "\xe8\xaf\xb7\xe4\xbd\xbf\xe7\x94\xa8\xe6\x94\xaf\xe6\x8c\x81\xe6\xad\xa4 GPU \xe7\x9a\x84 nvngx_dlssnr.dll \xe7\x89\x88\xe6\x9c\xac\xef\xbc\x8c\xe7\x84\xb6\xe5\x90\x8e\xe9\x87\x8d\xe5\x90\xaf\xe6\xb8\xb8\xe6\x88\x8f\xe3\x80\x82"},
    {"NR can't read this game's DLSS surfaces",
     "NR \xe6\x97\xa0\xe6\xb3\x95\xe8\xaf\xbb\xe5\x8f\x96\xe6\xad\xa4\xe6\xb8\xb8\xe6\x88\x8f\xe7\x9a\x84 DLSS \xe8\xa1\xa8\xe9\x9d\xa2"},
    {"The game's DLSS output uses a format or multisampling that the Direct3D 11 bridge cannot share with Direct3D 12, so every frame keeps the game's own DLSS image.",
     "\xe6\xb8\xb8\xe6\x88\x8f\xe7\x9a\x84 DLSS \xe8\xbe\x93\xe5\x87\xba\xe4\xbd\xbf\xe7\x94\xa8\xe4\xba\x86 Direct3D 11 \xe6\xa1\xa5\xe6\x8e\xa5\xe6\x97\xa0\xe6\xb3\x95\xe4\xb8\x8e Direct3D 12 \xe5\x85\xb1\xe4\xba\xab\xe7\x9a\x84\xe6\xa0\xbc\xe5\xbc\x8f\xe6\x88\x96\xe5\xa4\x9a\xe9\x87\x8d\xe9\x87\x87\xe6\xa0\xb7\xef\xbc\x8c\xe5\x9b\xa0\xe6\xad\xa4\xe6\xaf\x8f\xe4\xb8\x80\xe5\xb8\xa7\xe9\x83\xbd\xe4\xbf\x9d\xe7\x95\x99\xe6\xb8\xb8\xe6\x88\x8f\xe8\x87\xaa\xe8\xba\xab\xe7\x9a\x84 DLSS \xe5\x9b\xbe\xe5\x83\x8f\xe3\x80\x82"},
    {"Copy the support report under Diagnostics and share it with ReShade.log; it names the surface format.",
     "\xe5\x9c\xa8\xe8\xaf\x8a\xe6\x96\xad\xe4\xb8\xad\xe5\xa4\x8d\xe5\x88\xb6\xe6\x94\xaf\xe6\x8c\x81\xe6\x8a\xa5\xe5\x91\x8a\xef\xbc\x8c\xe5\xb9\xb6\xe4\xb8\x8e ReShade.log \xe4\xb8\x80\xe8\xb5\xb7\xe5\x88\x86\xe4\xba\xab\xef\xbc\x9b\xe6\x8a\xa5\xe5\x91\x8a\xe4\xb8\xad\xe4\xbc\x9a\xe6\xb3\xa8\xe6\x98\x8e\xe8\xa1\xa8\xe9\x9d\xa2\xe6\xa0\xbc\xe5\xbc\x8f\xe3\x80\x82"},
    {"NR's Direct3D 11 bridge stopped",
     "NR \xe7\x9a\x84 Direct3D 11 \xe6\xa1\xa5\xe6\x8e\xa5\xe5\xb7\xb2\xe5\x81\x9c\xe6\xad\xa2"},
    {"The private Direct3D 12 device NR runs on beside this game stalled or was removed, so NR stepped aside and the game keeps its own DLSS image.",
     "NR \xe5\x9c\xa8\xe6\xad\xa4\xe6\xb8\xb8\xe6\x88\x8f\xe6\x97\x81\xe8\xbf\x90\xe8\xa1\x8c\xe6\x89\x80\xe7\x94\xa8\xe7\x9a\x84\xe4\xb8\x93\xe7\x94\xa8 Direct3D 12 \xe8\xae\xbe\xe5\xa4\x87\xe5\x81\x9c\xe6\xbb\x9e\xe6\x88\x96\xe8\xa2\xab\xe7\xa7\xbb\xe9\x99\xa4\xef\xbc\x8c\xe5\x9b\xa0\xe6\xad\xa4 NR \xe5\xb7\xb2\xe9\x80\x80\xe8\xae\xa9\xef\xbc\x8c\xe6\xb8\xb8\xe6\x88\x8f\xe4\xbf\x9d\xe7\x95\x99\xe8\x87\xaa\xe8\xba\xab\xe7\x9a\x84 DLSS \xe5\x9b\xbe\xe5\x83\x8f\xe3\x80\x82"},
    {"Restart the game.",
     "\xe8\xaf\xb7\xe9\x87\x8d\xe5\x90\xaf\xe6\xb8\xb8\xe6\x88\x8f\xe3\x80\x82"},
    {"If it happens again, update the NVIDIA driver and share ReShade.log.",
     "\xe5\xa6\x82\xe6\x9e\x9c\xe5\x86\x8d\xe6\xac\xa1\xe5\x8f\x91\xe7\x94\x9f\xef\xbc\x8c\xe8\xaf\xb7\xe6\x9b\xb4\xe6\x96\xb0 NVIDIA \xe9\xa9\xb1\xe5\x8a\xa8\xe7\xa8\x8b\xe5\xba\x8f\xe5\xb9\xb6\xe5\x88\x86\xe4\xba\xab ReShade.log\xe3\x80\x82"},
    {"NR could not start the Direct3D 11 bridge",
     "NR \xe6\x97\xa0\xe6\xb3\x95\xe5\x90\xaf\xe5\x8a\xa8 Direct3D 11 \xe6\xa1\xa5\xe6\x8e\xa5"},
    {"Neural Rendering runs on a private Direct3D 12 device beside this Direct3D 11 game, and that device did not start.",
     "Neural Rendering \xe5\x9c\xa8\xe6\xad\xa4 Direct3D 11 \xe6\xb8\xb8\xe6\x88\x8f\xe6\x97\x81\xe7\x9a\x84\xe4\xb8\x93\xe7\x94\xa8 Direct3D 12 \xe8\xae\xbe\xe5\xa4\x87\xe4\xb8\x8a\xe8\xbf\x90\xe8\xa1\x8c\xef\xbc\x8c\xe8\x80\x8c\xe8\xaf\xa5\xe8\xae\xbe\xe5\xa4\x87\xe6\x9c\xaa\xe8\x83\xbd\xe5\x90\xaf\xe5\x8a\xa8\xe3\x80\x82"},
    {"Update the NVIDIA driver and restart the game.",
     "\xe8\xaf\xb7\xe6\x9b\xb4\xe6\x96\xb0 NVIDIA \xe9\xa9\xb1\xe5\x8a\xa8\xe7\xa8\x8b\xe5\xba\x8f\xe5\xb9\xb6\xe9\x87\x8d\xe5\x90\xaf\xe6\xb8\xb8\xe6\x88\x8f\xe3\x80\x82"},
    {"ReShade.log names the failing step ('D3D11 bridge could not start').",
     "ReShade.log \xe4\xbc\x9a\xe6\xb3\xa8\xe6\x98\x8e\xe5\xa4\xb1\xe8\xb4\xa5\xe7\x9a\x84\xe6\xad\xa5\xe9\xaa\xa4\xef\xbc\x88'D3D11 bridge could not start'\xef\xbc\x89\xe3\x80\x82"},
    {"NR is idle - DLSS has not started",
     "NR \xe7\xa9\xba\xe9\x97\xb2 - DLSS \xe5\xb0\x9a\xe6\x9c\xaa\xe5\x90\xaf\xe5\x8a\xa8"},
    {"NVIDIA's DLSS is loaded, but the game has not started DLSS upscaling.",
     "NVIDIA \xe7\x9a\x84 DLSS \xe5\xb7\xb2\xe5\x8a\xa0\xe8\xbd\xbd\xef\xbc\x8c\xe4\xbd\x86\xe6\xb8\xb8\xe6\x88\x8f\xe5\xb0\x9a\xe6\x9c\xaa\xe5\x90\xaf\xe5\x8a\xa8 DLSS \xe8\xb6\x85\xe5\x88\x86\xe3\x80\x82"},
    {"Turn on DLSS or DLAA in the game's graphics settings.",
     "\xe8\xaf\xb7\xe5\x9c\xa8\xe6\xb8\xb8\xe6\x88\x8f\xe7\x9a\x84\xe5\x9b\xbe\xe5\xbd\xa2\xe8\xae\xbe\xe7\xbd\xae\xe4\xb8\xad\xe5\xbc\x80\xe5\x90\xaf DLSS \xe6\x88\x96 DLAA\xe3\x80\x82"},
    {"If DLSS is already on, set EnableHooks=1 in [RenoDX.DLSS5] in ReShade.ini and restart the game.",
     "\xe5\xa6\x82\xe6\x9e\x9c DLSS \xe5\xb7\xb2\xe5\xbc\x80\xe5\x90\xaf\xef\xbc\x8c\xe8\xaf\xb7\xe5\x9c\xa8 ReShade.ini \xe7\x9a\x84 [RenoDX.DLSS5] \xe4\xb8\xad\xe8\xae\xbe\xe7\xbd\xae EnableHooks=1 \xe5\xb9\xb6\xe9\x87\x8d\xe5\x90\xaf\xe6\xb8\xb8\xe6\x88\x8f\xe3\x80\x82"},
    {"NR is idle - DLSS is set up but not running",
     "NR \xe7\xa9\xba\xe9\x97\xb2 - DLSS \xe5\xb7\xb2\xe5\x88\x9b\xe5\xbb\xba\xe4\xbd\x86\xe6\x9c\xaa\xe8\xbf\x90\xe8\xa1\x8c"},
    {"The game created its DLSS upscaler but has not run it yet.",
     "\xe6\xb8\xb8\xe6\x88\x8f\xe5\xb7\xb2\xe5\x88\x9b\xe5\xbb\xba DLSS \xe8\xb6\x85\xe5\x88\x86\xe5\x99\xa8\xef\xbc\x8c\xe4\xbd\x86\xe5\xb0\x9a\xe6\x9c\xaa\xe8\xbf\x90\xe8\xa1\x8c\xe3\x80\x82"},
    {"Load into gameplay with DLSS on; this card turns green when NR runs.",
     "\xe8\xaf\xb7\xe5\x9c\xa8\xe5\xbc\x80\xe5\x90\xaf DLSS \xe7\x9a\x84\xe6\x83\x85\xe5\x86\xb5\xe4\xb8\x8b\xe8\xbf\x9b\xe5\x85\xa5\xe6\xb8\xb8\xe6\x88\x8f\xef\xbc\x9bNR \xe8\xbf\x90\xe8\xa1\x8c\xe5\x90\x8e\xe6\xad\xa4\xe7\x8a\xb6\xe6\x80\x81\xe5\x8d\xa1\xe4\xbc\x9a\xe5\x8f\x98\xe4\xb8\xba\xe7\xbb\xbf\xe8\x89\xb2\xe3\x80\x82"},
    {"NR can't reach this game's DLSS",
     "NR \xe6\x97\xa0\xe6\xb3\x95\xe6\x8e\xa5\xe5\x85\xa5\xe6\xad\xa4\xe6\xb8\xb8\xe6\x88\x8f\xe7\x9a\x84 DLSS"},
    {"DLSS is running, but every call so far belonged to another DLSS feature or came through a path the addon cannot see.",
     "DLSS \xe6\xad\xa3\xe5\x9c\xa8\xe8\xbf\x90\xe8\xa1\x8c\xef\xbc\x8c\xe4\xbd\x86\xe5\x88\xb0\xe7\x9b\xae\xe5\x89\x8d\xe4\xb8\xba\xe6\xad\xa2\xe7\x9a\x84\xe6\x89\x80\xe6\x9c\x89\xe8\xb0\x83\xe7\x94\xa8\xe9\x83\xbd\xe5\xb1\x9e\xe4\xba\x8e\xe5\x85\xb6\xe4\xbb\x96 DLSS \xe5\x8a\x9f\xe8\x83\xbd\xef\xbc\x8c\xe6\x88\x96\xe7\xbb\x8f\xe7\x94\xb1\xe6\x8f\x92\xe4\xbb\xb6\xe6\x97\xa0\xe6\xb3\x95\xe7\x9c\x8b\xe5\x88\xb0\xe7\x9a\x84\xe8\xb7\xaf\xe5\xbe\x84\xe3\x80\x82"},
    {"If the game uses NVIDIA Streamline, set EnableHooks=1 in [RenoDX.DLSS5] in ReShade.ini and restart the game.",
     "\xe5\xa6\x82\xe6\x9e\x9c\xe6\xb8\xb8\xe6\x88\x8f\xe4\xbd\xbf\xe7\x94\xa8 NVIDIA Streamline\xef\xbc\x8c\xe8\xaf\xb7\xe5\x9c\xa8 ReShade.ini \xe7\x9a\x84 [RenoDX.DLSS5] \xe4\xb8\xad\xe8\xae\xbe\xe7\xbd\xae EnableHooks=1 \xe5\xb9\xb6\xe9\x87\x8d\xe5\x90\xaf\xe6\xb8\xb8\xe6\x88\x8f\xe3\x80\x82"},
    {"NR could not attach safely",
     "NR \xe6\x97\xa0\xe6\xb3\x95\xe5\xae\x89\xe5\x85\xa8\xe6\x8c\x82\xe6\x8e\xa5"},
    {"The addon could not find the Direct3D 12 functions it needs to keep the game's state intact, so NR stays off rather than risk the image.",
     "\xe6\x8f\x92\xe4\xbb\xb6\xe6\x89\xbe\xe4\xb8\x8d\xe5\x88\xb0\xe4\xbf\x9d\xe6\x8c\x81\xe6\xb8\xb8\xe6\x88\x8f\xe7\x8a\xb6\xe6\x80\x81\xe5\xae\x8c\xe6\x95\xb4\xe6\x89\x80\xe9\x9c\x80\xe7\x9a\x84 Direct3D 12 \xe5\x87\xbd\xe6\x95\xb0\xef\xbc\x8c\xe5\x9b\xa0\xe6\xad\xa4 NR \xe4\xbf\x9d\xe6\x8c\x81\xe5\x85\xb3\xe9\x97\xad\xef\xbc\x8c\xe4\xbb\xa5\xe5\x85\x8d\xe5\x8d\xb1\xe5\x8f\x8a\xe7\x94\xbb\xe9\x9d\xa2\xe3\x80\x82"},
    {"Copy the support report under Diagnostics and share it with ReShade.log.",
     "\xe5\x9c\xa8\xe8\xaf\x8a\xe6\x96\xad\xe4\xb8\xad\xe5\xa4\x8d\xe5\x88\xb6\xe6\x94\xaf\xe6\x8c\x81\xe6\x8a\xa5\xe5\x91\x8a\xef\xbc\x8c\xe5\xb9\xb6\xe4\xb8\x8e ReShade.log \xe4\xb8\x80\xe8\xb5\xb7\xe5\x88\x86\xe4\xba\xab\xe3\x80\x82"},
    {"NR runtime did not start",
     "NR \xe8\xbf\x90\xe8\xa1\x8c\xe6\x97\xb6\xe6\x9c\xaa\xe5\x90\xaf\xe5\x8a\xa8"},
    {"DLSS is running, but NVIDIA's Neural Rendering runtime did not start on this system.",
     "DLSS \xe6\xad\xa3\xe5\x9c\xa8\xe8\xbf\x90\xe8\xa1\x8c\xef\xbc\x8c\xe4\xbd\x86 NVIDIA \xe7\x9a\x84 Neural Rendering \xe8\xbf\x90\xe8\xa1\x8c\xe6\x97\xb6\xe6\x9c\xaa\xe8\x83\xbd\xe5\x9c\xa8\xe6\xad\xa4\xe7\xb3\xbb\xe7\xbb\x9f\xe4\xb8\x8a\xe5\x90\xaf\xe5\x8a\xa8\xe3\x80\x82"},
    {"Diagnostics shows the runtime's last result; ReShade.log names the failing step.",
     "\xe8\xaf\x8a\xe6\x96\xad\xe4\xb8\xad\xe6\x98\xbe\xe7\xa4\xba\xe8\xbf\x90\xe8\xa1\x8c\xe6\x97\xb6\xe7\x9a\x84\xe6\x9c\x80\xe5\x90\x8e\xe7\xbb\x93\xe6\x9e\x9c\xef\xbc\x9bReShade.log \xe4\xbc\x9a\xe6\xb3\xa8\xe6\x98\x8e\xe5\xa4\xb1\xe8\xb4\xa5\xe7\x9a\x84\xe6\xad\xa5\xe9\xaa\xa4\xe3\x80\x82"},
    {"NR is on but holding back",
     "NR \xe5\xb7\xb2\xe5\xbc\x80\xe5\x90\xaf\xe4\xbd\x86\xe6\x9a\x82\xe7\xbc\x93\xe6\x89\xa7\xe8\xa1\x8c"},
    {"The game's GPU state could not be restored safely around NR, so every frame was skipped rather than risk the image. This usually clears by itself.",
     "\xe6\x97\xa0\xe6\xb3\x95\xe5\x9c\xa8 NR \xe5\x89\x8d\xe5\x90\x8e\xe5\xae\x89\xe5\x85\xa8\xe6\x81\xa2\xe5\xa4\x8d\xe6\xb8\xb8\xe6\x88\x8f\xe7\x9a\x84 GPU \xe7\x8a\xb6\xe6\x80\x81\xef\xbc\x8c\xe5\x9b\xa0\xe6\xad\xa4\xe4\xb8\xba\xe5\x85\x8d\xe5\x8d\xb1\xe5\x8f\x8a\xe7\x94\xbb\xe9\x9d\xa2\xef\xbc\x8c\xe8\xb7\xb3\xe8\xbf\x87\xe4\xba\x86\xe6\x89\x80\xe6\x9c\x89\xe5\xb8\xa7\xe3\x80\x82\xe8\xbf\x99\xe9\x80\x9a\xe5\xb8\xb8\xe4\xbc\x9a\xe8\x87\xaa\xe8\xa1\x8c\xe6\x81\xa2\xe5\xa4\x8d\xe3\x80\x82"},
    {"If it never clears, copy the support report under Diagnostics and share it with ReShade.log.",
     "\xe5\xa6\x82\xe6\x9e\x9c\xe4\xb8\x80\xe7\x9b\xb4\xe6\x9c\xaa\xe6\x81\xa2\xe5\xa4\x8d\xef\xbc\x8c\xe8\xaf\xb7\xe5\x9c\xa8\xe8\xaf\x8a\xe6\x96\xad\xe4\xb8\xad\xe5\xa4\x8d\xe5\x88\xb6\xe6\x94\xaf\xe6\x8c\x81\xe6\x8a\xa5\xe5\x91\x8a\xef\xbc\x8c\xe5\xb9\xb6\xe4\xb8\x8e ReShade.log \xe4\xb8\x80\xe8\xb5\xb7\xe5\x88\x86\xe4\xba\xab\xe3\x80\x82"},
    {"NR is on but has not run yet",
     "NR \xe5\xb7\xb2\xe5\xbc\x80\xe5\x90\xaf\xe4\xbd\x86\xe5\xb0\x9a\xe6\x9c\xaa\xe8\xbf\x90\xe8\xa1\x8c"},
    {"DLSS is running and NR is on, but NR has not run on a frame yet.",
     "DLSS \xe6\xad\xa3\xe5\x9c\xa8\xe8\xbf\x90\xe8\xa1\x8c\xe4\xb8\x94 NR \xe5\xb7\xb2\xe5\xbc\x80\xe5\x90\xaf\xef\xbc\x8c\xe4\xbd\x86 NR \xe5\xb0\x9a\xe6\x9c\xaa\xe5\x9c\xa8\xe4\xbb\xbb\xe4\xbd\x95\xe5\xb8\xa7\xe4\xb8\x8a\xe8\xbf\x90\xe8\xa1\x8c\xe3\x80\x82"},
    {"Copy the support report under Diagnostics; ReShade.log's NR-VERDICT line names the stage and the reason.",
     "\xe5\x9c\xa8\xe8\xaf\x8a\xe6\x96\xad\xe4\xb8\xad\xe5\xa4\x8d\xe5\x88\xb6\xe6\x94\xaf\xe6\x8c\x81\xe6\x8a\xa5\xe5\x91\x8a\xef\xbc\x9bReShade.log \xe7\x9a\x84 NR-VERDICT \xe8\xa1\x8c\xe4\xbc\x9a\xe6\xb3\xa8\xe6\x98\x8e\xe9\x98\xb6\xe6\xae\xb5\xe5\x92\x8c\xe5\x8e\x9f\xe5\x9b\xa0\xe3\x80\x82"},
    {"Running through a third-party tool's Direct3D 12 DLSS.",
     "\xe9\x80\x9a\xe8\xbf\x87\xe7\xac\xac\xe4\xb8\x89\xe6\x96\xb9\xe5\xb7\xa5\xe5\x85\xb7\xe7\x9a\x84 Direct3D 12 DLSS \xe8\xbf\x90\xe8\xa1\x8c\xe3\x80\x82"},
    {"Running through the Direct3D 11 bridge.",
     "\xe9\x80\x9a\xe8\xbf\x87 Direct3D 11 \xe6\xa1\xa5\xe6\x8e\xa5\xe8\xbf\x90\xe8\xa1\x8c\xe3\x80\x82"},
    {"Disabled by setting",
     "\xe5\xb7\xb2\xe9\x80\x9a\xe8\xbf\x87\xe8\xae\xbe\xe7\xbd\xae\xe7\xa6\x81\xe7\x94\xa8"},
    {"EnableHooks=0 in [RenoDX.DLSS5] (ReShade.ini) turns every hook off. Set EnableHooks=2 to use Neural Rendering.",
     "[RenoDX.DLSS5]\xef\xbc\x88ReShade.ini\xef\xbc\x89\xe4\xb8\xad\xe7\x9a\x84 EnableHooks=0 \xe4\xbc\x9a\xe5\x85\xb3\xe9\x97\xad\xe6\x89\x80\xe6\x9c\x89\xe6\x8c\x82\xe9\x92\xa9\xe3\x80\x82\xe8\xae\xbe\xe7\xbd\xae EnableHooks=2 \xe5\x8d\xb3\xe5\x8f\xaf\xe4\xbd\xbf\xe7\x94\xa8 Neural Rendering\xe3\x80\x82"},
    {"DX11Source=off in [RenoDX.DLSS5] (ReShade.ini) keeps the addon inert in Direct3D 11 games. Remove the key to let Neural Rendering follow the game's DLSS again.",
     "[RenoDX.DLSS5]\xef\xbc\x88ReShade.ini\xef\xbc\x89\xe4\xb8\xad\xe7\x9a\x84 DX11Source=off \xe4\xbd\xbf\xe6\x8f\x92\xe4\xbb\xb6\xe5\x9c\xa8 Direct3D 11 \xe6\xb8\xb8\xe6\x88\x8f\xe4\xb8\xad\xe4\xbf\x9d\xe6\x8c\x81\xe4\xb8\x8d\xe6\xb4\xbb\xe5\x8a\xa8\xe3\x80\x82\xe5\x88\xa0\xe9\x99\xa4\xe8\xaf\xa5\xe9\x94\xae\xe5\x8d\xb3\xe5\x8f\xaf\xe8\xae\xa9 Neural Rendering \xe9\x87\x8d\xe6\x96\xb0\xe8\xb7\x9f\xe9\x9a\x8f\xe6\xb8\xb8\xe6\x88\x8f\xe7\x9a\x84 DLSS\xe3\x80\x82"},
    {"Another Neural Rendering mod is running",
     "\xe5\x8f\xa6\xe4\xb8\x80\xe4\xb8\xaa Neural Rendering \xe6\xa8\xa1\xe7\xbb\x84\xe6\xad\xa3\xe5\x9c\xa8\xe8\xbf\x90\xe8\xa1\x8c"},
    {"Something else in this game already runs Neural Rendering, so this addon stands down instead of enhancing every frame twice.",
     "\xe6\xad\xa4\xe6\xb8\xb8\xe6\x88\x8f\xe4\xb8\xad\xe5\xb7\xb2\xe6\x9c\x89\xe5\x85\xb6\xe4\xbb\x96\xe7\xa8\x8b\xe5\xba\x8f\xe5\x9c\xa8\xe8\xbf\x90\xe8\xa1\x8c Neural Rendering\xef\xbc\x8c\xe5\x9b\xa0\xe6\xad\xa4\xe6\x9c\xac\xe6\x8f\x92\xe4\xbb\xb6\xe4\xb8\xbb\xe5\x8a\xa8\xe9\x80\x80\xe8\xae\xa9\xef\xbc\x8c\xe4\xbb\xa5\xe5\x85\x8d\xe6\xaf\x8f\xe5\xb8\xa7\xe8\xa2\xab\xe5\xa2\x9e\xe5\xbc\xba\xe4\xb8\xa4\xe6\xac\xa1\xe3\x80\x82"},
    {"To use this addon instead, remove the other mod and restart the game.",
     "\xe8\x8b\xa5\xe8\xa6\x81\xe6\x94\xb9\xe7\x94\xa8\xe6\x9c\xac\xe6\x8f\x92\xe4\xbb\xb6\xef\xbc\x8c\xe8\xaf\xb7\xe7\xa7\xbb\xe9\x99\xa4\xe5\x8f\xa6\xe4\xb8\x80\xe4\xb8\xaa\xe6\xa8\xa1\xe7\xbb\x84\xe5\xb9\xb6\xe9\x87\x8d\xe5\x90\xaf\xe6\xb8\xb8\xe6\x88\x8f\xe3\x80\x82"},
    {"To run both anyway, set ForeignNr=observe in [RenoDX.DLSS5] (ReShade.ini) and restart.",
     "\xe8\x8b\xa5\xe4\xbb\x8d\xe8\xa6\x81\xe5\x90\x8c\xe6\x97\xb6\xe8\xbf\x90\xe8\xa1\x8c\xe4\xb8\xa4\xe8\x80\x85\xef\xbc\x8c\xe8\xaf\xb7\xe5\x9c\xa8 [RenoDX.DLSS5]\xef\xbc\x88ReShade.ini\xef\xbc\x89\xe4\xb8\xad\xe8\xae\xbe\xe7\xbd\xae ForeignNr=observe \xe5\xb9\xb6\xe9\x87\x8d\xe5\x90\xaf\xe3\x80\x82"},
    {"Neural Rendering is off",
     "Neural Rendering \xe5\xb7\xb2\xe5\x85\xb3\xe9\x97\xad"},
    {"Turned off in settings or by the toggle hotkey.",
     "\xe5\xb7\xb2\xe5\x9c\xa8\xe8\xae\xbe\xe7\xbd\xae\xe4\xb8\xad\xe6\x88\x96\xe9\x80\x9a\xe8\xbf\x87\xe5\x88\x87\xe6\x8d\xa2\xe5\xbf\xab\xe6\x8d\xb7\xe9\x94\xae\xe5\x85\xb3\xe9\x97\xad\xe3\x80\x82"},
    {"NR runtime not installed",
     "\xe6\x9c\xaa\xe5\xae\x89\xe8\xa3\x85 NR \xe8\xbf\x90\xe8\xa1\x8c\xe6\x97\xb6"},
    {"NVIDIA's signed nvngx_dlssnr.dll is not next to the addon or the game's executable.",
     "\xe6\x8f\x92\xe4\xbb\xb6\xe6\x88\x96\xe6\xb8\xb8\xe6\x88\x8f\xe5\x8f\xaf\xe6\x89\xa7\xe8\xa1\x8c\xe6\x96\x87\xe4\xbb\xb6\xe6\x97\x81\xe6\xb2\xa1\xe6\x9c\x89 NVIDIA \xe7\xad\xbe\xe5\x90\x8d\xe7\x9a\x84 nvngx_dlssnr.dll\xe3\x80\x82"},
    {"Place nvngx_dlssnr.dll in the game's folder, next to the addon.",
     "\xe8\xaf\xb7\xe5\xb0\x86 nvngx_dlssnr.dll \xe6\x94\xbe\xe5\x85\xa5\xe6\xb8\xb8\xe6\x88\x8f\xe6\x96\x87\xe4\xbb\xb6\xe5\xa4\xb9\xef\xbc\x8c\xe4\xb8\x8e\xe6\x8f\x92\xe4\xbb\xb6\xe6\x94\xbe\xe5\x9c\xa8\xe4\xb8\x80\xe8\xb5\xb7\xe3\x80\x82"},
    {"NR runtime could not be used",
     "NR \xe8\xbf\x90\xe8\xa1\x8c\xe6\x97\xb6\xe6\x97\xa0\xe6\xb3\x95\xe4\xbd\xbf\xe7\x94\xa8"},
    {"nvngx_dlssnr.dll was found but could not be loaded.",
     "\xe5\xb7\xb2\xe6\x89\xbe\xe5\x88\xb0 nvngx_dlssnr.dll\xef\xbc\x8c\xe4\xbd\x86\xe6\x97\xa0\xe6\xb3\x95\xe5\x8a\xa0\xe8\xbd\xbd\xe3\x80\x82"},
    {"Replace it with an official NVIDIA build of nvngx_dlssnr.dll.",
     "\xe8\xaf\xb7\xe7\x94\xa8 NVIDIA \xe5\xae\x98\xe6\x96\xb9\xe7\x89\x88\xe6\x9c\xac\xe7\x9a\x84 nvngx_dlssnr.dll \xe6\x9b\xbf\xe6\x8d\xa2\xe3\x80\x82"},
    {"Update the NVIDIA driver, then restart the game.",
     "\xe8\xaf\xb7\xe6\x9b\xb4\xe6\x96\xb0 NVIDIA \xe9\xa9\xb1\xe5\x8a\xa8\xe7\xa8\x8b\xe5\xba\x8f\xef\xbc\x8c\xe7\x84\xb6\xe5\x90\x8e\xe9\x87\x8d\xe5\x90\xaf\xe6\xb8\xb8\xe6\x88\x8f\xe3\x80\x82"},
    {"ReShade.log names the failing step.",
     "ReShade.log \xe4\xbc\x9a\xe6\xb3\xa8\xe6\x98\x8e\xe5\xa4\xb1\xe8\xb4\xa5\xe7\x9a\x84\xe6\xad\xa5\xe9\xaa\xa4\xe3\x80\x82"},
    {"NR is waiting for DLSS",
     "NR \xe6\xad\xa3\xe5\x9c\xa8\xe7\xad\x89\xe5\xbe\x85 DLSS"},
    {"It resumes by itself when the game runs DLSS again - normal after a resolution or quality change.",
     "\xe6\xb8\xb8\xe6\x88\x8f\xe5\x86\x8d\xe6\xac\xa1\xe8\xbf\x90\xe8\xa1\x8c DLSS \xe6\x97\xb6\xe4\xbc\x9a\xe8\x87\xaa\xe5\x8a\xa8\xe6\x81\xa2\xe5\xa4\x8d\xe2\x80\x94\xe2\x80\x94\xe6\x9b\xb4\xe6\x94\xb9\xe5\x88\x86\xe8\xbe\xa8\xe7\x8e\x87\xe6\x88\x96\xe7\x94\xbb\xe8\xb4\xa8\xe5\x90\x8e\xe5\xb1\x9e\xe6\xad\xa3\xe5\xb8\xb8\xe7\x8e\xb0\xe8\xb1\xa1\xe3\x80\x82"},
    {"Neural Rendering is active, with 1 issue",
     "Neural Rendering \xe5\xb7\xb2\xe5\x90\xaf\xe7\x94\xa8\xef\xbc\x8c\xe6\x9c\x89 1 \xe4\xb8\xaa\xe9\x97\xae\xe9\xa2\x98"},
    {"Neural Rendering is active, with %u issues",
     "Neural Rendering \xe5\xb7\xb2\xe5\x90\xaf\xe7\x94\xa8\xef\xbc\x8c\xe6\x9c\x89 %u \xe4\xb8\xaa\xe9\x97\xae\xe9\xa2\x98"},
    {"NR is enhancing frames, but the issues listed below lower what it can do.",
     "NR \xe6\xad\xa3\xe5\x9c\xa8\xe5\xa2\x9e\xe5\xbc\xba\xe7\x94\xbb\xe9\x9d\xa2\xef\xbc\x8c\xe4\xbd\x86\xe4\xb8\x8b\xe6\x96\xb9\xe5\x88\x97\xe5\x87\xba\xe7\x9a\x84\xe9\x97\xae\xe9\xa2\x98\xe9\x99\x90\xe5\x88\xb6\xe4\xba\x86\xe5\xae\x83\xe7\x9a\x84\xe6\x95\x88\xe6\x9e\x9c\xe3\x80\x82"},
    {"Each issue below names what to change.",
     "\xe4\xb8\x8b\xe6\x96\xb9\xe6\xaf\x8f\xe4\xb8\xaa\xe9\x97\xae\xe9\xa2\x98\xe9\x83\xbd\xe6\xb3\xa8\xe6\x98\x8e\xe4\xba\x86\xe9\x9c\x80\xe8\xa6\x81\xe6\x9b\xb4\xe6\x94\xb9\xe7\x9a\x84\xe5\x86\x85\xe5\xae\xb9\xe3\x80\x82"},
    {"Neural Rendering is active",
     "Neural Rendering \xe5\xb7\xb2\xe5\x90\xaf\xe7\x94\xa8"},
    {"Enhancing the frame the game presents",
     "\xe6\xad\xa3\xe5\x9c\xa8\xe5\xa2\x9e\xe5\xbc\xba\xe6\xb8\xb8\xe6\x88\x8f\xe5\x91\x88\xe7\x8e\xb0\xe7\x9a\x84\xe7\x94\xbb\xe9\x9d\xa2"},
    {"Enhancing the game's DLSS input before upscaling",
     "\xe6\xad\xa3\xe5\x9c\xa8\xe8\xb6\x85\xe5\x88\x86\xe5\x89\x8d\xe5\xa2\x9e\xe5\xbc\xba\xe6\xb8\xb8\xe6\x88\x8f\xe7\x9a\x84 DLSS \xe8\xbe\x93\xe5\x85\xa5"},
    {"Replacing the game's DLSS output",
     "\xe6\xad\xa3\xe5\x9c\xa8\xe6\x9b\xbf\xe6\x8d\xa2\xe6\xb8\xb8\xe6\x88\x8f\xe7\x9a\x84 DLSS \xe8\xbe\x93\xe5\x87\xba"},
    {"Neural Rendering is partly active",
     "Neural Rendering \xe9\x83\xa8\xe5\x88\x86\xe5\x90\xaf\xe7\x94\xa8"},
    {"Open Diagnostics: 'Skipped because' names why the other frames were skipped.",
     "\xe6\x89\x93\xe5\xbc\x80\xe8\xaf\x8a\xe6\x96\xad\xef\xbc\x9a'\xe8\xb7\xb3\xe8\xbf\x87\xe5\x8e\x9f\xe5\x9b\xa0' \xe4\xbc\x9a\xe8\xaf\xb4\xe6\x98\x8e\xe5\x85\xb6\xe4\xbb\x96\xe5\xb8\xa7\xe8\xa2\xab\xe8\xb7\xb3\xe8\xbf\x87\xe7\x9a\x84\xe5\x8e\x9f\xe5\x9b\xa0\xe3\x80\x82"},
    {"DLSS on an API NR does not serve",
     "DLSS \xe4\xbd\xbf\xe7\x94\xa8\xe4\xba\x86 NR \xe4\xb8\x8d\xe6\x94\xaf\xe6\x8c\x81\xe7\x9a\x84 API"},
    {"This game runs DLSS without presenting through Direct3D 12, Direct3D 11, or Vulkan. The addon is loaded and safe; nothing is wrong.",
     "\xe6\xad\xa4\xe6\xb8\xb8\xe6\x88\x8f\xe8\xbf\x90\xe8\xa1\x8c DLSS \xe6\x97\xb6\xe4\xb8\x8d\xe9\x80\x9a\xe8\xbf\x87 Direct3D 12\xe3\x80\x81" "Direct3D 11 \xe6\x88\x96 Vulkan \xe5\x91\x88\xe7\x8e\xb0\xe3\x80\x82\xe6\x8f\x92\xe4\xbb\xb6\xe5\xb7\xb2\xe5\x8a\xa0\xe8\xbd\xbd\xe4\xb8\x94\xe5\xae\x89\xe5\x85\xa8\xef\xbc\x9b\xe4\xb8\x80\xe5\x88\x87\xe6\xad\xa3\xe5\xb8\xb8\xe3\x80\x82"},
    {"If the game offers DirectX 12 in its graphics settings, switch to it and restart the game.",
     "\xe5\xa6\x82\xe6\x9e\x9c\xe6\xb8\xb8\xe6\x88\x8f\xe7\x9a\x84\xe5\x9b\xbe\xe5\xbd\xa2\xe8\xae\xbe\xe7\xbd\xae\xe4\xb8\xad\xe6\x8f\x90\xe4\xbe\x9b DirectX 12\xef\xbc\x8c\xe8\xaf\xb7\xe5\x88\x87\xe6\x8d\xa2\xe5\x88\xb0 DirectX 12 \xe5\xb9\xb6\xe9\x87\x8d\xe5\x90\xaf\xe6\xb8\xb8\xe6\x88\x8f\xe3\x80\x82"},
    {"NR is idle - only Frame Generation is on",
     "NR \xe7\xa9\xba\xe9\x97\xb2 - \xe4\xbb\x85\xe5\xbc\x80\xe5\x90\xaf\xe4\xba\x86 Frame Generation"},
    {"Frame Generation is a different DLSS feature. Neural Rendering improves DLSS upscaling.",
     "Frame Generation \xe6\x98\xaf\xe5\x8f\xa6\xe4\xb8\x80\xe9\xa1\xb9 DLSS \xe5\x8a\x9f\xe8\x83\xbd\xe3\x80\x82Neural Rendering \xe5\xa2\x9e\xe5\xbc\xba\xe7\x9a\x84\xe6\x98\xaf DLSS \xe8\xb6\x85\xe5\x88\x86\xe3\x80\x82"},
    {"Turn on DLSS or DLAA upscaling in the game's graphics settings, not only Frame Generation.",
     "\xe8\xaf\xb7\xe5\x9c\xa8\xe6\xb8\xb8\xe6\x88\x8f\xe7\x9a\x84\xe5\x9b\xbe\xe5\xbd\xa2\xe8\xae\xbe\xe7\xbd\xae\xe4\xb8\xad\xe5\xbc\x80\xe5\x90\xaf DLSS \xe6\x88\x96 DLAA \xe8\xb6\x85\xe5\x88\x86\xef\xbc\x8c\xe8\x80\x8c\xe4\xb8\x8d\xe4\xbb\x85\xe4\xbb\x85\xe6\x98\xaf Frame Generation\xe3\x80\x82"},
    {"This card turns green when it works.",
     "\xe6\xad\xa3\xe5\xb8\xb8\xe5\xb7\xa5\xe4\xbd\x9c\xe6\x97\xb6\xe6\xad\xa4\xe7\x8a\xb6\xe6\x80\x81\xe5\x8d\xa1\xe4\xbc\x9a\xe5\x8f\x98\xe4\xb8\xba\xe7\xbb\xbf\xe8\x89\xb2\xe3\x80\x82"},
    {"NR is idle - DLSS upscaling is off",
     "NR \xe7\xa9\xba\xe9\x97\xb2 - DLSS \xe8\xb6\x85\xe5\x88\x86\xe5\xb7\xb2\xe5\x85\xb3\xe9\x97\xad"},
    {"Neural Rendering improves DLSS, so it needs DLSS on.",
     "Neural Rendering \xe5\xa2\x9e\xe5\xbc\xba\xe7\x9a\x84\xe6\x98\xaf DLSS\xef\xbc\x8c\xe5\x9b\xa0\xe6\xad\xa4\xe9\x9c\x80\xe8\xa6\x81\xe5\xbc\x80\xe5\x90\xaf DLSS\xe3\x80\x82"},
    {"Open the game's graphics settings.",
     "\xe6\x89\x93\xe5\xbc\x80\xe6\xb8\xb8\xe6\x88\x8f\xe7\x9a\x84\xe5\x9b\xbe\xe5\xbd\xa2\xe8\xae\xbe\xe7\xbd\xae\xe3\x80\x82"},
    {"Set DLSS or DLAA to any quality mode.",
     "\xe5\xb0\x86 DLSS \xe6\x88\x96 DLAA \xe8\xae\xbe\xe4\xb8\xba\xe4\xbb\xbb\xe6\x84\x8f\xe7\x94\xbb\xe8\xb4\xa8\xe6\xa8\xa1\xe5\xbc\x8f\xe3\x80\x82"},
    {"NR needs the Streamline setting",
     "NR \xe9\x9c\x80\xe8\xa6\x81 Streamline \xe8\xae\xbe\xe7\xbd\xae"},
    {"This game hands DLSS its inputs through NVIDIA Streamline, which the default hook mode cannot read.",
     "\xe6\xad\xa4\xe6\xb8\xb8\xe6\x88\x8f\xe9\x80\x9a\xe8\xbf\x87 NVIDIA Streamline \xe5\x90\x91 DLSS \xe4\xbc\xa0\xe9\x80\x92\xe8\xbe\x93\xe5\x85\xa5\xef\xbc\x8c\xe9\xbb\x98\xe8\xae\xa4\xe6\x8c\x82\xe9\x92\xa9\xe6\xa8\xa1\xe5\xbc\x8f\xe6\x97\xa0\xe6\xb3\x95\xe8\xaf\xbb\xe5\x8f\x96\xe3\x80\x82"},
    {"This game runs DLSS entirely through NVIDIA Streamline, which the default hook mode cannot see.",
     "\xe6\xad\xa4\xe6\xb8\xb8\xe6\x88\x8f\xe5\xae\x8c\xe5\x85\xa8\xe9\x80\x9a\xe8\xbf\x87 NVIDIA Streamline \xe8\xbf\x90\xe8\xa1\x8c DLSS\xef\xbc\x8c\xe9\xbb\x98\xe8\xae\xa4\xe6\x8c\x82\xe9\x92\xa9\xe6\xa8\xa1\xe5\xbc\x8f\xe6\x97\xa0\xe6\xb3\x95\xe7\x9c\x8b\xe5\x88\xb0\xe3\x80\x82"},
    {"Set EnableHooks=1 in the [RenoDX.DLSS5] section of ReShade.ini.",
     "\xe8\xaf\xb7\xe5\x9c\xa8 ReShade.ini \xe7\x9a\x84 [RenoDX.DLSS5] \xe9\x83\xa8\xe5\x88\x86\xe4\xb8\xad\xe8\xae\xbe\xe7\xbd\xae EnableHooks=1\xe3\x80\x82"},
    {"Starting...",
     "\xe6\xad\xa3\xe5\x9c\xa8\xe5\x90\xaf\xe5\x8a\xa8..."},
    {"Waiting for the game to run DLSS.",
     "\xe6\xad\xa3\xe5\x9c\xa8\xe7\xad\x89\xe5\xbe\x85\xe6\xb8\xb8\xe6\x88\x8f\xe8\xbf\x90\xe8\xa1\x8c DLSS\xe3\x80\x82"},
    {"DLSS is running; Neural Rendering is getting ready.",
     "DLSS \xe6\xad\xa3\xe5\x9c\xa8\xe8\xbf\x90\xe8\xa1\x8c\xef\xbc\x9bNeural Rendering \xe6\xad\xa3\xe5\x9c\xa8\xe5\x87\x86\xe5\xa4\x87\xe3\x80\x82"},
    {"This game isn't using DLSS",
     "\xe6\xad\xa4\xe6\xb8\xb8\xe6\x88\x8f\xe6\x9c\xaa\xe4\xbd\xbf\xe7\x94\xa8 DLSS"},
    {"No NVIDIA DLSS module has loaded, so Neural Rendering stays idle. Nothing is broken.",
     "\xe6\x9c\xaa\xe5\x8a\xa0\xe8\xbd\xbd\xe4\xbb\xbb\xe4\xbd\x95 NVIDIA DLSS \xe6\xa8\xa1\xe5\x9d\x97\xef\xbc\x8c\xe5\x9b\xa0\xe6\xad\xa4 Neural Rendering \xe4\xbf\x9d\xe6\x8c\x81\xe7\xa9\xba\xe9\x97\xb2\xe3\x80\x82\xe4\xb8\x80\xe5\x88\x87\xe6\xad\xa3\xe5\xb8\xb8\xe3\x80\x82"},
    {"%s%s%llu frames enhanced this session",
     "%s%s\xe6\x9c\xac\xe6\xac\xa1\xe4\xbc\x9a\xe8\xaf\x9d\xe5\xb7\xb2\xe5\xa2\x9e\xe5\xbc\xba %llu \xe5\xb8\xa7"},
    {"%s%sEnhancing %llu of %llu frames",
     "%s%s\xe6\xad\xa3\xe5\x9c\xa8\xe5\xa2\x9e\xe5\xbc\xba %llu / %llu \xe5\xb8\xa7"},
    {"NR: %.1f ms of GPU time per frame",
     "NR\xef\xbc\x9a\xe6\xaf\x8f\xe5\xb8\xa7 GPU \xe6\x97\xb6\xe9\x97\xb4 %.1f ms"},
    {"NR: %.1f ms of GPU time per frame (estimate: %.0f fps without NR, %.0f fps with it)",
     "NR\xef\xbc\x9a\xe6\xaf\x8f\xe5\xb8\xa7 GPU \xe6\x97\xb6\xe9\x97\xb4 %.1f ms\xef\xbc\x88\xe4\xbc\xb0\xe7\xae\x97\xef\xbc\x9a\xe6\x97\xa0 NR %.0f fps\xef\xbc\x8c\xe6\x9c\x89 NR %.0f fps\xef\xbc\x89"},
    {"Turn on",
     "\xe5\xbc\x80\xe5\x90\xaf"},
    {"Open Diagnostics",
     "\xe6\x89\x93\xe5\xbc\x80\xe8\xaf\x8a\xe6\x96\xad"},
    {"Got it",
     "\xe7\x9f\xa5\xe9\x81\x93\xe4\xba\x86"},
    {"Reset to default (%s)",
     "\xe9\x87\x8d\xe7\xbd\xae\xe4\xb8\xba\xe9\xbb\x98\xe8\xae\xa4\xe5\x80\xbc (%s)"},
    {"Custom",
     "\xe8\x87\xaa\xe5\xae\x9a\xe4\xb9\x89"},
    {"The game's DLSS call lacked its output, depth or motion",
     "\xe6\xb8\xb8\xe6\x88\x8f\xe7\x9a\x84 DLSS \xe8\xb0\x83\xe7\x94\xa8\xe7\xbc\xba\xe5\xb0\x91\xe8\xbe\x93\xe5\x87\xba\xe3\x80\x81\xe6\xb7\xb1\xe5\xba\xa6\xe6\x88\x96\xe8\xbf\x90\xe5\x8a\xa8"},
    {"The game's DLSS output has a size or layout NR cannot use",
     "\xe6\xb8\xb8\xe6\x88\x8f\xe7\x9a\x84 DLSS \xe8\xbe\x93\xe5\x87\xba\xe5\xb0\xba\xe5\xaf\xb8\xe6\x88\x96\xe5\xb8\x83\xe5\xb1\x80 NR \xe6\x97\xa0\xe6\xb3\x95\xe4\xbd\xbf\xe7\x94\xa8"},
    {"The game's image before upscaling has a size or layout NR cannot use",
     "\xe6\xb8\xb8\xe6\x88\x8f\xe8\xb6\x85\xe5\x88\x86\xe5\x89\x8d\xe7\x94\xbb\xe9\x9d\xa2\xe7\x9a\x84\xe5\xb0\xba\xe5\xaf\xb8\xe6\x88\x96\xe5\xb8\x83\xe5\xb1\x80 NR \xe6\x97\xa0\xe6\xb3\x95\xe4\xbd\xbf\xe7\x94\xa8"},
    {"Streamline did not hand over every image NR needs",
     "Streamline \xe6\xb2\xa1\xe6\x9c\x89\xe4\xba\xa4\xe5\x87\xba NR \xe6\x89\x80\xe9\x9c\x80\xe7\x9a\x84\xe5\x85\xa8\xe9\x83\xa8\xe5\x9b\xbe\xe5\x83\x8f"},
    {"Streamline's images were in a state NR cannot use",
     "Streamline \xe7\x9a\x84\xe5\x9b\xbe\xe5\x83\x8f\xe5\xa4\x84\xe4\xba\x8e NR \xe6\x97\xa0\xe6\xb3\x95\xe4\xbd\xbf\xe7\x94\xa8\xe7\x9a\x84\xe7\x8a\xb6\xe6\x80\x81"},
    {"The NR runtime was not ready for Streamline",
     "NR \xe8\xbf\x90\xe8\xa1\x8c\xe6\x97\xb6\xe5\xb0\x9a\xe6\x9c\xaa\xe4\xb8\xba Streamline \xe5\xb0\xb1\xe7\xbb\xaa"},
    {"The frame was already enhanced (the game ran DLSS twice)",
     "\xe8\xaf\xa5\xe5\xb8\xa7\xe5\xb7\xb2\xe8\xa2\xab\xe5\xa2\x9e\xe5\xbc\xba\xef\xbc\x88\xe6\xb8\xb8\xe6\x88\x8f\xe8\xb0\x83\xe7\x94\xa8\xe4\xba\x86\xe4\xb8\xa4\xe6\xac\xa1 DLSS\xef\xbc\x89"},
    {"The game's GPU state could not be restored safely",
     "\xe6\x97\xa0\xe6\xb3\x95\xe5\xae\x89\xe5\x85\xa8\xe6\x81\xa2\xe5\xa4\x8d\xe6\xb8\xb8\xe6\x88\x8f\xe7\x9a\x84 GPU \xe7\x8a\xb6\xe6\x80\x81"},
    {"NR could not set up its working images",
     "NR \xe6\x97\xa0\xe6\xb3\x95\xe5\x87\x86\xe5\xa4\x87\xe5\x85\xb6\xe5\xb7\xa5\xe4\xbd\x9c\xe5\x9b\xbe\xe5\x83\x8f"},
    {"Warm-up after a start or a settings change",
     "\xe5\x90\xaf\xe5\x8a\xa8\xe6\x88\x96\xe6\x9b\xb4\xe6\x94\xb9\xe8\xae\xbe\xe7\xbd\xae\xe5\x90\x8e\xe7\x9a\x84\xe9\xa2\x84\xe7\x83\xad"},
    {"Strength is 0 in every pass",
     "\xe6\xaf\x8f\xe4\xb8\xaa\xe9\x80\x9a\xe9\x81\x93\xe7\x9a\x84\xe5\xbc\xba\xe5\xba\xa6\xe9\x83\xbd\xe4\xb8\xba 0"},
    {"Waiting to retry after a failure",
     "\xe5\xa4\xb1\xe8\xb4\xa5\xe5\x90\x8e\xe7\xad\x89\xe5\xbe\x85\xe9\x87\x8d\xe8\xaf\x95"},
    {"The NR runtime is not available",
     "NR \xe8\xbf\x90\xe8\xa1\x8c\xe6\x97\xb6\xe4\xb8\x8d\xe5\x8f\xaf\xe7\x94\xa8"},
    {"The Direct3D 11 bridge was not running",
     "Direct3D 11 \xe6\xa1\xa5\xe6\x8e\xa5\xe6\x9c\xaa\xe8\xbf\x90\xe8\xa1\x8c"},
    {"This frame's images cannot cross the Direct3D 11 bridge",
     "\xe8\xaf\xa5\xe5\xb8\xa7\xe7\x9a\x84\xe5\x9b\xbe\xe5\x83\x8f\xe6\x97\xa0\xe6\xb3\x95\xe9\x80\x9a\xe8\xbf\x87 Direct3D 11 \xe6\xa1\xa5\xe6\x8e\xa5"},
    {"The Direct3D 11 bridge was still busy on the GPU",
     "Direct3D 11 \xe6\xa1\xa5\xe6\x8e\xa5\xe5\x9c\xa8 GPU \xe4\xb8\x8a\xe4\xbb\x8d\xe7\x84\xb6\xe5\xbf\x99\xe7\xa2\x8c"},
    {"A Direct3D 11 bridge frame stalled and was released",
     "\xe4\xb8\x80\xe5\xb8\xa7 Direct3D 11 \xe6\xa1\xa5\xe6\x8e\xa5\xe5\xb7\xa5\xe4\xbd\x9c\xe5\x8d\xa1\xe4\xbd\x8f\xe5\xb9\xb6\xe5\xb7\xb2\xe9\x87\x8a\xe6\x94\xbe"},
    {"The Direct3D 11 bridge was lost",
     "Direct3D 11 \xe6\xa1\xa5\xe6\x8e\xa5\xe5\xb7\xb2\xe4\xb8\xa2\xe5\xa4\xb1"},
    {"The game ran DLSS on a deferred Direct3D 11 context",
     "\xe6\xb8\xb8\xe6\x88\x8f\xe5\x9c\xa8\xe5\xbb\xb6\xe8\xbf\x9f\xe7\x9a\x84 Direct3D 11 \xe4\xb8\x8a\xe4\xb8\x8b\xe6\x96\x87\xe4\xb8\xad\xe8\xb0\x83\xe7\x94\xa8\xe4\xba\x86 DLSS"},
    {"Waiting for a closed window's GPU work to finish",
     "\xe7\xad\x89\xe5\xbe\x85\xe5\xb7\xb2\xe5\x85\xb3\xe9\x97\xad\xe7\xaa\x97\xe5\x8f\xa3\xe7\x9a\x84 GPU \xe5\xb7\xa5\xe4\xbd\x9c\xe5\xae\x8c\xe6\x88\x90"},
    {"Earlier presents or the game's DLSS work were still busy",
     "\xe4\xb9\x8b\xe5\x89\x8d\xe7\x9a\x84\xe5\x91\x88\xe7\x8e\xb0\xe6\x88\x96\xe6\xb8\xb8\xe6\x88\x8f\xe7\x9a\x84 DLSS \xe5\xb7\xa5\xe4\xbd\x9c\xe4\xbb\x8d\xe5\x9c\xa8\xe5\xbf\x99\xe7\xa2\x8c"},
    {"No depth and motion matched the present (Depth and motion: Required)",
     "\xe6\xb2\xa1\xe6\x9c\x89\xe4\xb8\x8e\xe8\xaf\xa5\xe5\x91\x88\xe7\x8e\xb0\xe5\x8c\xb9\xe9\x85\x8d\xe7\x9a\x84\xe6\xb7\xb1\xe5\xba\xa6\xe4\xb8\x8e\xe8\xbf\x90\xe5\x8a\xa8\xef\xbc\x88\xe6\xb7\xb1\xe5\xba\xa6\xe4\xb8\x8e\xe8\xbf\x90\xe5\x8a\xa8\xef\xbc\x9a\xe5\xbf\x85\xe9\x9c\x80\xef\xbc\x89"},
    {"NR is moving to another device and waits for its GPU work",
     "NR \xe6\xad\xa3\xe5\x9c\xa8\xe8\xbf\x81\xe7\xa7\xbb\xe5\x88\xb0\xe5\x8f\xa6\xe4\xb8\x80\xe4\xb8\xaa\xe8\xae\xbe\xe5\xa4\x87\xe5\xb9\xb6\xe7\xad\x89\xe5\xbe\x85\xe5\x85\xb6 GPU \xe5\xb7\xa5\xe4\xbd\x9c"},
    {"The game switches between two views of its device",
     "\xe6\xb8\xb8\xe6\x88\x8f\xe5\x9c\xa8\xe5\x85\xb6\xe8\xae\xbe\xe5\xa4\x87\xe7\x9a\x84\xe4\xb8\xa4\xe4\xb8\xaa\xe8\xa7\x86\xe5\x9b\xbe\xe4\xb9\x8b\xe9\x97\xb4\xe5\x88\x87\xe6\x8d\xa2"},
    {"The game's DLSS call named no render size (EnableHooks=1 helps Streamline games)",
     "\xe6\xb8\xb8\xe6\x88\x8f\xe7\x9a\x84 DLSS \xe8\xb0\x83\xe7\x94\xa8\xe6\x9c\xaa\xe7\xbb\x99\xe5\x87\xba\xe6\xb8\xb2\xe6\x9f\x93\xe5\xb0\xba\xe5\xaf\xb8\xef\xbc\x88Streamline \xe6\xb8\xb8\xe6\x88\x8f\xe5\x8f\xaf\xe8\xae\xbe\xe7\xbd\xae EnableHooks=1\xef\xbc\x89"},
    {"The game's Vulkan device lacks an extension NR needs",
     "\xe6\xb8\xb8\xe6\x88\x8f\xe7\x9a\x84 Vulkan \xe8\xae\xbe\xe5\xa4\x87\xe7\xbc\xba\xe5\xb0\x91 NR \xe9\x9c\x80\xe8\xa6\x81\xe7\x9a\x84\xe6\x89\xa9\xe5\xb1\x95"},
    {"NR has not seen the game's Vulkan DLSS start up",
     "NR \xe6\x9c\xaa\xe6\xa3\x80\xe6\xb5\x8b\xe5\x88\xb0\xe6\xb8\xb8\xe6\x88\x8f\xe7\x9a\x84 Vulkan DLSS \xe5\x90\xaf\xe5\x8a\xa8"},
    {"The game ran DLSS on a second Vulkan device",
     "\xe6\xb8\xb8\xe6\x88\x8f\xe5\x9c\xa8\xe7\xac\xac\xe4\xba\x8c\xe4\xb8\xaa Vulkan \xe8\xae\xbe\xe5\xa4\x87\xe4\xb8\x8a\xe8\xbf\x90\xe8\xa1\x8c\xe4\xba\x86 DLSS"},
    {"on",
     "\xe5\xbc\x80"},
    {"off",
     "\xe5\x85\xb3"},
    {"Default",
     "\xe9\xbb\x98\xe8\xae\xa4"},
    {"Natural",
     "\xe8\x87\xaa\xe7\x84\xb6"},
    {"Cinematic",
     "\xe7\x94\xb5\xe5\xbd\xb1\xe6\x84\x9f"},
    {"Style",
     "\xe9\xa3\x8e\xe6\xa0\xbc"},
    {"Default = the runtime's own choice; Natural and Cinematic force that look explicitly.",
     "\xe9\xbb\x98\xe8\xae\xa4 = \xe7\x94\xb1\xe8\xbf\x90\xe8\xa1\x8c\xe6\x97\xb6\xe8\x87\xaa\xe8\xa1\x8c\xe9\x80\x89\xe6\x8b\xa9\xef\xbc\x9b\xe8\x87\xaa\xe7\x84\xb6\xe5\x92\x8c\xe7\x94\xb5\xe5\xbd\xb1\xe6\x84\x9f\xe4\xbc\x9a\xe6\x98\x8e\xe7\xa1\xae\xe5\xbc\xba\xe5\x88\xb6\xe4\xbd\xbf\xe7\x94\xa8\xe8\xaf\xa5\xe5\xa4\x96\xe8\xa7\x82\xe3\x80\x82"},
    {"Local tone",
     "\xe5\xb1\x80\xe9\x83\xa8\xe8\x89\xb2\xe8\xb0\x83"},
    {"How strongly the model reshapes brightness and contrast area by area; higher is a stronger change, 1 is the default.  A change restarts NR's history for a moment.",
     "\xe6\xa8\xa1\xe5\x9e\x8b\xe6\x8c\x89\xe5\x8c\xba\xe5\x9f\x9f\xe9\x87\x8d\xe5\xa1\x91\xe4\xba\xae\xe5\xba\xa6\xe4\xb8\x8e\xe5\xaf\xb9\xe6\xaf\x94\xe5\xba\xa6\xe7\x9a\x84\xe5\xbc\xba\xe5\xba\xa6\xef\xbc\x9b\xe8\xb6\x8a\xe9\xab\x98\xe5\x8f\x98\xe5\x8c\x96\xe8\xb6\x8a\xe5\xbc\xba\xef\xbc\x8c" "1 \xe4\xb8\xba\xe9\xbb\x98\xe8\xae\xa4\xe3\x80\x82\xe6\x9b\xb4\xe6\x94\xb9\xe4\xbc\x9a\xe8\xae\xa9 NR \xe7\x9a\x84\xe5\x8e\x86\xe5\x8f\xb2\xe7\x9f\xad\xe6\x9a\x82\xe9\x87\x8d\xe6\x96\xb0\xe5\xbc\x80\xe5\xa7\x8b\xe3\x80\x82"},
    {"Structure",
     "\xe7\xbb\x93\xe6\x9e\x84"},
    {"How strongly the model reworks fine structure and surface detail; higher is a stronger change, 1 is the default.  It changes what the model makes and restarts it; Fine detail under Limits and stability reshapes what it made, live.",
     "\xe6\xa8\xa1\xe5\x9e\x8b\xe9\x87\x8d\xe6\x96\xb0\xe5\xa4\x84\xe7\x90\x86\xe7\xbb\x86\xe5\xbe\xae\xe7\xbb\x93\xe6\x9e\x84\xe4\xb8\x8e\xe8\xa1\xa8\xe9\x9d\xa2\xe7\xbb\x86\xe8\x8a\x82\xe7\x9a\x84\xe5\xbc\xba\xe5\xba\xa6\xef\xbc\x9b\xe8\xb6\x8a\xe9\xab\x98\xe5\x8f\x98\xe5\x8c\x96\xe8\xb6\x8a\xe5\xbc\xba\xef\xbc\x8c" "1 \xe4\xb8\xba\xe9\xbb\x98\xe8\xae\xa4\xe3\x80\x82\xe5\xae\x83\xe4\xbc\x9a\xe6\x94\xb9\xe5\x8f\x98\xe6\xa8\xa1\xe5\x9e\x8b\xe7\x9a\x84\xe7\x94\x9f\xe6\x88\x90\xe5\x86\x85\xe5\xae\xb9\xe5\xb9\xb6\xe8\xae\xa9\xe5\x85\xb6\xe9\x87\x8d\xe6\x96\xb0\xe5\xbc\x80\xe5\xa7\x8b\xef\xbc\x9b\xe9\x99\x90\xe5\x88\xb6\xe4\xb8\x8e\xe7\xa8\xb3\xe5\xae\x9a\xe6\x80\xa7\xe4\xb8\xad\xe7\x9a\x84\xe7\xbb\x86\xe8\x8a\x82\xe4\xbc\x9a\xe5\xae\x9e\xe6\x97\xb6\xe9\x87\x8d\xe5\xa1\x91\xe7\x94\x9f\xe6\x88\x90\xe7\xbb\x93\xe6\x9e\x9c\xe3\x80\x82"},
    {"sent as 1.00: higher values are ignored",
     "\xe6\x8c\x89 1.00 \xe5\x8f\x91\xe9\x80\x81\xef\xbc\x9a\xe6\x9b\xb4\xe9\xab\x98\xe7\x9a\x84\xe5\x80\xbc\xe4\xbc\x9a\xe8\xa2\xab\xe5\xbf\xbd\xe7\x95\xa5"},
    {"Character / skin",
     "\xe8\xa7\x92\xe8\x89\xb2 / \xe7\x9a\xae\xe8\x82\xa4"},
    {"How much the model reworks the skin of the people the Character mask finds: 0 is the least, 1 is stock.  Rough skin gains texture, smooth skin is evened out.",
     "\xe6\xa8\xa1\xe5\x9e\x8b\xe5\xaf\xb9\xe8\xa7\x92\xe8\x89\xb2\xe9\x81\xae\xe7\xbd\xa9\xe6\x89\xbe\xe5\x88\xb0\xe7\x9a\x84\xe4\xba\xba\xe7\x89\xa9\xe7\x9a\xae\xe8\x82\xa4\xe7\x9a\x84\xe9\x87\x8d\xe5\xa1\x91\xe7\xa8\x8b\xe5\xba\xa6\xef\xbc\x9a" "0 \xe4\xb8\xba\xe6\x9c\x80\xe5\xb0\x91\xef\xbc\x8c" "1 \xe4\xb8\xba\xe9\xbb\x98\xe8\xae\xa4\xe3\x80\x82\xe7\xb2\x97\xe7\xb3\x99\xe7\x9a\x84\xe7\x9a\xae\xe8\x82\xa4\xe4\xbc\x9a\xe5\xa2\x9e\xe5\x8a\xa0\xe8\xb4\xa8\xe6\x84\x9f\xef\xbc\x8c\xe5\x85\x89\xe6\xbb\x91\xe7\x9a\x84\xe7\x9a\xae\xe8\x82\xa4\xe4\xbc\x9a\xe5\x8f\x98\xe5\xbe\x97\xe5\x9d\x87\xe5\x8c\x80\xe3\x80\x82"},
    {"Needs the Character mask: without it the model finds no skin and ignores this setting.",
     "\xe9\x9c\x80\xe8\xa6\x81\xe8\xa7\x92\xe8\x89\xb2\xe9\x81\xae\xe7\xbd\xa9\xef\xbc\x9a\xe6\xb2\xa1\xe6\x9c\x89\xe5\xae\x83\xef\xbc\x8c\xe6\xa8\xa1\xe5\x9e\x8b\xe6\x89\xbe\xe4\xb8\x8d\xe5\x88\xb0\xe7\x9a\xae\xe8\x82\xa4\xe5\xb9\xb6\xe4\xbc\x9a\xe5\xbf\xbd\xe7\x95\xa5\xe6\xad\xa4\xe8\xae\xbe\xe7\xbd\xae\xe3\x80\x82"},
    {"%.2f (stock)",
     "%.2f\xef\xbc\x88\xe9\xbb\x98\xe8\xae\xa4\xef\xbc\x89"},
    {"%.2f = Structure",
     "%.2f = \xe7\xbb\x93\xe6\x9e\x84"},
    {"Character mask",
     "\xe8\xa7\x92\xe8\x89\xb2\xe9\x81\xae\xe7\xbd\xa9"},
    {"Lets the runtime find people, so Character / skin applies to their skin.  It also changes the rest of the picture slightly: brightness by about 2 percent on game frames.",
     "\xe8\xae\xa9\xe8\xbf\x90\xe8\xa1\x8c\xe6\x97\xb6\xe6\x89\xbe\xe5\x87\xba\xe4\xba\xba\xe7\x89\xa9\xef\xbc\x8c\xe4\xbd\xbf\xe8\xa7\x92\xe8\x89\xb2 / \xe7\x9a\xae\xe8\x82\xa4\xe4\xbd\x9c\xe7\x94\xa8\xe4\xba\x8e\xe4\xbb\x96\xe4\xbb\xac\xe7\x9a\x84\xe7\x9a\xae\xe8\x82\xa4\xe3\x80\x82\xe5\xae\x83\xe8\xbf\x98\xe4\xbc\x9a\xe8\xbd\xbb\xe5\xbe\xae\xe6\x94\xb9\xe5\x8f\x98\xe7\x94\xbb\xe9\x9d\xa2\xe7\x9a\x84\xe5\x85\xb6\xe4\xbd\x99\xe9\x83\xa8\xe5\x88\x86\xef\xbc\x9a\xe5\x9c\xa8\xe6\xb8\xb8\xe6\x88\x8f\xe7\x94\xbb\xe9\x9d\xa2\xe4\xb8\x8a\xe4\xba\xae\xe5\xba\xa6\xe7\xba\xa6\xe5\x8f\x98\xe5\x8c\x96\xe7\x99\xbe\xe5\x88\x86\xe4\xb9\x8b\xe4\xba\x8c\xe3\x80\x82"},
    {"Independent skin",
     "\xe7\x8b\xac\xe7\xab\x8b\xe7\x9a\xae\xe8\x82\xa4"},
    {"With the Character mask on, skin keeps its Character / skin setting when Structure changes, in every stack pass.  Structure is then sent at most 1, because above 1 the model ignores Character / skin; below 1 it still reaches faces through the model itself.  Off sends both as they are, as before rc11.",
     "\xe5\xbc\x80\xe5\x90\xaf\xe8\xa7\x92\xe8\x89\xb2\xe9\x81\xae\xe7\xbd\xa9\xe6\x97\xb6\xef\xbc\x8c\xe7\xbb\x93\xe6\x9e\x84\xe6\x94\xb9\xe5\x8f\x98\xe6\x97\xb6\xe7\x9a\xae\xe8\x82\xa4\xe4\xbc\x9a\xe5\x9c\xa8\xe6\xaf\x8f\xe4\xb8\xaa\xe5\x8f\xa0\xe5\x8a\xa0\xe9\x80\x9a\xe9\x81\x93\xe4\xb8\xad\xe4\xbf\x9d\xe6\x8c\x81\xe5\x85\xb6\xe8\xa7\x92\xe8\x89\xb2 / \xe7\x9a\xae\xe8\x82\xa4\xe8\xae\xbe\xe7\xbd\xae\xe3\x80\x82\xe6\xad\xa4\xe6\x97\xb6\xe7\xbb\x93\xe6\x9e\x84\xe6\x9c\x80\xe5\xa4\x9a\xe6\x8c\x89 1 \xe5\x8f\x91\xe9\x80\x81\xef\xbc\x8c\xe5\x9b\xa0\xe4\xb8\xba\xe9\xab\x98\xe4\xba\x8e 1 \xe6\x97\xb6\xe6\xa8\xa1\xe5\x9e\x8b\xe4\xbc\x9a\xe5\xbf\xbd\xe7\x95\xa5\xe8\xa7\x92\xe8\x89\xb2 / \xe7\x9a\xae\xe8\x82\xa4\xef\xbc\x9b\xe4\xbd\x8e\xe4\xba\x8e 1 \xe6\x97\xb6\xe5\xae\x83\xe4\xbb\x8d\xe4\xbc\x9a\xe9\x80\x9a\xe8\xbf\x87\xe6\xa8\xa1\xe5\x9e\x8b\xe6\x9c\xac\xe8\xba\xab\xe5\xbd\xb1\xe5\x93\x8d\xe9\x9d\xa2\xe9\x83\xa8\xe3\x80\x82\xe5\x85\xb3\xe9\x97\xad\xe6\x97\xb6\xe4\xb8\xa4\xe8\x80\x85\xe6\x8c\x89\xe5\x8e\x9f\xe6\xa0\xb7\xe5\x8f\x91\xe9\x80\x81\xef\xbc\x8c\xe4\xb8\x8e rc11 \xe4\xb9\x8b\xe5\x89\x8d\xe7\x9b\xb8\xe5\x90\x8c\xe3\x80\x82"},
    {"UI correction",
     "UI \xe6\xa0\xa1\xe6\xad\xa3"},
    {"The NR runtime's UI correction.  Leave it off unless HUD elements look wrong with Neural Rendering on.",
     "NR \xe8\xbf\x90\xe8\xa1\x8c\xe6\x97\xb6\xe7\x9a\x84 UI \xe6\xa0\xa1\xe6\xad\xa3\xe3\x80\x82\xe9\x99\xa4\xe9\x9d\x9e\xe5\xbc\x80\xe5\x90\xaf Neural Rendering \xe5\x90\x8e HUD \xe5\x85\x83\xe7\xb4\xa0\xe6\x98\xbe\xe7\xa4\xba\xe5\xbc\x82\xe5\xb8\xb8\xef\xbc\x8c\xe5\x90\xa6\xe5\x88\x99\xe8\xaf\xb7\xe4\xbf\x9d\xe6\x8c\x81\xe5\x85\xb3\xe9\x97\xad\xe3\x80\x82"},
    {"Preset #1",
     "\xe9\xa2\x84\xe8\xae\xbe #1"},
    {"Preset #2",
     "\xe9\xa2\x84\xe8\xae\xbe #2"},
    {"Preset #3",
     "\xe9\xa2\x84\xe8\xae\xbe #3"},
    {"Preset",
     "\xe9\xa2\x84\xe8\xae\xbe"},
    {"Which of the NR runtime's model presets it uses; each gives a slightly different look.  Default lets the runtime choose.",
     "\xe4\xbd\xbf\xe7\x94\xa8 NR \xe8\xbf\x90\xe8\xa1\x8c\xe6\x97\xb6\xe7\x9a\x84\xe5\x93\xaa\xe4\xb8\xaa\xe6\xa8\xa1\xe5\x9e\x8b\xe9\xa2\x84\xe8\xae\xbe\xef\xbc\x9b\xe6\xaf\x8f\xe4\xb8\xaa\xe9\xa2\x84\xe8\xae\xbe\xe7\x9a\x84\xe8\xa7\x82\xe6\x84\x9f\xe7\x95\xa5\xe6\x9c\x89\xe4\xb8\x8d\xe5\x90\x8c\xe3\x80\x82\xe9\xbb\x98\xe8\xae\xa4\xe7\x94\xb1\xe8\xbf\x90\xe8\xa1\x8c\xe6\x97\xb6\xe9\x80\x89\xe6\x8b\xa9\xe3\x80\x82"},
    {"Inert while Adjust NR's look is off.",
     "\xe3\x80\x8c\xe8\xb0\x83\xe6\x95\xb4 NR \xe7\x9a\x84\xe5\xa4\x96\xe8\xa7\x82\xe3\x80\x8d\xe5\x85\xb3\xe9\x97\xad\xe6\x97\xb6\xe6\x97\xa0\xe6\x95\x88\xe3\x80\x82"},
    {"Auto (recommended)",
     "\xe8\x87\xaa\xe5\x8a\xa8\xef\xbc\x88\xe6\x8e\xa8\xe8\x8d\x90\xef\xbc\x89"},
    {"Off",
     "\xe5\x85\xb3"},
    {"Always",
     "\xe5\xa7\x8b\xe7\xbb\x88"},
    {"Detail stability",
     "\xe7\xbb\x86\xe8\x8a\x82\xe7\xa8\xb3\xe5\xae\x9a"},
    {"Keeps fine detail from boiling.  The model redraws small detail such as foliage a little differently every frame, and in motion that shimmers and crawls.  This averages the model's change over a few frames, following the game's motion vectors.  Auto does it when Neural Rendering runs after the upscaler, the default; Always also before it.  Stabilize, when on, replaces it.",
     "\xe9\x98\xb2\xe6\xad\xa2\xe7\xbb\x86\xe5\xbe\xae\xe7\xbb\x86\xe8\x8a\x82\xe2\x80\x9c\xe6\xb2\xb8\xe8\x85\xbe\xe2\x80\x9d\xe9\x97\xaa\xe7\x83\x81\xe3\x80\x82\xe6\xa8\xa1\xe5\x9e\x8b\xe6\xaf\x8f\xe4\xb8\x80\xe5\xb8\xa7\xe9\x83\xbd\xe4\xbc\x9a\xe4\xbb\xa5\xe7\x95\xa5\xe6\x9c\x89\xe4\xb8\x8d\xe5\x90\x8c\xe7\x9a\x84\xe6\x96\xb9\xe5\xbc\x8f\xe9\x87\x8d\xe7\xbb\x98\xe6\xa0\x91\xe5\x8f\xb6\xe7\xad\x89\xe7\xbb\x86\xe5\xb0\x8f\xe7\xbb\x86\xe8\x8a\x82\xef\xbc\x8c\xe8\xbf\x90\xe5\x8a\xa8\xe6\x97\xb6\xe5\xb0\xb1\xe4\xbc\x9a\xe9\x97\xaa\xe7\x83\x81\xe3\x80\x81\xe8\xa0\x95\xe5\x8a\xa8\xe3\x80\x82\xe6\xad\xa4\xe9\xa1\xb9\xe6\xb2\xbf\xe6\xb8\xb8\xe6\x88\x8f\xe7\x9a\x84\xe8\xbf\x90\xe5\x8a\xa8\xe7\x9f\xa2\xe9\x87\x8f\xef\xbc\x8c\xe5\xb0\x86\xe6\xa8\xa1\xe5\x9e\x8b\xe7\x9a\x84\xe5\x8f\x98\xe5\x8c\x96\xe5\x9c\xa8\xe5\x87\xa0\xe5\xb8\xa7\xe5\x86\x85\xe5\x8f\x96\xe5\xb9\xb3\xe5\x9d\x87\xe3\x80\x82\xe8\x87\xaa\xe5\x8a\xa8\xe5\x9c\xa8 Neural Rendering \xe4\xba\x8e\xe8\xb6\x85\xe5\x88\x86\xe4\xb9\x8b\xe5\x90\x8e\xe8\xbf\x90\xe8\xa1\x8c\xe6\x97\xb6\xef\xbc\x88\xe9\xbb\x98\xe8\xae\xa4\xef\xbc\x89\xe5\x90\xaf\xe7\x94\xa8\xef\xbc\x9b\xe5\xa7\x8b\xe7\xbb\x88\xe5\x9c\xa8\xe8\xb6\x85\xe5\x88\x86\xe4\xb9\x8b\xe5\x89\x8d\xe4\xb9\x9f\xe5\x90\xaf\xe7\x94\xa8\xe3\x80\x82\xe5\xbc\x80\xe5\x90\xaf\xe7\xa8\xb3\xe5\xae\x9a\xe6\x97\xb6\xef\xbc\x8c\xe7\x94\xb1\xe5\xae\x83\xe5\x8f\x96\xe4\xbb\xa3\xe6\xad\xa4\xe9\xa1\xb9\xe3\x80\x82"},
    {"Adjust NR's look",
     "\xe8\xb0\x83\xe6\x95\xb4 NR \xe7\x9a\x84\xe5\xa4\x96\xe8\xa7\x82"},
    {"Reshapes what Neural Rendering returned, live: how far it brightens, darkens and recolours, by tonal range and by scale.  Off leaves its output exactly as it is.",
     "\xe5\xae\x9e\xe6\x97\xb6\xe9\x87\x8d\xe5\xa1\x91 Neural Rendering \xe8\xbf\x94\xe5\x9b\x9e\xe7\x9a\x84\xe7\xbb\x93\xe6\x9e\x9c\xef\xbc\x9a\xe6\x8c\x89\xe8\x89\xb2\xe8\xb0\x83\xe8\x8c\x83\xe5\x9b\xb4\xe5\x92\x8c\xe5\xb0\xba\xe5\xba\xa6\xe8\xb0\x83\xe6\x95\xb4\xe5\x85\xb6\xe6\x8f\x90\xe4\xba\xae\xe3\x80\x81\xe5\x8e\x8b\xe6\x9a\x97\xe5\x92\x8c\xe6\x94\xb9\xe8\x89\xb2\xe7\x9a\x84\xe7\xa8\x8b\xe5\xba\xa6\xe3\x80\x82\xe5\x85\xb3\xe9\x97\xad\xe5\x88\x99\xe5\xae\x8c\xe5\x85\xa8\xe4\xbf\x9d\xe7\x95\x99\xe5\x85\xb6\xe8\xbe\x93\xe5\x87\xba\xe3\x80\x82"},
    {"unavailable this session: ReShade.log says why",
     "\xe6\x9c\xac\xe6\xac\xa1\xe4\xbc\x9a\xe8\xaf\x9d\xe4\xb8\x8d\xe5\x8f\xaf\xe7\x94\xa8\xef\xbc\x9a\xe5\x8e\x9f\xe5\x9b\xa0\xe8\xa7\x81 ReShade.log"},
    {"Edit strength",
     "\xe7\xbc\x96\xe8\xbe\x91\xe5\xbc\xba\xe5\xba\xa6"},
    {"Scales the whole change Neural Rendering made, in stops: 0 takes it away, 1 keeps it, 2 doubles it.  Strength steers the model; this reshapes its result.",
     "\xe4\xbb\xa5\xe6\xa1\xa3\xe4\xb8\xba\xe5\x8d\x95\xe4\xbd\x8d\xe7\xbc\xa9\xe6\x94\xbe Neural Rendering \xe9\x80\xa0\xe6\x88\x90\xe7\x9a\x84\xe6\x95\xb4\xe4\xbd\x93\xe5\x8f\x98\xe5\x8c\x96\xef\xbc\x9a" "0 \xe5\x8e\xbb\xe9\x99\xa4\xef\xbc\x8c" "1 \xe4\xbf\x9d\xe7\x95\x99\xef\xbc\x8c" "2 \xe5\x8a\xa0\xe5\x80\x8d\xe3\x80\x82\xe5\xbc\xba\xe5\xba\xa6\xe5\xbc\x95\xe5\xaf\xbc\xe6\xa8\xa1\xe5\x9e\x8b\xef\xbc\x9b\xe6\xad\xa4\xe9\xa1\xb9\xe9\x87\x8d\xe5\xa1\x91\xe5\x85\xb6\xe7\xbb\x93\xe6\x9e\x9c\xe3\x80\x82"},
    {"Brightening",
     "\xe6\x8f\x90\xe4\xba\xae"},
    {"How much of the model's brightening is kept: 0 drops it, 2 doubles it.",
     "\xe4\xbf\x9d\xe7\x95\x99\xe6\xa8\xa1\xe5\x9e\x8b\xe6\x8f\x90\xe4\xba\xae\xe7\x9a\x84\xe7\xa8\x8b\xe5\xba\xa6\xef\xbc\x9a" "0 \xe5\x8e\xbb\xe9\x99\xa4\xef\xbc\x8c" "2 \xe5\x8a\xa0\xe5\x80\x8d\xe3\x80\x82"},
    {"Darkening",
     "\xe5\x8e\x8b\xe6\x9a\x97"},
    {"How much of the model's darkening is kept, the dark halos it can leave around bright objects included.",
     "\xe4\xbf\x9d\xe7\x95\x99\xe6\xa8\xa1\xe5\x9e\x8b\xe5\x8e\x8b\xe6\x9a\x97\xe7\x9a\x84\xe7\xa8\x8b\xe5\xba\xa6\xef\xbc\x8c\xe5\x8c\x85\xe6\x8b\xac\xe5\xae\x83\xe5\x8f\xaf\xe8\x83\xbd\xe5\x9c\xa8\xe6\x98\x8e\xe4\xba\xae\xe7\x89\xa9\xe4\xbd\x93\xe5\x91\xa8\xe5\x9b\xb4\xe7\x95\x99\xe4\xb8\x8b\xe7\x9a\x84\xe6\x9a\x97\xe6\x99\x95\xe3\x80\x82"},
    {"Colour",
     "\xe8\x89\xb2\xe5\xbd\xa9"},
    {"How far the model moves colours toward or away from grey: 0 keeps the game's saturation, 2 doubles the change.",
     "\xe6\xa8\xa1\xe5\x9e\x8b\xe4\xbd\xbf\xe9\xa2\x9c\xe8\x89\xb2\xe9\x9d\xa0\xe8\xbf\x91\xe6\x88\x96\xe8\xbf\x9c\xe7\xa6\xbb\xe7\x81\xb0\xe8\x89\xb2\xe7\x9a\x84\xe7\xa8\x8b\xe5\xba\xa6\xef\xbc\x9a" "0 \xe4\xbf\x9d\xe6\x8c\x81\xe6\xb8\xb8\xe6\x88\x8f\xe7\x9a\x84\xe9\xa5\xb1\xe5\x92\x8c\xe5\xba\xa6\xef\xbc\x8c" "2 \xe4\xbd\xbf\xe5\x8f\x98\xe5\x8c\x96\xe5\x8a\xa0\xe5\x80\x8d\xe3\x80\x82"},
    {"Hue shift",
     "\xe8\x89\xb2\xe7\x9b\xb8\xe5\x81\x8f\xe7\xa7\xbb"},
    {"How far the model turns hues (its tint): 0 keeps the game's hues.",
     "\xe6\xa8\xa1\xe5\x9e\x8b\xe6\x97\x8b\xe8\xbd\xac\xe8\x89\xb2\xe7\x9b\xb8\xef\xbc\x88\xe8\x89\xb2\xe8\xb0\x83\xe5\x81\x8f\xe5\x90\x91\xef\xbc\x89\xe7\x9a\x84\xe7\xa8\x8b\xe5\xba\xa6\xef\xbc\x9a" "0 \xe4\xbf\x9d\xe6\x8c\x81\xe6\xb8\xb8\xe6\x88\x8f\xe7\x9a\x84\xe8\x89\xb2\xe7\x9b\xb8\xe3\x80\x82"},
    {"Shadows",
     "\xe9\x98\xb4\xe5\xbd\xb1"},
    {"Scales the change where the game's image is dark.",
     "\xe7\xbc\xa9\xe6\x94\xbe\xe6\xb8\xb8\xe6\x88\x8f\xe7\x94\xbb\xe9\x9d\xa2\xe6\x9a\x97\xe9\x83\xa8\xe7\x9a\x84\xe5\x8f\x98\xe5\x8c\x96\xe3\x80\x82"},
    {"Midtones",
     "\xe4\xb8\xad\xe9\x97\xb4\xe8\xb0\x83"},
    {"Scales the change in the game's midtones.",
     "\xe7\xbc\xa9\xe6\x94\xbe\xe6\xb8\xb8\xe6\x88\x8f\xe4\xb8\xad\xe9\x97\xb4\xe8\xb0\x83\xe7\x9a\x84\xe5\x8f\x98\xe5\x8c\x96\xe3\x80\x82"},
    {"Highlights",
     "\xe9\xab\x98\xe5\x85\x89"},
    {"Scales the change where the game's image is bright.",
     "\xe7\xbc\xa9\xe6\x94\xbe\xe6\xb8\xb8\xe6\x88\x8f\xe7\x94\xbb\xe9\x9d\xa2\xe4\xba\xae\xe9\x83\xa8\xe7\x9a\x84\xe5\x8f\x98\xe5\x8c\x96\xe3\x80\x82"},
    {"Max brightening",
     "\xe6\x9c\x80\xe5\xa4\xa7\xe6\x8f\x90\xe4\xba\xae"},
    {"%.2f stops",
     "%.2f \xe6\xa1\xa3"},
    {"A soft ceiling on how far the model may brighten a pixel; 0 is no ceiling.",
     "\xe6\xa8\xa1\xe5\x9e\x8b\xe6\x8f\x90\xe4\xba\xae\xe5\x83\x8f\xe7\xb4\xa0\xe5\xb9\x85\xe5\xba\xa6\xe7\x9a\x84\xe8\xbd\xaf\xe4\xb8\x8a\xe9\x99\x90\xef\xbc\x9b" "0 \xe8\xa1\xa8\xe7\xa4\xba\xe6\x97\xa0\xe4\xb8\x8a\xe9\x99\x90\xe3\x80\x82"},
    {"Max darkening",
     "\xe6\x9c\x80\xe5\xa4\xa7\xe5\x8e\x8b\xe6\x9a\x97"},
    {"A soft floor on how far the model may darken a pixel; 0 is no floor.",
     "\xe6\xa8\xa1\xe5\x9e\x8b\xe5\x8e\x8b\xe6\x9a\x97\xe5\x83\x8f\xe7\xb4\xa0\xe5\xb9\x85\xe5\xba\xa6\xe7\x9a\x84\xe8\xbd\xaf\xe4\xb8\x8b\xe9\x99\x90\xef\xbc\x9b" "0 \xe8\xa1\xa8\xe7\xa4\xba\xe6\x97\xa0\xe4\xb8\x8b\xe9\x99\x90\xe3\x80\x82"},
    {"Max colour change",
     "\xe6\x9c\x80\xe5\xa4\xa7\xe8\x89\xb2\xe5\xbd\xa9\xe5\x8f\x98\xe5\x8c\x96"},
    {"A soft limit on how far the model may move a colour; 0 is no limit.",
     "\xe6\xa8\xa1\xe5\x9e\x8b\xe6\x94\xb9\xe5\x8f\x98\xe9\xa2\x9c\xe8\x89\xb2\xe5\xb9\x85\xe5\xba\xa6\xe7\x9a\x84\xe8\xbd\xaf\xe9\x99\x90\xe5\x88\xb6\xef\xbc\x9b" "0 \xe8\xa1\xa8\xe7\xa4\xba\xe6\x97\xa0\xe9\x99\x90\xe5\x88\xb6\xe3\x80\x82"},
    {"Large-scale tone",
     "\xe5\xa4\xa7\xe5\xb0\xba\xe5\xba\xa6\xe8\x89\xb2\xe8\xb0\x83"},
    {"Scales the model's broad lighting change; Fine detail scales the small-scale one.",
     "\xe7\xbc\xa9\xe6\x94\xbe\xe6\xa8\xa1\xe5\x9e\x8b\xe7\x9a\x84\xe5\xa4\xa7\xe8\x8c\x83\xe5\x9b\xb4\xe5\x85\x89\xe7\x85\xa7\xe5\x8f\x98\xe5\x8c\x96\xef\xbc\x9b\xe7\xbb\x86\xe8\x8a\x82\xe7\xbc\xa9\xe6\x94\xbe\xe5\xb0\x8f\xe5\xb0\xba\xe5\xba\xa6\xe5\x8f\x98\xe5\x8c\x96\xe3\x80\x82"},
    {"Fine detail",
     "\xe7\xbb\x86\xe8\x8a\x82"},
    {"Scales the model's small-scale change, live.  Structure changes what the model makes and restarts it; this reshapes what it made.",
     "\xe5\xae\x9e\xe6\x97\xb6\xe7\xbc\xa9\xe6\x94\xbe\xe6\xa8\xa1\xe5\x9e\x8b\xe7\x9a\x84\xe5\xb0\x8f\xe5\xb0\xba\xe5\xba\xa6\xe5\x8f\x98\xe5\x8c\x96\xe3\x80\x82\xe7\xbb\x93\xe6\x9e\x84\xe4\xbc\x9a\xe6\x94\xb9\xe5\x8f\x98\xe6\xa8\xa1\xe5\x9e\x8b\xe7\x9a\x84\xe7\x94\x9f\xe6\x88\x90\xe7\xbb\x93\xe6\x9e\x9c\xe5\xb9\xb6\xe4\xbd\xbf\xe5\x85\xb6\xe9\x87\x8d\xe5\x90\xaf\xef\xbc\x9b\xe6\xad\xa4\xe9\xa1\xb9\xe5\x88\x99\xe9\x87\x8d\xe5\xa1\x91\xe5\xb7\xb2\xe7\x94\x9f\xe6\x88\x90\xe7\x9a\x84\xe7\xbb\x93\xe6\x9e\x9c\xe3\x80\x82"},
    {"Detail radius",
     "\xe7\xbb\x86\xe8\x8a\x82\xe5\x8d\x8a\xe5\xbe\x84"},
    {"Where broad ends and fine begins, as a share of the image height.",
     "\xe5\xa4\xa7\xe8\x8c\x83\xe5\x9b\xb4\xe4\xb8\x8e\xe7\xbb\x86\xe8\x8a\x82\xe7\x9a\x84\xe5\x88\x86\xe7\x95\x8c\xe7\x82\xb9\xef\xbc\x8c\xe4\xbb\xa5\xe5\x9b\xbe\xe5\x83\x8f\xe9\xab\x98\xe5\xba\xa6\xe7\x9a\x84\xe6\xaf\x94\xe4\xbe\x8b\xe8\xa1\xa8\xe7\xa4\xba\xe3\x80\x82"},
    {"Halo suppression",
     "\xe6\x9a\x97\xe6\x99\x95\xe6\x8a\x91\xe5\x88\xb6"},
    {"Reduces the dark halos Neural Rendering can leave next to bright objects.  Darkening spread evenly over a surface, and a shadow beside a dark object, are left alone.  A larger Detail radius reaches wider halos.",
     "\xe5\x87\x8f\xe5\xb0\x91 Neural Rendering \xe5\x8f\xaf\xe8\x83\xbd\xe5\x9c\xa8\xe6\x98\x8e\xe4\xba\xae\xe7\x89\xa9\xe4\xbd\x93\xe6\x97\x81\xe7\x95\x99\xe4\xb8\x8b\xe7\x9a\x84\xe6\x9a\x97\xe6\x99\x95\xe3\x80\x82\xe5\x9d\x87\xe5\x8c\x80\xe5\x88\x86\xe5\xb8\x83\xe5\x9c\xa8\xe8\xa1\xa8\xe9\x9d\xa2\xe4\xb8\x8a\xe7\x9a\x84\xe5\x8e\x8b\xe6\x9a\x97\xe4\xbb\xa5\xe5\x8f\x8a\xe6\x9a\x97\xe8\x89\xb2\xe7\x89\xa9\xe4\xbd\x93\xe6\x97\x81\xe7\x9a\x84\xe9\x98\xb4\xe5\xbd\xb1\xe4\xb8\x8d\xe5\x8f\x97\xe5\xbd\xb1\xe5\x93\x8d\xe3\x80\x82\xe7\xbb\x86\xe8\x8a\x82\xe5\x8d\x8a\xe5\xbe\x84\xe8\xb6\x8a\xe5\xa4\xa7\xef\xbc\x8c\xe5\x8f\xaf\xe5\xa4\x84\xe7\x90\x86\xe7\x9a\x84\xe6\x9a\x97\xe6\x99\x95\xe8\x8c\x83\xe5\x9b\xb4\xe8\xb6\x8a\xe5\xae\xbd\xe3\x80\x82"},
    {"Halo next to dark objects",
     "\xe6\x9a\x97\xe8\x89\xb2\xe7\x89\xa9\xe4\xbd\x93\xe6\x97\x81\xe7\x9a\x84\xe6\x9a\x97\xe6\x99\x95"},
    {"Reduces the soft dark skirt Neural Rendering can leave on the brighter side of dark objects, which deepens once per extra stacked pass.  A darkening the scene means, beside something brighter, is left alone.",
     "\xe5\x87\x8f\xe5\xb0\x91 Neural Rendering \xe5\x8f\xaf\xe8\x83\xbd\xe5\x9c\xa8\xe6\x9a\x97\xe8\x89\xb2\xe7\x89\xa9\xe4\xbd\x93\xe8\xbe\x83\xe4\xba\xae\xe4\xb8\x80\xe4\xbe\xa7\xe7\x95\x99\xe4\xb8\x8b\xe7\x9a\x84\xe6\x9f\x94\xe5\x92\x8c\xe6\x9a\x97\xe8\xbe\xb9\xef\xbc\x8c\xe5\x8f\xa0\xe5\x8a\xa0\xe5\xb1\x82\xe6\x95\xb0\xe6\xaf\x8f\xe5\xa4\x9a\xe4\xb8\x80\xe5\xb1\x82\xef\xbc\x8c\xe5\xae\x83\xe5\xb0\xb1\xe8\xb6\x8a\xe6\xb7\xb1\xe3\x80\x82\xe5\x9c\xba\xe6\x99\xaf\xe6\x9c\x89\xe6\x84\x8f\xe4\xb8\xba\xe4\xb9\x8b\xe3\x80\x81\xe4\xbd\x8d\xe4\xba\x8e\xe6\x9b\xb4\xe4\xba\xae\xe4\xba\x8b\xe7\x89\xa9\xe6\x97\x81\xe7\x9a\x84\xe5\x8e\x8b\xe6\x9a\x97\xe4\xb8\x8d\xe5\x8f\x97\xe5\xbd\xb1\xe5\x93\x8d\xe3\x80\x82"},
    {"Static",
     "\xe9\x9d\x99\xe6\x80\x81"},
    {"Motion",
     "\xe8\xbf\x90\xe5\x8a\xa8"},
    {"Stabilize",
     "\xe7\xa8\xb3\xe5\xae\x9a"},
    {"Smooths the model's broad change over time.  Static suits still views; Motion follows the game's motion vectors.  Either adds a little lag to lighting changes.",
     "\xe9\x9a\x8f\xe6\x97\xb6\xe9\x97\xb4\xe5\xb9\xb3\xe6\xbb\x91\xe6\xa8\xa1\xe5\x9e\x8b\xe7\x9a\x84\xe5\xa4\xa7\xe8\x8c\x83\xe5\x9b\xb4\xe5\x8f\x98\xe5\x8c\x96\xe3\x80\x82\xe9\x9d\x99\xe6\x80\x81\xe9\x80\x82\xe5\x90\x88\xe9\x9d\x99\xe6\xad\xa2\xe7\x94\xbb\xe9\x9d\xa2\xef\xbc\x9b\xe8\xbf\x90\xe5\x8a\xa8\xe8\xb7\x9f\xe9\x9a\x8f\xe6\xb8\xb8\xe6\x88\x8f\xe7\x9a\x84\xe8\xbf\x90\xe5\x8a\xa8\xe7\x9f\xa2\xe9\x87\x8f\xe3\x80\x82\xe4\xb8\xa4\xe8\x80\x85\xe9\x83\xbd\xe4\xbc\x9a\xe4\xbd\xbf\xe5\x85\x89\xe7\x85\xa7\xe5\x8f\x98\xe5\x8c\x96\xe7\x95\xa5\xe6\x9c\x89\xe5\xbb\xb6\xe8\xbf\x9f\xe3\x80\x82"},
    {"Stabilize time",
     "\xe7\xa8\xb3\xe5\xae\x9a\xe6\x97\xb6\xe9\x97\xb4"},
    {"%.0f ms",
     "%.0f ms"},
    {"How long the smoothing remembers: longer is steadier and slower to follow a lighting change.",
     "\xe5\xb9\xb3\xe6\xbb\x91\xe7\x9a\x84\xe8\xae\xb0\xe5\xbf\x86\xe6\x97\xb6\xe9\x95\xbf\xef\xbc\x9a\xe8\xb6\x8a\xe9\x95\xbf\xe8\xb6\x8a\xe7\xa8\xb3\xe5\xae\x9a\xef\xbc\x8c\xe4\xbd\x86\xe8\xb7\x9f\xe9\x9a\x8f\xe5\x85\x89\xe7\x85\xa7\xe5\x8f\x98\xe5\x8c\x96\xe8\xb6\x8a\xe6\x85\xa2\xe3\x80\x82"},
    {"Stabilize detail",
     "\xe7\xa8\xb3\xe5\xae\x9a\xe7\xbb\x86\xe8\x8a\x82"},
    {"Smooths the small-scale change too, not only the broad one.",
     "\xe5\x90\x8c\xe6\x97\xb6\xe5\xb9\xb3\xe6\xbb\x91\xe5\xb0\x8f\xe5\xb0\xba\xe5\xba\xa6\xe5\x8f\x98\xe5\x8c\x96\xef\xbc\x8c\xe8\x80\x8c\xe4\xb8\x8d\xe4\xbb\x85\xe6\x98\xaf\xe5\xa4\xa7\xe8\x8c\x83\xe5\x9b\xb4\xe5\x8f\x98\xe5\x8c\x96\xe3\x80\x82"},
    {"Upscaled",
     "\xe8\xb6\x85\xe5\x88\x86\xe5\x90\x8e"},
    {"Render",
     "\xe6\xb8\xb2\xe6\x9f\x93"},
    {"Present",
     "\xe5\x91\x88\xe7\x8e\xb0"},
    {"Where Neural Rendering runs.  Upscaled: on the game's DLSS output.  Render: on the game's image before DLSS upscales it, against the game's own depth and motion (Ray Reconstruction keeps Upscaled: its input is still noisy).  Present: on the finished frame the game presents, after its own post-processing and HUD, before ReShade's effects.",
     "Neural Rendering \xe7\x9a\x84\xe8\xbf\x90\xe8\xa1\x8c\xe4\xbd\x8d\xe7\xbd\xae\xe3\x80\x82\xe8\xb6\x85\xe5\x88\x86\xe5\x90\x8e\xef\xbc\x9a\xe4\xbd\x9c\xe7\x94\xa8\xe4\xba\x8e\xe6\xb8\xb8\xe6\x88\x8f\xe7\x9a\x84 DLSS \xe8\xbe\x93\xe5\x87\xba\xe3\x80\x82\xe6\xb8\xb2\xe6\x9f\x93\xef\xbc\x9a\xe5\x9c\xa8 DLSS \xe8\xb6\x85\xe5\x88\x86\xe4\xb9\x8b\xe5\x89\x8d\xe4\xbd\x9c\xe7\x94\xa8\xe4\xba\x8e\xe6\xb8\xb8\xe6\x88\x8f\xe7\x94\xbb\xe9\x9d\xa2\xef\xbc\x8c\xe4\xbd\xbf\xe7\x94\xa8\xe6\xb8\xb8\xe6\x88\x8f\xe8\x87\xaa\xe8\xba\xab\xe7\x9a\x84\xe6\xb7\xb1\xe5\xba\xa6\xe5\x92\x8c\xe8\xbf\x90\xe5\x8a\xa8\xef\xbc\x88Ray Reconstruction \xe4\xbf\x9d\xe6\x8c\x81\xe8\xb6\x85\xe5\x88\x86\xe5\x90\x8e\xef\xbc\x9a\xe5\x85\xb6\xe8\xbe\x93\xe5\x85\xa5\xe4\xbb\x8d\xe6\x9c\x89\xe5\x99\xaa\xe7\x82\xb9\xef\xbc\x89\xe3\x80\x82\xe5\x91\x88\xe7\x8e\xb0\xef\xbc\x9a\xe4\xbd\x9c\xe7\x94\xa8\xe4\xba\x8e\xe6\xb8\xb8\xe6\x88\x8f\xe5\x91\x88\xe7\x8e\xb0\xe7\x9a\x84\xe6\x9c\x80\xe7\xbb\x88\xe7\x94\xbb\xe9\x9d\xa2\xef\xbc\x8c\xe5\x9c\xa8\xe6\xb8\xb8\xe6\x88\x8f\xe8\x87\xaa\xe8\xba\xab\xe7\x9a\x84\xe5\x90\x8e\xe5\xa4\x84\xe7\x90\x86\xe5\x92\x8c HUD \xe4\xb9\x8b\xe5\x90\x8e\xe3\x80\x81ReShade \xe6\x95\x88\xe6\x9e\x9c\xe4\xb9\x8b\xe5\x89\x8d\xe3\x80\x82"},
    {"Optional",
     "\xe5\x8f\xaf\xe9\x80\x89"},
    {"Required",
     "\xe5\xbf\x85\xe9\x9c\x80"},
    {"Never",
     "\xe4\xbb\x8e\xe4\xb8\x8d"},
    {"Depth and motion for the Present hook point.  Optional: the game's DLSS depth and motion when they match the frame, neutral ones otherwise.  Required: no NR without them.  Never: always neutral, for games without DLSS.",
     "\xe5\x91\x88\xe7\x8e\xb0\xe4\xbb\x8b\xe5\x85\xa5\xe7\x82\xb9\xe4\xbd\xbf\xe7\x94\xa8\xe7\x9a\x84\xe6\xb7\xb1\xe5\xba\xa6\xe5\x92\x8c\xe8\xbf\x90\xe5\x8a\xa8\xe3\x80\x82\xe5\x8f\xaf\xe9\x80\x89\xef\xbc\x9a\xe4\xb8\x8e\xe7\x94\xbb\xe9\x9d\xa2\xe5\x8c\xb9\xe9\x85\x8d\xe6\x97\xb6\xe4\xbd\xbf\xe7\x94\xa8\xe6\xb8\xb8\xe6\x88\x8f\xe7\x9a\x84 DLSS \xe6\xb7\xb1\xe5\xba\xa6\xe5\x92\x8c\xe8\xbf\x90\xe5\x8a\xa8\xef\xbc\x8c\xe5\x90\xa6\xe5\x88\x99\xe4\xbd\xbf\xe7\x94\xa8\xe4\xb8\xad\xe6\x80\xa7\xe5\x80\xbc\xe3\x80\x82\xe5\xbf\x85\xe9\x9c\x80\xef\xbc\x9a\xe6\xb2\xa1\xe6\x9c\x89\xe5\xae\x83\xe4\xbb\xac\xe5\xb0\xb1\xe4\xb8\x8d\xe8\xbf\x90\xe8\xa1\x8c NR\xe3\x80\x82\xe4\xbb\x8e\xe4\xb8\x8d\xef\xbc\x9a\xe5\xa7\x8b\xe7\xbb\x88\xe4\xbd\xbf\xe7\x94\xa8\xe4\xb8\xad\xe6\x80\xa7\xe5\x80\xbc\xef\xbc\x8c\xe9\x80\x82\xe7\x94\xa8\xe4\xba\x8e\xe6\xb2\xa1\xe6\x9c\x89 DLSS \xe7\x9a\x84\xe6\xb8\xb8\xe6\x88\x8f\xe3\x80\x82"},
    {"Auto",
     "\xe8\x87\xaa\xe5\x8a\xa8"},
    {"SDR",
     "SDR"},
    {"HDR10",
     "HDR10"},
    {"scRGB",
     "scRGB"},
    {"Frame encoding",
     "\xe7\x94\xbb\xe9\x9d\xa2\xe7\xbc\x96\xe7\xa0\x81"},
    {"What the presented frame holds.  Auto reads the swapchain's colour space; override it only for a game that declares it wrongly.",
     "\xe5\x91\x88\xe7\x8e\xb0\xe7\x94\xbb\xe9\x9d\xa2\xe7\x9a\x84\xe5\x86\x85\xe5\xae\xb9\xe3\x80\x82\xe8\x87\xaa\xe5\x8a\xa8\xe4\xbc\x9a\xe8\xaf\xbb\xe5\x8f\x96\xe4\xba\xa4\xe6\x8d\xa2\xe9\x93\xbe\xe7\x9a\x84\xe8\x89\xb2\xe5\xbd\xa9\xe7\xa9\xba\xe9\x97\xb4\xef\xbc\x9b\xe4\xbb\x85\xe5\x9c\xa8\xe6\xb8\xb8\xe6\x88\x8f\xe5\xa3\xb0\xe6\x98\x8e\xe9\x94\x99\xe8\xaf\xaf\xe6\x97\xb6\xe6\x89\x8d\xe6\x89\x8b\xe5\x8a\xa8\xe6\x8c\x87\xe5\xae\x9a\xe3\x80\x82"},
    {"HDR paper white",
     "HDR \xe7\xba\xb8\xe7\x99\xbd"},
    {"Where diffuse white sits in an HDR frame, in nits.  0 follows a loaded RenoDX HDR mod's game brightness, otherwise the SDR content brightness set in Windows.",
     "HDR \xe7\x94\xbb\xe9\x9d\xa2\xe4\xb8\xad\xe6\xbc\xab\xe5\x8f\x8d\xe5\xb0\x84\xe7\x99\xbd\xe7\x9a\x84\xe4\xbd\x8d\xe7\xbd\xae\xef\xbc\x8c\xe5\x8d\x95\xe4\xbd\x8d\xe4\xb8\xba\xe5\xb0\xbc\xe7\x89\xb9\xe3\x80\x82" "0 \xe8\xa1\xa8\xe7\xa4\xba\xe8\xb7\x9f\xe9\x9a\x8f\xe5\xb7\xb2\xe5\x8a\xa0\xe8\xbd\xbd\xe7\x9a\x84 RenoDX HDR \xe6\xa8\xa1\xe7\xbb\x84\xe7\x9a\x84\xe6\xb8\xb8\xe6\x88\x8f\xe4\xba\xae\xe5\xba\xa6\xef\xbc\x8c\xe5\x90\xa6\xe5\x88\x99\xe8\xb7\x9f\xe9\x9a\x8f Windows \xe4\xb8\xad\xe8\xae\xbe\xe7\xbd\xae\xe7\x9a\x84 SDR \xe5\x86\x85\xe5\xae\xb9\xe4\xba\xae\xe5\xba\xa6\xe3\x80\x82"},
    {"Keep the HUD",
     "\xe4\xbf\x9d\xe7\x95\x99 HUD"},
    {"Asks the model to leave the game's HUD as it is: at the present, the frame already carries it.",
     "\xe8\xa6\x81\xe6\xb1\x82\xe6\xa8\xa1\xe5\x9e\x8b\xe4\xbf\x9d\xe6\x8c\x81\xe6\xb8\xb8\xe6\x88\x8f HUD \xe5\x8e\x9f\xe6\xa0\xb7\xef\xbc\x9a\xe5\x9c\xa8\xe5\x91\x88\xe7\x8e\xb0\xe6\x97\xb6\xef\xbc\x8c\xe7\x94\xbb\xe9\x9d\xa2\xe4\xb8\xad\xe5\xb7\xb2\xe5\x8c\x85\xe5\x90\xab HUD\xe3\x80\x82"},
    {"Every frame",
     "\xe6\xaf\x8f\xe4\xb8\x80\xe5\xb8\xa7"},
    {"Game frames",
     "\xe6\xb8\xb8\xe6\x88\x8f\xe5\xb8\xa7"},
    {"Generated frames",
     "\xe7\x94\x9f\xe6\x88\x90\xe5\xb8\xa7"},
    {"With frame generation: Neural Rendering on every presented frame, or only on the first one of each game frame (less GPU time, but the generated frames are shown without it, which can read as a flicker).",
     "\xe5\xbc\x80\xe5\x90\xaf\xe5\xb8\xa7\xe7\x94\x9f\xe6\x88\x90\xe6\x97\xb6\xef\xbc\x9a\xe5\xaf\xb9\xe6\xaf\x8f\xe4\xb8\x80\xe4\xb8\xaa\xe5\x91\x88\xe7\x8e\xb0\xe7\x9a\x84\xe5\xb8\xa7\xe8\xbf\x90\xe8\xa1\x8c Neural Rendering\xef\xbc\x8c\xe6\x88\x96\xe5\x8f\xaa\xe5\xaf\xb9\xe6\xaf\x8f\xe4\xb8\xaa\xe6\xb8\xb8\xe6\x88\x8f\xe5\xb8\xa7\xe7\x9a\x84\xe7\xac\xac\xe4\xb8\x80\xe5\xb8\xa7\xe8\xbf\x90\xe8\xa1\x8c\xef\xbc\x88GPU \xe6\x97\xb6\xe9\x97\xb4\xe6\x9b\xb4\xe5\xb0\x91\xef\xbc\x8c\xe4\xbd\x86\xe7\x94\x9f\xe6\x88\x90\xe5\xb8\xa7\xe4\xb8\x8d\xe7\xbb\x8f\xe5\xa4\x84\xe7\x90\x86\xe7\x9b\xb4\xe6\x8e\xa5\xe6\x98\xbe\xe7\xa4\xba\xef\xbc\x8c\xe7\x9c\x8b\xe8\xb5\xb7\xe6\x9d\xa5\xe5\x8f\xaf\xe8\x83\xbd\xe5\x83\x8f\xe9\x97\xaa\xe7\x83\x81\xef\xbc\x89\xe3\x80\x82"},
    {"Stable timing",
     "\xe7\xa8\xb3\xe5\xae\x9a\xe8\xae\xa1\xe6\x97\xb6"},
    {"Legacy timing",
     "\xe6\x97\xa7\xe7\x89\x88\xe8\xae\xa1\xe6\x97\xb6"},
    {"Frame generation detection",
     "\xe5\xb8\xa7\xe7\x94\x9f\xe6\x88\x90\xe6\xa3\x80\xe6\xb5\x8b"},
    {"Auto uses the game's declared frame generation multiplier when available. Otherwise it measures a stable cadence, keeping the motion scale through hitches. Stable timing ignores declarations. Legacy timing restores the earlier detection rule for compatibility.",
     "\xe8\x87\xaa\xe5\x8a\xa8\xe4\xbc\x9a\xe5\x9c\xa8\xe6\xb8\xb8\xe6\x88\x8f\xe5\xa3\xb0\xe6\x98\x8e\xe4\xba\x86\xe5\xb8\xa7\xe7\x94\x9f\xe6\x88\x90\xe5\x80\x8d\xe6\x95\xb0\xe6\x97\xb6\xe4\xbd\xbf\xe7\x94\xa8\xe8\xaf\xa5\xe5\x80\x8d\xe6\x95\xb0\xe3\x80\x82\xe5\x90\xa6\xe5\x88\x99\xe4\xbc\x9a\xe6\xb5\x8b\xe9\x87\x8f\xe7\xa8\xb3\xe5\xae\x9a\xe7\x9a\x84\xe8\x8a\x82\xe5\xa5\x8f\xef\xbc\x8c\xe5\xb9\xb6\xe5\x9c\xa8\xe5\x8d\xa1\xe9\xa1\xbf\xe6\x9c\x9f\xe9\x97\xb4\xe4\xbf\x9d\xe6\x8c\x81\xe8\xbf\x90\xe5\x8a\xa8\xe7\xbc\xa9\xe6\x94\xbe\xe3\x80\x82\xe7\xa8\xb3\xe5\xae\x9a\xe8\xae\xa1\xe6\x97\xb6\xe5\xbf\xbd\xe7\x95\xa5\xe5\xa3\xb0\xe6\x98\x8e\xe3\x80\x82\xe6\x97\xa7\xe7\x89\x88\xe8\xae\xa1\xe6\x97\xb6\xe4\xb8\xba\xe5\x85\xbc\xe5\xae\xb9\xe6\x80\xa7\xe6\x81\xa2\xe5\xa4\x8d\xe4\xbb\xa5\xe5\x89\x8d\xe7\x9a\x84\xe6\xa3\x80\xe6\xb5\x8b\xe8\xa7\x84\xe5\x88\x99\xe3\x80\x82"},
    {"Runs Neural Rendering again on its own result: a stronger effect, and each extra pass costs the GPU time of one more pass.  Every pass keeps its own history (Chained history, under Fixes).",
     "\xe5\xaf\xb9\xe8\x87\xaa\xe8\xba\xab\xe7\xbb\x93\xe6\x9e\x9c\xe5\x86\x8d\xe6\xac\xa1\xe8\xbf\x90\xe8\xa1\x8c Neural Rendering\xef\xbc\x9a\xe6\x95\x88\xe6\x9e\x9c\xe6\x9b\xb4\xe5\xbc\xba\xef\xbc\x8c\xe6\xaf\x8f\xe5\xa4\x9a\xe4\xb8\x80\xe4\xb8\xaa\xe9\x80\x9a\xe9\x81\x93\xe5\xb0\xb1\xe5\xa4\x9a\xe8\x8a\xb1\xe4\xb8\x80\xe4\xb8\xaa\xe9\x80\x9a\xe9\x81\x93\xe7\x9a\x84 GPU \xe6\x97\xb6\xe9\x97\xb4\xe3\x80\x82\xe6\xaf\x8f\xe4\xb8\xaa\xe9\x80\x9a\xe9\x81\x93\xe9\x83\xbd\xe4\xbf\x9d\xe7\x95\x99\xe8\x87\xaa\xe5\xb7\xb1\xe7\x9a\x84\xe5\x8e\x86\xe5\x8f\xb2\xef\xbc\x88\xe4\xbf\xae\xe6\xad\xa3\xe4\xb8\xad\xe7\x9a\x84\xe2\x80\x9c\xe9\x93\xbe\xe5\xbc\x8f\xe5\x8e\x86\xe5\x8f\xb2\xe2\x80\x9d\xef\xbc\x89\xe3\x80\x82"},
    {"Pass %u",
     "\xe9\x80\x9a\xe9\x81\x93 %u"},
    {"HDR transfer",
     "HDR \xe4\xbc\xa0\xe9\x80\x92"},
    {"Color",
     "\xe8\x89\xb2\xe5\xbd\xa9"},
    {"Same as pass 1",
     "\xe4\xb8\x8e\xe9\x80\x9a\xe9\x81\x93 1 \xe7\x9b\xb8\xe5\x90\x8c"},
    {"This pass steers the model with pass 1's Look settings.  Off gives it its own, below.",
     "\xe6\xad\xa4\xe9\x80\x9a\xe9\x81\x93\xe4\xbd\xbf\xe7\x94\xa8\xe9\x80\x9a\xe9\x81\x93 1 \xe7\x9a\x84\xe5\xa4\x96\xe8\xa7\x82\xe8\xae\xbe\xe7\xbd\xae\xe5\xbc\x95\xe5\xaf\xbc\xe6\xa8\xa1\xe5\x9e\x8b\xe3\x80\x82\xe5\x85\xb3\xe9\x97\xad\xe5\x90\x8e\xe5\x9c\xa8\xe4\xb8\x8b\xe6\x96\xb9\xe5\x8d\x95\xe7\x8b\xac\xe8\xae\xbe\xe7\xbd\xae\xe3\x80\x82"},
    {"The working resolution as a share of the full one.  Lower costs less GPU time.",
     "\xe5\xb7\xa5\xe4\xbd\x9c\xe5\x88\x86\xe8\xbe\xa8\xe7\x8e\x87\xe5\x8d\xa0\xe5\xae\x8c\xe6\x95\xb4\xe5\x88\x86\xe8\xbe\xa8\xe7\x8e\x87\xe7\x9a\x84\xe6\xaf\x94\xe4\xbe\x8b\xe3\x80\x82\xe8\xb6\x8a\xe4\xbd\x8e\xe5\x8d\xa0\xe7\x94\xa8\xe7\x9a\x84 GPU \xe6\x97\xb6\xe9\x97\xb4\xe8\xb6\x8a\xe5\xb0\x91\xe3\x80\x82"},
    {"Resolution scale",
     "\xe5\x88\x86\xe8\xbe\xa8\xe7\x8e\x87\xe6\xaf\x94\xe4\xbe\x8b"},
    {"follows the game (Match game)",
     "\xe7\x94\xb1\xe6\xb8\xb8\xe6\x88\x8f\xe5\x86\xb3\xe5\xae\x9a\xef\xbc\x88\xe8\xb7\x9f\xe9\x9a\x8f\xe6\xb8\xb8\xe6\x88\x8f\xef\xbc\x89"},
    {"Edge-aware",
     "\xe8\xbe\xb9\xe7\xbc\x98\xe6\x84\x9f\xe7\x9f\xa5"},
    {"Classic",
     "\xe7\xbb\x8f\xe5\x85\xb8"},
    {"Edge-aware (area input)",
     "\xe8\xbe\xb9\xe7\xbc\x98\xe6\x84\x9f\xe7\x9f\xa5\xef\xbc\x88\xe5\x8c\xba\xe5\x9f\x9f\xe8\xbe\x93\xe5\x85\xa5\xef\xbc\x89"},
    {"Upsampling",
     "\xe4\xb8\x8a\xe9\x87\x87\xe6\xa0\xb7"},
    {"How Neural Rendering's change reaches the screen when it works below the output resolution, including Match game (no effect when it works at the output resolution).  Auto and Edge-aware keep the change on the edges it belongs to and the full-resolution detail under it, and sample the nearest SDR pixel for NR.  Edge-aware (area input) averages SDR pixels before NR; this can change NR's look.  Classic shows NR's own lower-resolution pixels, which look blocky.",
     "\xe5\xbd\x93 Neural Rendering \xe4\xbb\xa5\xe4\xbd\x8e\xe4\xba\x8e\xe8\xbe\x93\xe5\x87\xba\xe5\x88\x86\xe8\xbe\xa8\xe7\x8e\x87\xe5\xb7\xa5\xe4\xbd\x9c\xe6\x97\xb6(\xe5\x8c\x85\xe6\x8b\xac\xe8\xb7\x9f\xe9\x9a\x8f\xe6\xb8\xb8\xe6\x88\x8f)\xef\xbc\x8c\xe5\x85\xb6\xe5\x8f\x98\xe5\x8c\x96\xe5\xa6\x82\xe4\xbd\x95\xe5\x91\x88\xe7\x8e\xb0\xe5\x88\xb0\xe5\xb1\x8f\xe5\xb9\x95\xe4\xb8\x8a(\xe4\xbb\xa5\xe8\xbe\x93\xe5\x87\xba\xe5\x88\x86\xe8\xbe\xa8\xe7\x8e\x87\xe5\xb7\xa5\xe4\xbd\x9c\xe6\x97\xb6\xe6\x97\xa0\xe6\x95\x88\xe6\x9e\x9c)\xe3\x80\x82\xe8\x87\xaa\xe5\x8a\xa8\xe5\x92\x8c\xe8\xbe\xb9\xe7\xbc\x98\xe6\x84\x9f\xe7\x9f\xa5\xe4\xbd\xbf\xe5\x8f\x98\xe5\x8c\x96\xe4\xbf\x9d\xe6\x8c\x81\xe5\x9c\xa8\xe5\x85\xb6\xe6\x89\x80\xe5\xb1\x9e\xe7\x9a\x84\xe8\xbe\xb9\xe7\xbc\x98\xe4\xb8\x8a\xef\xbc\x8c\xe5\xb9\xb6\xe4\xbf\x9d\xe7\x95\x99\xe5\x85\xb6\xe4\xb8\x8b\xe6\x96\xb9\xe7\x9a\x84\xe5\x85\xa8\xe5\x88\x86\xe8\xbe\xa8\xe7\x8e\x87\xe7\xbb\x86\xe8\x8a\x82\xef\xbc\x8c\xe5\x90\x8c\xe6\x97\xb6\xe4\xb8\xba NR \xe9\x87\x87\xe6\xa0\xb7\xe6\x9c\x80\xe8\xbf\x91\xe7\x9a\x84 SDR \xe5\x83\x8f\xe7\xb4\xa0\xe3\x80\x82\xe8\xbe\xb9\xe7\xbc\x98\xe6\x84\x9f\xe7\x9f\xa5\xef\xbc\x88\xe5\x8c\xba\xe5\x9f\x9f\xe8\xbe\x93\xe5\x85\xa5\xef\xbc\x89\xe5\x9c\xa8 NR \xe4\xb9\x8b\xe5\x89\x8d\xe5\xaf\xb9 SDR \xe5\x83\x8f\xe7\xb4\xa0\xe5\x8f\x96\xe5\xb9\xb3\xe5\x9d\x87\xef\xbc\x8c\xe8\xbf\x99\xe5\x8f\xaf\xe8\x83\xbd\xe6\x94\xb9\xe5\x8f\x98 NR \xe7\x9a\x84\xe5\xa4\x96\xe8\xa7\x82\xe3\x80\x82\xe7\xbb\x8f\xe5\x85\xb8\xe6\x98\xbe\xe7\xa4\xba NR \xe8\x87\xaa\xe8\xba\xab\xe7\x9a\x84\xe4\xbd\x8e\xe5\x88\x86\xe8\xbe\xa8\xe7\x8e\x87\xe5\x83\x8f\xe7\xb4\xa0\xef\xbc\x8c\xe7\x9c\x8b\xe8\xb5\xb7\xe6\x9d\xa5\xe5\x91\x88\xe5\x9d\x97\xe7\x8a\xb6\xe3\x80\x82"},
    {"Working at",
     "\xe5\xbd\x93\xe5\x89\x8d\xe5\xb7\xa5\xe4\xbd\x9c\xe5\x88\x86\xe8\xbe\xa8\xe7\x8e\x87"},
    {"Classic (manual)",
     "\xe7\xbb\x8f\xe5\x85\xb8\xef\xbc\x88\xe6\x89\x8b\xe5\x8a\xa8\xef\xbc\x89"},
    {"Anchored (manual)",
     "\xe9\x94\x9a\xe5\xae\x9a\xef\xbc\x88\xe6\x89\x8b\xe5\x8a\xa8\xef\xbc\x89"},
    {"Display (fixed)",
     "\xe6\x98\xbe\xe7\xa4\xba\xef\xbc\x88\xe5\x9b\xba\xe5\xae\x9a\xef\xbc\x89"},
    {"How the game's HDR image is prepared for Neural Rendering and brought back.  Auto is right for nearly every game.",
     "\xe6\xb8\xb8\xe6\x88\x8f\xe7\x9a\x84 HDR \xe5\x9b\xbe\xe5\x83\x8f\xe5\xa6\x82\xe4\xbd\x95\xe4\xb8\xba Neural Rendering \xe5\x81\x9a\xe5\x87\x86\xe5\xa4\x87\xe5\xb9\xb6\xe8\xbf\x98\xe5\x8e\x9f\xe3\x80\x82\xe8\x87\xaa\xe5\x8a\xa8\xe9\x80\x82\xe7\x94\xa8\xe4\xba\x8e\xe5\x87\xa0\xe4\xb9\x8e\xe6\x89\x80\xe6\x9c\x89\xe6\xb8\xb8\xe6\x88\x8f\xe3\x80\x82"},
    {"Scaling now",
     "\xe5\xbd\x93\xe5\x89\x8d\xe7\xbc\xa9\xe6\x94\xbe"},
    {"fixed, %.0f nits per unit",
     "\xe5\x9b\xba\xe5\xae\x9a\xef\xbc\x8c\xe6\xaf\x8f\xe5\x8d\x95\xe4\xbd\x8d %.0f nits"},
    {"off (raw candidate)",
     "\xe5\x85\xb3\xef\xbc\x88\xe5\x8e\x9f\xe5\xa7\x8b\xe5\x80\x99\xe9\x80\x89\xe5\x80\xbc\xef\xbc\x89"},
    {"slew",
     "\xe5\xb9\xb3\xe6\xbb\x91\xe9\x99\x90\xe9\x80\x9f"},
    {"stable",
     "\xe7\xa8\xb3\xe5\xae\x9a"},
    {"GPU autoscale, governor %s",
     "GPU \xe8\x87\xaa\xe5\x8a\xa8\xe7\xbc\xa9\xe6\x94\xbe\xef\xbc\x8c\xe8\xb0\x83\xe8\x8a\x82\xe5\x99\xa8 %s"},
    {"Proxy anchor (nits)",
     "\xe4\xbb\xa3\xe7\x90\x86\xe9\x94\x9a\xe7\x82\xb9 (nits)"},
    {"Used only for calibrated absolute HDR. Relative HDR uses the current frame's GPU-derived scale.",
     "\xe4\xbb\x85\xe7\x94\xa8\xe4\xba\x8e\xe5\xb7\xb2\xe6\xa0\xa1\xe5\x87\x86\xe7\x9a\x84\xe7\xbb\x9d\xe5\xaf\xb9 HDR\xe3\x80\x82\xe7\x9b\xb8\xe5\xaf\xb9 HDR \xe4\xbd\xbf\xe7\x94\xa8\xe5\xbd\x93\xe5\x89\x8d\xe5\xb8\xa7\xe7\x94\xb1 GPU \xe5\xbe\x97\xe5\x87\xba\xe7\x9a\x84\xe7\xbc\xa9\xe6\x94\xbe\xe3\x80\x82"},
    {"Source interpretation",
     "\xe6\x9d\xa5\xe6\xba\x90\xe8\xa7\xa3\xe8\xaf\xbb"},
    {"Auto (format evidence)",
     "\xe8\x87\xaa\xe5\x8a\xa8\xef\xbc\x88\xe4\xbe\x9d\xe6\x8d\xae\xe6\xa0\xbc\xe5\xbc\x8f\xef\xbc\x89"},
    {"SDR / relative",
     "SDR / \xe7\x9b\xb8\xe5\xaf\xb9"},
    {"Linear",
     "\xe7\xba\xbf\xe6\x80\xa7"},
    {"PQ / 10,000 nits",
     "PQ / 10,000 nits"},
    {"Encoding",
     "\xe7\xbc\x96\xe7\xa0\x81"},
    {"What the game's image is.  Auto reads it from the image format; override only an engine that declares its format wrongly.",
     "\xe6\xb8\xb8\xe6\x88\x8f\xe5\x9b\xbe\xe5\x83\x8f\xe7\x9a\x84\xe7\xb1\xbb\xe5\x9e\x8b\xe3\x80\x82\xe8\x87\xaa\xe5\x8a\xa8\xe6\xa0\xb9\xe6\x8d\xae\xe5\x9b\xbe\xe5\x83\x8f\xe6\xa0\xbc\xe5\xbc\x8f\xe5\x88\xa4\xe6\x96\xad\xef\xbc\x9b\xe4\xbb\x85\xe5\x9c\xa8\xe5\xbc\x95\xe6\x93\x8e\xe9\x94\x99\xe8\xaf\xaf\xe5\xa3\xb0\xe6\x98\x8e\xe5\x85\xb6\xe6\xa0\xbc\xe5\xbc\x8f\xe6\x97\xb6\xe6\x89\x8d\xe8\xa6\x86\xe7\x9b\x96\xe3\x80\x82"},
    {"Linear unit (nits)",
     "\xe7\xba\xbf\xe6\x80\xa7\xe5\x8d\x95\xe4\xbd\x8d (nits)"},
    {"Nits per 1.0 of a linear source: 0 keeps it relative (GPU autoscale); a positive value marks it calibrated/absolute.",
     "\xe7\xba\xbf\xe6\x80\xa7\xe6\x9d\xa5\xe6\xba\x90\xe4\xb8\xad 1.0 \xe5\xaf\xb9\xe5\xba\x94\xe7\x9a\x84 nits\xef\xbc\x9a" "0 \xe4\xbf\x9d\xe6\x8c\x81\xe7\x9b\xb8\xe5\xaf\xb9\xef\xbc\x88GPU \xe8\x87\xaa\xe5\x8a\xa8\xe7\xbc\xa9\xe6\x94\xbe\xef\xbc\x89\xef\xbc\x9b\xe6\xad\xa3\xe5\x80\xbc\xe5\xb0\x86\xe5\x85\xb6\xe6\xa0\x87\xe8\xae\xb0\xe4\xb8\xba\xe5\xb7\xb2\xe6\xa0\xa1\xe5\x87\x86/\xe7\xbb\x9d\xe5\xaf\xb9\xe3\x80\x82"},
    {"BT.709",
     "BT.709"},
    {"BT.2020",
     "BT.2020"},
    {"AP1 (ACEScg)",
     "AP1 (ACEScg)"},
    {"Primaries",
     "\xe5\x8e\x9f\xe8\x89\xb2"},
    {"Advisory label only - the neural model works in wide gamut and no conversion is applied.",
     "\xe4\xbb\x85\xe4\xb8\xba\xe5\x8f\x82\xe8\x80\x83\xe6\xa0\x87\xe7\xad\xbe\xe2\x80\x94\xe2\x80\x94\xe7\xa5\x9e\xe7\xbb\x8f\xe6\xa8\xa1\xe5\x9e\x8b\xe5\x9c\xa8\xe5\xb9\xbf\xe8\x89\xb2\xe5\x9f\x9f\xe4\xb8\xad\xe5\xb7\xa5\xe4\xbd\x9c\xef\xbc\x8c\xe4\xb8\x8d\xe8\xbf\x9b\xe8\xa1\x8c\xe4\xbb\xbb\xe4\xbd\x95\xe8\xbd\xac\xe6\x8d\xa2\xe3\x80\x82"},
    {"PQ calibration",
     "PQ \xe6\xa0\xa1\xe5\x87\x86"},
    {"Extra scene-linear gain for PQ sources (classic and Auto over absolute units).  1 = the 203-nit BT.2408 reference; the pre-v6 default was 2.5375 and migrated configs keep it.",
     "PQ \xe6\x9d\xa5\xe6\xba\x90\xe7\x9a\x84\xe9\xa2\x9d\xe5\xa4\x96\xe5\x9c\xba\xe6\x99\xaf\xe7\xba\xbf\xe6\x80\xa7\xe5\xa2\x9e\xe7\x9b\x8a\xef\xbc\x88\xe7\xbb\x8f\xe5\x85\xb8\xe6\xa8\xa1\xe5\xbc\x8f\xef\xbc\x8c\xe4\xbb\xa5\xe5\x8f\x8a\xe7\xbb\x9d\xe5\xaf\xb9\xe5\x8d\x95\xe4\xbd\x8d\xe4\xb8\x8b\xe7\x9a\x84\xe8\x87\xaa\xe5\x8a\xa8\xef\xbc\x89\xe3\x80\x82" "1 = 203 nits \xe7\x9a\x84 BT.2408 \xe5\x8f\x82\xe8\x80\x83\xe5\x80\xbc\xef\xbc\x9bv6 \xe4\xb9\x8b\xe5\x89\x8d\xe7\x9a\x84\xe9\xbb\x98\xe8\xae\xa4\xe5\x80\xbc\xe4\xb8\xba 2.5375\xef\xbc\x8c\xe8\xbf\x81\xe7\xa7\xbb\xe7\x9a\x84\xe9\x85\x8d\xe7\xbd\xae\xe4\xbc\x9a\xe4\xbf\x9d\xe7\x95\x99\xe8\xaf\xa5\xe5\x80\xbc\xe3\x80\x82"},
    {"Scene white scale",
     "\xe5\x9c\xba\xe6\x99\xaf\xe7\x99\xbd\xe8\x89\xb2\xe6\xaf\x94\xe4\xbe\x8b"},
    {"Smooth Auto",
     "\xe5\xb9\xb3\xe6\xbb\x91\xe8\x87\xaa\xe5\x8a\xa8"},
    {"Dark pedestal removal",
     "\xe6\x9a\x97\xe9\x83\xa8\xe5\xba\x95\xe5\x80\xbc\xe5\x8e\xbb\xe9\x99\xa4"},
    {"Float-HDR games: whether the dark lift the model adds in near-black areas is removed; HDR transfer sets how much.  Auto skips the removal where the game's brightness is relative (Kingdom Come Deliverance II, Alan Wake 2, GTA V): there it reads shadow noise as a lift and darkens shadows block by block, which flickers.  Always removes it in every HDR game, as releases up to rc7 did.  Smooth Auto keeps Auto's source policy and gradually fades restoration at the edge of the near-black range, avoiding an abrupt boundary.",
     "\xe6\xb5\xae\xe7\x82\xb9 HDR \xe6\xb8\xb8\xe6\x88\x8f\xef\xbc\x9a\xe6\x98\xaf\xe5\x90\xa6\xe5\x8e\xbb\xe9\x99\xa4\xe6\xa8\xa1\xe5\x9e\x8b\xe5\x9c\xa8\xe6\x8e\xa5\xe8\xbf\x91\xe5\x85\xa8\xe9\xbb\x91\xe5\x8c\xba\xe5\x9f\x9f\xe5\x8a\xa0\xe5\x85\xa5\xe7\x9a\x84\xe6\x9a\x97\xe9\x83\xa8\xe6\x8a\xac\xe5\x8d\x87\xef\xbc\x9b\xe5\x8e\xbb\xe9\x99\xa4\xe9\x87\x8f\xe7\x94\xb1 HDR \xe4\xbc\xa0\xe9\x80\x92\xe5\x86\xb3\xe5\xae\x9a\xe3\x80\x82\xe5\x9c\xa8\xe6\xb8\xb8\xe6\x88\x8f\xe4\xba\xae\xe5\xba\xa6\xe4\xb8\xba\xe7\x9b\xb8\xe5\xaf\xb9\xe5\x80\xbc\xe7\x9a\x84\xe5\x9c\xb0\xe6\x96\xb9\xef\xbc\x88Kingdom Come Deliverance II, Alan Wake 2, GTA V\xef\xbc\x89\xef\xbc\x8c\xe8\x87\xaa\xe5\x8a\xa8\xe4\xbc\x9a\xe8\xb7\xb3\xe8\xbf\x87\xe5\x8e\xbb\xe9\x99\xa4\xef\xbc\x9a\xe5\x9c\xa8\xe9\x82\xa3\xe9\x87\x8c\xe5\xae\x83\xe4\xbc\x9a\xe6\x8a\x8a\xe9\x98\xb4\xe5\xbd\xb1\xe5\x99\xaa\xe7\x82\xb9\xe8\xaf\xaf\xe8\xae\xa4\xe4\xb8\xba\xe6\x8a\xac\xe5\x8d\x87\xef\xbc\x8c\xe9\x80\x90\xe5\x9d\x97\xe5\x8e\x8b\xe6\x9a\x97\xe9\x98\xb4\xe5\xbd\xb1\xef\xbc\x8c\xe9\x80\xa0\xe6\x88\x90\xe9\x97\xaa\xe7\x83\x81\xe3\x80\x82\xe5\xa7\x8b\xe7\xbb\x88\xe4\xbc\x9a\xe5\x9c\xa8\xe6\xaf\x8f\xe4\xb8\xaa HDR \xe6\xb8\xb8\xe6\x88\x8f\xe4\xb8\xad\xe5\x8e\xbb\xe9\x99\xa4\xef\xbc\x8c\xe4\xb8\x8e rc7 \xe5\x8f\x8a\xe4\xb9\x8b\xe5\x89\x8d\xe7\x9a\x84\xe7\x89\x88\xe6\x9c\xac\xe7\x9b\xb8\xe5\x90\x8c\xe3\x80\x82\xe5\xb9\xb3\xe6\xbb\x91\xe8\x87\xaa\xe5\x8a\xa8\xe4\xbf\x9d\xe7\x95\x99\xe8\x87\xaa\xe5\x8a\xa8\xe7\x9a\x84\xe6\x9d\xa5\xe6\xba\x90\xe7\xad\x96\xe7\x95\xa5\xef\xbc\x8c\xe5\xb9\xb6\xe5\x9c\xa8\xe6\x8e\xa5\xe8\xbf\x91\xe5\x85\xa8\xe9\xbb\x91\xe8\x8c\x83\xe5\x9b\xb4\xe7\x9a\x84\xe8\xbe\xb9\xe7\xbc\x98\xe9\x80\x90\xe6\xb8\x90\xe5\x87\x8f\xe5\xbc\xb1\xe6\x81\xa2\xe5\xa4\x8d\xef\xbc\x8c\xe9\x81\xbf\xe5\x85\x8d\xe5\x87\xba\xe7\x8e\xb0\xe7\xaa\x81\xe5\x85\x80\xe7\x9a\x84\xe8\xbe\xb9\xe7\x95\x8c\xe3\x80\x82"},
    {"Chroma clamp",
     "\xe8\x89\xb2\xe5\xba\xa6\xe9\x99\x90\xe5\x88\xb6"},
    {"Bound of the chroma part of the neural transfer, in stops either side of the luma gain.  1.00 keeps the validated default; the luma gain itself stays bounded to +/-2 stops.",
     "\xe7\xa5\x9e\xe7\xbb\x8f\xe4\xbc\xa0\xe9\x80\x92\xe4\xb8\xad\xe8\x89\xb2\xe5\xba\xa6\xe9\x83\xa8\xe5\x88\x86\xe7\x9a\x84\xe7\x95\x8c\xe9\x99\x90\xef\xbc\x8c\xe4\xbb\xa5\xe4\xba\xae\xe5\xba\xa6\xe5\xa2\x9e\xe7\x9b\x8a\xe4\xb8\xa4\xe4\xbe\xa7\xe7\x9a\x84\xe6\xa1\xa3\xe6\x95\xb0\xe8\xa1\xa8\xe7\xa4\xba\xe3\x80\x82" "1.00 \xe4\xbf\x9d\xe6\x8c\x81\xe7\xbb\x8f\xe8\xbf\x87\xe9\xaa\x8c\xe8\xaf\x81\xe7\x9a\x84\xe9\xbb\x98\xe8\xae\xa4\xe5\x80\xbc\xef\xbc\x9b\xe4\xba\xae\xe5\xba\xa6\xe5\xa2\x9e\xe7\x9b\x8a\xe6\x9c\xac\xe8\xba\xab\xe4\xbb\x8d\xe9\x99\x90\xe5\x88\xb6\xe5\x9c\xa8 +/-2 \xe6\xa1\xa3\xe5\x86\x85\xe3\x80\x82"},
    {"Bounded ratio",
     "\xe6\x9c\x89\xe7\x95\x8c\xe6\xaf\x94\xe7\x8e\x87"},
    {"Consistent (curve-aware)",
     "\xe4\xb8\x80\xe8\x87\xb4\xef\xbc\x88\xe6\x84\x9f\xe7\x9f\xa5\xe6\x9b\xb2\xe7\xba\xbf\xef\xbc\x89"},
    {"Neural transfer",
     "\xe7\xa5\x9e\xe7\xbb\x8f\xe4\xbc\xa0\xe9\x80\x92"},
    {"How the model's edit is carried back to HDR on the Display codec.  Bounded ratio applies the proxy-domain change as-is, which under-transfers brightness edits where the proxy curve bends.  Consistent also undoes the curve's gain change, damped where the curve is too flat to invert.  The model sees the same input either way.",
     "\xe5\x9c\xa8\xe6\x98\xbe\xe7\xa4\xba\xe7\xbc\x96\xe8\xa7\xa3\xe7\xa0\x81\xe5\x99\xa8\xe4\xb8\x8a\xef\xbc\x8c\xe6\xa8\xa1\xe5\x9e\x8b\xe7\x9a\x84\xe7\xbc\x96\xe8\xbe\x91\xe5\xa6\x82\xe4\xbd\x95\xe5\xb8\xa6\xe5\x9b\x9e HDR\xe3\x80\x82\xe6\x9c\x89\xe7\x95\x8c\xe6\xaf\x94\xe7\x8e\x87\xe6\x8c\x89\xe5\x8e\x9f\xe6\xa0\xb7\xe5\xba\x94\xe7\x94\xa8\xe4\xbb\xa3\xe7\x90\x86\xe5\x9f\x9f\xe4\xb8\xad\xe7\x9a\x84\xe5\x8f\x98\xe5\x8c\x96\xef\xbc\x8c\xe5\x9c\xa8\xe4\xbb\xa3\xe7\x90\x86\xe6\x9b\xb2\xe7\xba\xbf\xe5\xbc\xaf\xe6\x9b\xb2\xe5\xa4\x84\xe4\xbc\x9a\xe4\xbd\xbf\xe4\xba\xae\xe5\xba\xa6\xe7\xbc\x96\xe8\xbe\x91\xe4\xbc\xa0\xe9\x80\x92\xe4\xb8\x8d\xe8\xb6\xb3\xe3\x80\x82\xe4\xb8\x80\xe8\x87\xb4\xe8\xbf\x98\xe4\xbc\x9a\xe6\x8a\xb5\xe6\xb6\x88\xe6\x9b\xb2\xe7\xba\xbf\xe7\x9a\x84\xe5\xa2\x9e\xe7\x9b\x8a\xe5\x8f\x98\xe5\x8c\x96\xef\xbc\x8c\xe5\x9c\xa8\xe6\x9b\xb2\xe7\xba\xbf\xe8\xbf\x87\xe5\xb9\xb3\xe6\x97\xa0\xe6\xb3\x95\xe5\x8f\x8d\xe6\xbc\x94\xe5\xa4\x84\xe4\xba\x88\xe4\xbb\xa5\xe8\xa1\xb0\xe5\x87\x8f\xe3\x80\x82\xe4\xb8\xa4\xe7\xa7\x8d\xe6\x96\xb9\xe5\xbc\x8f\xe4\xb8\x8b\xe6\xa8\xa1\xe5\x9e\x8b\xe7\x9c\x8b\xe5\x88\xb0\xe7\x9a\x84\xe8\xbe\x93\xe5\x85\xa5\xe7\x9b\xb8\xe5\x90\x8c\xe3\x80\x82"},
    {"Style highlight guard (stops)",
     "\xe9\xa3\x8e\xe6\xa0\xbc\xe9\xab\x98\xe5\x85\x89\xe4\xbf\x9d\xe6\x8a\xa4\xef\xbc\x88\xe6\xa1\xa3\xef\xbc\x89"},
    {"Bounds how much the Natural and Cinematic styles may darken bright highlights (up to half a stop, which can read as 'no neural rendering there').  0.00 is the previous math; 2.00 disables the bound.  Mid-tones and shadows are untouched.",
     "\xe9\x99\x90\xe5\x88\xb6\xe8\x87\xaa\xe7\x84\xb6\xe5\x92\x8c\xe7\x94\xb5\xe5\xbd\xb1\xe6\x84\x9f\xe9\xa3\x8e\xe6\xa0\xbc\xe5\x8f\xaf\xe5\xb0\x86\xe6\x98\x8e\xe4\xba\xae\xe9\xab\x98\xe5\x85\x89\xe5\x8e\x8b\xe6\x9a\x97\xe7\x9a\x84\xe7\xa8\x8b\xe5\xba\xa6\xef\xbc\x88\xe6\x9c\x80\xe5\xa4\x9a\xe5\x8d\x8a\xe6\xa1\xa3\xef\xbc\x8c\xe7\x9c\x8b\xe8\xb5\xb7\xe6\x9d\xa5\xe5\x8f\xaf\xe8\x83\xbd\xe5\x83\x8f'\xe9\x82\xa3\xe9\x87\x8c\xe6\xb2\xa1\xe6\x9c\x89 neural rendering'\xef\xbc\x89\xe3\x80\x82" "0.00 \xe4\xb8\xba\xe4\xb9\x8b\xe5\x89\x8d\xe7\x9a\x84\xe8\xae\xa1\xe7\xae\x97\xef\xbc\x9b" "2.00 \xe5\x8f\x96\xe6\xb6\x88\xe9\x99\x90\xe5\x88\xb6\xe3\x80\x82\xe4\xb8\xad\xe9\x97\xb4\xe8\xb0\x83\xe5\x92\x8c\xe9\x98\xb4\xe5\xbd\xb1\xe4\xb8\x8d\xe5\x8f\x97\xe5\xbd\xb1\xe5\x93\x8d\xe3\x80\x82"},
    {"Near-black colour guard",
     "\xe8\xbf\x91\xe9\xbb\x91\xe8\x89\xb2\xe5\xbd\xa9\xe4\xbf\x9d\xe6\x8a\xa4"},
    {"Divisor-codec HDR (Classic, and PQ or other absolute sources in Auto): where the model returns a near-black value under a bright original, keep the original's colour at the new brightness instead of amplifying the model's noise into green or grey specks.  Off is the previous math.",
     "\xe9\x99\xa4\xe6\x95\xb0\xe7\xbc\x96\xe8\xa7\xa3\xe7\xa0\x81\xe5\x99\xa8 HDR\xef\xbc\x88\xe7\xbb\x8f\xe5\x85\xb8\xef\xbc\x8c\xe4\xbb\xa5\xe5\x8f\x8a\xe8\x87\xaa\xe5\x8a\xa8\xe4\xb8\x8b\xe7\x9a\x84 PQ \xe6\x88\x96\xe5\x85\xb6\xe4\xbb\x96\xe7\xbb\x9d\xe5\xaf\xb9\xe6\x9d\xa5\xe6\xba\x90\xef\xbc\x89\xef\xbc\x9a\xe5\xbd\x93\xe6\xa8\xa1\xe5\x9e\x8b\xe5\x9c\xa8\xe6\x98\x8e\xe4\xba\xae\xe5\x8e\x9f\xe5\xa7\x8b\xe5\x83\x8f\xe7\xb4\xa0\xe5\xa4\x84\xe8\xbf\x94\xe5\x9b\x9e\xe6\x8e\xa5\xe8\xbf\x91\xe9\xbb\x91\xe8\x89\xb2\xe7\x9a\x84\xe5\x80\xbc\xe6\x97\xb6\xef\xbc\x8c\xe4\xbb\xa5\xe6\x96\xb0\xe4\xba\xae\xe5\xba\xa6\xe4\xbf\x9d\xe7\x95\x99\xe5\x8e\x9f\xe5\xa7\x8b\xe9\xa2\x9c\xe8\x89\xb2\xef\xbc\x8c\xe8\x80\x8c\xe4\xb8\x8d\xe6\x98\xaf\xe6\x8a\x8a\xe6\xa8\xa1\xe5\x9e\x8b\xe7\x9a\x84\xe5\x99\xaa\xe7\x82\xb9\xe6\x94\xbe\xe5\xa4\xa7\xe6\x88\x90\xe7\xbb\xbf\xe8\x89\xb2\xe6\x88\x96\xe7\x81\xb0\xe8\x89\xb2\xe6\x96\x91\xe7\x82\xb9\xe3\x80\x82\xe5\x85\xb3\xe9\x97\xad\xe5\x88\x99\xe4\xb8\xba\xe4\xb9\x8b\xe5\x89\x8d\xe7\x9a\x84\xe8\xae\xa1\xe7\xae\x97\xe6\x96\xb9\xe5\xbc\x8f\xe3\x80\x82"},
    {"v1 (frame meter)",
     "v1\xef\xbc\x88\xe5\xb8\xa7\xe6\xb5\x8b\xe5\x85\x89\xef\xbc\x89"},
    {"v2 (game exposure)",
     "v2\xef\xbc\x88\xe6\xb8\xb8\xe6\x88\x8f\xe6\x9b\x9d\xe5\x85\x89\xef\xbc\x89"},
    {"Brightness source",
     "\xe4\xba\xae\xe5\xba\xa6\xe6\x9d\xa5\xe6\xba\x90"},
    {"Where the brightness NR is fed at comes from on relative HDR sources.  v2 follows the game's own exposure (its DLSS exposure texture, or a pre-exposed buffer as it is), so NR's input holds still while the game's eye adaptation swings.  v1 meters each frame's content and adapts at its own rates, which can pulse slowly against the game's adaptation.  Auto uses v2 when the game provides an exposure texture and v1 otherwise: a pre-exposed buffer fed as it is lets a bright scene overload NR's input, and NR boils.  Calibrated/absolute sources ignore this.",
     "\xe5\x9c\xa8\xe7\x9b\xb8\xe5\xaf\xb9 HDR \xe6\x9d\xa5\xe6\xba\x90\xe4\xb8\x8a\xef\xbc\x8cNR \xe8\xbe\x93\xe5\x85\xa5\xe4\xba\xae\xe5\xba\xa6\xe7\x9a\x84\xe4\xbe\x9d\xe6\x8d\xae\xe3\x80\x82v2 \xe8\xb7\x9f\xe9\x9a\x8f\xe6\xb8\xb8\xe6\x88\x8f\xe8\x87\xaa\xe8\xba\xab\xe7\x9a\x84\xe6\x9b\x9d\xe5\x85\x89\xef\xbc\x88\xe5\x85\xb6 DLSS \xe6\x9b\x9d\xe5\x85\x89\xe7\xba\xb9\xe7\x90\x86\xef\xbc\x8c\xe6\x88\x96\xe5\x8e\x9f\xe6\xa0\xb7\xe4\xbd\xbf\xe7\x94\xa8\xe9\xa2\x84\xe6\x9b\x9d\xe5\x85\x89\xe7\xbc\x93\xe5\x86\xb2\xe5\x8c\xba\xef\xbc\x89\xef\xbc\x8c\xe5\x9b\xa0\xe6\xad\xa4\xe5\x8d\xb3\xe4\xbd\xbf\xe6\xb8\xb8\xe6\x88\x8f\xe7\x9a\x84\xe4\xba\xba\xe7\x9c\xbc\xe9\x80\x82\xe5\xba\x94\xe5\xa4\xa7\xe5\xb9\x85\xe5\x8f\x98\xe5\x8c\x96\xef\xbc\x8cNR \xe7\x9a\x84\xe8\xbe\x93\xe5\x85\xa5\xe4\xb9\x9f\xe4\xbf\x9d\xe6\x8c\x81\xe7\xa8\xb3\xe5\xae\x9a\xe3\x80\x82v1 \xe5\xaf\xb9\xe6\xaf\x8f\xe5\xb8\xa7\xe5\x86\x85\xe5\xae\xb9\xe6\xb5\x8b\xe5\x85\x89\xe5\xb9\xb6\xe6\x8c\x89\xe8\x87\xaa\xe8\xba\xab\xe9\x80\x9f\xe7\x8e\x87\xe9\x80\x82\xe5\xba\x94\xef\xbc\x8c\xe5\x8f\xaf\xe8\x83\xbd\xe4\xb8\x8e\xe6\xb8\xb8\xe6\x88\x8f\xe7\x9a\x84\xe9\x80\x82\xe5\xba\x94\xe7\x9b\xb8\xe4\xba\x92\xe4\xbd\x9c\xe7\x94\xa8\xe8\x80\x8c\xe7\xbc\x93\xe6\x85\xa2\xe8\x84\x89\xe5\x8a\xa8\xe3\x80\x82\xe5\xbd\x93\xe6\xb8\xb8\xe6\x88\x8f\xe6\x8f\x90\xe4\xbe\x9b\xe6\x9b\x9d\xe5\x85\x89\xe7\xba\xb9\xe7\x90\x86\xe6\x97\xb6\xef\xbc\x8c\xe8\x87\xaa\xe5\x8a\xa8\xe4\xbd\xbf\xe7\x94\xa8 v2\xef\xbc\x8c\xe5\x90\xa6\xe5\x88\x99\xe4\xbd\xbf\xe7\x94\xa8 v1\xef\xbc\x9a\xe5\x8e\x9f\xe6\xa0\xb7\xe8\xbe\x93\xe5\x85\xa5\xe9\xa2\x84\xe6\x9b\x9d\xe5\x85\x89\xe7\xbc\x93\xe5\x86\xb2\xe5\x8c\xba\xe4\xbc\x9a\xe8\xae\xa9\xe6\x98\x8e\xe4\xba\xae\xe5\x9c\xba\xe6\x99\xaf\xe4\xbd\xbf NR \xe8\xbe\x93\xe5\x85\xa5\xe8\xbf\x87\xe8\xbd\xbd\xef\xbc\x8c\xe5\xaf\xbc\xe8\x87\xb4 NR \xe7\x94\xbb\xe9\x9d\xa2\xe6\xb2\xb8\xe8\x85\xbe\xe8\x88\xac\xe7\xbf\xbb\xe6\xb6\x8c\xe3\x80\x82\xe5\xb7\xb2\xe6\xa0\xa1\xe5\x87\x86/\xe7\xbb\x9d\xe5\xaf\xb9\xe6\x9d\xa5\xe6\xba\x90\xe5\xbf\xbd\xe7\x95\xa5\xe6\xad\xa4\xe9\xa1\xb9\xe3\x80\x82"},
    {"Off (raw per-frame)",
     "\xe5\x85\xb3\xef\xbc\x88\xe9\x80\x90\xe5\xb8\xa7\xe5\x8e\x9f\xe5\xa7\x8b\xe5\x80\xbc\xef\xbc\x89"},
    {"Slew (v6.1.2)",
     "\xe5\xb9\xb3\xe6\xbb\x91\xe9\x99\x90\xe9\x80\x9f (v6.1.2)"},
    {"Stable (recommended)",
     "\xe7\xa8\xb3\xe5\xae\x9a\xef\xbc\x88\xe6\x8e\xa8\xe8\x8d\x90\xef\xbc\x89"},
    {"Normalization",
     "\xe5\xbd\x92\xe4\xb8\x80\xe5\x8c\x96"},
    {"How the same-frame autoscale candidate becomes the applied divisor.  Stable uses a continuous estimate, settles at fixed rates per second (fast when brightening toward clipping, slow when relaxing) and holds still inside a small band, so neither a flickering scene statistic nor a settings edit can pump the image.  Slew is the v6.1.2 per-frame limit; Off applies the raw candidate (v6.1.0).  Calibrated/absolute sources ignore all.",
     "\xe5\x90\x8c\xe5\xb8\xa7\xe8\x87\xaa\xe5\x8a\xa8\xe7\xbc\xa9\xe6\x94\xbe\xe5\x80\x99\xe9\x80\x89\xe5\x80\xbc\xe5\xa6\x82\xe4\xbd\x95\xe6\x88\x90\xe4\xb8\xba\xe5\xae\x9e\xe9\x99\x85\xe5\xba\x94\xe7\x94\xa8\xe7\x9a\x84\xe9\x99\xa4\xe6\x95\xb0\xe3\x80\x82\xe7\xa8\xb3\xe5\xae\x9a\xe4\xbd\xbf\xe7\x94\xa8\xe8\xbf\x9e\xe7\xbb\xad\xe4\xbc\xb0\xe8\xae\xa1\xef\xbc\x8c\xe4\xbb\xa5\xe6\xaf\x8f\xe7\xa7\x92\xe5\x9b\xba\xe5\xae\x9a\xe9\x80\x9f\xe7\x8e\x87\xe6\x94\xb6\xe6\x95\x9b\xef\xbc\x88\xe5\x90\x91\xe8\xa3\x81\xe5\x88\x87\xe6\x96\xb9\xe5\x90\x91\xe5\x8f\x98\xe4\xba\xae\xe6\x97\xb6\xe5\xbf\xab\xef\xbc\x8c\xe6\x94\xbe\xe6\x9d\xbe\xe6\x97\xb6\xe6\x85\xa2\xef\xbc\x89\xef\xbc\x8c\xe5\xb9\xb6\xe5\x9c\xa8\xe5\xb0\x8f\xe8\x8c\x83\xe5\x9b\xb4\xe5\x86\x85\xe4\xbf\x9d\xe6\x8c\x81\xe4\xb8\x8d\xe5\x8f\x98\xef\xbc\x8c\xe5\x9b\xa0\xe6\xad\xa4\xe6\x97\xa0\xe8\xae\xba\xe6\x98\xaf\xe9\x97\xaa\xe7\x83\x81\xe7\x9a\x84\xe5\x9c\xba\xe6\x99\xaf\xe7\xbb\x9f\xe8\xae\xa1\xe8\xbf\x98\xe6\x98\xaf\xe8\xae\xbe\xe7\xbd\xae\xe4\xbf\xae\xe6\x94\xb9\xe9\x83\xbd\xe4\xb8\x8d\xe4\xbc\x9a\xe4\xbd\xbf\xe7\x94\xbb\xe9\x9d\xa2\xe8\xb5\xb7\xe4\xbc\x8f\xe3\x80\x82\xe5\xb9\xb3\xe6\xbb\x91\xe9\x99\x90\xe9\x80\x9f\xe6\x98\xaf v6.1.2 \xe7\x9a\x84\xe9\x80\x90\xe5\xb8\xa7\xe9\x99\x90\xe5\x88\xb6\xef\xbc\x9b\xe5\x85\xb3\xe7\x9b\xb4\xe6\x8e\xa5\xe5\xba\x94\xe7\x94\xa8\xe5\x8e\x9f\xe5\xa7\x8b\xe5\x80\x99\xe9\x80\x89\xe5\x80\xbc\xef\xbc\x88v6.1.0\xef\xbc\x89\xe3\x80\x82\xe5\xb7\xb2\xe6\xa0\xa1\xe5\x87\x86/\xe7\xbb\x9d\xe5\xaf\xb9\xe6\x9d\xa5\xe6\xba\x90\xe5\xbf\xbd\xe7\x95\xa5\xe6\x89\x80\xe6\x9c\x89\xe8\xbf\x99\xe4\xba\x9b\xe3\x80\x82"},
    {"How fast the divisor may rise when the frame gets brighter (toward the proxy's clipping shoulder).",
     "\xe7\x94\xbb\xe9\x9d\xa2\xe5\x8f\x98\xe4\xba\xae\xe6\x97\xb6\xef\xbc\x88\xe6\x9c\x9d\xe5\x90\x91\xe4\xbb\xa3\xe7\x90\x86\xe7\x9a\x84\xe8\xa3\x81\xe5\x88\x87\xe8\x82\xa9\xe9\x83\xa8\xef\xbc\x89\xe9\x99\xa4\xe6\x95\xb0\xe4\xb8\x8a\xe5\x8d\x87\xe7\x9a\x84\xe6\x9c\x80\xe5\xa4\xa7\xe9\x80\x9f\xe5\xba\xa6\xe3\x80\x82"},
    {"How fast the divisor may relax when the frame gets darker.  Slow by design: a darker proxy is harmless, a pumping one is not.",
     "\xe7\x94\xbb\xe9\x9d\xa2\xe5\x8f\x98\xe6\x9a\x97\xe6\x97\xb6\xe9\x99\xa4\xe6\x95\xb0\xe6\x94\xbe\xe6\x9d\xbe\xe7\x9a\x84\xe6\x9c\x80\xe5\xa4\xa7\xe9\x80\x9f\xe5\xba\xa6\xe3\x80\x82\xe5\x88\xbb\xe6\x84\x8f\xe8\xae\xbe\xe8\xae\xa1\xe5\xbe\x97\xe8\xbe\x83\xe6\x85\xa2\xef\xbc\x9a\xe8\xbe\x83\xe6\x9a\x97\xe7\x9a\x84\xe4\xbb\xa3\xe7\x90\x86\xe6\x97\xa0\xe5\xae\xb3\xef\xbc\x8c\xe8\xb5\xb7\xe4\xbc\x8f\xe7\x9a\x84\xe4\xbb\xa3\xe7\x90\x86\xe5\x88\x99\xe4\xb8\x8d\xe7\x84\xb6\xe3\x80\x82"},
    {"Hold through black, re-prime on cuts",
     "\xe9\xbb\x91\xe5\xb1\x8f\xe6\x97\xb6\xe4\xbf\x9d\xe6\x8c\x81\xef\xbc\x8c\xe5\x9c\xba\xe6\x99\xaf\xe5\x88\x87\xe6\x8d\xa2\xe6\x97\xb6\xe9\x87\x8d\xe6\x96\xb0\xe5\x88\x9d\xe5\xa7\x8b\xe5\x8c\x96"},
    {"Stable only.  A black frame (a loading screen, the end of a fade) keeps the current scale instead of relaxing toward it, so the scene after it does not come back overloading NR's input, and the game's own scene-cut signal re-primes the scale.  Off is the previous behaviour.",
     "\xe4\xbb\x85\xe9\x99\x90\xe7\xa8\xb3\xe5\xae\x9a\xe3\x80\x82\xe9\x81\x87\xe5\x88\xb0\xe9\xbb\x91\xe5\xb8\xa7\xef\xbc\x88\xe5\x8a\xa0\xe8\xbd\xbd\xe7\x94\xbb\xe9\x9d\xa2\xe3\x80\x81\xe6\xb7\xa1\xe5\x87\xba\xe7\xbb\x93\xe6\x9d\x9f\xef\xbc\x89\xe6\x97\xb6\xe4\xbf\x9d\xe6\x8c\x81\xe5\xbd\x93\xe5\x89\x8d\xe7\xbc\xa9\xe6\x94\xbe\xef\xbc\x8c\xe8\x80\x8c\xe4\xb8\x8d\xe6\x98\xaf\xe6\x9c\x9d\xe9\xbb\x91\xe5\xb8\xa7\xe6\x94\xbe\xe6\x9d\xbe\xef\xbc\x8c\xe5\x9b\xa0\xe6\xad\xa4\xe4\xb9\x8b\xe5\x90\x8e\xe7\x9a\x84\xe5\x9c\xba\xe6\x99\xaf\xe5\x9b\x9e\xe6\x9d\xa5\xe6\x97\xb6\xe4\xb8\x8d\xe4\xbc\x9a\xe4\xbd\xbf NR \xe8\xbe\x93\xe5\x85\xa5\xe8\xbf\x87\xe8\xbd\xbd\xef\xbc\x9b\xe6\xb8\xb8\xe6\x88\x8f\xe8\x87\xaa\xe8\xba\xab\xe7\x9a\x84\xe5\x9c\xba\xe6\x99\xaf\xe5\x88\x87\xe6\x8d\xa2\xe4\xbf\xa1\xe5\x8f\xb7\xe4\xbc\x9a\xe9\x87\x8d\xe6\x96\xb0\xe5\x88\x9d\xe5\xa7\x8b\xe5\x8c\x96\xe7\xbc\xa9\xe6\x94\xbe\xe3\x80\x82\xe5\x85\xb3\xe9\x97\xad\xe5\x88\x99\xe4\xb8\xba\xe4\xb9\x8b\xe5\x89\x8d\xe7\x9a\x84\xe8\xa1\x8c\xe4\xb8\xba\xe3\x80\x82"},
    {"Slew (stops/frame)",
     "\xe5\xb9\xb3\xe6\xbb\x91\xe9\x99\x90\xe9\x80\x9f\xef\xbc\x88\xe6\xa1\xa3/\xe5\xb8\xa7\xef\xbc\x89"},
    {"Largest step the committed divisor may take in one frame.  0.020 is ~1.2 stops/s at 60 Hz: faster than engine eye adaptation, far slower than the frame-to-frame oscillation it damps.  Scene cuts, config changes and feature rebuilds snap instead of slewing, so raising this only affects tracking lag.  0 behaves as Off.",
     "\xe5\xb7\xb2\xe6\x8f\x90\xe4\xba\xa4\xe9\x99\xa4\xe6\x95\xb0\xe5\x9c\xa8\xe4\xb8\x80\xe5\xb8\xa7\xe5\x86\x85\xe5\x8f\xaf\xe5\x8f\x98\xe5\x8c\x96\xe7\x9a\x84\xe6\x9c\x80\xe5\xa4\xa7\xe6\xad\xa5\xe9\x95\xbf\xe3\x80\x82" "0.020 \xe5\x9c\xa8 60 Hz \xe4\xb8\x8b\xe7\xba\xa6\xe4\xb8\xba 1.2 \xe6\xa1\xa3/\xe7\xa7\x92\xef\xbc\x9a\xe6\xaf\x94\xe5\xbc\x95\xe6\x93\x8e\xe7\x9a\x84\xe4\xba\xba\xe7\x9c\xbc\xe9\x80\x82\xe5\xba\x94\xe6\x9b\xb4\xe5\xbf\xab\xef\xbc\x8c\xe4\xbd\x86\xe8\xbf\x9c\xe6\x85\xa2\xe4\xba\x8e\xe5\x85\xb6\xe6\x8a\x91\xe5\x88\xb6\xe7\x9a\x84\xe5\xb8\xa7\xe9\x97\xb4\xe6\x8c\xaf\xe8\x8d\xa1\xe3\x80\x82\xe5\x9c\xba\xe6\x99\xaf\xe5\x88\x87\xe6\x8d\xa2\xe3\x80\x81\xe9\x85\x8d\xe7\xbd\xae\xe6\x9b\xb4\xe6\x94\xb9\xe5\x92\x8c\xe5\x8a\x9f\xe8\x83\xbd\xe9\x87\x8d\xe5\xbb\xba\xe6\x97\xb6\xe4\xbc\x9a\xe7\x9b\xb4\xe6\x8e\xa5\xe8\xb7\xb3\xe5\x8f\x98\xe8\x80\x8c\xe4\xb8\x8d\xe6\x98\xaf\xe6\xb8\x90\xe5\x8f\x98\xef\xbc\x8c\xe5\x9b\xa0\xe6\xad\xa4\xe6\x8f\x90\xe9\xab\x98\xe6\xad\xa4\xe5\x80\xbc\xe5\x8f\xaa\xe5\xbd\xb1\xe5\x93\x8d\xe8\xb7\x9f\xe8\xb8\xaa\xe5\xbb\xb6\xe8\xbf\x9f\xe3\x80\x82" "0 \xe7\xad\x89\xe5\x90\x8c\xe4\xba\x8e\xe5\x85\xb3\xe3\x80\x82"},
    {"Use game NGX flag",
     "\xe4\xbd\xbf\xe7\x94\xa8\xe6\xb8\xb8\xe6\x88\x8f NGX \xe6\xa0\x87\xe5\xbf\x97"},
    {"Force normal depth",
     "\xe5\xbc\xba\xe5\x88\xb6\xe6\xad\xa3\xe5\xb8\xb8\xe6\xb7\xb1\xe5\xba\xa6"},
    {"Force inverted depth",
     "\xe5\xbc\xba\xe5\x88\xb6\xe5\x8f\x8d\xe8\xbd\xac\xe6\xb7\xb1\xe5\xba\xa6"},
    {"Depth",
     "\xe6\xb7\xb1\xe5\xba\xa6"},
    {"Which way the game's depth runs.  The game's own NGX flag is right unless the game declares it wrongly.",
     "\xe6\xb8\xb8\xe6\x88\x8f\xe6\xb7\xb1\xe5\xba\xa6\xe7\x9a\x84\xe6\x96\xb9\xe5\x90\x91\xe3\x80\x82\xe9\x99\xa4\xe9\x9d\x9e\xe6\xb8\xb8\xe6\x88\x8f\xe9\x94\x99\xe8\xaf\xaf\xe5\xa3\xb0\xe6\x98\x8e\xef\xbc\x8c\xe5\x90\xa6\xe5\x88\x99\xe6\xb8\xb8\xe6\x88\x8f\xe8\x87\xaa\xe8\xba\xab\xe7\x9a\x84 NGX \xe6\xa0\x87\xe5\xbf\x97\xe6\x98\xaf\xe6\xad\xa3\xe7\xa1\xae\xe7\x9a\x84\xe3\x80\x82"},
    {"Scales the game's motion vectors before the model sees them.  1.000 is right unless the game reports them at another scale; a negative value flips an axis.",
     "\xe5\x9c\xa8\xe6\xa8\xa1\xe5\x9e\x8b\xe8\xaf\xbb\xe5\x8f\x96\xe4\xb9\x8b\xe5\x89\x8d\xe7\xbc\xa9\xe6\x94\xbe\xe6\xb8\xb8\xe6\x88\x8f\xe7\x9a\x84\xe8\xbf\x90\xe5\x8a\xa8\xe7\x9f\xa2\xe9\x87\x8f\xe3\x80\x82\xe9\x99\xa4\xe9\x9d\x9e\xe6\xb8\xb8\xe6\x88\x8f\xe4\xbb\xa5\xe5\x85\xb6\xe4\xbb\x96\xe6\xaf\x94\xe4\xbe\x8b\xe6\x8a\xa5\xe5\x91\x8a\xef\xbc\x8c\xe5\x90\xa6\xe5\x88\x99 1.000 \xe6\x98\xaf\xe6\xad\xa3\xe7\xa1\xae\xe7\x9a\x84\xef\xbc\x9b\xe8\xb4\x9f\xe5\x80\xbc\xe4\xbc\x9a\xe7\xbf\xbb\xe8\xbd\xac\xe8\xaf\xa5\xe8\xbd\xb4\xe3\x80\x82"},
    {"Motion scale X",
     "\xe8\xbf\x90\xe5\x8a\xa8\xe6\xaf\x94\xe4\xbe\x8b X"},
    {"Motion scale Y",
     "\xe8\xbf\x90\xe5\x8a\xa8\xe6\xaf\x94\xe4\xbe\x8b Y"},
    {"Chained history",
     "\xe9\x93\xbe\xe5\xbc\x8f\xe5\x8e\x86\xe5\x8f\xb2"},
    {"ON (default): every stacked pass keeps its own temporal history (reset only on scene cuts/contract changes).  OFF: legacy diagnostic mode - passes 2+ are stateless (Reset every frame).  NVIDIA documents Reset-per-frame as a flicker/aliasing risk; only turn chained OFF to A/B a suspected ghosting compounding.",
     "\xe5\xbc\x80\xef\xbc\x88\xe9\xbb\x98\xe8\xae\xa4\xef\xbc\x89\xef\xbc\x9a\xe6\xaf\x8f\xe4\xb8\xaa\xe5\x8f\xa0\xe5\x8a\xa0\xe9\x80\x9a\xe9\x81\x93\xe4\xbf\x9d\xe7\x95\x99\xe5\x90\x84\xe8\x87\xaa\xe7\x9a\x84\xe6\x97\xb6\xe9\x97\xb4\xe5\x8e\x86\xe5\x8f\xb2\xef\xbc\x88\xe4\xbb\x85\xe5\x9c\xa8\xe5\x9c\xba\xe6\x99\xaf\xe5\x88\x87\xe6\x8d\xa2/\xe7\xba\xa6\xe5\xae\x9a\xe5\x8f\x98\xe6\x9b\xb4\xe6\x97\xb6\xe9\x87\x8d\xe7\xbd\xae\xef\xbc\x89\xe3\x80\x82\xe5\x85\xb3\xef\xbc\x9a\xe6\x97\xa7\xe7\x89\x88\xe8\xaf\x8a\xe6\x96\xad\xe6\xa8\xa1\xe5\xbc\x8f - \xe7\xac\xac 2 \xe4\xb8\xaa\xe5\x8f\x8a\xe4\xbb\xa5\xe5\x90\x8e\xe7\x9a\x84\xe9\x80\x9a\xe9\x81\x93\xe6\x97\xa0\xe7\x8a\xb6\xe6\x80\x81\xef\xbc\x88\xe6\xaf\x8f\xe5\xb8\xa7 Reset\xef\xbc\x89\xe3\x80\x82NVIDIA \xe6\x96\x87\xe6\xa1\xa3\xe6\x8c\x87\xe5\x87\xba\xe6\xaf\x8f\xe5\xb8\xa7 Reset \xe6\x9c\x89\xe9\x97\xaa\xe7\x83\x81/\xe9\x94\xaf\xe9\xbd\xbf\xe9\xa3\x8e\xe9\x99\xa9\xef\xbc\x9b\xe4\xbb\x85\xe5\x9c\xa8\xe9\x9c\x80\xe8\xa6\x81 A/B \xe5\xaf\xb9\xe6\xaf\x94\xe7\x96\x91\xe4\xbc\xbc\xe9\x87\x8d\xe5\xbd\xb1\xe5\x8f\xa0\xe5\x8a\xa0\xe6\x97\xb6\xe6\x89\x8d\xe5\x85\xb3\xe9\x97\xad\xe9\x93\xbe\xe5\xbc\x8f\xe3\x80\x82"},
    {"Restore",
     "\xe6\x81\xa2\xe5\xa4\x8d"},
    {"Cancel",
     "\xe5\x8f\x96\xe6\xb6\x88"},
    {"Press a key (Esc cancels)",
     "\xe8\xaf\xb7\xe6\x8c\x89\xe4\xb8\x80\xe4\xb8\xaa\xe9\x94\xae\xef\xbc\x88" "Esc \xe5\x8f\x96\xe6\xb6\x88\xef\xbc\x89"},
    {"Toggle NR",
     "\xe5\x88\x87\xe6\x8d\xa2 NR"},
    {"Screenshot",
     "\xe6\x88\xaa\xe5\x9b\xbe"},
    {"Final presentation",
     "\xe6\x9c\x80\xe7\xbb\x88\xe5\x91\x88\xe7\x8e\xb0"},
    {"Evaluated model buffers",
     "\xe5\xb7\xb2\xe8\xaf\x84\xe4\xbc\xb0\xe7\x9a\x84\xe6\xa8\xa1\xe5\x9e\x8b\xe7\xbc\x93\xe5\x86\xb2\xe5\x8c\xba"},
    {"Capture source",
     "\xe6\x88\xaa\xe5\x8f\x96\xe6\x9d\xa5\xe6\xba\x90"},
    {"Auto captures the final frame, or model buffers when a separate helper window is explicitly identified. Model diagnostics preserve the selected hook and show the last evaluated pass before look, transfer, game tone mapping and UI.",
     "\xe8\x87\xaa\xe5\x8a\xa8\xe6\x88\xaa\xe5\x8f\x96\xe6\x9c\x80\xe7\xbb\x88\xe7\x94\xbb\xe9\x9d\xa2\xef\xbc\x9b\xe5\xbd\x93\xe6\x98\x8e\xe7\xa1\xae\xe8\xaf\x86\xe5\x88\xab\xe5\x88\xb0\xe7\x8b\xac\xe7\xab\x8b\xe7\x9a\x84\xe8\xbe\x85\xe5\x8a\xa9\xe7\xaa\x97\xe5\x8f\xa3\xe6\x97\xb6\xef\xbc\x8c\xe5\x88\x99\xe6\x88\xaa\xe5\x8f\x96\xe6\xa8\xa1\xe5\x9e\x8b\xe7\xbc\x93\xe5\x86\xb2\xe5\x8c\xba\xe3\x80\x82\xe6\xa8\xa1\xe5\x9e\x8b\xe8\xaf\x8a\xe6\x96\xad\xe4\xbf\x9d\xe7\x95\x99\xe6\x89\x80\xe9\x80\x89\xe4\xbb\x8b\xe5\x85\xa5\xe7\x82\xb9\xef\xbc\x8c\xe5\xb9\xb6\xe6\x98\xbe\xe7\xa4\xba\xe5\xa4\x96\xe8\xa7\x82\xe3\x80\x81\xe4\xbc\xa0\xe9\x80\x92\xe3\x80\x81\xe6\xb8\xb8\xe6\x88\x8f\xe8\x89\xb2\xe8\xb0\x83\xe6\x98\xa0\xe5\xb0\x84\xe5\x92\x8c UI \xe4\xb9\x8b\xe5\x89\x8d\xe6\x9c\x80\xe5\x90\x8e\xe8\xaf\x84\xe4\xbc\xb0\xe7\x9a\x84\xe4\xb8\x80\xe6\xac\xa1\xe5\xa4\x84\xe7\x90\x86\xe3\x80\x82"},
    {"PNG",
     "PNG"},
    {"JPEG",
     "JPEG"},
    {"PNG + JPEG",
     "PNG + JPEG"},
    {"File format",
     "\xe6\x96\x87\xe4\xbb\xb6\xe6\xa0\xbc\xe5\xbc\x8f"},
    {"PNG is lossless and large (HDR PNGs exceed Discord's 10 MB limit). JPEG is sized for sharing on Discord at full resolution; in HDR it stays HDR.",
     "PNG \xe6\x97\xa0\xe6\x8d\x9f\xe4\xbd\x86\xe4\xbd\x93\xe7\xa7\xaf\xe5\xa4\xa7 (HDR PNG \xe8\xb6\x85\xe8\xbf\x87 Discord \xe7\x9a\x84 10 MB \xe9\x99\x90\xe5\x88\xb6)\xe3\x80\x82JPEG \xe7\x9a\x84\xe5\xa4\xa7\xe5\xb0\x8f\xe9\x80\x82\xe5\x90\x88\xe5\x9c\xa8 Discord \xe4\xb8\x8a\xe4\xbb\xa5\xe5\xae\x8c\xe6\x95\xb4\xe5\x88\x86\xe8\xbe\xa8\xe7\x8e\x87\xe5\x88\x86\xe4\xba\xab\xef\xbc\x9b\xe5\x9c\xa8 HDR \xe4\xb8\x8b\xe4\xbb\x8d\xe4\xbf\x9d\xe6\x8c\x81 HDR\xe3\x80\x82"},
    {"Pair",
     "\xe6\x88\x90\xe5\xaf\xb9"},
    {"Pair + side by side",
     "\xe6\x88\x90\xe5\xaf\xb9 + \xe5\xb9\xb6\xe6\x8e\x92"},
    {"Comparison layout",
     "\xe5\xaf\xb9\xe6\xaf\x94\xe5\xb8\x83\xe5\xb1\x80"},
    {"Side by side adds one file showing NR off (left) and NR on (right), for a single upload.",
     "\xe5\xb9\xb6\xe6\x8e\x92\xe4\xbc\x9a\xe9\xa2\x9d\xe5\xa4\x96\xe7\x94\x9f\xe6\x88\x90\xe4\xb8\x80\xe4\xb8\xaa\xe6\x96\x87\xe4\xbb\xb6\xef\xbc\x8c\xe6\x98\xbe\xe7\xa4\xba\xe5\x85\xb3\xe9\x97\xad NR\xef\xbc\x88\xe5\xb7\xa6\xef\xbc\x89\xe5\x92\x8c\xe5\xbc\x80\xe5\x90\xaf NR\xef\xbc\x88\xe5\x8f\xb3\xef\xbc\x89\xef\xbc\x8c\xe5\x8f\xaa\xe9\x9c\x80\xe4\xb8\x8a\xe4\xbc\xa0\xe4\xb8\x80\xe6\xac\xa1\xe3\x80\x82"},
    {"JPEG quality",
     "JPEG \xe8\xb4\xa8\xe9\x87\x8f"},
    {"95 is visually lossless. If a file is over the size limit, the quality steps down (not below 85); the image is never scaled down.",
     "95 \xe5\x9c\xa8\xe8\xa7\x86\xe8\xa7\x89\xe4\xb8\x8a\xe6\x97\xa0\xe6\x8d\x9f\xe3\x80\x82\xe6\x96\x87\xe4\xbb\xb6\xe8\xb6\x85\xe8\xbf\x87\xe5\xa4\xa7\xe5\xb0\x8f\xe9\x99\x90\xe5\x88\xb6\xe6\x97\xb6\xef\xbc\x8c\xe8\xb4\xa8\xe9\x87\x8f\xe4\xbc\x9a\xe9\x80\x90\xe6\xad\xa5\xe9\x99\x8d\xe4\xbd\x8e (\xe4\xb8\x8d\xe4\xbd\x8e\xe4\xba\x8e 85)\xef\xbc\x9b\xe5\x9b\xbe\xe5\x83\x8f\xe4\xbb\x8e\xe4\xb8\x8d\xe7\xbc\xa9\xe5\xb0\x8f\xe3\x80\x82"},
    {"JPEG size limit (MB)",
     "JPEG \xe5\xa4\xa7\xe5\xb0\x8f\xe9\x99\x90\xe5\x88\xb6 (MB)"},
    {"10 is Discord's upload limit without Nitro. 0 turns the limit off.",
     "10 \xe6\x98\xaf\xe6\xb2\xa1\xe6\x9c\x89 Nitro \xe6\x97\xb6 Discord \xe7\x9a\x84\xe4\xb8\x8a\xe4\xbc\xa0\xe9\x99\x90\xe5\x88\xb6\xe3\x80\x82" "0 \xe5\x85\xb3\xe9\x97\xad\xe9\x99\x90\xe5\x88\xb6\xe3\x80\x82"},
    {"Capture",
     "\xe6\x88\xaa\xe5\x8f\x96"},
    {"Take a screenshot now",
     "\xe7\xab\x8b\xe5\x8d\xb3\xe6\x88\xaa\xe5\x9b\xbe"},
    {"Screenshot status",
     "\xe6\x88\xaa\xe5\x9b\xbe\xe7\x8a\xb6\xe6\x80\x81"},
    {"Captures model input/output previews from the last evaluated pass. These exclude look, transfer, game tone mapping and UI; they are not the displayed game frame.",
     "\xe4\xbb\x8e\xe6\x9c\x80\xe5\x90\x8e\xe8\xaf\x84\xe4\xbc\xb0\xe7\x9a\x84\xe4\xb8\x80\xe6\xac\xa1\xe5\xa4\x84\xe7\x90\x86\xe6\x88\xaa\xe5\x8f\x96\xe6\xa8\xa1\xe5\x9e\x8b\xe8\xbe\x93\xe5\x85\xa5/\xe8\xbe\x93\xe5\x87\xba\xe9\xa2\x84\xe8\xa7\x88\xe3\x80\x82\xe8\xbf\x99\xe4\xba\x9b\xe9\xa2\x84\xe8\xa7\x88\xe4\xb8\x8d\xe5\x8c\x85\xe6\x8b\xac\xe5\xa4\x96\xe8\xa7\x82\xe3\x80\x81\xe4\xbc\xa0\xe9\x80\x92\xe3\x80\x81\xe6\xb8\xb8\xe6\x88\x8f\xe8\x89\xb2\xe8\xb0\x83\xe6\x98\xa0\xe5\xb0\x84\xe5\x92\x8c UI\xef\xbc\x9b\xe5\xae\x83\xe4\xbb\xac\xe4\xb8\x8d\xe6\x98\xaf\xe6\x98\xbe\xe7\xa4\xba\xe7\x9a\x84\xe6\xb8\xb8\xe6\x88\x8f\xe7\x94\xbb\xe9\x9d\xa2\xe3\x80\x82"},
    {"Captures the same final game frame before and after NR at On Present. HDR stays HDR. Your hook setting is restored automatically.",
     "\xe5\x9c\xa8\xe5\x91\x88\xe7\x8e\xb0\xe4\xbb\x8b\xe5\x85\xa5\xe7\x82\xb9\xe6\x88\xaa\xe5\x8f\x96 NR \xe5\x89\x8d\xe5\x90\x8e\xe5\x90\x8c\xe4\xb8\x80\xe5\xbc\xa0\xe6\x9c\x80\xe7\xbb\x88\xe6\xb8\xb8\xe6\x88\x8f\xe7\x94\xbb\xe9\x9d\xa2\xe3\x80\x82HDR \xe4\xbf\x9d\xe6\x8c\x81\xe4\xb8\xba HDR\xe3\x80\x82\xe4\xbd\xa0\xe7\x9a\x84\xe4\xbb\x8b\xe5\x85\xa5\xe7\x82\xb9\xe8\xae\xbe\xe7\xbd\xae\xe4\xbc\x9a\xe8\x87\xaa\xe5\x8a\xa8\xe6\x81\xa2\xe5\xa4\x8d\xe3\x80\x82"},
    {"Model input/output previews; exclude look, transfer, game tone mapping and UI. Not a displayed NR-off/on comparison.",
     "\xe6\xa8\xa1\xe5\x9e\x8b\xe8\xbe\x93\xe5\x85\xa5/\xe8\xbe\x93\xe5\x87\xba\xe9\xa2\x84\xe8\xa7\x88\xef\xbc\x9b\xe4\xb8\x8d\xe5\x8c\x85\xe6\x8b\xac\xe5\xa4\x96\xe8\xa7\x82\xe3\x80\x81\xe4\xbc\xa0\xe9\x80\x92\xe3\x80\x81\xe6\xb8\xb8\xe6\x88\x8f\xe8\x89\xb2\xe8\xb0\x83\xe6\x98\xa0\xe5\xb0\x84\xe5\x92\x8c UI\xe3\x80\x82\xe4\xb8\x8d\xe6\x98\xaf\xe6\x98\xbe\xe7\xa4\xba\xe7\x94\xbb\xe9\x9d\xa2\xe7\x9a\x84 NR \xe5\x85\xb3/\xe5\xbc\x80\xe5\xaf\xb9\xe6\xaf\x94\xe3\x80\x82"},
    {"ok | %.1f ms GPU",
     "\xe6\xad\xa3\xe5\xb8\xb8 | %.1f ms GPU"},
    {"ok",
     "\xe6\xad\xa3\xe5\xb8\xb8"},
    {"failed (0x%08X)",
     "\xe5\xa4\xb1\xe8\xb4\xa5 (0x%08X)"},
    {"%llu enhanced | %llu bypassed",
     "\xe5\xb7\xb2\xe5\xa2\x9e\xe5\xbc\xba %llu | \xe5\xb7\xb2\xe8\xb7\xb3\xe8\xbf\x87 %llu"},
    {"NGX core",
     "NGX \xe6\xa0\xb8\xe5\xbf\x83"},
    {"signed runtime",
     "\xe5\xb7\xb2\xe7\xad\xbe\xe5\x90\x8d\xe8\xbf\x90\xe8\xa1\x8c\xe6\x97\xb6"},
    {"Direct3D 11 bridge, before upscaling",
     "Direct3D 11 \xe6\xa1\xa5\xe6\x8e\xa5\xef\xbc\x8c\xe8\xb6\x85\xe5\x88\x86\xe5\x89\x8d"},
    {"Direct3D 11 bridge, after upscaling",
     "Direct3D 11 \xe6\xa1\xa5\xe6\x8e\xa5\xef\xbc\x8c\xe8\xb6\x85\xe5\x88\x86\xe5\x90\x8e"},
    {"Direct3D 12, before upscaling",
     "Direct3D 12\xef\xbc\x8c\xe8\xb6\x85\xe5\x88\x86\xe5\x89\x8d"},
    {"Direct3D 12, after upscaling",
     "Direct3D 12\xef\xbc\x8c\xe8\xb6\x85\xe5\x88\x86\xe5\x90\x8e"},
    {"Direct3D 12, from a DX11 bridge tool",
     "Direct3D 12\xef\xbc\x8c\xe6\x9d\xa5\xe8\x87\xaa DX11 \xe6\xa1\xa5\xe6\x8e\xa5\xe5\xb7\xa5\xe5\x85\xb7"},
    {"Direct3D 11 bridge, at the present",
     "Direct3D 11 \xe6\xa1\xa5\xe6\x8e\xa5\xef\xbc\x8c\xe5\x91\x88\xe7\x8e\xb0\xe6\x97\xb6"},
    {"Direct3D 12, at the present",
     "Direct3D 12\xef\xbc\x8c\xe5\x91\x88\xe7\x8e\xb0\xe6\x97\xb6"},
    {"not running",
     "\xe6\x9c\xaa\xe8\xbf\x90\xe8\xa1\x8c"},
    {"Streamline hooks are on (EnableHooks=1). If the game crashes at boot, set EnableHooks=2: NGX-only still covers Streamline's DLSS calls.",
     "Streamline \xe6\x8c\x82\xe9\x92\xa9\xe5\xb7\xb2\xe5\xbc\x80\xe5\x90\xaf\xef\xbc\x88" "EnableHooks=1\xef\xbc\x89\xe3\x80\x82\xe5\xa6\x82\xe6\x9e\x9c\xe6\xb8\xb8\xe6\x88\x8f\xe5\x90\xaf\xe5\x8a\xa8\xe6\x97\xb6\xe5\xb4\xa9\xe6\xba\x83\xef\xbc\x8c\xe8\xaf\xb7\xe8\xae\xbe\xe7\xbd\xae EnableHooks=2\xef\xbc\x9a\xe4\xbb\x85 NGX \xe6\xa8\xa1\xe5\xbc\x8f\xe5\x90\x8c\xe6\xa0\xb7\xe8\xa6\x86\xe7\x9b\x96 Streamline \xe7\x9a\x84 DLSS \xe8\xb0\x83\xe7\x94\xa8\xe3\x80\x82"},
    {"You can fix this",
     "\xe5\x8f\xaf\xe8\x87\xaa\xe8\xa1\x8c\xe8\xa7\xa3\xe5\x86\xb3"},
    {"A limit of this game",
     "\xe6\xad\xa4\xe6\xb8\xb8\xe6\x88\x8f\xe7\x9a\x84\xe9\x99\x90\xe5\x88\xb6"},
    {"A defect in this mod",
     "\xe6\xad\xa4\xe6\xa8\xa1\xe7\xbb\x84\xe7\x9a\x84\xe7\xbc\xba\xe9\x99\xb7"},
    {"This is a defect in the mod, not in your setup: please send ReShade.log.",
     "\xe8\xbf\x99\xe6\x98\xaf\xe6\xa8\xa1\xe7\xbb\x84\xe7\x9a\x84\xe7\xbc\xba\xe9\x99\xb7\xef\xbc\x8c\xe8\x80\x8c\xe4\xb8\x8d\xe6\x98\xaf\xe4\xbd\xa0\xe7\x9a\x84\xe8\xae\xbe\xe7\xbd\xae\xe9\x97\xae\xe9\xa2\x98\xef\xbc\x9a\xe8\xaf\xb7\xe5\x8f\x91\xe9\x80\x81 ReShade.log\xe3\x80\x82"},
    {"The game's DLSS is not passing motion vectors",
     "\xe6\xb8\xb8\xe6\x88\x8f\xe7\x9a\x84 DLSS \xe6\x9c\xaa\xe4\xbc\xa0\xe9\x80\x92\xe8\xbf\x90\xe5\x8a\xa8\xe7\x9f\xa2\xe9\x87\x8f"},
    {"NR follows motion through the motion vectors the game hands DLSS. On these frames the game's DLSS call carried none, so NR skipped them and they keep the game's own DLSS image.",
     "NR \xe9\x80\x9a\xe8\xbf\x87\xe6\xb8\xb8\xe6\x88\x8f\xe4\xbc\xa0\xe9\x80\x92\xe7\xbb\x99 DLSS \xe7\x9a\x84\xe8\xbf\x90\xe5\x8a\xa8\xe7\x9f\xa2\xe9\x87\x8f\xe6\x9d\xa5\xe8\xb7\x9f\xe9\x9a\x8f\xe8\xbf\x90\xe5\x8a\xa8\xe3\x80\x82\xe5\x9c\xa8\xe8\xbf\x99\xe4\xba\x9b\xe5\xb8\xa7\xe4\xb8\x8a\xef\xbc\x8c\xe6\xb8\xb8\xe6\x88\x8f\xe7\x9a\x84 DLSS \xe8\xb0\x83\xe7\x94\xa8\xe6\x9c\xaa\xe6\x90\xba\xe5\xb8\xa6\xe8\xbf\x90\xe5\x8a\xa8\xe7\x9f\xa2\xe9\x87\x8f\xef\xbc\x8c\xe5\x9b\xa0\xe6\xad\xa4 NR \xe8\xb7\xb3\xe8\xbf\x87\xe4\xba\x86\xe8\xbf\x99\xe4\xba\x9b\xe5\xb8\xa7\xef\xbc\x8c\xe5\xae\x83\xe4\xbb\xac\xe4\xbf\x9d\xe7\x95\x99\xe6\xb8\xb8\xe6\x88\x8f\xe8\x87\xaa\xe8\xba\xab\xe7\x9a\x84 DLSS \xe5\x9b\xbe\xe5\x83\x8f\xe3\x80\x82"},
    {"If EnableHooks=1 is already set, the game hands DLSS its motion vectors in a way NR cannot read: please send ReShade.log.",
     "\xe5\xa6\x82\xe6\x9e\x9c\xe5\xb7\xb2\xe8\xae\xbe\xe7\xbd\xae EnableHooks=1\xef\xbc\x8c\xe8\xaf\xb4\xe6\x98\x8e\xe6\xb8\xb8\xe6\x88\x8f\xe4\xbb\xa5 NR \xe6\x97\xa0\xe6\xb3\x95\xe8\xaf\xbb\xe5\x8f\x96\xe7\x9a\x84\xe6\x96\xb9\xe5\xbc\x8f\xe5\x90\x91 DLSS \xe4\xbc\xa0\xe9\x80\x92\xe8\xbf\x90\xe5\x8a\xa8\xe7\x9f\xa2\xe9\x87\x8f\xef\xbc\x9a\xe8\xaf\xb7\xe5\x8f\x91\xe9\x80\x81 ReShade.log\xe3\x80\x82"},
    {"%.0f%% of DLSS frames had no motion vectors",
     "%.0f%% \xe7\x9a\x84 DLSS \xe5\xb8\xa7\xe6\xb2\xa1\xe6\x9c\x89\xe8\xbf\x90\xe5\x8a\xa8\xe7\x9f\xa2\xe9\x87\x8f"},
    {"The motion stabilizer is running without motion vectors",
     "\xe8\xbf\x90\xe5\x8a\xa8\xe7\xa8\xb3\xe5\xae\x9a\xe5\x9c\xa8\xe6\xb2\xa1\xe6\x9c\x89\xe8\xbf\x90\xe5\x8a\xa8\xe7\x9f\xa2\xe9\x87\x8f\xe7\x9a\x84\xe6\x83\x85\xe5\x86\xb5\xe4\xb8\x8b\xe8\xbf\x90\xe8\xa1\x8c"},
    {"Stabilize is set to Motion, but on these frames it had no motion vectors to follow, so it held edges in place while the scene moved: moving edges can smear or shimmer.",
     "\xe2\x80\x9c\xe7\xa8\xb3\xe5\xae\x9a\xe2\x80\x9d\xe5\xb7\xb2\xe8\xae\xbe\xe4\xb8\xba\xe2\x80\x9c\xe8\xbf\x90\xe5\x8a\xa8\xe2\x80\x9d\xef\xbc\x8c\xe4\xbd\x86\xe5\x9c\xa8\xe8\xbf\x99\xe4\xba\x9b\xe5\xb8\xa7\xe4\xb8\x8a\xe6\xb2\xa1\xe6\x9c\x89\xe5\x8f\xaf\xe8\xb7\x9f\xe9\x9a\x8f\xe7\x9a\x84\xe8\xbf\x90\xe5\x8a\xa8\xe7\x9f\xa2\xe9\x87\x8f\xef\xbc\x8c\xe5\x9b\xa0\xe6\xad\xa4\xe5\x9c\xa8\xe5\x9c\xba\xe6\x99\xaf\xe7\xa7\xbb\xe5\x8a\xa8\xe6\x97\xb6\xe8\xbe\xb9\xe7\xbc\x98\xe8\xa2\xab\xe5\x9b\xba\xe5\xae\x9a\xe5\x9c\xa8\xe5\x8e\x9f\xe5\xa4\x84\xef\xbc\x9a\xe7\xa7\xbb\xe5\x8a\xa8\xe7\x9a\x84\xe8\xbe\xb9\xe7\xbc\x98\xe5\x8f\xaf\xe8\x83\xbd\xe5\x87\xba\xe7\x8e\xb0\xe6\x8b\x96\xe5\xbd\xb1\xe6\x88\x96\xe9\x97\xaa\xe7\x83\x81\xe3\x80\x82"},
    {"Set Stabilize to Static in the Look section; it does not need motion vectors.",
     "\xe5\x9c\xa8\xe5\xa4\x96\xe8\xa7\x82\xe9\x83\xa8\xe5\x88\x86\xe4\xb8\xad\xe5\xb0\x86\xe2\x80\x9c\xe7\xa8\xb3\xe5\xae\x9a\xe2\x80\x9d\xe8\xae\xbe\xe4\xb8\xba\xe2\x80\x9c\xe9\x9d\x99\xe6\x80\x81\xe2\x80\x9d\xef\xbc\x9b\xe9\x9d\x99\xe6\x80\x81\xe4\xb8\x8d\xe9\x9c\x80\xe8\xa6\x81\xe8\xbf\x90\xe5\x8a\xa8\xe7\x9f\xa2\xe9\x87\x8f\xe3\x80\x82"},
    {"%.0f%% of stabilized frames ran without motion vectors",
     "%.0f%% \xe7\x9a\x84\xe7\xbb\x8f\xe7\xa8\xb3\xe5\xae\x9a\xe5\xa4\x84\xe7\x90\x86\xe7\x9a\x84\xe5\xb8\xa7\xe5\x9c\xa8\xe6\xb2\xa1\xe6\x9c\x89\xe8\xbf\x90\xe5\x8a\xa8\xe7\x9f\xa2\xe9\x87\x8f\xe7\x9a\x84\xe6\x83\x85\xe5\x86\xb5\xe4\xb8\x8b\xe8\xbf\x90\xe8\xa1\x8c"},
    {"Motion scale is set to zero",
     "\xe8\xbf\x90\xe5\x8a\xa8\xe6\xaf\x94\xe4\xbe\x8b\xe8\xa2\xab\xe8\xae\xbe\xe4\xb8\xba\xe9\x9b\xb6"},
    {"Motion scale X and Y in the Fixes section multiply the game's motion vectors before NR and the motion stabilizer read them. Near zero they see a still scene on every moving frame, which smears motion.",
     "\xe4\xbf\xae\xe6\xad\xa3\xe9\x83\xa8\xe5\x88\x86\xe4\xb8\xad\xe7\x9a\x84\xe8\xbf\x90\xe5\x8a\xa8\xe6\xaf\x94\xe4\xbe\x8b X \xe5\x92\x8c\xe8\xbf\x90\xe5\x8a\xa8\xe6\xaf\x94\xe4\xbe\x8b Y \xe4\xbc\x9a\xe5\x9c\xa8 NR \xe5\x92\x8c\xe8\xbf\x90\xe5\x8a\xa8\xe7\xa8\xb3\xe5\xae\x9a\xe8\xaf\xbb\xe5\x8f\x96\xe4\xb9\x8b\xe5\x89\x8d\xef\xbc\x8c\xe4\xb8\x8e\xe6\xb8\xb8\xe6\x88\x8f\xe7\x9a\x84\xe8\xbf\x90\xe5\x8a\xa8\xe7\x9f\xa2\xe9\x87\x8f\xe7\x9b\xb8\xe4\xb9\x98\xe3\x80\x82\xe6\x8e\xa5\xe8\xbf\x91\xe9\x9b\xb6\xe6\x97\xb6\xef\xbc\x8c\xe5\xae\x83\xe4\xbb\xac\xe4\xbc\x9a\xe6\x8a\x8a\xe6\xaf\x8f\xe4\xb8\xaa\xe7\xa7\xbb\xe5\x8a\xa8\xe7\x9a\x84\xe5\xb8\xa7\xe9\x83\xbd\xe5\xbd\x93\xe4\xbd\x9c\xe9\x9d\x99\xe6\xad\xa2\xe5\x9c\xba\xe6\x99\xaf\xef\xbc\x8c\xe5\xaf\xbc\xe8\x87\xb4\xe8\xbf\x90\xe5\x8a\xa8\xe5\x87\xba\xe7\x8e\xb0\xe6\x8b\x96\xe5\xbd\xb1\xe3\x80\x82"},
    {"Reset Motion scale X and Motion scale Y in the Fixes section (NRMVecScaleX=1 and NRMVecScaleY=1).",
     "\xe5\x9c\xa8\xe4\xbf\xae\xe6\xad\xa3\xe9\x83\xa8\xe5\x88\x86\xe4\xb8\xad\xe9\x87\x8d\xe7\xbd\xae\xe8\xbf\x90\xe5\x8a\xa8\xe6\xaf\x94\xe4\xbe\x8b X \xe5\x92\x8c\xe8\xbf\x90\xe5\x8a\xa8\xe6\xaf\x94\xe4\xbe\x8b Y\xef\xbc\x88NRMVecScaleX=1 \xe5\x92\x8c NRMVecScaleY=1\xef\xbc\x89\xe3\x80\x82"},
    {"Motion scale is at %.0f%%",
     "\xe8\xbf\x90\xe5\x8a\xa8\xe6\xaf\x94\xe4\xbe\x8b\xe4\xb8\xba %.0f%%"},
    {"The game's motion vectors are cut off",
     "\xe6\xb8\xb8\xe6\x88\x8f\xe7\x9a\x84\xe8\xbf\x90\xe5\x8a\xa8\xe7\x9f\xa2\xe9\x87\x8f\xe8\xa2\xab\xe6\x88\xaa\xe6\x96\xad"},
    {"The game tells DLSS to read its motion vectors from a window larger than the texture that holds them, so NR reads the part that exists. Nothing to change on your side.",
     "\xe6\xb8\xb8\xe6\x88\x8f\xe8\xae\xa9 DLSS \xe4\xbb\x8e\xe5\xa4\xa7\xe4\xba\x8e\xe5\xad\x98\xe6\x94\xbe\xe8\xbf\x90\xe5\x8a\xa8\xe7\x9f\xa2\xe9\x87\x8f\xe7\x9a\x84\xe7\xba\xb9\xe7\x90\x86\xe7\x9a\x84\xe5\x8c\xba\xe5\x9f\x9f\xe4\xb8\xad\xe8\xaf\xbb\xe5\x8f\x96\xe8\xbf\x90\xe5\x8a\xa8\xe7\x9f\xa2\xe9\x87\x8f\xef\xbc\x8c\xe5\x9b\xa0\xe6\xad\xa4 NR \xe5\x8f\xaa\xe8\xaf\xbb\xe5\x8f\x96\xe5\xae\x9e\xe9\x99\x85\xe5\xad\x98\xe5\x9c\xa8\xe7\x9a\x84\xe9\x83\xa8\xe5\x88\x86\xe3\x80\x82\xe4\xbd\xa0\xe6\x97\xa0\xe9\x9c\x80\xe5\x81\x9a\xe4\xbb\xbb\xe4\xbd\x95\xe6\x9b\xb4\xe6\x94\xb9\xe3\x80\x82"},
    {"%.0f%% of DLSS frames",
     "%.0f%% \xe7\x9a\x84 DLSS \xe5\xb8\xa7"},
    {"The game's motion vectors do not match their declared size",
     "\xe6\xb8\xb8\xe6\x88\x8f\xe7\x9a\x84\xe8\xbf\x90\xe5\x8a\xa8\xe7\x9f\xa2\xe9\x87\x8f\xe4\xb8\x8e\xe5\xa3\xb0\xe6\x98\x8e\xe7\x9a\x84\xe5\xb0\xba\xe5\xaf\xb8\xe4\xb8\x8d\xe7\xac\xa6"},
    {"The game tells DLSS its motion vectors are at display resolution, but the texture holding them is too small for that, so NR reads them at render resolution.",
     "\xe6\xb8\xb8\xe6\x88\x8f\xe5\x91\x8a\xe8\xaf\x89 DLSS \xe5\x85\xb6\xe8\xbf\x90\xe5\x8a\xa8\xe7\x9f\xa2\xe9\x87\x8f\xe4\xb8\xba\xe6\x98\xbe\xe7\xa4\xba\xe5\x88\x86\xe8\xbe\xa8\xe7\x8e\x87\xef\xbc\x8c\xe4\xbd\x86\xe5\xad\x98\xe6\x94\xbe\xe5\xae\x83\xe4\xbb\xac\xe7\x9a\x84\xe7\xba\xb9\xe7\x90\x86\xe5\xa4\xaa\xe5\xb0\x8f\xef\xbc\x8c\xe6\x97\xa0\xe6\xb3\x95\xe5\xae\xb9\xe7\xba\xb3\xef\xbc\x8c\xe5\x9b\xa0\xe6\xad\xa4 NR \xe6\x8c\x89\xe6\xb8\xb2\xe6\x9f\x93\xe5\x88\x86\xe8\xbe\xa8\xe7\x8e\x87\xe8\xaf\xbb\xe5\x8f\x96\xe3\x80\x82"},
    {"If moving edges trail with NR on, please send ReShade.log: it names the sizes the game declared.",
     "\xe5\xa6\x82\xe6\x9e\x9c\xe5\xbc\x80\xe5\x90\xaf NR \xe5\x90\x8e\xe7\xa7\xbb\xe5\x8a\xa8\xe7\x9a\x84\xe8\xbe\xb9\xe7\xbc\x98\xe5\x87\xba\xe7\x8e\xb0\xe6\x8b\x96\xe5\xb0\xbe\xef\xbc\x8c\xe8\xaf\xb7\xe5\x8f\x91\xe9\x80\x81 ReShade.log\xef\xbc\x9a\xe5\x85\xb6\xe4\xb8\xad\xe6\xb3\xa8\xe6\x98\x8e\xe4\xba\x86\xe6\xb8\xb8\xe6\x88\x8f\xe5\xa3\xb0\xe6\x98\x8e\xe7\x9a\x84\xe5\xb0\xba\xe5\xaf\xb8\xe3\x80\x82"},
    {"The game sent an unusable motion vector scale",
     "\xe6\xb8\xb8\xe6\x88\x8f\xe5\x8f\x91\xe9\x80\x81\xe4\xba\x86\xe6\x97\xa0\xe6\xb3\x95\xe4\xbd\xbf\xe7\x94\xa8\xe7\x9a\x84\xe8\xbf\x90\xe5\x8a\xa8\xe7\x9f\xa2\xe9\x87\x8f\xe6\xaf\x94\xe4\xbe\x8b"},
    {"The game's DLSS call set the motion vector scale to 0 or to a value that is not a number, so NR reads it as 1, the value DLSS itself uses. Nothing to change on your side.",
     "\xe6\xb8\xb8\xe6\x88\x8f\xe7\x9a\x84 DLSS \xe8\xb0\x83\xe7\x94\xa8\xe5\xb0\x86\xe8\xbf\x90\xe5\x8a\xa8\xe7\x9f\xa2\xe9\x87\x8f\xe6\xaf\x94\xe4\xbe\x8b\xe8\xae\xbe\xe4\xb8\xba 0 \xe6\x88\x96\xe9\x9d\x9e\xe6\x95\xb0\xe5\x80\xbc\xef\xbc\x8c\xe5\x9b\xa0\xe6\xad\xa4 NR \xe6\x8c\x89 1 \xe8\xaf\xbb\xe5\x8f\x96\xef\xbc\x8c\xe5\x8d\xb3 DLSS \xe8\x87\xaa\xe8\xba\xab\xe4\xbd\xbf\xe7\x94\xa8\xe7\x9a\x84\xe5\x80\xbc\xe3\x80\x82\xe4\xbd\xa0\xe6\x97\xa0\xe9\x9c\x80\xe5\x81\x9a\xe4\xbb\xbb\xe4\xbd\x95\xe6\x9b\xb4\xe6\x94\xb9\xe3\x80\x82"},
    {"The game's motion vectors include camera jitter",
     "\xe6\xb8\xb8\xe6\x88\x8f\xe7\x9a\x84\xe8\xbf\x90\xe5\x8a\xa8\xe7\x9f\xa2\xe9\x87\x8f\xe5\x8c\x85\xe5\x90\xab\xe7\x9b\xb8\xe6\x9c\xba\xe6\x8a\x96\xe5\x8a\xa8"},
    {"The game marks its motion vectors as jittered. The NR runtime has no setting for that, so NR follows motion slightly less precisely in this game. Nothing to change on your side.",
     "\xe6\xb8\xb8\xe6\x88\x8f\xe5\xb0\x86\xe5\x85\xb6\xe8\xbf\x90\xe5\x8a\xa8\xe7\x9f\xa2\xe9\x87\x8f\xe6\xa0\x87\xe8\xae\xb0\xe4\xb8\xba\xe5\x90\xab\xe6\x8a\x96\xe5\x8a\xa8\xe3\x80\x82NR \xe8\xbf\x90\xe8\xa1\x8c\xe6\x97\xb6\xe6\xb2\xa1\xe6\x9c\x89\xe5\xaf\xb9\xe5\xba\x94\xe7\x9a\x84\xe8\xae\xbe\xe7\xbd\xae\xef\xbc\x8c\xe5\x9b\xa0\xe6\xad\xa4\xe5\x9c\xa8\xe6\xad\xa4\xe6\xb8\xb8\xe6\x88\x8f\xe4\xb8\xad NR \xe8\xb7\x9f\xe9\x9a\x8f\xe8\xbf\x90\xe5\x8a\xa8\xe7\x9a\x84\xe7\xb2\xbe\xe5\xba\xa6\xe4\xbc\x9a\xe7\x95\xa5\xe4\xbd\x8e\xe3\x80\x82\xe4\xbd\xa0\xe6\x97\xa0\xe9\x9c\x80\xe5\x81\x9a\xe4\xbb\xbb\xe4\xbd\x95\xe6\x9b\xb4\xe6\x94\xb9\xe3\x80\x82"},
    {"The game's DLSS output area is larger than its image",
     "\xe6\xb8\xb8\xe6\x88\x8f\xe7\x9a\x84 DLSS \xe8\xbe\x93\xe5\x87\xba\xe5\x8c\xba\xe5\x9f\x9f\xe5\xa4\xa7\xe4\xba\x8e\xe5\x85\xb6\xe5\x9b\xbe\xe5\x83\x8f"},
    {"The game tells DLSS to write an area that does not fit inside its output image, so NR works on the part that fits. Nothing to change on your side.",
     "\xe6\xb8\xb8\xe6\x88\x8f\xe8\xae\xa9 DLSS \xe5\x86\x99\xe5\x85\xa5\xe4\xb8\x80\xe4\xb8\xaa\xe8\xb6\x85\xe5\x87\xba\xe5\x85\xb6\xe8\xbe\x93\xe5\x87\xba\xe5\x9b\xbe\xe5\x83\x8f\xe8\x8c\x83\xe5\x9b\xb4\xe7\x9a\x84\xe5\x8c\xba\xe5\x9f\x9f\xef\xbc\x8c\xe5\x9b\xa0\xe6\xad\xa4 NR \xe5\x8f\xaa\xe5\xa4\x84\xe7\x90\x86\xe5\x9b\xbe\xe5\x83\x8f\xe5\x86\x85\xe7\x9a\x84\xe9\x83\xa8\xe5\x88\x86\xe3\x80\x82\xe4\xbd\xa0\xe6\x97\xa0\xe9\x9c\x80\xe5\x81\x9a\xe4\xbb\xbb\xe4\xbd\x95\xe6\x9b\xb4\xe6\x94\xb9\xe3\x80\x82"},
    {"NR is skipping frames to protect the image",
     "NR \xe6\xad\xa3\xe5\x9c\xa8\xe8\xb7\xb3\xe8\xbf\x87\xe5\xb8\xa7\xe4\xbb\xa5\xe4\xbf\x9d\xe6\x8a\xa4\xe7\x94\xbb\xe9\x9d\xa2"},
    {"On these frames NR could not put the game's GPU state back safely after its pass, so it left them alone. They show the game's own DLSS image, which can look like NR flickering on and off.",
     "\xe5\x9c\xa8\xe8\xbf\x99\xe4\xba\x9b\xe5\xb8\xa7\xe4\xb8\x8a\xef\xbc\x8cNR \xe6\x97\xa0\xe6\xb3\x95\xe5\x9c\xa8\xe5\x85\xb6\xe9\x80\x9a\xe9\x81\x93\xe4\xb9\x8b\xe5\x90\x8e\xe5\xae\x89\xe5\x85\xa8\xe6\x81\xa2\xe5\xa4\x8d\xe6\xb8\xb8\xe6\x88\x8f\xe7\x9a\x84 GPU \xe7\x8a\xb6\xe6\x80\x81\xef\xbc\x8c\xe5\x9b\xa0\xe6\xad\xa4\xe6\x9c\xaa\xe5\xa4\x84\xe7\x90\x86\xe8\xbf\x99\xe4\xba\x9b\xe5\xb8\xa7\xe3\x80\x82\xe5\xae\x83\xe4\xbb\xac\xe6\x98\xbe\xe7\xa4\xba\xe6\xb8\xb8\xe6\x88\x8f\xe8\x87\xaa\xe8\xba\xab\xe7\x9a\x84 DLSS \xe5\x9b\xbe\xe5\x83\x8f\xef\xbc\x8c\xe7\x9c\x8b\xe8\xb5\xb7\xe6\x9d\xa5\xe5\x8f\xaf\xe8\x83\xbd\xe5\x83\x8f NR \xe5\x9c\xa8\xe5\xbc\x80\xe5\x85\xb3\xe9\x97\xaa\xe7\x83\x81\xe3\x80\x82"},
    {"%.0f%% of DLSS frames skipped",
     "\xe5\xb7\xb2\xe8\xb7\xb3\xe8\xbf\x87 %.0f%% \xe7\x9a\x84 DLSS \xe5\xb8\xa7"},
    {"NR failed on some frames and is retrying",
     "NR \xe5\x9c\xa8\xe9\x83\xa8\xe5\x88\x86\xe5\xb8\xa7\xe4\xb8\x8a\xe5\xa4\xb1\xe8\xb4\xa5\xef\xbc\x8c\xe6\xad\xa3\xe5\x9c\xa8\xe9\x87\x8d\xe8\xaf\x95"},
    {"NR's pass failed to start on these frames and waits a moment before it tries again, so they keep the game's own DLSS image.",
     "\xe5\x9c\xa8\xe8\xbf\x99\xe4\xba\x9b\xe5\xb8\xa7\xe4\xb8\x8a\xef\xbc\x8cNR \xe7\x9a\x84\xe9\x80\x9a\xe9\x81\x93\xe6\x9c\xaa\xe8\x83\xbd\xe5\x90\xaf\xe5\x8a\xa8\xef\xbc\x8c\xe4\xbc\x9a\xe7\xa8\x8d\xe7\xad\x89\xe7\x89\x87\xe5\x88\xbb\xe5\x90\x8e\xe5\x86\x8d\xe8\xaf\x95\xef\xbc\x8c\xe5\x9b\xa0\xe6\xad\xa4\xe8\xbf\x99\xe4\xba\x9b\xe5\xb8\xa7\xe4\xbf\x9d\xe7\x95\x99\xe6\xb8\xb8\xe6\x88\x8f\xe8\x87\xaa\xe8\xba\xab\xe7\x9a\x84 DLSS \xe5\x9b\xbe\xe5\x83\x8f\xe3\x80\x82"},
    {"If you raised Stack passes or Resolution scale, lower them again: running out of video memory ends here.",
     "\xe5\xa6\x82\xe6\x9e\x9c\xe4\xbd\xa0\xe8\xb0\x83\xe9\xab\x98\xe4\xba\x86\xe5\x8f\xa0\xe5\x8a\xa0\xe9\x80\x9a\xe9\x81\x93\xe6\x95\xb0\xe6\x88\x96\xe5\x88\x86\xe8\xbe\xa8\xe7\x8e\x87\xe6\xaf\x94\xe4\xbe\x8b\xef\xbc\x8c\xe8\xaf\xb7\xe5\xb0\x86\xe5\x85\xb6\xe8\xb0\x83\xe5\x9b\x9e\xef\xbc\x9a\xe6\x98\xbe\xe5\xad\x98\xe8\x80\x97\xe5\xb0\xbd\xe6\x97\xb6\xe4\xbc\x9a\xe5\x9c\xa8\xe8\xbf\x99\xe9\x87\x8c\xe5\xa4\xb1\xe8\xb4\xa5\xe3\x80\x82"},
    {"Otherwise this is a defect in the mod: please send ReShade.log, which names the failing step.",
     "\xe5\x90\xa6\xe5\x88\x99\xe8\xbf\x99\xe6\x98\xaf\xe6\xa8\xa1\xe7\xbb\x84\xe7\x9a\x84\xe7\xbc\xba\xe9\x99\xb7\xef\xbc\x9a\xe8\xaf\xb7\xe5\x8f\x91\xe9\x80\x81 ReShade.log\xef\xbc\x8c\xe5\x85\xb6\xe4\xb8\xad\xe6\xb3\xa8\xe6\x98\x8e\xe4\xba\x86\xe5\xa4\xb1\xe8\xb4\xa5\xe7\x9a\x84\xe6\xad\xa5\xe9\xaa\xa4\xe3\x80\x82"},
    {"Streamline hands NR incomplete frames",
     "Streamline \xe5\x90\x91 NR \xe4\xbc\xa0\xe9\x80\x92\xe4\xba\x86\xe4\xb8\x8d\xe5\xae\x8c\xe6\x95\xb4\xe7\x9a\x84\xe5\xb8\xa7"},
    {"This game runs DLSS through NVIDIA Streamline, and on these frames Streamline had not provided every input NR needs, so NR skipped them. Nothing to change on your side.",
     "\xe6\xad\xa4\xe6\xb8\xb8\xe6\x88\x8f\xe9\x80\x9a\xe8\xbf\x87 NVIDIA Streamline \xe8\xbf\x90\xe8\xa1\x8c DLSS\xef\xbc\x8c\xe8\x80\x8c\xe5\x9c\xa8\xe8\xbf\x99\xe4\xba\x9b\xe5\xb8\xa7\xe4\xb8\x8a Streamline \xe6\x9c\xaa\xe6\x8f\x90\xe4\xbe\x9b NR \xe6\x89\x80\xe9\x9c\x80\xe7\x9a\x84\xe5\x85\xa8\xe9\x83\xa8\xe8\xbe\x93\xe5\x85\xa5\xef\xbc\x8c\xe5\x9b\xa0\xe6\xad\xa4 NR \xe8\xb7\xb3\xe8\xbf\x87\xe4\xba\x86\xe8\xbf\x99\xe4\xba\x9b\xe5\xb8\xa7\xe3\x80\x82\xe4\xbd\xa0\xe6\x97\xa0\xe9\x9c\x80\xe5\x81\x9a\xe4\xbb\xbb\xe4\xbd\x95\xe6\x9b\xb4\xe6\x94\xb9\xe3\x80\x82"},
    {"NR can't run before upscaling in this game",
     "\xe6\xad\xa4\xe6\xb8\xb8\xe6\x88\x8f\xe4\xb8\xad NR \xe6\x97\xa0\xe6\xb3\x95\xe5\x9c\xa8\xe8\xb6\x85\xe5\x88\x86\xe5\x89\x8d\xe8\xbf\x90\xe8\xa1\x8c"},
    {"Before upscaling reads the image the game hands DLSS, and on these frames that image (or the motion vectors or depth beside it) has a shape NR cannot use, so they keep the game's own DLSS image.",
     "\xe2\x80\x9c\xe8\xb6\x85\xe5\x88\x86\xe5\x89\x8d\xe2\x80\x9d\xe8\xaf\xbb\xe5\x8f\x96\xe6\xb8\xb8\xe6\x88\x8f\xe4\xbc\xa0\xe9\x80\x92\xe7\xbb\x99 DLSS \xe7\x9a\x84\xe5\x9b\xbe\xe5\x83\x8f\xef\xbc\x8c\xe8\x80\x8c\xe5\x9c\xa8\xe8\xbf\x99\xe4\xba\x9b\xe5\xb8\xa7\xe4\xb8\x8a\xef\xbc\x8c\xe8\xaf\xa5\xe5\x9b\xbe\xe5\x83\x8f\xef\xbc\x88\xe6\x88\x96\xe9\x9a\x8f\xe9\x99\x84\xe7\x9a\x84\xe8\xbf\x90\xe5\x8a\xa8\xe7\x9f\xa2\xe9\x87\x8f\xe6\x88\x96\xe6\xb7\xb1\xe5\xba\xa6\xef\xbc\x89\xe7\x9a\x84\xe5\xbd\xa2\xe6\x80\x81\xe6\x98\xaf NR \xe6\x97\xa0\xe6\xb3\x95\xe4\xbd\xbf\xe7\x94\xa8\xe7\x9a\x84\xef\xbc\x8c\xe5\x9b\xa0\xe6\xad\xa4\xe8\xbf\x99\xe4\xba\x9b\xe5\xb8\xa7\xe4\xbf\x9d\xe7\x95\x99\xe6\xb8\xb8\xe6\x88\x8f\xe8\x87\xaa\xe8\xba\xab\xe7\x9a\x84 DLSS \xe5\x9b\xbe\xe5\x83\x8f\xe3\x80\x82"},
    {"Set Hook point to Upscaled in the Neural Rendering section (NRHookPoint=0).",
     "\xe5\x9c\xa8 Neural Rendering \xe9\x83\xa8\xe5\x88\x86\xe4\xb8\xad\xe5\xb0\x86\xe2\x80\x9c\xe4\xbb\x8b\xe5\x85\xa5\xe7\x82\xb9\xe2\x80\x9d\xe8\xae\xbe\xe4\xb8\xba\xe2\x80\x9c\xe8\xb6\x85\xe5\x88\x86\xe5\x90\x8e\xe2\x80\x9d\xef\xbc\x88NRHookPoint=0\xef\xbc\x89\xe3\x80\x82"},
    {"The game's DLSS output has a shape NR can't replace",
     "\xe6\xb8\xb8\xe6\x88\x8f\xe7\x9a\x84 DLSS \xe8\xbe\x93\xe5\x87\xba\xe5\xbd\xa2\xe6\x80\x81\xe6\x97\xa0\xe6\xb3\x95\xe8\xa2\xab NR \xe6\x9b\xbf\xe6\x8d\xa2"},
    {"On these frames the game's DLSS wrote into an output NR cannot replace (a texture array or a multisampled texture), so they keep the game's own DLSS image. Nothing to change on your side.",
     "\xe5\x9c\xa8\xe8\xbf\x99\xe4\xba\x9b\xe5\xb8\xa7\xe4\xb8\x8a\xef\xbc\x8c\xe6\xb8\xb8\xe6\x88\x8f\xe7\x9a\x84 DLSS \xe5\x86\x99\xe5\x85\xa5\xe4\xba\x86 NR \xe6\x97\xa0\xe6\xb3\x95\xe6\x9b\xbf\xe6\x8d\xa2\xe7\x9a\x84\xe8\xbe\x93\xe5\x87\xba\xef\xbc\x88\xe7\xba\xb9\xe7\x90\x86\xe6\x95\xb0\xe7\xbb\x84\xe6\x88\x96\xe5\xa4\x9a\xe9\x87\x8d\xe9\x87\x87\xe6\xa0\xb7\xe7\xba\xb9\xe7\x90\x86\xef\xbc\x89\xef\xbc\x8c\xe5\x9b\xa0\xe6\xad\xa4\xe8\xbf\x99\xe4\xba\x9b\xe5\xb8\xa7\xe4\xbf\x9d\xe7\x95\x99\xe6\xb8\xb8\xe6\x88\x8f\xe8\x87\xaa\xe8\xba\xab\xe7\x9a\x84 DLSS \xe5\x9b\xbe\xe5\x83\x8f\xe3\x80\x82\xe4\xbd\xa0\xe6\x97\xa0\xe9\x9c\x80\xe5\x81\x9a\xe4\xbb\xbb\xe4\xbd\x95\xe6\x9b\xb4\xe6\x94\xb9\xe3\x80\x82"},
    {"NR's Direct3D 11 bridge can't keep up",
     "NR \xe7\x9a\x84 Direct3D 11 \xe6\xa1\xa5\xe6\x8e\xa5\xe8\xb7\x9f\xe4\xb8\x8d\xe4\xb8\x8a"},
    {"In this Direct3D 11 game NR runs on a second, Direct3D 12 device, and on these frames that device was still busy with earlier ones, so they keep the game's own DLSS image.",
     "\xe5\x9c\xa8\xe6\xad\xa4 Direct3D 11 \xe6\xb8\xb8\xe6\x88\x8f\xe4\xb8\xad\xef\xbc\x8cNR \xe5\x9c\xa8\xe5\x8f\xa6\xe4\xb8\x80\xe4\xb8\xaa Direct3D 12 \xe8\xae\xbe\xe5\xa4\x87\xe4\xb8\x8a\xe8\xbf\x90\xe8\xa1\x8c\xef\xbc\x8c\xe8\x80\x8c\xe5\x9c\xa8\xe8\xbf\x99\xe4\xba\x9b\xe5\xb8\xa7\xe4\xb8\x8a\xe8\xaf\xa5\xe8\xae\xbe\xe5\xa4\x87\xe4\xbb\x8d\xe5\xbf\x99\xe4\xba\x8e\xe5\xa4\x84\xe7\x90\x86\xe4\xb9\x8b\xe5\x89\x8d\xe7\x9a\x84\xe5\xb8\xa7\xef\xbc\x8c\xe5\x9b\xa0\xe6\xad\xa4\xe8\xbf\x99\xe4\xba\x9b\xe5\xb8\xa7\xe4\xbf\x9d\xe7\x95\x99\xe6\xb8\xb8\xe6\x88\x8f\xe8\x87\xaa\xe8\xba\xab\xe7\x9a\x84 DLSS \xe5\x9b\xbe\xe5\x83\x8f\xe3\x80\x82"},
    {"Lower Resolution scale or Stack passes, or cap the game's frame rate.",
     "\xe8\xaf\xb7\xe9\x99\x8d\xe4\xbd\x8e\xe5\x88\x86\xe8\xbe\xa8\xe7\x8e\x87\xe6\xaf\x94\xe4\xbe\x8b\xe6\x88\x96\xe5\x8f\xa0\xe5\x8a\xa0\xe9\x80\x9a\xe9\x81\x93\xe6\x95\xb0\xef\xbc\x8c\xe6\x88\x96\xe9\x99\x90\xe5\x88\xb6\xe6\xb8\xb8\xe6\x88\x8f\xe7\x9a\x84\xe5\xb8\xa7\xe7\x8e\x87\xe3\x80\x82"},
    {"NR's Direct3D 11 bridge stalled",
     "NR \xe7\x9a\x84 Direct3D 11 \xe6\xa1\xa5\xe6\x8e\xa5\xe5\x81\x9c\xe6\xbb\x9e"},
    {"The Direct3D 12 device NR runs on beside this game stopped answering or is restarting, so frames keep the game's own DLSS image until it recovers.",
     "NR \xe5\x9c\xa8\xe6\xad\xa4\xe6\xb8\xb8\xe6\x88\x8f\xe6\x97\x81\xe8\xbf\x90\xe8\xa1\x8c\xe6\x89\x80\xe7\x94\xa8\xe7\x9a\x84 Direct3D 12 \xe8\xae\xbe\xe5\xa4\x87\xe5\x81\x9c\xe6\xad\xa2\xe5\x93\x8d\xe5\xba\x94\xe6\x88\x96\xe6\xad\xa3\xe5\x9c\xa8\xe9\x87\x8d\xe5\x90\xaf\xef\xbc\x8c\xe5\x9b\xa0\xe6\xad\xa4\xe5\x9c\xa8\xe5\x85\xb6\xe6\x81\xa2\xe5\xa4\x8d\xe4\xb9\x8b\xe5\x89\x8d\xef\xbc\x8c\xe5\x90\x84\xe5\xb8\xa7\xe4\xbf\x9d\xe7\x95\x99\xe6\xb8\xb8\xe6\x88\x8f\xe8\x87\xaa\xe8\xba\xab\xe7\x9a\x84 DLSS \xe5\x9b\xbe\xe5\x83\x8f\xe3\x80\x82"},
    {"If it keeps happening, restart the game and update the NVIDIA driver.",
     "\xe5\xa6\x82\xe6\x9e\x9c\xe5\x8f\x8d\xe5\xa4\x8d\xe5\x8f\x91\xe7\x94\x9f\xef\xbc\x8c\xe8\xaf\xb7\xe9\x87\x8d\xe5\x90\xaf\xe6\xb8\xb8\xe6\x88\x8f\xe5\xb9\xb6\xe6\x9b\xb4\xe6\x96\xb0 NVIDIA \xe9\xa9\xb1\xe5\x8a\xa8\xe7\xa8\x8b\xe5\xba\x8f\xe3\x80\x82"},
    {"Some of this game's DLSS frames can't reach NR",
     "\xe6\xad\xa4\xe6\xb8\xb8\xe6\x88\x8f\xe7\x9a\x84\xe9\x83\xa8\xe5\x88\x86 DLSS \xe5\xb8\xa7\xe6\x97\xa0\xe6\xb3\x95\xe4\xbc\xa0\xe5\x88\xb0 NR"},
    {"On these frames the game's DLSS surfaces use a format, multisampling or context the Direct3D 11 bridge cannot share, so they keep the game's own DLSS image. Nothing to change on your side.",
     "\xe5\x9c\xa8\xe8\xbf\x99\xe4\xba\x9b\xe5\xb8\xa7\xe4\xb8\x8a\xef\xbc\x8c\xe6\xb8\xb8\xe6\x88\x8f\xe7\x9a\x84 DLSS \xe8\xa1\xa8\xe9\x9d\xa2\xe4\xbd\xbf\xe7\x94\xa8\xe4\xba\x86 Direct3D 11 \xe6\xa1\xa5\xe6\x8e\xa5\xe6\x97\xa0\xe6\xb3\x95\xe5\x85\xb1\xe4\xba\xab\xe7\x9a\x84\xe6\xa0\xbc\xe5\xbc\x8f\xe3\x80\x81\xe5\xa4\x9a\xe9\x87\x8d\xe9\x87\x87\xe6\xa0\xb7\xe6\x88\x96\xe4\xb8\x8a\xe4\xb8\x8b\xe6\x96\x87\xef\xbc\x8c\xe5\x9b\xa0\xe6\xad\xa4\xe8\xbf\x99\xe4\xba\x9b\xe5\xb8\xa7\xe4\xbf\x9d\xe7\x95\x99\xe6\xb8\xb8\xe6\x88\x8f\xe8\x87\xaa\xe8\xba\xab\xe7\x9a\x84 DLSS \xe5\x9b\xbe\xe5\x83\x8f\xe3\x80\x82\xe4\xbd\xa0\xe6\x97\xa0\xe9\x9c\x80\xe5\x81\x9a\xe4\xbb\xbb\xe4\xbd\x95\xe6\x9b\xb4\xe6\x94\xb9\xe3\x80\x82"},
    {"NR is stuck waiting after a display change",
     "\xe6\x98\xbe\xe7\xa4\xba\xe5\x8f\x98\xe6\x9b\xb4\xe5\x90\x8e NR \xe4\xb8\x80\xe7\x9b\xb4\xe5\x9c\xa8\xe7\xad\x89\xe5\xbe\x85"},
    {"After the game rebuilt its swapchain (a resolution, window or display change), NR waits for its old work to finish before it restarts. It has waited unusually long, and frames keep the game's own DLSS image meanwhile.",
     "\xe6\xb8\xb8\xe6\x88\x8f\xe9\x87\x8d\xe5\xbb\xba\xe4\xba\xa4\xe6\x8d\xa2\xe9\x93\xbe\xe5\x90\x8e\xef\xbc\x88\xe5\x88\x86\xe8\xbe\xa8\xe7\x8e\x87\xe3\x80\x81\xe7\xaa\x97\xe5\x8f\xa3\xe6\x88\x96\xe6\x98\xbe\xe7\xa4\xba\xe5\x99\xa8\xe5\x8f\x98\xe6\x9b\xb4\xef\xbc\x89\xef\xbc\x8cNR \xe4\xbc\x9a\xe7\xad\x89\xe5\xbe\x85\xe6\x97\xa7\xe7\x9a\x84\xe5\xb7\xa5\xe4\xbd\x9c\xe5\xae\x8c\xe6\x88\x90\xe5\x90\x8e\xe5\x86\x8d\xe9\x87\x8d\xe6\x96\xb0\xe5\x90\xaf\xe5\x8a\xa8\xe3\x80\x82\xe8\xbf\x99\xe6\xac\xa1\xe7\xad\x89\xe5\xbe\x85\xe6\x97\xb6\xe9\x97\xb4\xe5\xbc\x82\xe5\xb8\xb8\xe9\x95\xbf\xef\xbc\x8c\xe5\x9c\xa8\xe6\xad\xa4\xe6\x9c\x9f\xe9\x97\xb4\xe5\x90\x84\xe5\xb8\xa7\xe4\xbf\x9d\xe7\x95\x99\xe6\xb8\xb8\xe6\x88\x8f\xe8\x87\xaa\xe8\xba\xab\xe7\x9a\x84 DLSS \xe5\x9b\xbe\xe5\x83\x8f\xe3\x80\x82"},
    {"NR skipped frames without saying why",
     "NR \xe8\xb7\xb3\xe8\xbf\x87\xe4\xba\x86\xe5\xb8\xa7\xe4\xbd\x86\xe6\x9c\xaa\xe8\xaf\xb4\xe6\x98\x8e\xe5\x8e\x9f\xe5\x9b\xa0"},
    {"Every frame NR leaves alone should have a named reason, and on these frames none was recorded.",
     "NR \xe6\x9c\xaa\xe5\xa4\x84\xe7\x90\x86\xe7\x9a\x84\xe6\xaf\x8f\xe4\xb8\x80\xe5\xb8\xa7\xe9\x83\xbd\xe5\xba\x94\xe8\xae\xb0\xe5\xbd\x95\xe4\xb8\x80\xe4\xb8\xaa\xe5\x85\xb7\xe4\xbd\x93\xe5\x8e\x9f\xe5\x9b\xa0\xef\xbc\x8c\xe8\x80\x8c\xe8\xbf\x99\xe4\xba\x9b\xe5\xb8\xa7\xe6\xb2\xa1\xe6\x9c\x89\xe8\xae\xb0\xe5\xbd\x95\xe4\xbb\xbb\xe4\xbd\x95\xe5\x8e\x9f\xe5\x9b\xa0\xe3\x80\x82"},
    {"NR keeps rebuilding its working surfaces",
     "NR \xe4\xb8\x8d\xe6\x96\xad\xe9\x87\x8d\xe5\xbb\xba\xe5\x85\xb6\xe5\xb7\xa5\xe4\xbd\x9c\xe8\xa1\xa8\xe9\x9d\xa2"},
    {"The game rotates its DLSS output through more images than NR keeps ready, so NR throws its surfaces away and builds new ones over and over. That costs frame rate.",
     "\xe6\xb8\xb8\xe6\x88\x8f\xe8\xbd\xae\xe6\x8d\xa2\xe4\xbd\xbf\xe7\x94\xa8\xe7\x9a\x84 DLSS \xe8\xbe\x93\xe5\x87\xba\xe5\x9b\xbe\xe5\x83\x8f\xe5\xa4\x9a\xe4\xba\x8e NR \xe9\xa2\x84\xe5\xa4\x87\xe7\x9a\x84\xe6\x95\xb0\xe9\x87\x8f\xef\xbc\x8c\xe5\x9b\xa0\xe6\xad\xa4 NR \xe5\x8f\x8d\xe5\xa4\x8d\xe4\xb8\xa2\xe5\xbc\x83\xe5\x85\xb6\xe8\xa1\xa8\xe9\x9d\xa2\xe5\xb9\xb6\xe9\x87\x8d\xe6\x96\xb0\xe5\x88\x9b\xe5\xbb\xba\xe3\x80\x82\xe8\xbf\x99\xe4\xbc\x9a\xe9\x99\x8d\xe4\xbd\x8e\xe5\xb8\xa7\xe7\x8e\x87\xe3\x80\x82"},
    {"Set NRMaxWorksets=8 in [RenoDX.DLSS5] in ReShade.ini and restart the game.",
     "\xe8\xaf\xb7\xe5\x9c\xa8 ReShade.ini \xe7\x9a\x84 [RenoDX.DLSS5] \xe4\xb8\xad\xe8\xae\xbe\xe7\xbd\xae NRMaxWorksets=8 \xe5\xb9\xb6\xe9\x87\x8d\xe5\x90\xaf\xe6\xb8\xb8\xe6\x88\x8f\xe3\x80\x82"},
    {"If it is already 8, please send ReShade.log.",
     "\xe5\xa6\x82\xe6\x9e\x9c\xe5\xb7\xb2\xe7\xbb\x8f\xe6\x98\xaf 8\xef\xbc\x8c\xe8\xaf\xb7\xe5\x8f\x91\xe9\x80\x81 ReShade.log\xe3\x80\x82"},
    {"%.0f rebuilds per 100 enhanced frames",
     "\xe6\xaf\x8f 100 \xe4\xb8\xaa\xe5\xa2\x9e\xe5\xbc\xba\xe5\xb8\xa7\xe9\x87\x8d\xe5\xbb\xba %.0f \xe6\xac\xa1"},
    {"NR's brightness reading is stuck",
     "NR \xe7\x9a\x84\xe4\xba\xae\xe5\xba\xa6\xe8\xaf\xbb\xe6\x95\xb0\xe5\x8d\xa1\xe4\xbd\x8f\xe4\xba\x86"},
    {"NR reads the game's exposure to set the brightness it feeds the model. On these frames it had no free slot to read it and reused an older value, so brightness changes can lag or pump.",
     "NR \xe8\xaf\xbb\xe5\x8f\x96\xe6\xb8\xb8\xe6\x88\x8f\xe7\x9a\x84\xe6\x9b\x9d\xe5\x85\x89\xe6\x9d\xa5\xe8\xae\xbe\xe5\xae\x9a\xe8\xbe\x93\xe5\x85\xa5\xe6\xa8\xa1\xe5\x9e\x8b\xe7\x9a\x84\xe4\xba\xae\xe5\xba\xa6\xe3\x80\x82\xe5\x9c\xa8\xe8\xbf\x99\xe4\xba\x9b\xe5\xb8\xa7\xe4\xb8\x8a\xef\xbc\x8c\xe5\xae\x83\xe6\xb2\xa1\xe6\x9c\x89\xe7\xa9\xba\xe9\x97\xb2\xe6\xa7\xbd\xe4\xbd\x8d\xe5\x8f\xaf\xe4\xbe\x9b\xe8\xaf\xbb\xe5\x8f\x96\xef\xbc\x8c\xe5\x8f\xaa\xe8\x83\xbd\xe9\x87\x8d\xe7\x94\xa8\xe8\xbe\x83\xe6\x97\xa7\xe7\x9a\x84\xe5\x80\xbc\xef\xbc\x8c\xe5\x9b\xa0\xe6\xad\xa4\xe4\xba\xae\xe5\xba\xa6\xe5\x8f\x98\xe5\x8c\x96\xe5\x8f\xaf\xe8\x83\xbd\xe6\xbb\x9e\xe5\x90\x8e\xe6\x88\x96\xe5\xbf\xbd\xe6\x98\x8e\xe5\xbf\xbd\xe6\x9a\x97\xe3\x80\x82"},
    {"Set Brightness source to v1 (frame meter) in the Fixes section (NRFeedMode=1).",
     "\xe5\x9c\xa8\xe4\xbf\xae\xe6\xad\xa3\xe9\x83\xa8\xe5\x88\x86\xe4\xb8\xad\xe5\xb0\x86\xe4\xba\xae\xe5\xba\xa6\xe6\x9d\xa5\xe6\xba\x90\xe8\xae\xbe\xe4\xb8\xba v1\xef\xbc\x88\xe5\xb8\xa7\xe6\xb5\x8b\xe5\x85\x89\xef\xbc\x89\xef\xbc\x88NRFeedMode=1\xef\xbc\x89\xe3\x80\x82"},
    {"%.0f%% of frames reused an old exposure",
     "%.0f%% \xe7\x9a\x84\xe5\xb8\xa7\xe9\x87\x8d\xe7\x94\xa8\xe4\xba\x86\xe6\x97\xa7\xe7\x9a\x84\xe6\x9b\x9d\xe5\x85\x89\xe5\x80\xbc"},
    {"The game's exposure data looks wrong",
     "\xe6\xb8\xb8\xe6\x88\x8f\xe7\x9a\x84\xe6\x9b\x9d\xe5\x85\x89\xe6\x95\xb0\xe6\x8d\xae\xe4\xbc\xbc\xe4\xb9\x8e\xe6\x9c\x89\xe8\xaf\xaf"},
    {"On these frames the exposure value the game hands DLSS did not fit the image, so NR measures the brightness itself with its built-in meter instead.",
     "\xe5\x9c\xa8\xe8\xbf\x99\xe4\xba\x9b\xe5\xb8\xa7\xe4\xb8\x8a\xef\xbc\x8c\xe6\xb8\xb8\xe6\x88\x8f\xe4\xbc\xa0\xe9\x80\x92\xe7\xbb\x99 DLSS \xe7\x9a\x84\xe6\x9b\x9d\xe5\x85\x89\xe5\x80\xbc\xe4\xb8\x8e\xe5\x9b\xbe\xe5\x83\x8f\xe4\xb8\x8d\xe7\xac\xa6\xef\xbc\x8c\xe5\x9b\xa0\xe6\xad\xa4 NR \xe6\x94\xb9\xe7\x94\xa8\xe5\x86\x85\xe7\xbd\xae\xe6\xb5\x8b\xe5\x85\x89\xe5\x99\xa8\xe8\x87\xaa\xe8\xa1\x8c\xe6\xb5\x8b\xe9\x87\x8f\xe4\xba\xae\xe5\xba\xa6\xe3\x80\x82"},
    {"%.0f%% of checked frames used the built-in meter",
     "%.0f%% \xe7\x9a\x84\xe5\xb7\xb2\xe6\xa3\x80\xe6\x9f\xa5\xe5\xb8\xa7\xe4\xbd\xbf\xe7\x94\xa8\xe4\xba\x86\xe5\x86\x85\xe7\xbd\xae\xe6\xb5\x8b\xe5\x85\x89\xe5\x99\xa8"},
    {"NR couldn't check the game's exposure data",
     "NR \xe6\x97\xa0\xe6\xb3\x95\xe6\xa3\x80\xe6\x9f\xa5\xe6\xb8\xb8\xe6\x88\x8f\xe7\x9a\x84\xe6\x9b\x9d\xe5\x85\x89\xe6\x95\xb0\xe6\x8d\xae"},
    {"NR checks a sample of frames to confirm the game's exposure value fits the image; on these frames the check could not be read, so a wrong value would go unnoticed.",
     "NR \xe4\xbc\x9a\xe6\x8a\xbd\xe6\xa0\xb7\xe6\xa3\x80\xe6\x9f\xa5\xe9\x83\xa8\xe5\x88\x86\xe5\xb8\xa7\xef\xbc\x8c\xe4\xbb\xa5\xe7\xa1\xae\xe8\xae\xa4\xe6\xb8\xb8\xe6\x88\x8f\xe7\x9a\x84\xe6\x9b\x9d\xe5\x85\x89\xe5\x80\xbc\xe4\xb8\x8e\xe5\x9b\xbe\xe5\x83\x8f\xe7\x9b\xb8\xe7\xac\xa6\xef\xbc\x9b\xe5\x9c\xa8\xe8\xbf\x99\xe4\xba\x9b\xe5\xb8\xa7\xe4\xb8\x8a\xe6\xa3\x80\xe6\x9f\xa5\xe7\xbb\x93\xe6\x9e\x9c\xe6\x97\xa0\xe6\xb3\x95\xe8\xaf\xbb\xe5\x8f\x96\xef\xbc\x8c\xe5\x9b\xa0\xe6\xad\xa4\xe9\x94\x99\xe8\xaf\xaf\xe7\x9a\x84\xe5\x80\xbc\xe5\x8f\xaf\xe8\x83\xbd\xe4\xb8\x8d\xe4\xbc\x9a\xe8\xa2\xab\xe5\x8f\x91\xe7\x8e\xb0\xe3\x80\x82"},
    {"%.0f%% of checks could not be read",
     "%.0f%% \xe7\x9a\x84\xe6\xa3\x80\xe6\x9f\xa5\xe7\xbb\x93\xe6\x9e\x9c\xe6\x97\xa0\xe6\xb3\x95\xe8\xaf\xbb\xe5\x8f\x96"},
    {"NR can't read the game's exposure texture",
     "NR \xe6\x97\xa0\xe6\xb3\x95\xe8\xaf\xbb\xe5\x8f\x96\xe6\xb8\xb8\xe6\x88\x8f\xe7\x9a\x84\xe6\x9b\x9d\xe5\x85\x89\xe7\xba\xb9\xe7\x90\x86"},
    {"The game hands DLSS an exposure texture in a format or shape NR cannot read, so NR measures the brightness itself with its built-in meter. Nothing to change on your side.",
     "\xe6\xb8\xb8\xe6\x88\x8f\xe4\xbc\xa0\xe9\x80\x92\xe7\xbb\x99 DLSS \xe7\x9a\x84\xe6\x9b\x9d\xe5\x85\x89\xe7\xba\xb9\xe7\x90\x86\xe6\xa0\xbc\xe5\xbc\x8f\xe6\x88\x96\xe5\xbd\xa2\xe6\x80\x81\xe6\x98\xaf NR \xe6\x97\xa0\xe6\xb3\x95\xe8\xaf\xbb\xe5\x8f\x96\xe7\x9a\x84\xef\xbc\x8c\xe5\x9b\xa0\xe6\xad\xa4 NR \xe7\x94\xa8\xe5\x86\x85\xe7\xbd\xae\xe6\xb5\x8b\xe5\x85\x89\xe5\x99\xa8\xe8\x87\xaa\xe8\xa1\x8c\xe6\xb5\x8b\xe9\x87\x8f\xe4\xba\xae\xe5\xba\xa6\xe3\x80\x82\xe4\xbd\xa0\xe6\x97\xa0\xe9\x9c\x80\xe5\x81\x9a\xe4\xbb\xbb\xe4\xbd\x95\xe6\x9b\xb4\xe6\x94\xb9\xe3\x80\x82"},
    {"The GPU is short on video memory",
     "GPU \xe6\x98\xbe\xe5\xad\x98\xe4\xb8\x8d\xe8\xb6\xb3"},
    {"The game and NR together use more video memory than Windows grants the game, so Windows moves some of it to system memory. Expect stutter and a lower frame rate.",
     "\xe6\xb8\xb8\xe6\x88\x8f\xe5\x92\x8c NR \xe5\x90\x88\xe8\xae\xa1\xe4\xbd\xbf\xe7\x94\xa8\xe7\x9a\x84\xe6\x98\xbe\xe5\xad\x98\xe8\xb6\x85\xe8\xbf\x87\xe4\xba\x86 Windows \xe5\x88\x86\xe9\x85\x8d\xe7\xbb\x99\xe6\xb8\xb8\xe6\x88\x8f\xe7\x9a\x84\xe9\xa2\x9d\xe5\xba\xa6\xef\xbc\x8c\xe5\x9b\xa0\xe6\xad\xa4 Windows \xe5\xb0\x86\xe9\x83\xa8\xe5\x88\x86\xe6\x95\xb0\xe6\x8d\xae\xe7\xa7\xbb\xe5\x88\xb0\xe7\xb3\xbb\xe7\xbb\x9f\xe5\x86\x85\xe5\xad\x98\xe3\x80\x82\xe5\x8f\xaf\xe8\x83\xbd\xe5\x87\xba\xe7\x8e\xb0\xe5\x8d\xa1\xe9\xa1\xbf\xe5\x92\x8c\xe5\xb8\xa7\xe7\x8e\x87\xe4\xb8\x8b\xe9\x99\x8d\xe3\x80\x82"},
    {"Lower Resolution scale or Stack passes in NR, or texture quality in the game.",
     "\xe8\xaf\xb7\xe9\x99\x8d\xe4\xbd\x8e NR \xe7\x9a\x84\xe5\x88\x86\xe8\xbe\xa8\xe7\x8e\x87\xe6\xaf\x94\xe4\xbe\x8b\xe6\x88\x96\xe5\x8f\xa0\xe5\x8a\xa0\xe9\x80\x9a\xe9\x81\x93\xe6\x95\xb0\xef\xbc\x8c\xe6\x88\x96\xe9\x99\x8d\xe4\xbd\x8e\xe6\xb8\xb8\xe6\x88\x8f\xe7\x9a\x84\xe7\xba\xb9\xe7\x90\x86\xe8\xb4\xa8\xe9\x87\x8f\xe3\x80\x82"},
    {"%.0f%% of the video memory budget in use",
     "\xe5\xb7\xb2\xe4\xbd\xbf\xe7\x94\xa8 %.0f%% \xe7\x9a\x84\xe6\x98\xbe\xe5\xad\x98\xe9\xa2\x84\xe7\xae\x97"},
    {"Some ReShade.ini values could not be used as written",
     "\xe9\x83\xa8\xe5\x88\x86 ReShade.ini \xe5\x80\xbc\xe6\x97\xa0\xe6\xb3\x95\xe6\x8c\x89\xe6\x89\x80\xe5\x86\x99\xe5\x86\x85\xe5\xae\xb9\xe4\xbd\xbf\xe7\x94\xa8"},
    {"NR used the value shown instead of these values in [RenoDX.DLSS5]:",
     "NR \xe4\xbd\xbf\xe7\x94\xa8\xe4\xba\x86\xe6\x98\xbe\xe7\xa4\xba\xe7\x9a\x84\xe5\x80\xbc\xef\xbc\x8c\xe8\x80\x8c\xe4\xb8\x8d\xe6\x98\xaf [RenoDX.DLSS5] \xe4\xb8\xad\xe7\x9a\x84\xe4\xbb\xa5\xe4\xb8\x8b\xe5\x80\xbc\xef\xbc\x9a"},
    {"Write each value as a plain number (a switch as 0 or 1) inside its range, or reset it in this panel, then restart the game.",
     "\xe8\xaf\xb7\xe5\xb0\x86\xe6\xaf\x8f\xe4\xb8\xaa\xe5\x80\xbc\xe5\x86\x99\xe6\x88\x90\xe8\x8c\x83\xe5\x9b\xb4\xe5\x86\x85\xe7\x9a\x84\xe6\x99\xae\xe9\x80\x9a\xe6\x95\xb0\xe5\xad\x97\xef\xbc\x88\xe5\xbc\x80\xe5\x85\xb3\xe5\x86\x99 0 \xe6\x88\x96 1\xef\xbc\x89\xef\xbc\x8c\xe6\x88\x96\xe5\x9c\xa8\xe6\xad\xa4\xe9\x9d\xa2\xe6\x9d\xbf\xe4\xb8\xad\xe9\x87\x8d\xe7\xbd\xae\xef\xbc\x8c\xe7\x84\xb6\xe5\x90\x8e\xe9\x87\x8d\xe5\x90\xaf\xe6\xb8\xb8\xe6\x88\x8f\xe3\x80\x82"},
    {"%.0f value(s)",
     "%.0f \xe4\xb8\xaa\xe5\x80\xbc"},
    {"This add-on is loaded twice",
     "\xe6\xad\xa4\xe6\x8f\x92\xe4\xbb\xb6\xe8\xa2\xab\xe5\x8a\xa0\xe8\xbd\xbd\xe4\xba\x86\xe4\xb8\xa4\xe6\xac\xa1"},
    {"Another copy of this add-on runs in the same game, so Neural Rendering can be applied twice on each frame: stronger halos and darker edges.",
     "\xe5\x90\x8c\xe4\xb8\x80\xe6\xb8\xb8\xe6\x88\x8f\xe4\xb8\xad\xe8\xbf\x90\xe8\xa1\x8c\xe7\x9d\x80\xe6\xad\xa4\xe6\x8f\x92\xe4\xbb\xb6\xe7\x9a\x84\xe5\x8f\xa6\xe4\xb8\x80\xe4\xb8\xaa\xe5\x89\xaf\xe6\x9c\xac\xef\xbc\x8c\xe5\x9b\xa0\xe6\xad\xa4 Neural Rendering \xe5\x8f\xaf\xe8\x83\xbd\xe5\x9c\xa8\xe6\xaf\x8f\xe5\xb8\xa7\xe4\xb8\x8a\xe5\xba\x94\xe7\x94\xa8\xe4\xb8\xa4\xe6\xac\xa1\xef\xbc\x9a\xe6\x9a\x97\xe6\x99\x95\xe6\x9b\xb4\xe5\xbc\xba\xe3\x80\x81\xe8\xbe\xb9\xe7\xbc\x98\xe6\x9b\xb4\xe6\x9a\x97\xe3\x80\x82"},
    {"Keep one DLSS5 .addon64 file in the game's folder, remove the others, and restart the game.",
     "\xe6\xb8\xb8\xe6\x88\x8f\xe6\x96\x87\xe4\xbb\xb6\xe5\xa4\xb9\xe4\xb8\xad\xe5\x8f\xaa\xe4\xbf\x9d\xe7\x95\x99\xe4\xb8\x80\xe4\xb8\xaa DLSS5 .addon64 \xe6\x96\x87\xe4\xbb\xb6\xef\xbc\x8c\xe5\x88\xa0\xe9\x99\xa4\xe5\x85\xb6\xe4\xbb\x96\xe6\x96\x87\xe4\xbb\xb6\xef\xbc\x8c\xe7\x84\xb6\xe5\x90\x8e\xe9\x87\x8d\xe5\x90\xaf\xe6\xb8\xb8\xe6\x88\x8f\xe3\x80\x82"},
    {"%.0f other copy loaded",
     "\xe5\xb7\xb2\xe5\x8a\xa0\xe8\xbd\xbd %.0f \xe4\xb8\xaa\xe5\x85\xb6\xe4\xbb\x96\xe5\x89\xaf\xe6\x9c\xac"},
    {"Something failed inside the mod and was contained",
     "\xe6\xa8\xa1\xe7\xbb\x84\xe5\x86\x85\xe9\x83\xa8\xe5\x8f\x91\xe7\x94\x9f\xe6\x95\x85\xe9\x9a\x9c\xef\xbc\x8c\xe5\xb7\xb2\xe8\xa2\xab\xe6\x8b\xa6\xe6\x88\xaa"},
    {"An error inside one of the mod's hooks was caught before it could reach the game. The frame it happened on may have kept the game's own image.",
     "\xe6\xa8\xa1\xe7\xbb\x84\xe6\x9f\x90\xe4\xb8\xaa\xe6\x8c\x82\xe9\x92\xa9\xe5\x86\x85\xe9\x83\xa8\xe7\x9a\x84\xe9\x94\x99\xe8\xaf\xaf\xe5\x9c\xa8\xe5\x88\xb0\xe8\xbe\xbe\xe6\xb8\xb8\xe6\x88\x8f\xe4\xb9\x8b\xe5\x89\x8d\xe5\xb0\xb1\xe8\xa2\xab\xe6\x8d\x95\xe8\x8e\xb7\xe3\x80\x82\xe5\x8f\x91\xe7\x94\x9f\xe9\x94\x99\xe8\xaf\xaf\xe7\x9a\x84\xe9\x82\xa3\xe4\xb8\x80\xe5\xb8\xa7\xe5\x8f\xaf\xe8\x83\xbd\xe4\xbf\x9d\xe7\x95\x99\xe4\xba\x86\xe6\xb8\xb8\xe6\x88\x8f\xe8\x87\xaa\xe8\xba\xab\xe7\x9a\x84\xe5\x9b\xbe\xe5\x83\x8f\xe3\x80\x82"},
    {"%.0f error(s) caught",
     "\xe5\xb7\xb2\xe6\x8d\x95\xe8\x8e\xb7 %.0f \xe4\xb8\xaa\xe9\x94\x99\xe8\xaf\xaf"},
    {"Some of the game's DLSS calls bypass NR",
     "\xe6\xb8\xb8\xe6\x88\x8f\xe7\x9a\x84\xe9\x83\xa8\xe5\x88\x86 DLSS \xe8\xb0\x83\xe7\x94\xa8\xe7\xbb\x95\xe8\xbf\x87\xe4\xba\x86 NR"},
    {"NR could not attach to every copy of NVIDIA's DLSS library the game loaded (too many copies, or functions it could not hook), so DLSS calls through those copies run without NR.",
     "NR \xe6\x9c\xaa\xe8\x83\xbd\xe6\x8c\x82\xe6\x8e\xa5\xe6\xb8\xb8\xe6\x88\x8f\xe5\x8a\xa0\xe8\xbd\xbd\xe7\x9a\x84\xe6\xaf\x8f\xe4\xb8\x80\xe4\xbb\xbd NVIDIA \xe7\x9a\x84 DLSS \xe5\xba\x93\xe5\x89\xaf\xe6\x9c\xac\xef\xbc\x88\xe5\x89\xaf\xe6\x9c\xac\xe8\xbf\x87\xe5\xa4\x9a\xef\xbc\x8c\xe6\x88\x96\xe6\x9c\x89\xe6\x97\xa0\xe6\xb3\x95\xe6\x8c\x82\xe9\x92\xa9\xe7\x9a\x84\xe5\x87\xbd\xe6\x95\xb0\xef\xbc\x89\xef\xbc\x8c\xe5\x9b\xa0\xe6\xad\xa4\xe9\x80\x9a\xe8\xbf\x87\xe8\xbf\x99\xe4\xba\x9b\xe5\x89\xaf\xe6\x9c\xac\xe7\x9a\x84 DLSS \xe8\xb0\x83\xe7\x94\xa8\xe4\xb8\x8d\xe7\xbb\x8f NR \xe8\xbf\x90\xe8\xa1\x8c\xe3\x80\x82"},
    {"%.0f library copies not fully hooked",
     "%.0f \xe4\xb8\xaa\xe5\xba\x93\xe5\x89\xaf\xe6\x9c\xac\xe6\x9c\xaa\xe5\xae\x8c\xe5\x85\xa8\xe6\x8c\x82\xe9\x92\xa9"},
    {"NR can't hook this game's Streamline version",
     "NR \xe6\x97\xa0\xe6\xb3\x95\xe6\x8c\x82\xe9\x92\xa9\xe6\xad\xa4\xe6\xb8\xb8\xe6\x88\x8f\xe7\x9a\x84 Streamline \xe7\x89\x88\xe6\x9c\xac"},
    {"The game loads NVIDIA Streamline, but not a version NR can attach to, so NR reaches the game's DLSS through NVIDIA's NGX library only. EnableHooks=1 does not change this.",
     "\xe6\xb8\xb8\xe6\x88\x8f\xe5\x8a\xa0\xe8\xbd\xbd\xe4\xba\x86 NVIDIA Streamline\xef\xbc\x8c\xe4\xbd\x86\xe5\x85\xb6\xe7\x89\x88\xe6\x9c\xac\xe4\xb8\x8d\xe6\x98\xaf NR \xe8\x83\xbd\xe6\x8c\x82\xe6\x8e\xa5\xe7\x9a\x84\xe7\x89\x88\xe6\x9c\xac\xef\xbc\x8c\xe5\x9b\xa0\xe6\xad\xa4 NR \xe5\x8f\xaa\xe8\x83\xbd\xe9\x80\x9a\xe8\xbf\x87 NVIDIA \xe7\x9a\x84 NGX \xe5\xba\x93\xe6\x8e\xa5\xe5\x85\xa5\xe6\xb8\xb8\xe6\x88\x8f\xe7\x9a\x84 DLSS\xe3\x80\x82" "EnableHooks=1 \xe6\x97\xa0\xe6\xb3\x95\xe6\x94\xb9\xe5\x8f\x98\xe8\xbf\x99\xe4\xb8\x80\xe7\x82\xb9\xe3\x80\x82"},
    {"%.0f Streamline module(s) not hooked",
     "%.0f \xe4\xb8\xaa Streamline \xe6\xa8\xa1\xe5\x9d\x97\xe6\x9c\xaa\xe6\x8c\x82\xe9\x92\xa9"},
    {"NR's overlay controls are paused",
     "NR \xe7\x9a\x84\xe5\x8f\xa0\xe5\x8a\xa0\xe7\x95\x8c\xe9\x9d\xa2\xe6\x8e\xa7\xe4\xbb\xb6\xe5\xb7\xb2\xe6\x9a\x82\xe5\x81\x9c"},
    {"The game has a second window or swap chain open, so the status HUD, the overlay hotkeys and the window dock keep their current state until it closes.",
     "\xe6\xb8\xb8\xe6\x88\x8f\xe6\x89\x93\xe5\xbc\x80\xe4\xba\x86\xe7\xac\xac\xe4\xba\x8c\xe4\xb8\xaa\xe7\xaa\x97\xe5\x8f\xa3\xe6\x88\x96\xe4\xba\xa4\xe6\x8d\xa2\xe9\x93\xbe\xef\xbc\x8c\xe5\x9b\xa0\xe6\xad\xa4\xe5\x9c\xa8\xe5\x85\xb6\xe5\x85\xb3\xe9\x97\xad\xe4\xb9\x8b\xe5\x89\x8d\xef\xbc\x8c\xe7\x8a\xb6\xe6\x80\x81 HUD\xe3\x80\x81\xe5\x8f\xa0\xe5\x8a\xa0\xe7\x95\x8c\xe9\x9d\xa2\xe5\xbf\xab\xe6\x8d\xb7\xe9\x94\xae\xe5\x92\x8c\xe7\xaa\x97\xe5\x8f\xa3\xe5\x81\x9c\xe9\x9d\xa0\xe9\x83\xbd\xe4\xbf\x9d\xe6\x8c\x81\xe5\xbd\x93\xe5\x89\x8d\xe7\x8a\xb6\xe6\x80\x81\xe3\x80\x82"},
    {"%.0f frames with the controls paused",
     "\xe6\x8e\xa7\xe4\xbb\xb6\xe5\xb7\xb2\xe6\x9a\x82\xe5\x81\x9c %.0f \xe5\xb8\xa7"},
    {"The stabilizer keeps restarting",
     "\xe7\xa8\xb3\xe5\xae\x9a\xe5\x8a\x9f\xe8\x83\xbd\xe4\xb8\x8d\xe6\x96\xad\xe9\x87\x8d\xe6\x96\xb0\xe5\xbc\x80\xe5\xa7\x8b"},
    {"Stabilize starts over whenever the game resets DLSS (a camera cut) or a frame takes very long. That happens often here, so Stabilize has little effect. Nothing to change on your side.",
     "\xe6\xaf\x8f\xe5\xbd\x93\xe6\xb8\xb8\xe6\x88\x8f\xe9\x87\x8d\xe7\xbd\xae DLSS\xef\xbc\x88\xe9\x95\x9c\xe5\xa4\xb4\xe5\x88\x87\xe6\x8d\xa2\xef\xbc\x89\xe6\x88\x96\xe6\x9f\x90\xe5\xb8\xa7\xe8\x80\x97\xe6\x97\xb6\xe5\xbe\x88\xe9\x95\xbf\xe6\x97\xb6\xef\xbc\x8c\xe2\x80\x9c\xe7\xa8\xb3\xe5\xae\x9a\xe2\x80\x9d\xe9\x83\xbd\xe4\xbc\x9a\xe9\x87\x8d\xe6\x96\xb0\xe5\xbc\x80\xe5\xa7\x8b\xe3\x80\x82\xe8\xbf\x99\xe9\x87\x8c\xe7\xbb\x8f\xe5\xb8\xb8\xe5\x8f\x91\xe7\x94\x9f\xe8\xbf\x99\xe7\xa7\x8d\xe6\x83\x85\xe5\x86\xb5\xef\xbc\x8c\xe5\x9b\xa0\xe6\xad\xa4\xe2\x80\x9c\xe7\xa8\xb3\xe5\xae\x9a\xe2\x80\x9d\xe6\x95\x88\xe6\x9e\x9c\xe7\x94\x9a\xe5\xbe\xae\xe3\x80\x82\xe4\xbd\xa0\xe6\x97\xa0\xe9\x9c\x80\xe5\x81\x9a\xe4\xbb\xbb\xe4\xbd\x95\xe6\x9b\xb4\xe6\x94\xb9\xe3\x80\x82"},
    {"%.0f%% of stabilized frames restarted",
     "%.0f%% \xe7\x9a\x84\xe7\xbb\x8f\xe7\xa8\xb3\xe5\xae\x9a\xe5\xa4\x84\xe7\x90\x86\xe7\x9a\x84\xe5\xb8\xa7\xe9\x87\x8d\xe6\x96\xb0\xe5\xbc\x80\xe5\xa7\x8b"},
    {"NR is holding video memory until the game closes",
     "NR \xe5\x9c\xa8\xe6\xb8\xb8\xe6\x88\x8f\xe5\x85\xb3\xe9\x97\xad\xe5\x89\x8d\xe4\xb8\x80\xe7\x9b\xb4\xe5\x8d\xa0\xe7\x94\xa8\xe6\x98\xbe\xe5\xad\x98"},
    {"The GPU never confirmed it had finished with memory NR retired, so NR keeps that memory until the game exits rather than risk freeing it too early.",
     "GPU \xe4\xbb\x8e\xe6\x9c\xaa\xe7\xa1\xae\xe8\xae\xa4\xe5\xb7\xb2\xe7\x94\xa8\xe5\xae\x8c NR \xe9\x87\x8a\xe6\x94\xbe\xe7\x9a\x84\xe5\x86\x85\xe5\xad\x98\xef\xbc\x8c\xe5\x9b\xa0\xe6\xad\xa4 NR \xe4\xbc\x9a\xe4\xbf\x9d\xe7\x95\x99\xe8\xaf\xa5\xe5\x86\x85\xe5\xad\x98\xe7\x9b\xb4\xe5\x88\xb0\xe6\xb8\xb8\xe6\x88\x8f\xe9\x80\x80\xe5\x87\xba\xef\xbc\x8c\xe4\xbb\xa5\xe5\x85\x8d\xe8\xbf\x87\xe6\x97\xa9\xe9\x87\x8a\xe6\x94\xbe\xe3\x80\x82"},
    {"%.0f MiB held",
     "\xe5\xb7\xb2\xe5\x8d\xa0\xe7\x94\xa8 %.0f MiB"},
    {"Flicker or boiling",
     "\xe9\x97\xaa\xe7\x83\x81\xe6\x88\x96\xe5\x99\xaa\xe7\x82\xb9\xe6\xb2\xb8\xe8\x85\xbe"},
    {"Wrong colours",
     "\xe9\xa2\x9c\xe8\x89\xb2\xe4\xb8\x8d\xe5\xaf\xb9"},
    {"Crash or freeze",
     "\xe5\xb4\xa9\xe6\xba\x83\xe6\x88\x96\xe5\x8d\xa1\xe6\xad\xbb"},
    {"Low fps",
     "fps \xe8\xbf\x87\xe4\xbd\x8e"},
    {"NR not working",
     "NR \xe4\xb8\x8d\xe8\xb5\xb7\xe4\xbd\x9c\xe7\x94\xa8"},
    {"Something else",
     "\xe5\x85\xb6\xe4\xbb\x96"},
    {"Support report",
     "\xe6\x94\xaf\xe6\x8c\x81\xe6\x8a\xa5\xe5\x91\x8a"},
    {"ReShade log",
     "ReShade \xe6\x97\xa5\xe5\xbf\x97"},
    {"ReShade settings (ReShade.ini)",
     "ReShade \xe8\xae\xbe\xe7\xbd\xae\xef\xbc\x88ReShade.ini\xef\xbc\x89"},
    {"Crash log (RenoDX-DLSS5)",
     "\xe5\xb4\xa9\xe6\xba\x83\xe6\x97\xa5\xe5\xbf\x97\xef\xbc\x88RenoDX-DLSS5\xef\xbc\x89"},
    {"Model output diagnostic",
     "\xe6\xa8\xa1\xe5\x9e\x8b\xe8\xbe\x93\xe5\x87\xba\xe8\xaf\x8a\xe6\x96\xad"},
    {"Screenshot, NR on",
     "\xe6\x88\xaa\xe5\x9b\xbe\xef\xbc\x8c\xe5\xbc\x80\xe5\x90\xaf NR"},
    {"Model input diagnostic",
     "\xe6\xa8\xa1\xe5\x9e\x8b\xe8\xbe\x93\xe5\x85\xa5\xe8\xaf\x8a\xe6\x96\xad"},
    {"Screenshot, NR off",
     "\xe6\x88\xaa\xe5\x9b\xbe\xef\xbc\x8c\xe5\x85\xb3\xe9\x97\xad NR"},
    {"Capture details",
     "\xe6\x88\xaa\xe5\x8f\x96\xe8\xaf\xa6\xe6\x83\x85"},
    {"Summary: version, status, settings, GPU and driver",
     "\xe6\x91\x98\xe8\xa6\x81\xef\xbc\x9a\xe7\x89\x88\xe6\x9c\xac\xe3\x80\x81\xe7\x8a\xb6\xe6\x80\x81\xe3\x80\x81\xe8\xae\xbe\xe7\xbd\xae\xe3\x80\x81GPU \xe5\x92\x8c\xe9\xa9\xb1\xe5\x8a\xa8\xe7\xa8\x8b\xe5\xba\x8f"},
    {"Capture taken.",
     "\xe5\xb7\xb2\xe6\x88\xaa\xe5\x8f\x96\xe7\x94\xbb\xe9\x9d\xa2\xe3\x80\x82"},
    {"No capture: this API or presentation path does not support an exact final-frame comparison yet.",
     "\xe6\x9c\xaa\xe6\x88\xaa\xe5\x8f\x96\xef\xbc\x9a\xe6\xad\xa4 API \xe6\x88\x96\xe5\x91\x88\xe7\x8e\xb0\xe8\xb7\xaf\xe5\xbe\x84\xe5\xb0\x9a\xe4\xb8\x8d\xe6\x94\xaf\xe6\x8c\x81\xe7\xb2\xbe\xe7\xa1\xae\xe7\x9a\x84\xe6\x9c\x80\xe7\xbb\x88\xe7\x94\xbb\xe9\x9d\xa2\xe5\xaf\xb9\xe6\xaf\x94\xe3\x80\x82"},
    {"No capture: model-buffer readback is unavailable on this path; use the game's screenshot function for the displayed image.",
     "\xe6\x9c\xaa\xe6\x88\xaa\xe5\x8f\x96\xef\xbc\x9a\xe6\xad\xa4\xe8\xb7\xaf\xe5\xbe\x84\xe6\x97\xa0\xe6\xb3\x95\xe5\x9b\x9e\xe8\xaf\xbb\xe6\xa8\xa1\xe5\x9e\x8b\xe7\xbc\x93\xe5\x86\xb2\xe5\x8c\xba\xef\xbc\x9b\xe6\x98\xbe\xe7\xa4\xba\xe7\x9a\x84\xe7\x94\xbb\xe9\x9d\xa2\xe8\xaf\xb7\xe4\xbd\xbf\xe7\x94\xa8\xe6\xb8\xb8\xe6\x88\x8f\xe8\x87\xaa\xe5\xb8\xa6\xe7\x9a\x84\xe6\x88\xaa\xe5\x9b\xbe\xe5\x8a\x9f\xe8\x83\xbd\xe6\x88\xaa\xe5\x8f\x96\xe3\x80\x82"},
    {"No capture: exact comparison unavailable with this frame-generation route; disable frame generation for the capture.",
     "\xe6\x9c\xaa\xe6\x88\xaa\xe5\x8f\x96\xef\xbc\x9a\xe6\xad\xa4\xe5\xb8\xa7\xe7\x94\x9f\xe6\x88\x90\xe8\xb7\xaf\xe5\xbe\x84\xe6\x97\xa0\xe6\xb3\x95\xe8\xbf\x9b\xe8\xa1\x8c\xe7\xb2\xbe\xe7\xa1\xae\xe5\xaf\xb9\xe6\xaf\x94\xef\xbc\x9b\xe6\x88\xaa\xe5\x8f\x96\xe6\x97\xb6\xe8\xaf\xb7\xe5\x85\xb3\xe9\x97\xad\xe5\xb8\xa7\xe7\x94\x9f\xe6\x88\x90\xe3\x80\x82"},
    {"No capture: enable NR before taking a comparison.",
     "\xe6\x9c\xaa\xe6\x88\xaa\xe5\x8f\x96\xef\xbc\x9a\xe8\xaf\xb7\xe5\x85\x88\xe5\xbc\x80\xe5\x90\xaf NR \xe5\x86\x8d\xe6\x88\xaa\xe5\x8f\x96\xe5\xaf\xb9\xe6\xaf\x94\xe3\x80\x82"},
    {"No capture: another NR implementation owns this frame.",
     "\xe6\x9c\xaa\xe6\x88\xaa\xe5\x8f\x96\xef\xbc\x9a\xe6\xad\xa4\xe5\xb8\xa7\xe7\x94\xb1\xe5\x8f\xa6\xe4\xb8\x80\xe4\xb8\xaa NR \xe5\xae\x9e\xe7\x8e\xb0\xe5\xa4\x84\xe7\x90\x86\xe3\x80\x82"},
    {"No capture: the command list carrying its copies did not execute.",
     "\xe6\x9c\xaa\xe6\x88\xaa\xe5\x8f\x96\xef\xbc\x9a\xe5\x8c\x85\xe5\x90\xab\xe5\x85\xb6\xe5\xa4\x8d\xe5\x88\xb6\xe6\x93\x8d\xe4\xbd\x9c\xe7\x9a\x84\xe5\x91\xbd\xe4\xbb\xa4\xe5\x88\x97\xe8\xa1\xa8\xe6\x9c\xaa\xe6\x89\xa7\xe8\xa1\x8c\xe3\x80\x82"},
    {"No capture: NR did not run a frame (NR off, a menu or a loading screen).",
     "\xe6\x9c\xaa\xe6\x88\xaa\xe5\x8f\x96\xef\xbc\x9aNR \xe6\x9c\xaa\xe8\xbf\x90\xe8\xa1\x8c\xe4\xbb\xbb\xe4\xbd\x95\xe5\xb8\xa7\xef\xbc\x88NR \xe5\x85\xb3\xe9\x97\xad\xe3\x80\x81\xe8\x8f\x9c\xe5\x8d\x95\xe6\x88\x96\xe5\x8a\xa0\xe8\xbd\xbd\xe7\x94\xbb\xe9\x9d\xa2\xef\xbc\x89\xe3\x80\x82"},
    {"No capture: it did not finish in time.",
     "\xe6\x9c\xaa\xe6\x88\xaa\xe5\x8f\x96\xef\xbc\x9a\xe6\x9c\xaa\xe8\x83\xbd\xe5\x8f\x8a\xe6\x97\xb6\xe5\xae\x8c\xe6\x88\x90\xe3\x80\x82"},
    {"No capture: the GPU did not confirm the copies in time.",
     "\xe6\x9c\xaa\xe6\x88\xaa\xe5\x8f\x96\xef\xbc\x9aGPU \xe6\x9c\xaa\xe8\x83\xbd\xe5\x8f\x8a\xe6\x97\xb6\xe7\xa1\xae\xe8\xae\xa4\xe5\xa4\x8d\xe5\x88\xb6\xe3\x80\x82"},
    {"No capture: the frame's NR pass did not complete.",
     "\xe6\x9c\xaa\xe6\x88\xaa\xe5\x8f\x96\xef\xbc\x9a\xe8\xaf\xa5\xe5\xb8\xa7\xe7\x9a\x84 NR \xe5\xa4\x84\xe7\x90\x86\xe6\x9c\xaa\xe5\xae\x8c\xe6\x88\x90\xe3\x80\x82"},
    {"No capture: skipped.",
     "\xe6\x9c\xaa\xe6\x88\xaa\xe5\x8f\x96\xef\xbc\x9a\xe5\xb7\xb2\xe8\xb7\xb3\xe8\xbf\x87\xe3\x80\x82"},
    {"No capture: the files could not be written.",
     "\xe6\x9c\xaa\xe6\x88\xaa\xe5\x8f\x96\xef\xbc\x9a\xe6\x97\xa0\xe6\xb3\x95\xe5\x86\x99\xe5\x85\xa5\xe6\x96\x87\xe4\xbb\xb6\xe3\x80\x82"},
    {"Send a report about these issues",
     "\xe6\x8a\xa5\xe5\x91\x8a\xe8\xbf\x99\xe4\xba\x9b\xe9\x97\xae\xe9\xa2\x98"},
    {"I'm having issues...",
     "\xe6\x88\x91\xe9\x81\x87\xe5\x88\xb0\xe4\xba\x86\xe9\x97\xae\xe9\xa2\x98..."},
    {"Takes a capture (%s) and collects the logs into one zip. You review every file; it is uploaded only when you press Upload, and you get a link to send to the mod author.",
     "\xe6\x88\xaa\xe5\x8f\x96\xe4\xb8\x80\xe6\xac\xa1\xe7\x94\xbb\xe9\x9d\xa2\xef\xbc\x88%s\xef\xbc\x89\xef\xbc\x8c\xe5\xb9\xb6\xe5\xb0\x86\xe6\x97\xa5\xe5\xbf\x97\xe6\x94\xb6\xe9\x9b\x86\xe5\x88\xb0\xe4\xb8\x80\xe4\xb8\xaa zip \xe4\xb8\xad\xe3\x80\x82\xe4\xbd\xa0\xe4\xbc\x9a\xe6\xa3\x80\xe6\x9f\xa5\xe6\xaf\x8f\xe4\xb8\xaa\xe6\x96\x87\xe4\xbb\xb6\xef\xbc\x9b\xe5\x8f\xaa\xe6\x9c\x89\xe6\x8c\x89\xe4\xb8\x8b\xe2\x80\x9c\xe4\xb8\x8a\xe4\xbc\xa0\xe2\x80\x9d\xe6\x89\x8d\xe4\xbc\x9a\xe4\xb8\x8a\xe4\xbc\xa0\xef\xbc\x8c\xe4\xb9\x8b\xe5\x90\x8e\xe4\xbd\xa0\xe4\xbc\x9a\xe5\xbe\x97\xe5\x88\xb0\xe4\xb8\x80\xe4\xb8\xaa\xe9\x93\xbe\xe6\x8e\xa5\xef\xbc\x8c\xe5\x8f\x91\xe7\xbb\x99\xe6\xa8\xa1\xe7\xbb\x84\xe4\xbd\x9c\xe8\x80\x85\xe5\x8d\xb3\xe5\x8f\xaf\xe3\x80\x82"},
    {"Report an issue",
     "\xe6\x8a\xa5\xe5\x91\x8a\xe9\x97\xae\xe9\xa2\x98"},
    {"Step 1 of 3: what went wrong?",
     "\xe7\xac\xac 1 \xe6\xad\xa5\xef\xbc\x88\xe5\x85\xb1 3 \xe6\xad\xa5\xef\xbc\x89\xef\xbc\x9a\xe5\x87\xba\xe4\xba\x86\xe4\xbb\x80\xe4\xb9\x88\xe9\x97\xae\xe9\xa2\x98\xef\xbc\x9f"},
    {"One line: what you saw, and where in the game (optional)",
     "\xe4\xb8\x80\xe5\x8f\xa5\xe8\xaf\x9d\xef\xbc\x9a\xe4\xbd\xa0\xe7\x9c\x8b\xe5\x88\xb0\xe4\xba\x86\xe4\xbb\x80\xe4\xb9\x88\xef\xbc\x8c\xe5\x9c\xa8\xe6\xb8\xb8\xe6\x88\x8f\xe4\xb8\xad\xe7\x9a\x84\xe5\x93\xaa\xe9\x87\x8c\xef\xbc\x88\xe5\x8f\xaf\xe9\x80\x89\xef\xbc\x89"},
    {"Next, the addon takes a capture (%s) while the game keeps running and collects its logs. Nothing leaves your PC until you press Upload.",
     "\xe6\x8e\xa5\xe4\xb8\x8b\xe6\x9d\xa5\xef\xbc\x8c\xe6\x8f\x92\xe4\xbb\xb6\xe4\xbc\x9a\xe5\x9c\xa8\xe6\xb8\xb8\xe6\x88\x8f\xe7\xbb\xa7\xe7\xbb\xad\xe8\xbf\x90\xe8\xa1\x8c\xe6\x97\xb6\xe6\x88\xaa\xe5\x8f\x96\xe4\xb8\x80\xe6\xac\xa1\xe7\x94\xbb\xe9\x9d\xa2\xef\xbc\x88%s\xef\xbc\x89\xe5\xb9\xb6\xe6\x94\xb6\xe9\x9b\x86\xe6\x97\xa5\xe5\xbf\x97\xe3\x80\x82\xe5\x9c\xa8\xe4\xbd\xa0\xe6\x8c\x89\xe4\xb8\x8b\xe2\x80\x9c\xe4\xb8\x8a\xe4\xbc\xa0\xe2\x80\x9d\xe4\xb9\x8b\xe5\x89\x8d\xef\xbc\x8c\xe4\xbb\xbb\xe4\xbd\x95\xe5\x86\x85\xe5\xae\xb9\xe9\x83\xbd\xe4\xb8\x8d\xe4\xbc\x9a\xe7\xa6\xbb\xe5\xbc\x80\xe4\xbd\xa0\xe7\x9a\x84\xe7\x94\xb5\xe8\x84\x91\xe3\x80\x82"},
    {"Continue",
     "\xe7\xbb\xa7\xe7\xbb\xad"},
    {"Step 2 of 3: capturing",
     "\xe7\xac\xac 2 \xe6\xad\xa5\xef\xbc\x88\xe5\x85\xb1 3 \xe6\xad\xa5\xef\xbc\x89\xef\xbc\x9a\xe6\xad\xa3\xe5\x9c\xa8\xe6\x88\xaa\xe5\x8f\x96"},
    {"Taking a capture (%s). Keep playing: a menu or loading screen has no NR frame to capture.",
     "\xe6\xad\xa3\xe5\x9c\xa8\xe6\x88\xaa\xe5\x8f\x96\xef\xbc\x88%s\xef\xbc\x89\xe3\x80\x82\xe8\xaf\xb7\xe7\xbb\xa7\xe7\xbb\xad\xe6\xb8\xb8\xe6\x88\x8f\xef\xbc\x9a\xe8\x8f\x9c\xe5\x8d\x95\xe6\x88\x96\xe5\x8a\xa0\xe8\xbd\xbd\xe7\x94\xbb\xe9\x9d\xa2\xe6\xb2\xa1\xe6\x9c\x89\xe5\x8f\xaf\xe6\x88\xaa\xe5\x8f\x96\xe7\x9a\x84 NR \xe5\xb8\xa7\xe3\x80\x82"},
    {"Continue without a capture",
     "\xe4\xb8\x8d\xe6\x88\xaa\xe5\x8f\x96\xef\xbc\x8c\xe7\xbb\xa7\xe7\xbb\xad"},
    {"Collecting the logs...",
     "\xe6\xad\xa3\xe5\x9c\xa8\xe6\x94\xb6\xe9\x9b\x86\xe6\x97\xa5\xe5\xbf\x97..."},
    {"Step 3 of 3: review what is sent",
     "\xe7\xac\xac 3 \xe6\xad\xa5\xef\xbc\x88\xe5\x85\xb1 3 \xe6\xad\xa5\xef\xbc\x89\xef\xbc\x9a\xe6\xa3\x80\xe6\x9f\xa5\xe8\xa6\x81\xe5\x8f\x91\xe9\x80\x81\xe7\x9a\x84\xe5\x86\x85\xe5\xae\xb9"},
    {"Total: %s",
     "\xe6\x80\xbb\xe8\xae\xa1\xef\xbc\x9a%s"},
    {"Upload sends the zip to %s. Anyone with the link can download it; it is deleted after %u hours.",
     "\xe4\xb8\x8a\xe4\xbc\xa0\xe4\xbc\x9a\xe5\xb0\x86 zip \xe5\x8f\x91\xe9\x80\x81\xe5\x88\xb0 %s\xe3\x80\x82\xe4\xbb\xbb\xe4\xbd\x95\xe6\x8b\xa5\xe6\x9c\x89\xe9\x93\xbe\xe6\x8e\xa5\xe7\x9a\x84\xe4\xba\xba\xe9\x83\xbd\xe5\x8f\xaf\xe4\xbb\xa5\xe4\xb8\x8b\xe8\xbd\xbd\xef\xbc\x9b%u \xe5\xb0\x8f\xe6\x97\xb6\xe5\x90\x8e\xe5\x88\xa0\xe9\x99\xa4\xe3\x80\x82"},
    {"If it does not answer: %s, deleted after %u hours.",
     "\xe5\xa6\x82\xe6\x9e\x9c\xe6\x97\xa0\xe5\x93\x8d\xe5\xba\x94\xef\xbc\x9a%s\xef\xbc\x8c%u \xe5\xb0\x8f\xe6\x97\xb6\xe5\x90\x8e\xe5\x88\xa0\xe9\x99\xa4\xe3\x80\x82"},
    {"Uploading is off (NRReportHost=none): the zip is saved on this PC.",
     "\xe4\xb8\x8a\xe4\xbc\xa0\xe5\xb7\xb2\xe5\x85\xb3\xe9\x97\xad\xef\xbc\x88NRReportHost=none\xef\xbc\x89\xef\xbc\x9azip \xe4\xbc\x9a\xe4\xbf\x9d\xe5\xad\x98\xe5\x9c\xa8\xe8\xbf\x99\xe5\x8f\xb0\xe7\x94\xb5\xe8\x84\x91\xe4\xb8\x8a\xe3\x80\x82"},
    {"Your Windows user name and profile folder are removed from every text file.",
     "\xe6\x89\x80\xe6\x9c\x89\xe6\x96\x87\xe6\x9c\xac\xe6\x96\x87\xe4\xbb\xb6\xe4\xb8\xad\xe7\x9a\x84 Windows \xe7\x94\xa8\xe6\x88\xb7\xe5\x90\x8d\xe5\x92\x8c\xe7\x94\xa8\xe6\x88\xb7\xe9\x85\x8d\xe7\xbd\xae\xe6\x96\x87\xe4\xbb\xb6\xe5\xa4\xb9\xe9\x83\xbd\xe4\xbc\x9a\xe8\xa2\xab\xe7\xa7\xbb\xe9\x99\xa4\xe3\x80\x82"},
    {"Upload & copy link",
     "\xe4\xb8\x8a\xe4\xbc\xa0\xe5\xb9\xb6\xe5\xa4\x8d\xe5\x88\xb6\xe9\x93\xbe\xe6\x8e\xa5"},
    {"Save zip only",
     "\xe4\xbb\x85\xe4\xbf\x9d\xe5\xad\x98 zip"},
    {"Packing the zip...",
     "\xe6\xad\xa3\xe5\x9c\xa8\xe6\x89\x93\xe5\x8c\x85 zip..."},
    {"Uploading to %s...",
     "\xe6\xad\xa3\xe5\x9c\xa8\xe4\xb8\x8a\xe4\xbc\xa0\xe5\x88\xb0 %s..."},
    {"Link copied to the clipboard",
     "\xe9\x93\xbe\xe6\x8e\xa5\xe5\xb7\xb2\xe5\xa4\x8d\xe5\x88\xb6\xe5\x88\xb0\xe5\x89\xaa\xe8\xb4\xb4\xe6\x9d\xbf"},
    {"Paste this link to the mod author on Discord.",
     "\xe8\xaf\xb7\xe5\x9c\xa8 Discord \xe4\xb8\x8a\xe6\x8a\x8a\xe6\xad\xa4\xe9\x93\xbe\xe6\x8e\xa5\xe7\xb2\x98\xe8\xb4\xb4\xe7\xbb\x99\xe6\xa8\xa1\xe7\xbb\x84\xe4\xbd\x9c\xe8\x80\x85\xe3\x80\x82"},
    {"Copy again",
     "\xe5\x86\x8d\xe6\xac\xa1\xe5\xa4\x8d\xe5\x88\xb6"},
    {"The upload failed: %s",
     "\xe4\xb8\x8a\xe4\xbc\xa0\xe5\xa4\xb1\xe8\xb4\xa5\xef\xbc\x9a%s"},
    {"Saved: %s",
     "\xe5\xb7\xb2\xe4\xbf\x9d\xe5\xad\x98\xef\xbc\x9a%s"},
    {"Send this file to the mod author on Discord; its folder opens with the button.",
     "\xe8\xaf\xb7\xe5\x9c\xa8 Discord \xe4\xb8\x8a\xe5\xb0\x86\xe6\xad\xa4\xe6\x96\x87\xe4\xbb\xb6\xe5\x8f\x91\xe9\x80\x81\xe7\xbb\x99\xe6\xa8\xa1\xe7\xbb\x84\xe4\xbd\x9c\xe8\x80\x85\xef\xbc\x9b\xe7\x82\xb9\xe5\x87\xbb\xe6\x8c\x89\xe9\x92\xae\xe5\x8f\xaf\xe6\x89\x93\xe5\xbc\x80\xe5\x85\xb6\xe6\x89\x80\xe5\x9c\xa8\xe6\x96\x87\xe4\xbb\xb6\xe5\xa4\xb9\xe3\x80\x82"},
    {"Open folder",
     "\xe6\x89\x93\xe5\xbc\x80\xe6\x96\x87\xe4\xbb\xb6\xe5\xa4\xb9"},
    {"Close",
     "\xe5\x85\xb3\xe9\x97\xad"},
    {"waiting for GPU completion",
     "\xe7\xad\x89\xe5\xbe\x85 GPU \xe5\xae\x8c\xe6\x88\x90"},
    {"armed, waiting for one final presentation frame",
     "\xe5\xb7\xb2\xe5\xb0\xb1\xe7\xbb\xaa\xef\xbc\x8c\xe7\xad\x89\xe5\xbe\x85\xe4\xb8\x80\xe5\xb8\xa7\xe6\x9c\x80\xe7\xbb\x88\xe5\x91\x88\xe7\x8e\xb0\xe7\x94\xbb\xe9\x9d\xa2"},
    {"armed, waiting for an evaluated model buffer pair",
     "\xe5\xb7\xb2\xe5\xb0\xb1\xe7\xbb\xaa\xef\xbc\x8c\xe7\xad\x89\xe5\xbe\x85\xe4\xb8\x80\xe5\xaf\xb9\xe5\xb7\xb2\xe8\xaf\x84\xe4\xbc\xb0\xe7\x9a\x84\xe6\xa8\xa1\xe5\x9e\x8b\xe7\xbc\x93\xe5\x86\xb2\xe5\x8c\xba"},
    {"saved: model input/output diagnostic; not the displayed game frame",
     "\xe5\xb7\xb2\xe4\xbf\x9d\xe5\xad\x98\xef\xbc\x9a\xe6\xa8\xa1\xe5\x9e\x8b\xe8\xbe\x93\xe5\x85\xa5/\xe8\xbe\x93\xe5\x87\xba\xe8\xaf\x8a\xe6\x96\xad\xef\xbc\x9b\xe4\xb8\x8d\xe6\x98\xaf\xe6\x98\xbe\xe7\xa4\xba\xe7\x9a\x84\xe6\xb8\xb8\xe6\x88\x8f\xe7\x94\xbb\xe9\x9d\xa2"},
    {"saved: same frame before and after NR",
     "\xe5\xb7\xb2\xe4\xbf\x9d\xe5\xad\x98\xef\xbc\x9aNR \xe5\x89\x8d\xe5\x90\x8e\xe7\x9a\x84\xe5\x90\x8c\xe4\xb8\x80\xe5\xb8\xa7"},
    {"unavailable on this presentation path",
     "\xe6\xad\xa4\xe5\x91\x88\xe7\x8e\xb0\xe8\xb7\xaf\xe5\xbe\x84\xe4\xb8\x8d\xe5\x8f\xaf\xe7\x94\xa8"},
    {"evaluated-buffer capture is unavailable on this API",
     "\xe6\xad\xa4 API \xe4\xb8\x8d\xe6\x94\xaf\xe6\x8c\x81\xe6\x88\xaa\xe5\x8f\x96\xe5\xb7\xb2\xe8\xaf\x84\xe4\xbc\xb0\xe7\x9a\x84\xe7\xbc\x93\xe5\x86\xb2\xe5\x8c\xba"},
    {"exact comparison unavailable with this frame-generation route; disable frame generation for the capture",
     "\xe6\xad\xa4\xe5\xb8\xa7\xe7\x94\x9f\xe6\x88\x90\xe8\xb7\xaf\xe5\xbe\x84\xe6\x97\xa0\xe6\xb3\x95\xe8\xbf\x9b\xe8\xa1\x8c\xe7\xb2\xbe\xe7\xa1\xae\xe5\xaf\xb9\xe6\xaf\x94\xef\xbc\x9b\xe6\x88\xaa\xe5\x8f\x96\xe6\x97\xb6\xe8\xaf\xb7\xe5\x85\xb3\xe9\x97\xad\xe5\xb8\xa7\xe7\x94\x9f\xe6\x88\x90"},
    {"enable NR before taking a comparison",
     "\xe8\xaf\xb7\xe5\x85\x88\xe5\xbc\x80\xe5\x90\xaf NR \xe5\x86\x8d\xe6\x88\xaa\xe5\x8f\x96\xe5\xaf\xb9\xe6\xaf\x94"},
    {"unavailable: another NR implementation owns this frame",
     "\xe4\xb8\x8d\xe5\x8f\xaf\xe7\x94\xa8\xef\xbc\x9a\xe6\xad\xa4\xe5\xb8\xa7\xe7\x94\xb1\xe5\x8f\xa6\xe4\xb8\x80\xe4\xb8\xaa NR \xe5\xae\x9e\xe7\x8e\xb0\xe5\xa4\x84\xe7\x90\x86"},
    {"idle",
     "\xe7\xa9\xba\xe9\x97\xb2"},
    {"capture failed; see the log for its cause",
     "\xe6\x88\xaa\xe5\x8f\x96\xe5\xa4\xb1\xe8\xb4\xa5\xef\xbc\x9b\xe5\x8e\x9f\xe5\x9b\xa0\xe8\xaf\xb7\xe6\x9f\xa5\xe7\x9c\x8b\xe6\x97\xa5\xe5\xbf\x97"},
};

}  // namespace renodx::addons::dlss5::ui::lang
